Brand,Description,ABC,total_revenue,total_units,avg_price,rev_share,cum_share,Classification,end_stock
4261,Capt Morgan Spiced Rum,A,444810.74,20226,21.99304723209751,1.3422423811779705,1.3422423811779705,1,16769.0
3545,Ketel One Vodka,A,357759.17,11883,30.174105202973124,1.0795591856191566,2.421801566797127,1,16770.0
1233,Jack Daniels No 7 Black,A,344712.22000000003,9578,35.99,1.0401892521613676,3.4619908189584945,1,15047.0
8068,Absolut 80 Proof,A,288135.11,11189,25.776631016042778,0.8694645191062078,4.3314553380647025,1,15608.0
3405,Tito's Handmade Vodka,A,275162.97,9203,29.879714285714286,0.8303203291916972,5.1617756672564,1,12268.0
3858,Grey Goose Vodka,A,225014.22,9378,24.001350737797956,0.6789935477990117,5.840769215055412,1,10598.0
2589,Jameson Irish Whiskey,A,191669.51,4649,41.58488272921109,0.5783739383217565,6.419143153377168,1,7922.0
4227,Bacardi Superior Rum Trav,A,183659.91,10209,17.99,0.554204502628088,6.973347656005256,1,397.0
1376,Jim Beam,A,169922.38,7362,23.177941336230308,0.5127507036962011,7.486098359701457,1,13180.0
2585,Jameson Irish Whiskey,A,164426.6,6940,23.787694524495674,0.49616686663860166,7.982265226340059,1,10487.0
8680,Crown Royal,A,162059.53,4047,40.09793237971392,0.48902409469650565,8.471289321036565,1,6646.0
2757,Johnnie Walker Red Label,A,155678.09,5191,29.99,0.46976772687376755,8.941057047910332,1,11603.0
5364,Kahlua,A,149137.09,4691,31.79299251870324,0.4500298774340595,9.391086925344393,1,8944.0
3876,Smirnoff 80 Proof,A,144969.26,7674,18.97815931108719,0.43745320704263646,9.82854013238703,1,1525.0
3802,Three Olives Vodka,A,142887.85,7915,18.070573951434877,0.431172430830696,10.259712563217725,1,10206.0
3650,Patron Silver Tequila,A,140806.71,2829,49.772608695652174,0.4248924693595212,10.684605032577247,1,5485.0
2120,Canadian Club,A,138316.68,8732,15.873808499193114,0.41737865843758937,11.101983691014837,1,10510.0
3489,Tanqueray,A,137024.81,4119,33.61156731413262,0.4134803652781832,11.51546405629302,1,9608.0
8512,Baileys Irish Cream,A,128932.11,6489,19.88791183294663,0.3890601704821697,11.90452422677519,1,9966.0
3512,Pinnacle Vodka,A,126296.28,7472,16.901186059584035,0.3811063995467369,12.285630626321925,1,12056.0
3102,Smirnoff Traveler,A,119759.43,6657,17.99,0.3613810729743542,12.647011699296279,1,14208.0
5138,Fireball Cinnamon Whisky,A,117783.82,8418,13.9933426183844,0.3554195544402491,13.002431253736528,1,8788.0
8082,Baileys Irish Cream,A,112831.01,3099,37.24476735316552,0.34047416106255757,13.342905414799086,1,8352.0
2663,Dewars White Label,A,112120.16,2984,38.82739837398374,0.3383291296798613,13.681234544478947,1,6771.0
1232,Jack Daniels No 7 Black,A,111201.94,4806,23.218855721393034,0.33555834721349087,14.016792891692438,1,4920.0
8159,Jose Cuervo Especial,A,110831.36,4264,25.996849315068488,0.33444010042471745,14.351232992117156,1,7947.0
6570,Kendall Jackson Chard Vt RSV,A,109159.42,8274,13.511947565543071,0.3293949238474012,14.680627915964557,2,13016.0
11219,Josh Cellars Cab Svgn Sonoma,A,108554.52,7248,14.989302163293791,0.32756960277629904,15.008197518740856,2,7474.0
8112,Stolichnaya,A,96957.70999999999,3629,26.701465451784355,0.2925755514445607,15.300773070185416,1,8663.0
3180,New Amsterdam Vodka,A,95934.6,6340,15.284563843236409,0.2894882572784914,15.590261327463908,1,4830.0
6650,Simi Chard,A,93369.42,8458,11.177963726298435,0.2817476768434279,15.872009004307337,2,3360.0
2114,Black Velvet Canadian Whisky,A,91191.42,6858,13.340561797752809,0.27517543466643907,16.147184438973778,1,9058.0
1476,Jim Beam Traveler,A,88839.84999999999,4015,22.145712050078245,0.2680794348794135,16.415263873853192,1,
6579,J Lohr Riverstone Chard,A,86846.81,7919,11.020642750373693,0.26206532030254215,16.677329194155735,2,5112.0
1385,Makers Mark,A,84609.78,3122,27.10904761904762,0.25531495165369483,16.93264414580943,1,6595.0
4262,Capt Morgan Spiced Rum,A,83571.97,5503,15.281115311909263,0.2521832993792684,17.1848274451887,1,3645.0
3893,Zhenka 80 Proof,A,82317.6,8240,9.99,0.24839816465954873,17.433225609848247,1,5599.0
3423,Beefeater,A,82265.51999999999,3048,26.99,0.24824101021851214,17.681466620066757,1,6814.0
3857,Grey Goose Vodka,A,82120.35,1465,56.9368085106383,0.24780295126679802,17.929269571333556,1,4679.0
3348,Bombay Sapphire Gin,A,79231.88,2212,36.21875816993464,0.2390868243793017,18.16835639571286,1,5603.0
3826,Skyy Vodka,A,78986.29,3371,23.76136752136752,0.23834574221389915,18.406702137926757,1,7472.0
3913,Svedka Vodka,A,78859.65,4335,18.29551816958277,0.23796359861918207,18.64466573654594,1,8329.0
2127,Canadian Ltd,A,78664.51,7499,10.490000000000002,0.2373747522746377,18.882040488820575,1,6370.0
1737,Makers Mark,A,78147.52,1648,47.60538461538462,0.2358147047617445,19.11785519358232,1,3156.0
5365,Kahlua,A,77932.81,3919,19.889382716049383,0.23516680479947574,19.353021998381795,1,8153.0
14006,Apothic Winemakers Red Blend,A,75034.89,7511,9.99,0.22642216198517842,19.57944416036697,2,8764.0
2432,Crown Royal,A,74896.06,2994,25.16357142857143,0.22600323435366726,19.805447394720638,1,7862.0
3505,Tito's Handmade Vodka,A,72263.84999999999,3415,21.222824427480916,0.21806038697961225,20.02350778170025,1,3033.0
5103,Fireball Cinnamon Whisky,A,71659.23999999999,2576,28.01359346642468,0.21623594100044363,20.239743722700695,1,3937.0
19748,Clos du Bois Chard,A,71085.08,4692,15.271840591618735,0.21450337967430042,20.454247102374996,2,5915.0
3522,Platinum 7X Distilled Vodka,A,70092.06,5394,12.999196811771919,0.21150688384023547,20.665753986215233,1,4004.0
2753,Johnnie Walker Black Label,A,69525.81,1019,68.24047080979284,0.20979819140097014,20.875552177616203,1,7849.0
42188,Moet & Chandon Nectar Imp Rs,A,69002.22,1278,53.693703703703704,0.2082182280026921,21.083770405618896,2,3466.0
8178,Bulleit Bourbon,A,65113.119999999995,2488,26.237373447946513,0.19648264166177046,21.280253047280667,1,3722.0
4243,Bacardi Superior Rum,A,65015.61,2839,23.364880153403643,0.19618839954300177,21.476441446823667,1,10988.0
38546,Mark West Pnt Nr Sonoma,A,64836.89,6511,10.018429282160625,0.19564910150724812,21.672090548330914,2,7162.0
5734,Malibu Rum,A,64166.82,2918,21.99,0.19362712615576286,21.865717674486678,1,7574.0
2443,Seagrams VO,A,63992.5,3050,20.97793242156074,0.19310110537693242,22.05881877986361,1,4034.0
5445,Jagermeister Liqueur,A,63904.38,3962,16.151498708010337,0.19283519813146122,22.251653977995073,1,7590.0
126,Grey Goose Vodka,A,63796.32,1968,32.63681440443214,0.19250912077166074,22.444163098766733,1,4464.0
8000,The Glenlivet 12 Yr Single,A,62074.869999999995,913,67.99,0.18731454487837448,22.63147764364511,1,2081.0
5342,Grand Marnier,A,61546.64,2136,28.834875346260386,0.18572058000915925,22.81719822365427,1,2671.0
3625,Absolut 80 Proof,A,60626.299999999996,3370,17.99,0.18294340031899858,23.000141623973267,1,5062.0
1346,Knob Creek Bourbon,A,60007.06,1994,30.107535545023694,0.1810748074605603,23.18121643143383,1,5694.0
36378,MezzaCorona Pnt Grigio,A,59027.29,5371,10.99,0.17811829427518458,23.35933472570901,2,5161.0
6983,J Lohr Seven Oaks Cab Svgn,A,58963.11,3689,16.024846884899684,0.1779246273776092,23.537259353086622,2,1911.0
5299,Southern Comfort,A,58281.07,2493,23.415434583714546,0.17586653185217604,23.713125884938798,1,5048.0
3746,Gordons Vodka 80 Proof,A,57324.87,4413,12.989999999999998,0.1729811425180912,23.886107027456887,1,4651.0
811,Jack Daniels No 7 Black,A,55210.11,1789,30.976089644513134,0.16659973073378959,24.052706758190677,1,1860.0
6967,Santa Margherita Pnt Grigio,A,55113.56,2644,20.787829036635006,0.16630838547107687,24.219015143661753,2,5319.0
6682,R M Woodbridge Chard Cal,A,55041.69,4431,13.130625,0.16609151354946983,24.385106657211225,2,5807.0
2752,Johnnie Walker Black Label,A,54342.58,1542,35.30830238726791,0.16398190830229137,24.549088565513514,1,2018.0
2015,Jack Daniels Tennessee Honey,A,53722.92,2308,23.364879227053137,0.1621120480693286,24.711200613582843,1,4336.0
3630,Stolichnaya Razberi,A,52581.31,1969,26.693631010794896,0.15866717323385007,24.869867786816695,1,2571.0
6654,Veuve Clicquot Brut Yellow,A,51277.23,1177,44.02361344537815,0.15473203568648203,25.024599822503177,2,5513.0
3243,Burnetts Vodka,A,51236.43,4307,12.03144385026738,0.15460891930410314,25.17920874180728,1,3689.0
39335,Phillips Seven Deadly Znfdl,A,51190.85,3415,14.99,0.15447137899261226,25.33368012079989,2,5161.0
3878,Smirnoff 80 Proof,A,49008.24,4376,11.249445843828715,0.14788522587143796,25.481565346671328,1,3155.0
1180,Evan Williams Black Label B,A,48852.399999999994,2660,18.463162675474813,0.14741496957168498,25.628980316243013,1,2184.0
1883,Seagrams 7 Crown,A,47907.369999999995,2663,17.99,0.1445632863648348,25.773543602607848,1,3017.0
508,Bacardi Superior Rum,A,47883.75,3625,13.287001153402537,0.1444920116356243,25.918035614243472,1,2829.0
482,Absolut 80 Proof,A,47778.09,2191,21.769448621553884,0.14417317641596375,26.062208790659437,1,2716.0
3684,Fleischmanns Royal Vodka,A,47546.2,4730,10.051114842175958,0.14347343480052668,26.205682225459963,1,3182.0
3246,Bentley's Vodka,A,47492.37,5403,8.79,0.1433109996323048,26.34899322509227,1,3462.0
2760,Jack Daniels Tennessee Honey,A,46811.92,1208,38.77296703296703,0.1412577020247143,26.490250927116982,1,3994.0
5440,Jagermeister Liqueur,A,46787.880000000005,1212,38.72381294964029,0.14118515992097933,26.63143608703796,1,3548.0
497,Capt Morgan Spiced Rum,A,46756.61,2339,19.99,0.14109080087007275,26.772526887908036,1,2237.0
3728,Absolut Citron,A,46736.88,1812,25.777144362486826,0.14103126444300573,26.91355815235104,1,2309.0
22143,Simi Cab Svgn,A,46523.13,2887,16.23644549763033,0.140386261336793,27.053944413687834,2,2377.0
5391,Kamora Coffee,A,46412.98,2902,15.993770739064859,0.140053877279954,27.193998290967787,1,1807.0
3040,Tito's Handmade Vodka,A,46380.6,1940,23.906160388821387,0.13995616873923275,27.33395445970702,1,2917.0
3276,Gordons London Dry,A,46319.1,3090,14.99,0.13977058889814697,27.473725048605168,1,3660.0
5242,Cointreau Liqueur,A,46250.12,1388,33.35662606577345,0.13956243772029175,27.61328748632546,1,2302.0
1384,Bulleit 95 Rye,A,45659.56,1744,26.24832376578645,0.13778038843652565,27.751067874761986,1,3834.0
3798,Ciroc Apple Vodka,A,45622.25,1675,28.07130081300813,0.1376678033329336,27.88873567809492,1,2345.0
2418,Crown Royal Regal Apple,A,44219.68,1932,22.883385982230998,0.1334354664595731,28.022171144554495,1,2804.0
3776,Jose Cuervo Especial Silver,A,44045.57,1643,26.79304806565064,0.1329100793680049,28.1550812239225,1,5317.0
6937,Cavit Pinot Grigio,A,43769.04,3296,13.871668283220176,0.13207563394596505,28.287156857868467,2,6537.0
5311,Amaretto DiSaronno,A,43341.17,1183,36.68558823529412,0.13078451123693466,28.417941369105403,1,1586.0
4198,Sailor Jerry Spiced Navy Rum,A,43256.939999999995,1706,25.352561576354677,0.13053034229360694,28.54847171139901,1,6347.0
3769,Jenkins Vodka,A,43103.68,4732,9.145264922870556,0.13006787129450442,28.678539582693514,1,2632.0
32906,Sterling Vintners Cab Svgn C,A,42906.98,3602,11.878787602552416,0.12947431755886912,28.808013900252384,2,3985.0
6479,Clos du Bois Chard,A,42221.77,4223,10.015711662075299,0.12740665637333443,28.93542055662572,2,8926.0
1789,Jack Daniels Tennesse Fire,A,41878.13,1787,23.40639344262295,0.12636970260763172,29.06179025923335,1,4159.0
3668,Belvedere Polish Vodka,A,41313.39,961,42.99,0.12466556668153776,29.18645582591489,1,2710.0
8202,Sambuca Romana,A,41241.17,2083,19.807629179331304,0.12444763861449364,29.310903464529385,1,3716.0
32831,Carpineto Dogajolo Tuscan Rd,A,40570.69,4031,10.158831168831169,0.12242442606406781,29.433327890593453,2,1860.0
8678,Banfi Chianti Clsc RSV,A,40095.58,2842,14.20867881548975,0.12099075389661638,29.55431864449007,2,4823.0
8339,The Glenlivet 12 Yr Single,A,40081.68,932,43.011472392638034,0.12094880983497261,29.67526745432504,1,3003.0
3238,Hendrick's Gin,A,39782.88,1312,30.368378378378377,0.12004716338755099,29.79531461771259,1,2735.0
11214,Caymus Cab Svgn Napa Vly,A,39733.42,534,73.99504504504503,0.11989791494950056,29.915212532662093,2,1055.0
7865,Moet & Chandon Imperial,A,39353.39,1061,37.32258426966292,0.11875115223392613,30.03396368489602,2,3703.0
41034,Menage a Trois Red,A,39157.16,3780,10.577549019607844,0.11815901675073491,30.152122701646753,2,6452.0
3253,Gilbeys London Dry,A,38974.67,3133,12.453341858482524,0.11760834251984477,30.269731044166598,1,2905.0
31465,Franzia Tap Chard,A,38858.01,2399,16.25544240400668,0.11725631415787621,30.386987358324475,2,1221.0
36380,Sebastiani Znfdl Sonoma Cnty,A,38331.63,3837,9.990000000000002,0.11566793177168548,30.50265529009616,2,6.0
13665,Josh Cellars Chard,A,38294.52,2948,12.99,0.11555595017977177,30.618211240275933,2,4309.0
2143,Canadian Mist,A,37761.590000000004,2441,15.533795620437957,0.11394780278611584,30.732159043062047,1,3233.0
32907,Sterling Vintners Cltn Chard,A,37598.02,3798,9.874191176470589,0.11345422075999549,30.84561326382204,2,4943.0
5735,Malibu Rum,A,37372.23,2877,12.99,0.11277288625074744,30.95838615007279,1,5219.0
3485,Luksusowa Potato Vodka,A,37300.2,1680,22.278343558282206,0.11255553151979769,31.07094168159259,1,2227.0
3344,Bombay Sapphire Gin,A,37165.0,1700,21.845150214592277,0.11214755762524817,31.18308923921784,1,1814.0
18013,Cecchi Sangiovese,A,37033.31,5269,7.0751711026615975,0.11175017536065328,31.294839414578494,2,4252.0
3840,Smirnoff Raspberry Vodka,A,36770.299999999996,1670,22.034538706256626,0.11095652732806839,31.40579594190656,1,1880.0
5191,Fireball Cinnamon Whiskey,A,36743.22,3678,9.99,0.11087481184682284,31.516670753753385,1,2251.0
4225,Goslings Black Seal Bermuda,A,36643.369999999995,1463,25.072981715893107,0.11057350864141771,31.627244262394804,1,3821.0
7878,Allens Coffee Brandy,A,36018.85,2315,15.67609865470852,0.10868898307467159,31.735933245469475,1,2423.0
8504,R M Woodbridge Cab Svgn Cal,A,35344.99,2801,13.104200595829196,0.10665557117688201,31.84258881664636,2,5299.0
38370,Oyster Bay Svgn Bl Marlboro,A,35305.31,2769,12.71309552599758,0.1065358344599018,31.94912465110626,2,3228.0
857,Kahlua,A,35256.24,1476,23.90239892183288,0.10638776286962409,32.05551241397588,1,1912.0
3982,Hornitos Reposado Tequila,A,35192.43,1657,21.30491712707182,0.10619521246865364,32.16170762644454,1,4416.0
1345,Basil Hayden Bourbon,A,35017.0,900,38.90263940520447,0.10566584220000846,32.26737346864455,1,1257.0
3488,Tanqueray,A,34688.22,1578,22.005167930660885,0.10467372935200553,32.37204719799656,1,1864.0
1375,Jim Beam,A,34526.32,2368,14.610362737015663,0.10418518664839925,32.47623238464496,1,2413.0
3997,Hornitos Plata Tequila,A,34227.979999999996,1702,20.10396303901437,0.10328492827783779,32.579517312922796,1,4433.0
11213,Meiomi Pnt Nr,A,34144.11,1589,21.379830508474573,0.10303184565553106,32.682549158578325,2,2095.0
33149,Alamos Ridge Malbec Mendoza,A,34131.41,3459,9.815352112676056,0.10299352266395725,32.78554268124228,2,3801.0
1220,Woodford Reserve Bourbon,A,34109.840000000004,1016,33.71291021671827,0.10292843392944963,32.88847111517173,1,1122.0
6349,Glen Ellen Chard RSV,A,33929.46,4854,6.989999999999999,0.10238412674676584,32.990855241918496,2,3654.0
3804,Svedka Vodka,A,33052.92,3308,9.994084411164057,0.09973911611415895,33.090594358032654,1,1842.0
8691,Jose Cuervo Especial,A,33049.92,2008,16.50537744641193,0.09973006343898404,33.19032442147164,1,2821.0
2932,Jameson Black Barrel,A,33013.68,1032,31.99,0.09962070712287105,33.28994512859451,1,2730.0
1868,Lagavulin Single Malt 16-Yr,A,32977.509999999995,449,73.50592356687898,0.09951156203584546,33.389456690630354,1,1254.0
4330,Capt Morgan Spiced Rum 100,A,32962.18,1182,27.952716378162446,0.09946530286570167,33.48892199349606,1,2299.0
29248,Toasted Head Chard,A,32911.87,3013,10.984318181818182,0.09931348950301833,33.588235482999075,2,6725.0
2646,Chivas Regal,A,32895.44,556,59.19,0.09926391101864372,33.68749939401772,1,1937.0
33874,Bella Sera Pinot Grigio Del,A,32893.090000000004,3291,9.991669449081803,0.09925681975642338,33.78675621377415,2,1796.0
3879,Smirnoff 80 Proof Traveler,A,32835.32,2668,12.469638009049776,0.09908249540813839,33.88583870918229,1,3232.0
44712,Sonoma-Cutrer Chard Sonoma,A,32807.71,1629,20.266923076923074,0.09899918062094525,33.98483788980323,2,1175.0
3980,Hornitos Reposado Tequila,A,32631.84,816,39.99,0.09846848262660776,34.08330637242984,1,1377.0
5312,Amaretto DiSaronno,A,32551.96,1404,23.368078817733988,0.09822744006228368,34.18153381249212,1,3478.0
4066,Bacardi Oakheart Spiced Rum,A,31792.28,1672,19.022051282051283,0.09593506130332367,34.27746887379544,1,1784.0
18152,Banfi Centine Mntcln Tscna,A,31728.09,3891,8.160600858369099,0.0957413642301644,34.37321023802561,2,3112.0
3726,Gilbeys Vodka Traveler,A,31692.52,6348,4.99390625,0.09563402967817382,34.46884426770378,1,2347.0
43872,Joseph Carr Cab Svgn Napa,A,31553.96,1604,19.7095,0.09521591678742837,34.56406018449121,2,3058.0
4221,Bacardi Gold Rum Traveler,A,31392.55,1745,17.99,0.09472885268743399,34.65878903717864,1,372.0
8781,Rodney Strong Cab Svgn,A,31245.6,1840,16.97719772403983,0.09428542248178269,34.753074459660425,2,3765.0
4689,Hennessy Privilege VSOP,A,30978.05,595,52.07771929824562,0.0934780747340998,34.846552534394526,1,1402.0
3696,Gilbeys Vodka,A,30885.22,2928,10.548710667689948,0.09319795478860399,34.93975048918313,1,2714.0
4245,Bacardi Superior Rum,A,30826.14,2386,13.264014155712841,0.09301967743882598,35.03277016662196,1,3772.0
24325,La Crema Chard Sonoma Cst,A,30411.379999999997,1662,18.271007751937987,0.09176811492030995,35.12453828154227,2,6127.0
22899,Simi Svgn Bl,A,30011.32,2968,10.152732919254658,0.09056091051015103,35.21509919205242,2,2463.0
800,Jameson Irish Whiskey,A,29952.89,911,32.883750000000006,0.09038459457332758,35.30548378662575,1,1561.0
8506,Myers Original Dark Rum,A,29822.960000000003,904,32.99,0.08999252321150199,35.39547630983725,1,2136.0
4722,Remy Martin VSOP Cognac,A,29782.56,744,40.16616580310881,0.08987061385247978,35.48534692368973,1,2967.0
16794,Freakshow Cab Svgn,A,29720.309999999998,1569,18.937194719471947,0.08968277084260026,35.57502969453233,2,2869.0
25197,Ch La Rousseliere St Estephe,A,29698.02,198,149.99,0.08961550946605065,35.66464520399838,2,5.0
2520,The Macallan 12 Yr Old,A,29521.24,476,62.2296694214876,0.08908206549357679,35.75372726949196,1,1585.0
1869,Oban 14-Yr Single Malt,A,29445.21,479,61.56827476038338,0.0888526405290605,35.84257991002102,1,1382.0
1545,Gentleman Jack,A,29413.94,1006,29.239999999999995,0.08875828147815396,35.93133819149918,1,2458.0
5105,Dr McGillicuddy's Mentholmnt,A,29410.01,1199,24.656666666666666,0.08874642247367483,36.020084613972855,1,1914.0
1231,Jack Daniels No 7 Black,A,29331.420000000002,2258,12.99,0.08850927255967596,36.10859388653253,1,2338.0
2164,New Amsterdam Gin,A,29284.82,1718,17.048333333333332,0.08836865433862559,36.196962540871155,1,3599.0
35914,Stone Cellars Chard,A,28969.02,3598,8.104203454894433,0.08741570939854612,36.284378250269704,2,1867.0
6451,Columbia Crest G E Cab Svgn,A,28854.96,2880,10.039927007299271,0.08707152668839582,36.3714497769581,2,1714.0
1767,Buffalo Trace Bourbon,A,28788.48,1152,24.99,0.0868709194065197,36.45832069636462,1,1939.0
3436,Bombay Dry Gin,A,28646.62,1138,25.23657534246575,0.08644284857308183,36.5447635449377,1,2303.0
27854,F Coppola Black Label Claret,A,28482.39,1857,15.951659259259257,0.08594727495842303,36.63071081989612,2,2132.0
4264,Capt Morgan Spiced Rum Trav,A,28386.46,1754,16.364458874458872,0.08565780058191313,36.716368620478036,1,2488.0
8111,Smirnoff 80 Proof,A,28258.56,28544,0.99,0.08527185486362257,36.80164047534166,1,16242.0
4269,Calico Jack Spiced Rum,A,28081.38,2162,12.988269896193772,0.08473720386779204,36.886377679209446,1,1576.0
2788,Laphroaig 10 Yr Single Malt,A,27948.74,626,44.815581395348836,0.08433695492272511,36.97071463413217,1,957.0
8612,Grand Marnier,A,27835.420000000002,458,60.97795180722892,0.08399500520578462,37.05470963933796,1,714.0
5101,Dr McGillicuddy's Mentholmnt,A,27656.16,1984,13.927100213219617,0.08345407768849948,37.13816371702646,1,4584.0
6565,Clos du Bois Cab Svgn N Cst,A,27615.12,2788,9.950645812310798,0.08333023709210663,37.221493954118564,2,4488.0
8622,Dom Perignon,A,27551.100000000002,190,144.34,0.08313705300387393,37.30463100712244,2,1438.0
4678,Courvoisier VS Cognac,A,27519.03,1197,22.99,0.08304027990625408,37.387671287028695,1,1063.0
26383,Buehler Chard RRV,A,27397.25,2275,12.115,0.08267280164532034,37.47034408867402,2,3708.0
8778,Bulleit Bourbon,A,27389.440000000002,556,49.31160804020101,0.08264923451428165,37.552993323188296,1,1516.0
11826,Cupcake Chard,A,27359.8,3270,8.353221884498481,0.08255979408355346,37.63555311727185,2,6814.0
1921,Glenfiddich Special Rsv 12,A,27353.989999999998,401,68.27571428571427,0.08254226206929804,37.71809537934114,1,1648.0
40425,Mionetto Prosecco Brut,A,27288.31,2073,13.3436,0.08234406883413523,37.800439448175275,2,5050.0
16819,H3 Horse Heaven Hills Cab Sv,A,26614.81,2219,12.008987341772153,0.08031174325736665,37.880751191432644,2,803.0
2665,Dewars White Label,A,26608.329999999998,1167,22.90276864728192,0.08029218947898882,37.96104338091163,1,1667.0
812,Jagermeister Liqueur,A,26600.239999999998,1176,22.721958762886594,0.08026777743160046,38.041311158343234,1,1391.0
3549,Ketel One Vodka,A,26542.93,1007,26.434444444444445,0.08009484116017566,38.12140599950341,1,3507.0
1770,Jack Daniels Tennessee Fire,A,26508.170000000002,683,38.806192560175056,0.0799899508304823,38.20139595033389,1,3428.0
5337,Drambuie,A,26354.309999999998,969,27.251306532663314,0.07952566929634478,38.280921619630234,1,3157.0
2426,The Glenlivet 15Yr FrenchOak,A,26285.190000000002,481,54.665000000000006,0.07931709566031474,38.36023871529055,1,594.0
15094,Butter Chard,A,26259.47,1853,14.283577981651378,0.07923948405848179,38.43947819934903,2,4295.0
4368,Capt Morgan Private Stock,A,26240.280000000002,772,33.99,0.07918157711294624,38.51865977646198,1,1293.0
5891,Ryans Irish Cream,A,26095.68,1632,15.99,0.0787452381695153,38.5974050146315,1,551.0
34134,Turning Leaf RSV Chard Cal,A,25980.3,2870,9.088165137614679,0.07839707228228804,38.675802086913784,2,1195.0
2889,Buchanans Deluxe 12Yr Scotch,A,25963.13,787,32.99,0.07834526080470361,38.75414734771849,1,1660.0
8526,Chambord Royale de France,A,25813.23,877,29.52719008264463,0.07789292880179698,38.83204027652028,1,1123.0
11828,Cupcake Svgn Bl,A,25813.15,3085,8.354025695931478,0.07789268739712564,38.909932963917406,2,5931.0
2834,Old Smuggler P E T,A,25718.94,1556,16.536441495778046,0.07760840322104938,38.987541367138455,1,1339.0
171,Gentleman Jack,A,25694.9,510,50.47429319371728,0.07753586111731439,39.06507722825577,1,965.0
3351,Pinnacle Whipped Vodka,A,25552.96,1504,16.99,0.07710754887920519,39.14218477713497,1,3057.0
2656,Cutty Sark,A,25543.91,1009,25.423333333333332,0.07708023997576087,39.219265017110736,1,1967.0
5921,RumChata Liqueur,A,25307.079999999998,1092,23.282786421499292,0.0763655916218691,39.29563060873261,1,1557.0
14706,Cupcake Prosecco,A,25282.5,2600,9.966590636254502,0.07629142003660262,39.37192202876921,2,4288.0
1269,Jeffersons Bourbon,A,25221.629999999997,937,26.911221864951766,0.07610774125730359,39.448029770026515,1,2788.0
24829,Cecchi Chianti Classico,A,25188.22,2278,11.10957671957672,0.07600692463143895,39.52403669465795,2,4119.0
38899,L Martini Cab Svgn Sonoma,A,24927.86,1914,13.06133058984911,0.07522127312859192,39.59925796778654,2,4704.0
8746,Cavit Pinot Grigio,A,24812.62,3538,7.02960396039604,0.07487352969953949,39.67413149748608,2,2355.0
24379,Madison's Ranch Cab Svgn,A,24797.91,1909,12.99,0.07482914141559849,39.74896063890168,2,
13430,Agua de Piedra Malbec Selccn,A,24613.73,2227,11.055632458233891,0.07427336751102649,39.823234006412704,2,2773.0
14672,Duckhorn Decoy Cab Svgn,A,24582.07,1153,22.765111111111107,0.07417783161234721,39.89741183802505,2,3447.0
782,Remy Martin 1738 Accord Ryl,A,24530.31,469,53.47039215686275,0.07402164278999601,39.971433480815044,1,762.0
28147,Kris Pnt Grigio Alto Adige,A,24528.79,1921,12.751973875181424,0.07401705610124071,40.045450536916285,2,1792.0
4174,Kraken Black Spiced Rum,A,24471.039999999997,896,27.348280254777066,0.07384279210412358,40.11929332902041,1,1401.0
12771,Joel Gott Cab Svgn 815,A,24469.29,1771,13.812916666666668,0.07383751137693821,40.193130840397345,2,2577.0
32826,Rombauer Carneros Chard,A,24300.5,698,34.72204819277109,0.07332817769601353,40.26645901809336,2,2536.0
1634,The Famous Grouse,A,24225.01,699,35.62594470046083,0.07310038221302873,40.339559400306385,1,1987.0
40545,Whitehaven Svgn Bl Marlboro,A,24178.87,1613,14.990000000000002,0.07296115206883853,40.41252055237522,2,1377.0
32924,Silverado Cab Svgn Napa,A,24068.41,559,43.105226337448556,0.07262783256889813,40.48514838494412,2,1718.0
4437,Mount Gay Eclipse,A,23693.850000000002,615,38.70232876712329,0.07149757589772598,40.55664596084184,1,2175.0
1956,Balvenie 12 Yr Doublewood S,A,23693.05,395,60.03067796610169,0.07149516185101266,40.62814112269285,1,1871.0
42764,14 Hands Cab Svgn Wash,A,23631.14,2138,11.18209726443769,0.07130834481098633,40.69944946750384,2,3991.0
5315,B & B Liqueur Dom,A,23594.68,932,25.354238410596025,0.07119832463202719,40.77064779213587,1,1089.0
6725,Franzia Crisp White Tap,A,23546.77,1623,14.567167019027485,0.07105375340948378,40.841701545545355,2,963.0
2645,Chivas Regal,A,23476.62,738,31.791556420233462,0.07084207168831033,40.912543617233666,1,3408.0
4673,Hennessy VS Cognac,A,23446.649999999998,335,69.99,0.07075163546331292,40.983295252696976,1,753.0
2492,Crown Royal Hand Slct Barrel,A,23425.739999999998,426,54.99,0.07068853831734376,41.05398379101432,1,57.0
44547,Silver Oak Cab Svgn Alex Vly,A,23331.67,333,70.15556291390729,0.07040467659944231,41.12438846761376,2,1401.0
35472,R M Woodbridge Pnt Grigio,A,23285.64,1836,12.937873799725653,0.07026577838667519,41.19465424600044,2,4385.0
1278,Jim Beam Black,A,23232.370000000003,663,35.05172839506173,0.07010503305115262,41.26475927905159,1,1602.0
6574,Franzia Tap Wh Znfdl Cal,A,23217.83,1517,15.325990888382687,0.0700611577521382,41.334820436803724,2,973.0
597,Baileys Irish Cream,A,23119.739999999998,826,27.99,0.06976516544950234,41.40458560225323,1,1490.0
8626,Ezra Brooks,A,22975.949999999997,1205,19.193125,0.06933127072836863,41.4739168729816,1,1161.0
43223,Ch Beauchene Cotes du Rhone,A,22902.71,2157,11.008677918424754,0.06911026475176503,41.54302713773336,2,4961.0
1892,Yukon Jack,A,22889.79,23121,0.99,0.06907127789734506,41.612098415630705,1,12764.0
27351,Almaden Chard Cal B/B,A,22772.829999999998,1317,17.388252184769037,0.068718344267859,41.68081675989856,2,831.0
8107,Wild Turkey 101,A,22759.120000000003,588,38.70359223300971,0.06867697354230964,41.74949373344087,1,2114.0
8670,Arrow Coffee Brandy,A,22757.86,1914,11.915614489003882,0.06867317141873618,41.81816690485961,1,1551.0
44038,Barefoot Pnt Grigio Cal,A,22578.64,2036,11.092310231023102,0.06813236460378672,41.88629926946339,2,3277.0
14622,La Marca Prosecco,A,22538.8,1620,13.946454121306376,0.06801214507746384,41.954311414540854,2,3287.0
2756,Jameson Caskmates,A,22462.51,749,29.99,0.06778193554776571,42.02209335008862,1,2676.0
10058,F Coppola Dmd Ivry Cab Svgn,A,22375.56,1544,14.570145985401458,0.06751955884561275,42.08961290893423,2,2062.0
35913,Stone Cellars Cab Svgn,A,22281.35,2765,8.078148873653282,0.06723527466953647,42.15684818360376,2,1862.0
3612,Taaka Vodka,A,22253.52,2448,9.147407407407409,0.06715129601949718,42.22399947962326,1,2431.0
34133,Turning Leaf RSV Cab Svgn,A,22105.61,2439,9.092490421455938,0.0667049689577899,42.290704448581046,2,1056.0
3694,Stolichnaya Razberi,A,22075.809999999998,1219,18.086681096681097,0.06661504571771908,42.357319494298764,1,1427.0
2767,Johnnie Walker Blue Label,A,22058.97,103,214.5967415730337,0.0665642300344039,42.423883724333166,1,736.0
5491,Rumpleminze,A,21943.73,11027,1.9900000000000002,0.06621648660535145,42.490100210938515,1,9652.0
29169,Franzia Tap Merlot,A,21856.49,1351,16.192325581395348,0.06595323481126492,42.55605344574978,2,849.0
4429,Capt Morgan Silver Spicd Rum,A,21785.449999999997,955,22.795111821086262,0.0657388674631229,42.62179231321291,1,1530.0
4265,Capt Morgan Spiced Rum,A,21782.18,1982,10.99,0.06572900004718224,42.68752131326009,1,2275.0
3529,U V Vodka,A,21780.6,1540,14.205568862275449,0.06572423230492346,42.753245545565015,1,1974.0
567,Ketel One Vodka,A,21742.5,750,28.99,0.06560926333020202,42.81885480889522,1,1194.0
8358,Bacardi 151 Proof,A,21729.129999999997,1087,19.99,0.06556891857450581,42.88442372746972,1,
3960,Tortilla Gold Tequila Liquer,A,21724.3,1570,13.847962697274033,0.0655543437674742,42.9499780712372,1,1373.0
19948,Josh Cellars Pnt Nr,A,21639.49,1351,16.04298013245033,0.06529842464027934,43.01527649587748,2,2296.0
28947,R M Woodbridge Merlot Cal,A,21604.63,1737,12.940468540829988,0.06519323255474681,43.08046972843223,2,4470.0
6256,Sutter Home Chard,A,21541.59,2685,8.064674556213017,0.06500300567373792,43.145472734105965,2,2508.0
25269,R Mondavi Cab Svgn Pvt Sel,A,21518.12,2388,9.01179176755448,0.06493218357828616,43.21040491768425,2,2369.0
32908,Sterling Vintners Cltn Merlo,A,21496.96,1804,11.88203778677463,0.06486833204271908,43.27527324972697,2,3129.0
4153,Jenkins Rum,A,21391.78,1772,12.088729792147806,0.06455094525108653,43.33982419497806,1,1396.0
6918,Franzia Tap Cab Svgn,A,21232.88,1312,16.214076281287248,0.06407145522265517,43.40389565020071,2,848.0
4218,Sailor Jerry Spiced Navy Rum,A,21209.64,1236,17.181812865497076,0.06400132716563349,43.467896977366344,1,5189.0
8498,R M Woodbridge Svgn Bl Cal,A,21029.56,1644,13.006949152542372,0.06345792525046721,43.53135490261681,2,3866.0
43434,Phillips Earthquake Cab Svgn,A,21023.86,814,25.845721393034825,0.06344072516763487,43.59479562778445,2,2449.0
3456,Tanqueray Sterling Vodka,A,20990.36,964,21.74,0.06333963696151497,43.658135264745965,1,3584.0
1465,Woodford Rsv Bourbon,A,20923.25,1375,15.313821339950373,0.06313712861785212,43.72127239336382,1,904.0
305,Crown Royal Canadian Whisky,A,20880.54,746,27.99,0.06300824869894522,43.78428064206276,1,827.0
6857,Sutter Home Wh Znfdl,A,20786.46,2570,8.140290872617854,0.06272435680545987,43.84700499886822,2,2619.0
2973,Eagle Rare Single Barrel Bo,A,20742.57,743,27.90035856573705,0.06259191616765085,43.90959691503587,1,709.0
2517,Balvenie 14 Yr Caribean Cask,A,20730.969999999998,303,68.52617021276596,0.06255691249030783,43.97215382752618,1,473.0
8451,Cruzan Aged Dark Rum,A,20698.87,1213,17.083915343915343,0.062460048865936244,44.034613876392115,1,1062.0
8462,Frangelico Hazelnut Liqueur,A,20679.629999999997,837,24.715862068965514,0.06240199104248111,44.09701586743459,1,1692.0
6281,Franzia Sunset Blush Tap,A,20619.74,1426,14.551707035755479,0.062221269470405884,44.159237136905,2,865.0
32648,Beringer Classic Wh Znfdl,A,20599.8,1820,11.842713178294574,0.06216109935607661,44.221398236261074,2,2364.0
3938,Stolichnaya,A,20540.629999999997,1137,18.07157894736842,0.06198255042604335,44.28338078668712,1,1712.0
3706,Pinnacle Citrus Vodka,A,20421.98,1202,16.99,0.061624517122875436,44.34500530380999,1,2759.0
3234,Hendrick's Gin,A,20350.93,307,66.52586497890294,0.06141011959914951,44.40641542340914,1,992.0
40096,Black Box Cab Svgn,A,20345.539999999997,846,24.863417721518985,0.06139385495941858,44.46780927836856,2,1244.0
27461,Ecco Domani Pnt Grigio Venez,A,20345.26,2074,9.805201192250372,0.06139301004306892,44.52920228841163,2,1729.0
12220,Angeline Pnt Nr,A,20301.41,2055,10.311970705725699,0.06126069010759557,44.59046297851923,2,1985.0
18347,Banfi Pnt Grigio San Angelo,A,20266.67,1433,14.200862619808307,0.06115586012907004,44.6516188386483,2,4679.0
2723,J & B Rare,A,20234.12,588,34.43303797468355,0.06105763860342221,44.71267647725172,1,2147.0
5153,Fireball Cinn Whisky Trav,A,20163.39,1261,15.99,0.060844206698381614,44.7735206839501,1,1308.0
38133,Il Bastardo Sangiovese Tosc,A,20155.49,2851,7.088720292504571,0.06082036798708767,44.834341051937194,2,4462.0
6249,Rodney Strong Chard,A,20080.57,1543,13.028402457757297,0.0605942925123861,44.89493534444958,2,4440.0
5356,Kahlua,A,20059.920000000002,2008,9.99,0.06053197993159878,44.955467324381175,1,1843.0
1396,Old Crow,A,20047.2,1280,15.684334650856389,0.060493596588857126,45.01596092097003,1,1315.0
38888,Justin Cab Svgn Paso Robles,A,20007.91,709,28.215903614457833,0.06037503671964964,45.07633595768968,2,2577.0
3680,Stolichnaya Ohranj,A,19925.55,745,26.73020618556701,0.06012651061051429,45.136462468300195,1,2125.0
8066,DeKuyper Triple Sec,A,19754.41,2159,9.176528497409327,0.059610085667369264,45.19607255396756,1,2109.0
6595,Bogle Merlot,A,19710.81,1819,11.10373092926491,0.059478520121493815,45.255551074089055,2,4719.0
3050,Bowman Vodka,A,19643.15,2185,8.99,0.05927435212071555,45.31482542620977,1,2231.0
2531,WhistlePig 10 Yr Old Rye,A,19625.18,282,69.63532019704434,0.05922012659641781,45.37404555280619,1,1643.0
21985,Menage a Trois Midnight,A,19594.87,1681,11.675037783375315,0.05912866440156724,45.43317421720776,2,2939.0
1358,Knob Creek Bourbon,A,19593.84,316,62.00872659176031,0.05912555631642385,45.49229977352418,1,980.0
3637,Zhenka Vodka Plastic,A,19578.29,3701,5.29,0.05907863328343388,45.551378406807615,1,2606.0
5447,Jagermeister Liqueur,A,19390.59,1941,9.99,0.058512237573323314,45.60989064438094,1,2138.0
8472,1800 Silver Tequila,A,19355.61,739,26.248555133079847,0.058406683380783794,45.66829732776172,1,1068.0
19848,Carnivor Cab Svgn,A,19311.83,1789,10.78621271076524,0.05827457467439786,45.72657190243612,2,5088.0
44334,Noble Vines 337 Cab Svgn,A,19280.0,1600,12.100754414125202,0.058178525790791996,45.784750428226914,2,1192.0
8441,Baileys Irish Cream,A,19197.13,1537,12.49,0.057928460726876914,45.84267888895379,1,1724.0
5661,Dr McGillicuddy's Root Beer,A,19180.22,1378,13.9169588313413,0.0578774338144743,45.90055632276827,1,2314.0
1378,Jim Beam,A,19122.35,2015,9.49,0.05770280771035017,45.958259130478616,1,2011.0
7345,M & R Asti,A,19120.02,1898,10.09655737704918,0.05769577679929766,46.015954907277916,2,2812.0
807,Jim Beam,A,19035.489999999998,1051,18.14891472868217,0.05744070258845244,46.07339560986637,1,891.0
10266,Klinker Brick Old Vine Znfdl,A,19016.77,1123,16.928689217758983,0.057384213895360976,46.13077982376173,2,2976.0
3606,Smirnoff Raspberry Vodka,A,19008.0,19200,0.99,0.0573577499082663,46.18813757366999,1,11058.0
15393,Cupcake Pnt Grigio,A,19007.73,2277,8.340928074245939,0.05735693516750055,46.24549450883749,2,6126.0
3295,Tito's Handmade Vodka,A,18967.58,1642,11.542361396303901,0.05723578019807627,46.302730289035566,1,1527.0
2062,Woodford Reserve Bourbon,A,18912.039999999997,296,63.856396761133595,0.05706818500500466,46.35979847404057,1,255.0
4296,Ronrico Silver Rum,A,18910.38,1462,12.914910607866508,0.05706317585807455,46.41686164989865,1,1532.0
3859,Smirnoff 80 Proof,A,18789.1,2090,8.99,0.056697206376336615,46.473558856274984,1,3722.0
35442,Borsao Tres Picos Garnacha,A,18761.68,1432,13.188095238095238,0.05661446492523788,46.53017332120022,2,2935.0
5292,Rumpleminze,A,18710.559999999998,944,19.80523500810373,0.05646020734025732,46.58663352854048,1,2261.0
1379,Jim Beam Traveler,A,18673.2,1280,14.611012101210122,0.0563474713587457,46.64298099989923,1,1486.0
8815,Ch Ste Michelle Chard Colmbi,A,18621.87,1713,11.049931506849315,0.056192580086502894,46.69917357998573,2,3240.0
2436,Crown Royal,A,18527.64,1236,14.99,0.055908235559258786,46.75508181554499,1,1837.0
35464,Stags Leap Artemis Cab Svgn,A,18509.87,349,53.02717647058824,0.05585461354663937,46.81093642909163,2,2329.0
23143,Bogle Chard,A,18490.19,1731,10.87167259786477,0.055795227997491925,46.866731657089126,2,6781.0
39087,Corbett Canyon Pnt Grigio,A,18460.25,1475,12.587139451728248,0.05570488229924627,46.92243653938837,2,896.0
3894,Zhenka Vodka 100 Proof,A,18424.07,1343,13.746410256410257,0.055595707036636785,46.97803224642501,1,1164.0
19121,Liberty School Pnt Nr CC,A,18356.69,1531,11.99,0.05539238395220818,47.03342463037722,2,14.0
1962,Jim Beam Apple,A,18348.3,1270,14.446953642384107,0.05536706663730232,47.08879169701452,1,2407.0
4226,Bacardi Superior Rum Trav,A,18336.04,1396,13.26005649717514,0.05533007137142083,47.14412176838594,1,1623.0
1380,Bulleit 95 Rye,A,18258.29,371,49.35956521739131,0.055095456206470945,47.19921722459242,1,1580.0
14551,Cava Mistinguett Brut,A,18241.17,2283,7.99,0.05504379560680608,47.25426102019922,2,94.0
5111,Dr McGillicuddy's Mentholmnt,A,18226.89,18411,0.99,0.05500070487297348,47.3092617250722,1,13804.0
32915,Kim Crawford Svgn Bl Marlbro,A,18202.73,1027,17.686296296296295,0.05492780066223149,47.36418952573443,2,1768.0
415,Jose Cuervo Especial,A,18177.34,866,20.99,0.05485118485466779,47.4190407105891,1,1558.0
822,Tanqueray,A,18164.27,673,26.99,0.05481174536648908,47.47385245595559,1,1021.0
35412,Yellow Tail Chard Ausl,A,18069.56,1392,13.820281690140845,0.05452595241121699,47.528378408366805,2,4927.0
1955,Jack Daniels Tennessee Honey,A,18030.12,1388,12.99,0.05440693990825076,47.58278534827505,1,1627.0
4798,Sambuca Romana Liqueur,A,18027.41,9059,1.99,0.05439876232500941,47.63718411060006,1,8277.0
8480,Clan MacGregor,A,17955.899999999998,1010,17.969206049149335,0.05418297672442334,47.69136708732449,1,2471.0
10727,Starborough Svgn Bl Marlboro,A,17953.14,1850,9.750169971671388,0.05417464826326242,47.74554173558775,2,2533.0
5392,Goldschlager Cinnamon Schnps,A,17944.93,907,19.78512195121951,0.05414987410886706,47.799691609696616,1,2221.0
3724,Absolut Citron,A,17936.03,997,17.99,0.054123017839181484,47.8538146275358,1,1348.0
3444,Hornitos Plata Tequila,A,17903.52,448,39.96337278106509,0.05402491701586931,47.90783954455166,1,985.0
31915,F Coppola Diamond Chard,A,17879.14,1554,12.067462686567163,0.053951348942281166,47.96179089349395,2,2311.0
6692,Jaboulet Cotes du Rhone Par,A,17782.45,1763,10.099037900874634,0.05365958122139364,48.015450474715344,2,2704.0
3782,Grey Goose Le Citron Vodka,A,17608.66,734,23.99,0.05313515974851076,48.06858563446386,1,1194.0
15527,Roscato Rosso,A,17590.56,1744,10.114301675977654,0.0530805419416221,48.12166617640548,2,1239.0
31489,Barefoot Chard Cal,A,17539.21,1579,11.096353591160222,0.05292559031821146,48.174591766723694,2,2983.0
8513,Baileys Irish Cream Mini's 4,A,17507.53,1947,8.994459308807135,0.05282999406836435,48.227421760792055,1,3872.0
4380,Ron Virgin Heavy Bodied Rum,A,17485.59,1241,14.115874125874125,0.0527637888372518,48.28018554962931,1,1777.0
24455,Franciscan Cab Svgn Napa,A,17452.86,832,21.224323607427056,0.05266502415109347,48.332850573780405,2,2943.0
115,Belvedere Vodka,A,17437.77,623,27.99,0.05261948919496365,48.38547006297537,1,1526.0
10421,Barefoot Moscato Cal,A,17432.3,1570,11.098045977011495,0.052602983150561375,48.438073046125936,2,2168.0
3834,Skyy Vodka,A,17390.670000000002,1133,15.428848920863308,0.05247736219471747,48.49055040832065,1,2096.0
18988,Franzia Chillable Red Tap,A,17386.95,1205,14.530136054421769,0.05246613687750057,48.54301654519815,2,910.0
4881,Bacardi Twin Pack 2/750mls,A,17331.329999999998,867,19.99,0.052298300279757626,48.59531484547791,1,7.0
3835,Smirnoff Raspberry Vodka,A,17313.63,1537,11.32009708737864,0.05224488949622563,48.64755973497413,1,1786.0
3272,Sobieski Vodka,A,17296.48,952,18.206383307573414,0.052193138369809024,48.69975287334394,1,1302.0
821,Grand Marnier,A,17272.57,443,38.99,0.05212098854866494,48.751873861892605,1,784.0
23355,Paul Dolan 12 Cab Svgn,A,17253.49,1151,14.99,0.05206341353455249,48.80393727542716,2,
3397,Ciroc Red Berry Vodka,A,17224.809999999998,619,27.939152542372877,0.05197686995988028,48.85591414538704,1,2003.0
3636,Dr McGillicuddy's Mentholmnt,A,17187.06,2594,6.662943889315911,0.05186295713059593,48.907777102517635,1,1862.0
824,Dewars White Label Scotch,A,17165.64,636,26.99,0.051798321029847036,48.959575423547484,1,897.0
4267,Bacardi Limon Rum,A,17036.8,720,23.672170542635655,0.05140953880666832,49.01098496235415,1,1612.0
1348,Knob Creek Bourbon,A,17006.54,1046,16.28204693611473,0.051318227489737335,49.06230318984389,1,1187.0
3389,Seagrams Extra Dry Gin,A,16973.01,999,16.99,0.05121704875686568,49.113520238600756,1,1937.0
3787,Jose Cuervo Especial Silver,A,16970.77,1023,16.643495440729485,0.05121028942606842,49.16473052802682,1,1180.0
35916,Stone Cellars Merlot,A,16958.02,2098,8.104450867052023,0.051171815556575025,49.215902343583394,2,1733.0
40097,Black Box Chard,A,16943.829999999998,717,24.173098591549294,0.051128996402997666,49.26703133998639,2,1247.0
3851,Grey Goose Vodka,A,16917.420000000002,1058,15.990000000000002,0.0510493026858745,49.318080642672264,1,1958.0
4563,Christian Bros Brandy,A,16909.23,977,17.306639741518577,0.05102458888264698,49.36910523155491,1,915.0
5109,Dr McGillicuddy's Menth Trav,A,16861.87,1213,13.901609498680738,0.05088167731721897,49.41998690887213,1,1201.0
2522,The Macallan 10 Yr Fine Oak,A,16841.5,350,48.11915129151292,0.0508202096527813,49.47080711852492,1,1006.0
3038,Zhenka Raspberry Vodka,A,16785.55,1545,10.834025157232704,0.05065137726076911,49.52145849578569,1,1432.0
2894,Scoresby Rare,A,16748.69,931,17.99,0.05054015005845332,49.57199864584414,1,1123.0
23739,Liberty School Cab Svgn,A,16689.42,1246,13.428428290766208,0.050361299372580895,49.62235994521672,2,2704.0
1373,Jim Beam Honey,A,16684.95,1155,14.451272475795298,0.05034781088657028,49.67270775610329,1,2521.0
3827,Popov Vodka,A,16666.170000000002,1283,12.990000000000002,0.050291141139975314,49.722998897243265,1,1886.0
3511,New Amsterdam Vodka,A,16658.54,1646,10.120801687763713,0.05026811716944711,49.77326701441271,1,2914.0
8838,Ch Ste Michelle Cab Svgn Col,A,16657.61,1039,15.993883495145631,0.05026531084014288,49.823532325252856,2,2903.0
8517,Baileys Salted Caramel,A,16655.16,784,21.31956685499058,0.050257917822083366,49.873790243074936,1,1615.0
3761,Ciroc Apple Vodka,A,16652.53,347,47.99,0.050249981643513346,49.924040224718446,1,543.0
538,Amaretto DiSaronno,A,16649.86,1314,12.699330143540669,0.05024192476260768,49.974282149481056,1,1612.0
4181,Calypso Spiced Rum,A,16594.16,1384,11.99,0.050073846760193406,50.02435599624125,1,1098.0
3896,Zhenka Vodka,A,16532.25,5025,3.29,0.049887029720167064,50.074243025961415,1,3385.0
39348,Sterling Vintners Cltn Pnt N,A,16496.14,1386,11.880743550834598,0.049778065686645,50.12402109164806,2,991.0
3614,Finlandia Vodka,A,16488.17,683,24.191995012468826,0.04975401574626363,50.17377510739433,1,1338.0
4478,Myers Original Dark Rum,A,16478.84,916,17.99,0.04972586192646965,50.223500969320796,1,1195.0
2373,Jim Beam Maple,A,16465.6,1140,14.44290858725762,0.049685909453364346,50.27318687877416,1,2726.0
31909,Catena Lunlunta Malbec Argn,A,16459.09,791,20.781666666666663,0.04966626514823478,50.322853143922394,2,1369.0
5297,Southern Comfort,A,16449.36,1064,15.531899441340782,0.04963690430508414,50.372490048227476,1,1694.0
6498,Franzia Chablis Old World C,A,16420.21,1079,15.217554179566564,0.04954894247796788,50.422038990705445,2,838.0
13215,Moet Nectar Imperial Rose,A,16411.19,631,25.651290322580643,0.04952172410127529,50.47156071480672,2,216.0
5849,GranGala Triple Orange,A,16366.48,952,17.12305613305613,0.04938680906558514,50.52094752387231,1,1108.0
41159,Phillips Earthquake Ld Znfdl,A,16307.71,629,25.881373801916933,0.04920946715890853,50.57015699103122,2,2621.0
2100,Canadian Regal,A,16273.710000000001,1629,9.99,0.049106870173592825,50.619263861204814,1,1317.0
5616,Emmets Irish Cream,A,16271.859999999999,814,19.99,0.04910128769056829,50.66836514889538,1,893.0
3310,Pinnacle Vodka,A,16197.19,2781,5.85846038863976,0.048875966605464644,50.71724111550085,1,2629.0
43362,Silver Oak Cab Svgn Napa,A,16188.16,148,109.48799999999999,0.04884871805318815,50.766089833554034,2,1410.0
14701,Cupcake Red Velvet,A,16174.03,1947,8.328930348258707,0.04880607995311429,50.81489591350715,2,4950.0
2374,Tullamore Dew,A,16099.150000000001,385,41.8878102189781,0.0485801251807484,50.8634760386879,1,1804.0
5197,Southern Comfort,A,16004.98,2002,7.993597122302159,0.048295961707007784,50.911772000394905,1,1917.0
8258,Campari,A,15984.67,533,29.99,0.048234675096073605,50.96000667549098,1,863.0
46447,Gascon Malbec Mendoza,A,15920.55,1345,11.814884792626728,0.04804118925200174,51.008047864742984,2,1499.0
8473,1800 Silver Tequila,A,15919.960000000001,404,39.71115384615385,0.04803940889255068,51.056087273635534,1,786.0
20533,Bread & Butter Chard,A,15916.75,1225,12.99890868596882,0.04802972253011351,51.104116996165644,2,1446.0
3364,Absolut Ruby Red,A,15907.84,616,25.795045871559633,0.048002836084844014,51.152119832250484,1,2061.0
5847,Godiva Chocolate Liqueur,A,15849.249999999998,675,23.50351351351351,0.0478260373386779,51.199945869589165,1,1412.0
5382,Ice 101 Peppermint Schnapps,A,15639.75,1225,12.787468354430379,0.04719385885562962,51.24713972844479,1,974.0
8023,DeKuyper Triple Sec,A,15633.390000000001,3211,4.883864013266999,0.047174667184258806,51.29431439562905,1,1926.0
5444,E & J Superior RSV VSOP,A,15612.189999999999,781,19.99,0.047110694946356065,51.341425090575406,1,784.0
1237,Jack Daniels Single Barrel,A,15601.83,317,49.199401709401705,0.047079433041418685,51.388504523616824,1,2336.0
1212,DiSaronna Amaretto Sour VAP,A,15596.83,717,21.77306878306878,0.047064345249460494,51.435568868866284,1,27.0
6174,Columbia Crest Grand Merlot,A,15593.130000000001,1559,10.020788253477589,0.04705318028341143,51.4826220491497,2,1898.0
40098,Black Box Merlot Cal,A,15565.48,652,24.27506787330317,0.04696974479388263,51.52959179394358,2,1075.0
1637,Fleischmanns Preferred,A,15497.11,1389,11.167142857142856,0.0467634343266463,51.57635522827023,1,1894.0
443,St Germain Liqueur,A,15483.810000000001,419,36.97360655737705,0.046723300800037504,51.62307852907027,1,1218.0
16610,Leese-Fitch Cab Svgn,A,15462.93,1407,10.99,0.04666029418082009,51.66973882325109,2,1228.0
8450,E & J Brandy VS,A,15446.91,809,19.09958904109589,0.04661195289538604,51.71635077614647,1,972.0
7715,Andre Extra Dry,A,15432.76,2624,5.846382978723405,0.04656925444414435,51.762920030590614,2,2257.0
46476,Tilia Malbec Mendoza,A,15424.56,1544,9.99,0.046544510465332915,51.809464541055945,2,1103.0
2287,Johnnie Walker Double Black,A,15400.310000000001,369,41.750299625468166,0.04647133467433569,51.85593587573028,1,1519.0
14539,Dom de Dionysos La Deveze,A,15394.73,1027,14.990000000000002,0.04645449669851034,51.90239037242879,2,1843.0
6855,Midnight Moon Apple Pie,A,15332.33,767,19.99,0.046266201054872086,51.94865657348366,1,666.0
3682,Belvedere Vodka,A,15332.019999999999,598,25.69,0.046265265611770676,51.99492183909543,1,3037.0
46379,Ghost Pine Cab Svgn LMartini,A,15291.46,854,17.894347826086957,0.04614287344340582,52.04106471253884,2,1746.0
5765,Jose Cuervo Lime Margarita,A,15291.17,1083,14.132208774583964,0.046141998351472244,52.087206710890314,1,1382.0
8288,Korbel Brut,A,15283.75,1025,14.994618937644342,0.04611960806820629,52.13332631895852,2,2675.0
18950,Schug Pnt Nr Carneros,A,15273.509999999998,849,17.99,0.046088708270275905,52.17941502722879,2,4.0
28889,Peter Vella Chard Cal B/B,A,15273.14,986,15.49,0.046087591773671,52.22550261900246,2,569.0
4488,Zhenka Tropical Dark Rum,A,15252.15,1385,11.019972752043596,0.046024253223030505,52.27152687222549,1,1115.0
3452,Vanya Light Vodka,A,15214.33,1897,8.039238578680202,0.04591012916465874,52.317437001390154,1,1754.0
3534,Milagro Silver Tequila,A,15209.97,603,25.259807280513918,0.04589697261007119,52.36333397400023,1,817.0
2748,Johnnie Walker Blue Label,A,15209.550000000001,45,337.6370588235294,0.0458957052355467,52.40922967923577,1,296.0
3830,Grey Goose L'Orange Vodka,A,15185.67,633,23.989999999999995,0.04582364594115437,52.45505332517693,1,1173.0
24631,Acumen Moutainside Red Napa,A,15143.939999999999,606,24.99,0.04569772322947129,52.5007510484064,2,10.0
8102,Absolut Mandrin,A,15140.14,586,25.836153846153845,0.04568625650758307,52.54643730491398,1,2097.0
40337,Da Vinci Chianti Tuscany,A,15133.95,1455,10.39,0.045667577821138824,52.59210488273512,2,2572.0
1758,Aberlour Glenlivet 12 Yr,A,15122.230000000001,377,40.12377926421405,0.04563221203678882,52.63773709477191,1,465.0
6974,Benziger Cab Svgn Sonoma,A,15114.22,1078,14.035070422535211,0.0456080413940718,52.683345136165975,2,1721.0
28138,Columbia Crest Grand Chard,A,15110.85,1507,10.048590604026845,0.045597872222291974,52.72894300838827,2,1927.0
4916,Mr Boston Coffee Brandy,A,15094.89,1511,9.99,0.04554971199036142,52.77449272037863,1,1095.0
2989,The Macallan 18 Yr Old,A,15079.42,58,259.99,0.04550303036204277,52.819995750740674,1,352.0
2721,Johnnie Walker Green Label,A,15057.49,251,59.99,0.04543685530651414,52.865432606047186,1,1253.0
31277,Landmark Overlook Chard,A,15030.6,940,15.99,0.04535571316136298,52.91078831920855,2,20.0
4829,Mr Boston Blackberry Brandy,A,15023.76,1224,12.306590563165907,0.04533507306196417,52.95612339227051,1,1056.0
1398,Blantons Sgl Barrel Bourbon,A,15021.36,264,56.89909090909091,0.045327830921824235,53.00145122319234,1,191.0
41213,A to Z Pnt Nr Ore,A,15006.96,836,18.46704918032787,0.045284378080984636,53.046735601273326,2,2686.0
8296,Knob Creek Smoked Maple,A,14974.65,535,27.990000000000002,0.0451868807693508,53.091922482042676,1,1376.0
3627,Absolut 80 Proof,A,14941.13,1087,13.75530612244898,0.04508573221206307,53.13700821425474,1,2121.0
45822,Masciarelli Montepulciano,A,14897.81,1519,9.79640243902439,0.04495501158253729,53.18196322583728,2,3032.0
32108,Erath Pnt Nr Oregon,A,14884.66,934,15.930042826552462,0.04491533068968724,53.22687855652697,2,1790.0
3025,Ciroc Snap Frost Vodka,A,14821.27,1223,12.301881188118813,0.04472404766324128,53.271602604190214,1,1455.0
16262,The Dreaming Tree Crush Red,A,14794.59,1041,14.205767634854773,0.044643539205352356,53.31624614339557,2,1451.0
903,Bombay Sapphire Gin,A,14790.519999999999,548,26.989999999999995,0.04463125774269838,53.36087740113827,1,942.0
43809,R M Woodbridge Pnt Nr,A,14785.27,1173,12.93032258064516,0.044615415561142284,53.40549281669941,2,3031.0
1024,Hennessey VS +VSOP 50mL,A,14783.88,512,29.27440366972477,0.044611221154977905,53.45010403785439,1,95.0
3158,Pinnacle Tropical Punch,A,14764.31,869,16.99,0.04455216753725354,53.49465620539164,1,2399.0
10451,Line 39 Cab Svgn Lake Cnty,A,14716.27,1473,9.991506024096386,0.044407204032119216,53.53906340942376,2,1576.0
18893,19 Crimes Red,A,14715.27,1473,9.99,0.04440418647372758,53.58346759589749,2,2585.0
8264,Ch Ste Michelle Rsl,A,14683.82,1318,11.203028169014084,0.044309284262310546,53.6277768801598,2,2766.0
15229,The Prisoner Red Napa Valley,A,14682.48,352,41.7331693989071,0.04430524073406575,53.67208212089387,2,967.0
6264,Cooks Extra Dry,A,14676.14,1886,7.771786941580756,0.04428610941386276,53.71636823030773,2,3326.0
3808,Three Olives Vodka,A,14658.76,1124,13.061332436069986,0.044233664249016084,53.76060189455674,1,2233.0
11141,C K Mondavi Chard,A,14650.41,1459,10.076455331412104,0.0442084676364459,53.80481036219319,2,1305.0
4089,Capt Morgan White,A,14620.81,619,23.727819025522038,0.0441191479080534,53.84892951010124,1,1431.0
3818,Cabo Wabo Blanco Tequila,A,14564.59,441,33.00769911504425,0.04394950077527548,53.89287901087652,1,558.0
23095,Glen Ellen Cab Svgn RSV,A,14532.210000000001,2079,6.99,0.043851792234554224,53.936730803111075,2,2162.0
4734,Capt Morgan Cannon Blast,A,14513.14,886,16.456918714555766,0.04379424739602567,53.980525050507104,1,2196.0
3316,Ciroc Peach Vodka,A,14508.04,1196,12.33910485933504,0.04377885784822832,54.024303908355336,1,1539.0
3899,Platinum 7X Distilled Vodka,A,14507.640000000001,3636,3.99,0.043777650824871665,54.06808155918021,1,2247.0
408,Wild Turkey American Honey,A,14499.939999999999,806,17.99,0.04375441562525604,54.111835974805466,1,2618.0
36523,Ch Macard Brdx Superieur,A,14450.36,964,14.99,0.04360480508019861,54.155440779885666,2,2179.0
6599,Estancia Cab Svgn Paso Roble,A,14356.05,1095,13.13139344262295,0.043320219148283164,54.19876099903395,2,1987.0
11825,Cupcake Cab Svgn,A,14332.33,1717,8.349375,0.0432486426632335,54.24200964169719,2,5279.0
4359,Mr Boston Light Rum,A,14304.49,1151,12.625687732342007,0.04316463383761028,54.2851742755348,1,1595.0
39413,Mirassou Pnt Nr Cntrl Coast,A,14276.12,1588,8.99,0.0430790257060395,54.32825330124084,2,1416.0
28856,Seghesio Znfdl Sonoma,A,14274.859999999999,714,19.996006006006002,0.04307522358246603,54.371328524823305,2,2166.0
22447,Pizzolato Pnt Grigio,A,14252.61,2039,6.990000000000001,0.043008082908252074,54.414336607731556,2,
44511,MacMurray Ranch C Cst Pnt Nr,A,14244.17,863,16.43984536082474,0.042982614715426644,54.45731922244698,2,2065.0
6269,Sutter Home Cab Svgn,A,14209.02,1766,8.04663157894737,0.042876547537960545,54.50019576998494,2,1992.0
5296,Southern Comfort 100 Proof,A,14205.099999999999,490,28.989999999999995,0.042864718709065316,54.543060488694,1,2352.0
6869,Benziger Chard,A,14121.93,1407,10.076474501108647,0.042613748377632744,54.585674237071636,2,1725.0
1281,Benchmark Old #8 Bourbon,A,14120.58,942,14.99,0.04260967467380403,54.62828391174544,1,1398.0
3427,Stolichnaya Blueberi,A,14115.72,528,26.742551020408165,0.04259500934002067,54.67087892108546,1,2199.0
26399,Trapiche Malbec Mendoza Oak,A,14094.54,1746,8.06723035952064,0.04253109745328576,54.713410018538745,2,1452.0
273,Sauza Extra Gold Tequila,A,14088.88,612,23.036511627906975,0.04251401807278908,54.75592403661153,1,4052.0
8021,Glenfiddich Special Rsv 12,A,14088.02,298,47.35328125,0.04251142297257228,54.798435459584105,1,3017.0
4246,Bacardi Superior Rum,A,14076.800000000001,1820,7.753365468886941,0.0424775659674181,54.84091302555152,1,2840.0
10723,R M Woodbridge Chard,A,14048.73,1127,12.919032258064517,0.04239286310336479,54.88330588865489,2,2983.0
24875,Glen Ellen Merlot RSV,A,14028.93,2007,6.99,0.04233311544721036,54.9256390041021,2,2289.0
5124,Cointreau Liqueur,A,13993.05,195,71.60249999999999,0.042224845452118354,54.96786384955422,1,688.0
28457,Clos Pegase Merlot Napa,A,13978.23,777,17.99,0.042180125236754275,55.010043974790975,2,8.0
3837,Skyy Vodka,A,13916.43,14057,0.9900000000000001,0.04199364012815101,55.05203761491912,1,10305.0
24327,La Crema Pnt Nr Sonoma Cst,A,13888.0,600,23.13376996805112,0.041907850943076724,55.0939454658622,2,4496.0
24378,Napa Highlands Meritage,A,13846.14,1386,9.99,0.04178153594880273,55.135727001811,2,
44208,Black Box Pnt Grigio,A,13789.109999999999,589,23.88709762532981,0.04160944459372758,55.17733644640472,2,1158.0
8474,1800 Reposado Gold Tequila,A,13781.54,346,40.124545454545455,0.04158660167670288,55.21892304808143,1,824.0
44228,Clean Slate Rsl Mosel,A,13752.11,1189,11.581188524590164,0.04149779493323696,55.260420843014664,2,2805.0
39146,Matua Svgn Bl Marlboro,A,13750.57,1143,12.056964285714287,0.041493147893313834,55.30191399090798,2,1124.0
6867,Rodney Strong Pnt Nr,A,13748.779999999999,722,19.074848484848484,0.041487746463792795,55.34340173737177,2,2070.0
26948,Ferrari-Carano Chard,A,13709.789999999999,621,21.915925925925922,0.04137009186210281,55.38477182923388,2,3981.0
5353,Grand Marnier,A,13615.83,717,18.989999999999995,0.04108656207562445,55.425858391309504,1,1614.0
1468,Knob Creek Single Barrel Rsv,A,13538.07,293,45.70951219512195,0.040851916735090636,55.4667103080446,1,1588.0
2398,Tullamore Dew,A,13471.74,526,25.549902200488997,0.04065176208697325,55.50736207013157,1,2788.0
6976,Ruffino Chianti Clsc RSV Tan,A,13449.259999999998,674,20.0427950310559,0.040583927374329205,55.5479459975059,2,1185.0
5233,Cointreau Liqueur,A,13446.449999999999,655,20.539180327868852,0.04057544803524871,55.58852144554115,1,1443.0
14129,14 Hands Hot to Trot Red,A,13372.710000000001,1305,10.294341637010676,0.04035293327944928,55.6288743788206,2,3275.0
32832,Cesari Valpolicella Clsc Am,A,13345.55,445,29.99,0.04027097639353237,55.66914535521413,2,8.0
5096,DeKuyper Peachtree Schnapps,A,13326.880000000001,1312,10.181211401425179,0.04021463857836049,55.70935999379249,1,1359.0
2117,Black Velvet Traveler,A,13300.76,1624,8.179315838800374,0.04013581995317088,55.74949581374566,1,1338.0
3366,Tanqueray Rangpur Gin,A,13274.29,371,35.82529411764706,0.04005594518254421,55.789551758928205,1,1051.0
42099,Bota Box Pnt Grigio Cal,A,13245.619999999999,638,20.8904329004329,0.039969431783455925,55.82952119071166,2,533.0
966,Patron Citronge Orange Liqu,A,13237.089999999998,591,22.42283582089552,0.039943692010375245,55.869464882722035,1,1223.0
8761,Jose Cuervo Especial,A,13203.68,1432,9.259106566200217,0.039842875384510604,55.90930775810654,1,1433.0
4223,Bacardi Gold Rum,A,13202.31,569,23.33328358208955,0.03983874132951406,55.949146499436054,1,2476.0
3656,Stolichnaya Vanil,A,13196.07,493,26.763224043715848,0.039819911765150234,55.988966411201204,1,1974.0
10236,Layer Cake Malbec Mendoza,A,13171.7,882,15.09228941684665,0.03974637386714601,56.02871278506835,2,2374.0
2494,Crown Royal Regal Apple,A,13157.2,280,46.99000000000001,0.03970261927046725,56.068415404338815,1,768.0
5219,Sambuca Romana Black,A,13153.419999999998,658,19.99,0.03969121289974684,56.10810661723856,1,1205.0
2944,The Glenlivet Founders Res,A,13132.1,290,45.2956768558952,0.03962687855483712,56.147733495793396,1,688.0
19494,Lincourt Lindsays Pnt Nr,A,13131.24,876,14.989999999999998,0.03962428345462031,56.18735777924802,2,12.0
39384,F Coppola Diamond Pnt Nr,A,13113.359999999999,856,15.754210526315788,0.039570329510577804,56.22692810875859,2,1685.0
4233,Castillo Silver Label Rum,A,13097.67,1033,12.647360406091371,0.039522984019413,56.266451092778006,1,1198.0
3527,Reyka Vodka,A,13083.609999999999,439,29.82132530120482,0.03948055714842656,56.305931649926436,1,731.0
5399,Goldschlager Cinnamon Schna,A,13022.56,6544,1.99,0.03929633520861703,56.345227985135054,1,7207.0
42881,La Bastarda Pnt Gr Sicily,A,13012.59,1841,7.105143929912391,0.03926625015145239,56.3844942352865,2,3583.0
6234,C Y Toro Front Cab/Merlot,A,13003.18,1582,8.247016248153619,0.03923785492698707,56.42373209021349,2,2503.0
5587,Jose Cuervo Golden Margarita,A,13000.91,709,18.359609856262832,0.03923100506943805,56.46296309528293,1,1064.0
3326,Jenkins Gin,A,12993.95,1305,9.96067448680352,0.03921000286303225,56.50217309814596,1,1573.0
1239,Booker's Bourbon,A,12951.460000000001,254,50.99,0.039081786806971525,56.541254884952934,1,538.0
3356,Svedka Vodka,A,12943.57,2143,6.05204673650282,0.03905797827126149,56.580312863224194,1,1743.0
27350,Almaden Cab Svgn Cal B/B,A,12932.529999999999,747,17.3821568627451,0.0390246644266178,56.61933752765081,2,733.0
23256,Robert Hall Cab Svgn,A,12912.77,923,13.99,0.03896503747279902,56.65830256512361,2,
4199,Sauza Blanco Tequila,A,12912.41,559,23.124715025906735,0.03896395115177803,56.69726651627539,1,3114.0
3967,Deep Eddy Ruby Red,A,12894.21,679,18.99,0.03890903158905021,56.73617554786444,1,2293.0
1382,Makers 46,A,12876.900000000001,310,41.52413654618474,0.038856797653290955,56.77503234551773,1,725.0
36770,Yellow Tail Cab Svgn Ausl,A,12819.83,989,13.47662192393736,0.03868458559588013,56.81371693111361,2,4172.0
6542,Melini Borghi D'Elsa Chiant,A,12781.55,1945,6.597438016528925,0.03856907346064821,56.85228600457426,2,2610.0
3042,Ciroc Red Berry Vodka,A,12778.12,1038,12.48030172413793,0.03855872323536489,56.89084472780962,1,1597.0
4682,Courvoisier VSOP Cognac,A,12770.37,363,35.24190839694657,0.03853533715782969,56.929380064967454,1,1153.0
5401,Jagermeister Liqueur,A,12752.710000000001,2129,5.99,0.03848204707663335,56.96786211204409,1,3772.0
2587,Jameson Irish Whiskey,A,12742.289999999999,671,18.99,0.038450604118192476,57.00631271616228,1,1700.0
31487,Barefoot Bubbly Brut Cve,A,12726.93,1307,9.79599647266314,0.038404254421296906,57.04471697058357,2,2468.0
3779,Three Olives Cherry Vodka,A,12721.29,971,13.11087912087912,0.038387235391968075,57.08310420597554,1,1772.0
8166,Mount Gay Eclipse,A,12719.32,568,22.346626506024094,0.03838129080193654,57.121485496777474,1,1497.0
14240,Ninety+Cellars Lot 2 Svgn Bl,A,12700.99,1401,9.085435684647303,0.0383259789566178,57.159811475734095,2,1706.0
34903,Smoking Loon Cab Svgn,A,12682.82,1318,9.59954003407155,0.03827114992064173,57.198082625654735,2,3707.0
4679,Courvoisier VS Cognac,A,12661.51,1049,12.118971962616824,0.038206845751315915,57.23628947140605,1,1256.0
13708,Bota Box Cab Svgn,A,12649.96,604,21.04439330543933,0.03817199295189248,57.27446146435795,2,514.0
3497,Johnnie Walker Platinum,A,12648.73,127,99.51380952380951,0.03816828135507077,57.31262974571302,1,576.0
8338,The Glenlivet 12 Yr Single,A,12624.17,583,21.690680272108843,0.03809417012097213,57.35072391583399,1,934.0
4652,Hennessy XO Cognac,A,12599.37,63,199.99,0.03801933467285949,57.38874325050685,1,446.0
6647,Estancia Chard,A,12550.42,1258,9.983265993265993,0.03787162518958878,57.42661487569644,2,2147.0
40193,Mark West Chard Sonoma Cnty,A,12534.44,1256,9.97890942698706,0.0378234046064904,57.46443828030293,2,4973.0
2952,Old Bushmills,A,12515.07,593,21.11058212058212,0.037764954500444356,57.502203234803375,1,1054.0
4502,E & J XO Brandy,A,12512.31,569,21.99,0.03775662603928343,57.53995986084266,1,741.0
3679,Chopin Vodka,A,12468.33,567,21.99,0.03762391382121917,57.57758377466388,1,1004.0
10239,Cannonball Cab Svgn Cal,A,12445.130000000001,887,14.050941828254848,0.03755390646653316,57.61513768113041,2,1248.0
8143,Perrier Jouet Grand Brut,A,12440.83,309,40.07613333333333,0.03754093096544911,57.65267861209586,2,2701.0
2017,Redbreast Irish Whiskey,A,12438.07,193,64.43785276073619,0.037532602504288186,57.69021121460015,1,455.0
2854,Talisker 10-Yr Single Malt,A,12410.85,215,57.62309352517986,0.03745046456486779,57.72766167916502,1,1712.0
3699,Chopin Vodka,A,12396.9,310,39.99,0.03740836962530442,57.76507004879032,1,702.0
1023,Hennessy VSOP Cognac + 50mL,A,12390.630000000001,237,52.1729268292683,0.03738944953418885,57.80245949832451,1,28.0
1479,Ten High,A,12381.75,975,12.740421585160203,0.0373626536156711,57.83982215194018,1,1087.0
27735,Bogle Cab Svgn Cal,A,12379.210000000001,979,12.812894168466523,0.037354989017356344,57.87717714095754,2,4320.0
12213,Evodia Garnacha Old Vine,A,12355.49,1351,9.430068493150685,0.03728341253230667,57.914460553489846,2,1781.0
4135,Smirnoff Blueberry Vodka,A,12352.23,12477,0.99,0.037273575291949926,57.951734128781794,1,9112.0
14078,Bota Box Malbec,A,12342.08,592,20.943846153846152,0.0372429470742748,57.98897707585607,2,496.0
24369,Forefront Pine Ridge Znfdl,A,12337.710000000001,1029,11.99,0.037229760344103344,58.026206836200174,2,
4939,Kapali Coffee,A,12335.08,692,17.837358121330723,0.03722182416553333,58.06342866036571,1,978.0
4187,Kraken Black Spiced Rum,A,12329.759999999998,624,19.778187372708754,0.03720577075488981,58.100634431120596,1,1055.0
2958,Dalwhinnie 15-Yr Single Mal,A,12327.99,201,61.411686746987954,0.037200429676536605,58.137834860797135,1,1409.0
5367,Sambuca di Amore,A,12321.84,1266,9.840903614457833,0.03718187169242804,58.17501673248956,1,1358.0
8236,Jim Beam,A,12302.93,8257,1.49,0.03712480966324215,58.2121415421528,1,8807.0
3072,Ciroc Peach Vodka,A,12282.49,451,27.722075471698112,0.037063130769717054,58.24920467292252,1,2114.0
45604,Latour 12 Cuvee Bourg Rouge,A,12273.859999999999,614,19.99,0.03703708924079721,58.286241762163314,2,72.0
3227,Taaka Gin,A,12253.37,1363,8.99,0.03697525946935254,58.323217021632665,1,1274.0
35414,Yellow Tail Shiraz Ausl,A,12248.23,969,13.638131416837783,0.03695974921921952,58.360176770851886,2,4188.0
39356,Bota Box Chard Cal,A,12228.15,585,20.996772009029346,0.03689915664671541,58.397075927498605,2,607.0
42766,14 Hands Merlot Wash,A,12205.42,1094,11.161906614785993,0.03683056754447347,58.433906495043075,2,2886.0
2755,Johnnie Walker Red Label,A,12195.119999999999,488,24.99,0.03679948669303958,58.47070598173612,1,1608.0
3766,Three Olives Grape Vodka,A,12158.710000000001,929,13.103421550094518,0.03668961739200003,58.50739559912812,1,1782.0
4291,Ronrico Gold,A,12158.64,936,12.99,0.036689406162912615,58.54408500529103,1,1257.0
28069,Sutter Home Merlot Cal,A,12138.720000000001,1512,8.047690140845072,0.03662929639975118,58.58071430169078,2,2024.0
24188,St Francis Cab Svgn Sonoma,A,12130.539999999999,722,16.799583333333334,0.03660461277210757,58.61731891446289,2,1101.0
10957,Seaglass Svgn Bl Snt Barbara,A,12126.67,1233,9.808032786885247,0.03659293482113193,58.65391184928402,2,1216.0
20357,Apothic Dark,A,12118.89,1211,10.02956043956044,0.03656945821684498,58.69048130750087,2,3716.0
4268,Capt Morgan Private Stock,A,12092.74,526,22.989999999999995,0.036490549064903635,58.72697185656577,1,2452.0
5254,DeKuyper Buttershots Schnpps,A,12073.130000000001,1187,10.180651906519067,0.036431374744843606,58.76340323131061,1,1261.0
6688,Ch St Jean Chard California,A,12042.35,1189,10.851671826625386,0.036338494297548964,58.79974172560816,2,4156.0
27644,Cline Znfdl Cal,A,12027.960000000001,1204,9.99,0.03629507163229329,58.83603679724045,2,844.0
6526,Peter Lehmann Shiraz,A,12019.97,1503,8.02125,0.03627096134074409,58.8723077585812,2,302.0
39593,Redwood Creek Pnt Nr Cal,A,12017.97,1203,9.99,0.03626492622396081,58.908572684805165,2,905.0
11970,Zaccagnini Montepulciano Rsv,A,12017.24,676,17.837457627118646,0.03626272340633492,58.9448354082115,2,1344.0
8628,Jadot Macon Villages Blanc,A,12016.4,1060,11.506883116883117,0.03626018865728594,58.98109559686879,2,1505.0
41546,Monkey Bay Svgn Bl,A,12014.65,1335,8.991904761904761,0.036254907930100576,59.01735050479889,2,1296.0
3924,Espolon Blanco Tequila,A,12010.509999999998,449,26.73719101123595,0.03624241523835919,59.053592920037254,1,532.0
4222,Bacardi Gold Rum,A,12002.41,959,13.175314685314685,0.03621797301538692,59.08981089305264,1,1507.0
18142,Banfi Brunello Montalcino,A,11998.0,200,59.99,0.0362046655828798,59.12601555863552,2,730.0
5170,Dr McGillicuddy's Apple Pie,A,11987.37,863,13.897534246575342,0.036172588937176675,59.1621881475727,1,2264.0
8562,DeKuyper Peachtree Trav,A,11985.73,727,16.491915708812257,0.03616764014141439,59.198355787714114,1,1092.0
4157,Smirnoff Green Apple Vodka,A,11980.98,12102,0.99,0.036153306739054106,59.234509094453166,1,9097.0
1896,The Glenlivet 18 Yr Single,A,11963.849999999999,115,103.99,0.03610161596380533,59.270610710416975,1,514.0
8387,Wild Turkey 101,A,11962.98,502,23.83275184275184,0.03609899068800461,59.30670970110498,1,1562.0
1388,Red Stag by Jim Beam,A,11931.25,475,25.13092140921409,0.036003243560237916,59.342712944665216,1,1141.0
7221,M & R Sweet Vermouth,A,11927.130000000001,1137,10.49,0.03599081121966437,59.37870375588488,2,1126.0
5060,Dr McGillicuddy's Butterscth,A,11926.42,858,13.909439579684763,0.035988668753206304,59.41469242463808,1,2204.0
3089,Evan Williams Honey Reserve,A,11910.45,1155,10.411607378129117,0.035940478345691834,59.45063290298378,1,904.0
77,Three Olives Espresso Vodka,A,11892.92,908,13.115435540069686,0.035887580547086406,59.48652048353086,1,1764.0
32263,Lindemans Bin 65 Chard,A,11872.84,1016,12.662018348623853,0.0358269879745823,59.52234747150544,2,3533.0
20862,W Hill Est Cab Svgn No Cst,A,11871.89,911,13.054367816091956,0.03582412129411025,59.55817159279955,2,1223.0
8469,1800 Reposado Gold Tequila,A,11869.5,450,26.380243902439023,0.03581690932955423,59.59398850212911,1,1412.0
3821,Smirnoff Vanilla Vodka,A,11862.49,1051,11.319113924050633,0.03579575624522885,59.629784258374336,1,1588.0
34428,Frei Bros RSV Chard RRV,A,11857.97,703,16.85031746031746,0.03578211688129864,59.665566375255636,2,2163.0
14416,J Lohr Falcons Perch Pnt Nr,A,11842.56,744,15.916380368098158,0.03573561630648349,59.70130199156212,2,619.0
3654,Patron Reposado Tequila,A,11834.84,216,54.744838709677424,0.035712320755700036,59.73701431231782,1,3013.0
3502,Pinnacle Vodka,A,11826.51,1049,11.300204081632653,0.03568718449429769,59.77270149681212,1,1970.0
46764,Clayhouse Adobe Red Paso Rbl,A,11774.21,979,12.034989775051123,0.03552936619041499,59.808230863002535,2,929.0
3871,Smirnoff Watermelon Vodka,A,11760.630000000001,1037,11.375650224215248,0.035488387747456544,59.84371925074999,1,1509.0
13661,Duckhorn Decoy Pnt Nr,A,11749.38,526,22.918130081300813,0.0354544402155506,59.879173690965544,2,3416.0
8329,R Mondavi Chard Pvt Sel,A,11735.95,1305,8.985073891625616,0.0354139144063509,59.91458760537189,2,3456.0
24419,Bonterra Mendocino Org Chard,A,11704.18,982,11.919951690821255,0.03531804657624854,59.94990565194814,2,2711.0
1060,Jack Daniels Bruins Glass Pk,A,11676.17,383,30.81758620689655,0.03523352476569874,59.985139176713844,1,1917.0
8413,St Elder Elderflower Liqueur,A,11675.509999999998,649,17.99,0.03523153317716026,60.020370709891004,1,1082.0
11957,Souverain Cab Svgn N Cst,A,11639.27,823,14.344721030042919,0.03512217686104728,60.05549288675205,2,1323.0
6162,Jadot Pouilly Fuisse,A,11610.72,528,21.99,0.035036025568966,60.09052891232101,2,1173.0
5368,Midori Melon Liqueur,A,11603.119999999999,538,21.55265664160401,0.03501309212518954,60.1255420044462,1,1079.0
36771,Yellow Tail Merlot Ausl,A,11593.56,908,13.664146341463415,0.034984244266965475,60.16052624871317,2,4126.0
3513,Ciroc Snap Frost Vodka,A,11574.849999999999,415,27.87673139158576,0.03492778574945792,60.19545403446263,1,2565.0
1415,Old Grand Dad,A,11566.17,883,13.122958801498127,0.034901593342618505,60.230355627805245,1,929.0
3788,Patron Silver Tequila,A,11539.859999999999,414,27.87316151202749,0.03482220138133449,60.26517782918658,1,861.0
8627,Jadot Beaujolais Villages,A,11533.08,1207,9.666344827586206,0.03480174233543918,60.299979571522016,2,1402.0
46021,Spellbound Cab Svgn Cal,A,11531.51,849,13.526299765807964,0.03479700476876431,60.33477657629078,2,1505.0
2586,Jameson Irish Whiskey,A,11496.550000000001,3845,2.99,0.03469151092739263,60.36946808721817,1,6382.0
8214,E & J Brandy VS,A,11438.55,1145,9.99,0.03451649254067758,60.40398457975885,1,1167.0
4903,Bacardi Superior Rum,A,11411.4,2860,3.99,0.0344345658303446,60.438419145589194,1,8.0
26949,Sonoma-Cutrer Chard RRV,A,11403.039999999999,496,22.99,0.03440933904219049,60.472828484631385,2,1120.0
4194,Calico Jack Coconut Rum,A,11392.23,877,12.99,0.034376719235976884,60.507205203867365,1,1205.0
984,Patron XO Cafe Liqueur,A,11389.75,425,26.77896103896104,0.03436923569116562,60.54157443955853,1,1496.0
2152,New Amsterdam Gin,A,11371.72,1128,10.091604278074866,0.03431482911336438,60.575889268671894,1,1342.0
4179,Bacardi Dragon Berry Rum,A,11371.17,483,23.552130177514794,0.034313169456248974,60.61020243812814,1,695.0
8033,Jack Daniels No 7 Black,A,11367.98,3802,2.99,0.03430354344497964,60.64450598157312,1,8185.0
2956,Vat 69 Gold,A,11362.42,758,14.99,0.03428676582032214,60.67879274739344,1,922.0
31186,Almaden Merlot Cal B/B,A,11333.4,660,17.273516483516484,0.03419919627579678,60.71299194366924,2,673.0
8840,Burnetts Gin,A,11311.73,827,13.797860262008733,0.03413380578544998,60.74712574945469,1,1469.0
2783,Lauders Scotch,A,11260.98,702,16.0418018018018,0.03398066469707432,60.781106414151765,1,1101.0
8898,Yukon Jack,A,11253.67,433,25.99,0.03395860634523144,60.815065020496995,1,818.0
3583,Smirnoff Orange Vodka,A,11250.859999999999,514,21.974,0.03395012700615093,60.849015147503145,1,1610.0
2122,Canadian Club 1858,A,11248.59,1041,10.830620592383639,0.033943277148601916,60.88295842465175,1,1429.0
2468,Crown Royal Nrth Harvest Rye,A,11244.199999999999,380,29.661641791044776,0.03393003006726262,60.91688845471901,1,1818.0
2951,Old Bushmills Irish Whiskey,A,11240.18,282,39.87412017167382,0.033917899482528234,60.95080635420154,1,584.0
4224,Goslings Black Seal Rum 80,A,11229.26,674,16.663960612691465,0.03388494774489154,60.984691301946434,1,1067.0
2623,Ballantines,A,11219.13,387,28.99,0.033854379878384244,61.01854568182482,1,793.0
31494,Barefoot Merlot Cal,A,11161.960000000001,1004,11.103636363636364,0.033681866065134264,61.052227547889956,2,2197.0
15035,Morellino d Scansano Rsv,A,11121.880000000001,1012,10.99,0.03356092232479739,61.08578847021475,2,
12216,Da Vinci Pnt Grigio,A,11099.83,1067,10.38945155393053,0.03349438516226176,61.119282855377016,2,2188.0
3396,Smirnoff Vanilla Vodka,A,11082.929999999998,507,21.94685279187817,0.03344338842544307,61.15272624380246,1,1627.0
3733,Patron Silver Tequila,A,11059.07,93,118.83615384615383,0.03337138948221857,61.18609763328468,1,285.0
21019,Black Box Pnt Nr,A,11047.279999999999,472,23.839462365591395,0.033335812468781145,61.21943344575346,2,952.0
3704,Ciroc Pineapple Vodka,A,11040.0,400,27.64648854961832,0.03331384464369002,61.25274729039715,1,2349.0
2208,WhistlePig 10 Yr Old Rye,A,11038.529999999999,147,75.15129032258064,0.03330940883285431,61.28605669923001,1,322.0
3658,Patron Anejo Tequila,A,11008.16,184,59.81236842105263,0.03321776558450025,61.31927446481451,1,2336.0
5890,Godiva Wh Chocolate Liqueur,A,11007.31,469,23.49148367952522,0.03321520065986736,61.35248966547438,1,1470.0
24493,Buehler Cab Svgn Napa,A,11003.01,499,22.09050251256281,0.033202225158783315,61.38569189063316,2,660.0
12666,Carpineto Dogajolo Tuscan Wh,A,10948.12,1088,10.138979591836735,0.03303659137866627,61.41872848201183,2,1198.0
7302,Marques de Caceres Rioja Re,A,10941.34,866,12.610192307692309,0.03301613233277096,61.4517446143446,2,2064.0
23253,Summers Cab Svgn Rsv,A,10934.529999999999,547,19.99,0.0329955827601239,61.48474019710472,2,17.0
25883,Honig Cab Svgn Napa,A,10908.98,302,36.27448275862069,0.03291848414321753,61.51765868124794,2,454.0
3768,Jenkins Vodka,A,10908.46,1854,5.8832038834951454,0.03291691501285388,61.55057559626079,1,1497.0
12147,Sterling Vintners CA Meritag,A,10900.92,1108,9.829708561020038,0.03289416262258093,61.583469758883375,2,2817.0
2890,Four Roses Bourbon,A,10887.3,370,29.37851351351351,0.03285306347728681,61.616322822360665,1,757.0
3800,Don Julio Anejo Tequila,A,10880.050000000001,195,55.78874213836478,0.03283118617894743,61.64915400853961,1,782.0
4201,Calico Jack Silver Rum,A,10872.630000000001,837,12.99,0.032808795895681475,61.681962804435294,1,1227.0
3347,Milagro Silver Tequila,A,10852.300000000001,270,40.23553571428572,0.03274744893357947,61.71471025336887,1,373.0
35664,Redwood Creek Cab Svgn Cal,A,10849.14,1086,9.99,0.032737913449061885,61.74744816681793,2,991.0
24805,Menage a Trois Silk Soft Red,A,10843.23,1077,10.121868131868132,0.0327200796789673,61.7801682464969,2,1021.0
33582,Villa Cornaro Prosecco Del,A,10837.12,888,12.466635514018693,0.03270164239719439,61.81286988889409,2,4149.0
1359,Knob Creek Rye,A,10832.13,387,27.99,0.03268658478082011,61.84555647367491,1,1957.0
1734,Duggans Dew O Kirkintilloch,A,10822.81,469,23.075843373493974,0.032658461136610036,61.878214934811524,1,1227.0
8203,Grand Marnier,A,10793.9,3610,2.99,0.03257122352350776,61.91078615833503,1,7264.0
6575,Kendall Jackson RSV Svgn Bl,A,10742.92,908,11.769448621553884,0.03241738839670203,61.94320354673173,2,4758.0
16260,The Dreaming Tree Cab Svgn,A,10726.45,755,14.168861788617887,0.032367689209991744,61.97557123594172,2,1361.0
388,Smirnoff 80 Proof,A,10708.11,739,14.49,0.03231234718908909,62.00788358313081,1,1604.0
8590,Arrow Peppermint Schnapps,A,10701.69,1531,6.99,0.03229297446421477,62.040176557595025,1,1132.0
3790,Don Julio Blanco Tequila,A,10697.76,224,47.75719576719577,0.03228111545973564,62.072457673054764,1,828.0
3085,Absolut Mini Bar 5/50mls,A,10680.17,1783,5.99,0.03222803660762671,62.10468570966239,1,3192.0
1397,Jim Beam Kentucky Fire,A,10676.11,739,14.447597173144876,0.03221578532055666,62.13690149498295,1,2759.0
32968,Alice White Chard Ausl,A,10669.38,1062,10.036065259117082,0.03219547715258093,62.169096972135534,2,913.0
8726,Baileys Irish Cream,A,10658.44,5356,1.99,0.0321624650637764,62.20125943719931,1,7231.0
1623,Bulleit 95 Rye,A,10653.59,741,14.408181818181818,0.032147829905576956,62.23340726710489,1,1209.0
6938,Vendange Chard,A,10635.29,1171,9.215933202357563,0.03209260858700998,62.265499875691894,2,1845.0
8822,Absolut 80 Proof,A,10614.66,5334,1.99,0.03203035635739046,62.29753023204928,1,7782.0
14818,Simi Pnt Nr Sonoma Cnty,A,10608.41,659,16.18543973941368,0.03201149661744272,62.329541728666726,2,1560.0
37731,Corbett Canyon Chard,A,10588.51,849,12.550714285714287,0.03195144720544912,62.36149317587218,2,841.0
21469,St Supery Cab Svgn,A,10580.48,352,30.06843137254902,0.03192721621156426,62.39342039208374,2,909.0
2965,Ardbeg 10 Yr Single Malt Sc,A,10574.66,234,45.23022346368715,0.03190965402172492,62.425330046105465,1,949.0
1271,Jeffersons Reserve Bourbon,A,10547.890000000001,211,49.99,0.03182887398358076,62.45715892008904,1,623.0
41072,Angeline Pnt Nr Rsv,A,10540.15,685,15.442531645569622,0.03180551808162947,62.488964438170676,2,3706.0
5505,Pallini Limoncello Liqueur,A,10539.449999999999,555,18.99,0.03180340579075532,62.52076784396143,1,1584.0
8085,Wild Turkey,A,10533.01,299,35.20518987341772,0.03178397271471318,62.55255181667614,1,2112.0
8421,Beringer Classic Wh Znfdl,A,10526.73,1527,6.883650793650793,0.031765022448013686,62.584316839124156,2,2836.0
38652,Carpineto Chianti Clsc RSV,A,10510.91,529,19.89909090909091,0.03171728467425797,62.616034123798414,2,468.0
8961,Jose Cuervo Especial,A,10498.539999999999,7046,1.49,0.031679957476953395,62.64771408127537,1,9123.0
6824,Kendall Jackson Pnt Nr Vtnr,A,10497.72,628,16.69403587443946,0.03167748307907225,62.67939156435444,2,4123.0
3329,Seagrams Extra Smooth Vodka,A,10487.939999999999,606,17.314444444444444,0.03164797135800202,62.711039535712445,1,2248.0
24665,Nardi Casale 08 Bosco Brunel,A,10468.26,374,27.99,0.031588585808854576,62.7426281215213,2,
41940,Lange Willamette Pnt Nr,A,10458.039999999999,496,21.08941520467836,0.03155774636209203,62.77418586788339,2,905.0
1595,Gentleman Jack,A,10457.460000000001,654,15.99,0.03155599617822488,62.805741864061616,1,807.0
23357,Saddleback Clrs 09 Cab Svgn,A,10447.25,275,37.99,0.031525186907046254,62.83726705096866,2,25.0
23353,Parducci True Grit 11 Cab Sv,A,10441.47,653,15.99,0.03150774541954258,62.86877479638821,2,4.0
3216,Fleischmanns X Dry Gin,A,10440.78,922,11.491030927835054,0.03150566330425235,62.90028045969246,1,1656.0
5165,Hpnotiq Liqueur,A,10438.339999999998,566,18.399756097560974,0.03149830046177674,62.93177876015424,1,681.0
36648,Groth Cab Svgn Napa,A,10416.26,174,59.86096774193549,0.03143167277248937,62.96321043292673,2,586.0
24840,Honig Svgn Bl Napa,A,10405.7,730,14.252390670553934,0.03139980735587367,62.994610240282604,2,2072.0
4528,Remy Martin XO Cognac,A,10399.33,67,156.130350877193,0.03138058550891893,63.025990825791524,1,465.0
3194,Grey Goose Cherry Noir Vodka,A,10387.67,433,23.99,0.03134540077807242,63.057336226569596,1,1152.0
24768,Vinsacro Rioja,A,10377.51,649,15.99,0.031314742384813375,63.08865096895441,2,
4896,Hiram Walker Coffee Brandy,A,10376.699999999999,530,19.645384615384614,0.03131229816251615,63.11996326711693,1,942.0
29212,R Mondavi Merlot Pvt Sel,A,10359.48,1152,8.98151103565365,0.03126033580701213,63.15122360292394,2,2938.0
2692,Glenmorangie 10 Yr Scotch,A,10350.45,255,40.80132075471698,0.031233087254735635,63.182456690178675,1,1448.0
29431,Clos du Val Cab Svgn Napa,A,10327.01,299,34.38393939393939,0.031162355686035623,63.21361904586471,2,85.0
2476,Crown Royal Maple Whisky,A,10267.9,410,25.005197568389054,0.03098398780950587,63.24460303367422,1,490.0
34904,Smoking Loon Chard,A,10266.44,1076,9.430851063829786,0.03097958217425408,63.27558261584847,2,3958.0
4494,Jenkins French Brandy,A,10257.8,620,16.695882352941176,0.030953510469750315,63.30653612631822,1,1025.0
3609,Smirnoff Vanilla Vodka,A,10251.45,10355,0.99,0.030934348973963417,63.337470475292186,1,9950.0
14342,Cupcake Pnt Nr,A,10246.78,1222,8.365675675675675,0.030920256976274464,63.36839073226846,2,4071.0
4783,Mr Boston Apricot Brandy,A,10229.73,827,12.433458980044346,0.030868807605697022,63.39925953987416,1,881.0
38772,Rob Stuart Big Fire Pnt Nr,A,10227.98,602,16.99,0.030863526878511655,63.43012306675267,2,2105.0
17345,Bogle Essential Red,A,10227.9,810,12.826065573770492,0.030863285473840325,63.46098635222651,2,3004.0
3961,Grey Goose La Poire Vodka,A,10219.74,426,23.99,0.030838662197364555,63.491825014423874,1,1150.0
4628,Martell Cordon Bleu,A,10198.98,102,99.99,0.030776017685154134,63.52260103210903,1,274.0
32749,Brancott Svgn Bl Marlboro,A,10191.95,905,11.283750000000001,0.03075480424966092,63.55335583635869,2,2217.0
26463,Ravenswood Vints Blend Znfdl,A,10189.9,1210,9.050526315789474,0.03074861825495806,63.58410445461365,2,2005.0
3133,Svedka Strwbry Lemonad Vodka,A,10156.76,924,10.99355871886121,0.03064861636985916,63.61475307098351,1,1042.0
23382,Haywood Chamizal Znfdl 09,A,10153.65,635,15.99,0.03063923176326116,63.64539230274677,2,48.0
2960,The Macallan Fine Oak 15 Yr,A,10129.02,98,103.34164835164836,0.030564909300075105,63.675957212046846,1,480.0
8440,Bailey's Espresso Creme,A,10128.9,510,19.89,0.030564547193068108,63.70652175923991,1,1794.0
676,Pinnacle Whipped Vodka,A,10098.89,811,12.489148211243611,0.030473990265735027,63.736995749505645,1,1071.0
4385,Parrot Bay 90 Coconut Capt,A,10095.96,404,24.99,0.030465148819647528,63.76746089832529,1,780.0
2496,Crown Royal Black,A,10068.1,190,52.99,0.03038107964285648,63.79784197796815,1,455.0
4806,Leroux Blackberry Brandy,A,10058.29,671,14.99,0.030351477395034507,63.828193455363184,1,816.0
8537,Dom Chandon Brut Cuvee,A,10057.949999999999,605,16.978023952095807,0.030350451425181346,63.85854390678836,2,3574.0
3667,Boru Original Irish Vodka,A,10048.869999999999,513,19.594010025062655,0.030323051994985268,63.888866958783346,1,901.0
42422,Firesteed Pnt Nr Ore,A,10012.49,651,15.422692307692309,0.030213273220697456,63.91908023200404,2,4373.0
8620,Sambuca Romana,A,9999.66,834,11.99,0.030174557946532735,63.94925478995057,1,1317.0
3579,Ciroc Pineapple Vodka,A,9992.28,822,12.366221498371337,0.03015228836560244,63.97940707831617,1,1193.0
11488,C K Mondavi Cab Svgn,A,9965.97,903,11.054150943396227,0.030072896404318424,64.00947997472049,2,956.0
44943,Sanford Santa Barbara Chard,A,9945.78,622,15.989999999999998,0.03001197190039125,64.03949194662088,2,135.0
2696,McClelland Highland Sgl Malt,A,9945.33,267,37.32928571428572,0.030010613999115008,64.06950256062,1,574.0
34460,Dr Loosen Rsl 'Dr L' M,A,9930.79,821,12.134044321329641,0.02996673870010059,64.09946929932009,2,1174.0
8312,Bols Curacao Orange,A,9929.41,1059,9.715190839694657,0.02996257446952012,64.12943187378961,1,1313.0
14805,Ninety+Cellars Lot 23 Malbec,A,9923.12,1088,9.136596858638745,0.02994359402723672,64.15937546781684,2,1431.0
4639,Jeffersons  Ocean Bourbon,A,9918.76,124,79.99,0.02993043747264917,64.18930590528949,1,8.0
8342,Korbel X Dry,A,9914.32,668,14.865,0.029917039513390295,64.21922294480288,2,3212.0
2131,Jack Daniels No 7 Black Trav,A,9911.37,763,12.99,0.029908137716134965,64.24913108251901,1,1.0
1394,Makers Mark,A,9908.019999999999,598,16.570128205128203,0.029898028895522972,64.27902911141453,1,1014.0
26732,Bonterra Cab Svgn Organic,A,9876.94,706,13.99,0.02980424318071085,64.30883335459524,2,2706.0
3352,Ciroc Coconut Vodka,A,9867.41,359,27.92048128342246,0.02977548584923853,64.33860884044448,1,1372.0
24002,Corbett Canyon Chard,A,9863.05,1395,7.107039586919106,0.02976232929465098,64.36837116973913,2,1100.0
24088,Hess Select Cab Svgn,A,9862.48,552,17.834236760124607,0.029760609286367753,64.3981317790255,2,2178.0
6960,Cooks Brut,A,9858.29,1271,7.759736842105263,0.02974796571670679,64.42787974474221,2,3545.0
5221,RumChata Liqueur,A,9835.18,782,12.578129496402878,0.029678229942276018,64.45755797468449,1,893.0
6523,Franzia Burgundy Tap Red,A,9821.52,648,15.200526315789473,0.029637010094646234,64.48719498477914,2,581.0
3877,Smirnoff Green Apple Vodka,A,9800.35,865,11.328983050847459,0.029573128383495247,64.51676811316263,1,1121.0
1005,Maker's Mark Combo Pack,A,9797.2,280,34.99,0.029563623074561587,64.54633173623719,1,
19357,Kendall Jackson Vntnr Rsv Ch,A,9795.71,1629,6.048375634517766,0.029559126912558045,64.57589086314975,2,1097.0
46202,Yellow Tail Pnt Grigio Ausl,A,9782.14,738,13.686631578947368,0.029518178645183506,64.60540904179494,2,3878.0
7535,Gekkeikan Sake,A,9775.68,1632,5.99,0.029498685217973525,64.63490772701292,1,1039.0
6231,Mumm Brut Prestige,A,9744.58,522,18.75964980544747,0.02940483915199356,64.66431256616491,2,2672.0
11827,Cupcake Merlot,A,9736.38,1162,8.371802721088436,0.02938009517318212,64.69369266133809,2,2519.0
3150,Svedka Mango Pineapple Vodka,A,9734.15,885,11.000135135135135,0.029373366017968774,64.72306602735605,1,1070.0
41321,Bogle Phantom Red Cal,A,9730.289999999999,475,20.93278481012658,0.029361718242577044,64.75242774559864,2,2781.0
4932,Arrow Ginger Brandy,A,9716.55,1545,6.342238805970149,0.029320256990275934,64.78174800258891,1,1123.0
6351,Kendall Jackson Vntr RSV Cab,A,9712.02,498,19.476381322957195,0.029306587450761812,64.81105459003967,2,3494.0
2986,Hibiki Harmony Japan Whiskey,A,9700.529999999999,147,65.99,0.02927191570484188,64.84032650574451,1,182.0
16289,Barefoot Bubbly Pink Moscato,A,9686.06,994,9.756848816029144,0.02922825163491487,64.86955475737943,2,2072.0
5713,DeKuyper Sour Apple Pucker,A,9647.7,630,15.304225053078556,0.02911249809501162,64.89866725547445,1,991.0
13497,Mohua Svgn Bl Marlboro,A,9641.89,811,11.857595818815332,0.029094966080756193,64.92776222155521,2,1208.0
24936,T-Vine Petite Sirah Napa,A,9638.57,643,14.99,0.029084947786895955,64.95684716934211,2,
3687,Fleischmanns Royal Traveler,A,9634.800000000001,1720,5.701758584807493,0.02907357159175948,64.98592074093388,1,1877.0
2924,Speyburn 10-Yr Single Malt,A,9631.0,400,24.084637223974763,0.02906210486987125,65.01498284580374,1,581.0
8155,Black Velvet Plastic,A,9602.75,1925,4.988571428571428,0.02897685884530746,65.04395970464905,1,1648.0
18010,Cocobon Red,A,9599.05,1595,6.054718162839248,0.0289656938792584,65.07292539852831,2,1028.0
27835,Wild Horse CC Pnt Nr,A,9597.34,566,16.973221476510066,0.0289605338544087,65.10188593238271,2,1482.0
24786,Opus One 12,A,9593.61,39,245.99,0.028949278361607884,65.13083521074432,2,12.0
20863,W Hill Est Chard N Coast,A,9573.63,737,12.990000000000002,0.028888987544942943,65.15972419828927,2,2744.0
7254,Cribari Marsala,A,9572.02,1198,7.99,0.028884129275932407,65.1886083275652,2,1231.0
6854,Carlo Rossi Burgundy Calif,A,9563.62,638,14.99,0.02885878178544265,65.21746710935065,2,564.0
31542,Morgan Winery Twelve Clones,A,9560.5,350,27.42195266272189,0.028849367003260733,65.24631647635391,2,2452.0
8892,R Mondavi Cab Svgn Napa,A,9558.46,354,27.01469135802469,0.028843211184141782,65.27515968753805,2,2158.0
31866,F Coppola Diamond Merlot,A,9548.63,637,14.99,0.02881354858515198,65.3039732361232,2,1428.0
1961,Everclear 151,A,9528.25,275,34.75354679802956,0.02875205074513039,65.33272528686832,1,698.0
4634,Gold Crown Wh Rum,A,9527.51,749,12.797909604519774,0.028749817751920575,65.36147510462024,1,1493.0
2640,Michter's Small Batch Bourbn,A,9520.73,227,41.957741935483874,0.028729358706025263,65.39020446332627,1,440.0
8424,1800 Coconut Tequila,A,9518.42,358,26.584202898550725,0.02872238814614058,65.4189268514724,1,885.0
3923,Don Julio 1942 Anejo Tequila,A,9513.29,71,133.99,0.02870690807159148,65.447633759544,1,357.0
3689,Stolichnaya Vanil,A,9511.75,525,18.114675324675325,0.028702261031668348,65.47633602057567,1,1085.0
26092,Blackstone Merlot Cal,A,9506.94,906,10.566826196473551,0.028687746575804567,65.50502376715147,2,1960.0
28658,R Mondavi Pnt Nr Pvt Sel,A,9493.44,1056,9.029647577092511,0.02864700953751745,65.533670776689,2,2903.0
35918,Stone Cellars Pnt Grigio,A,9470.55,945,10.048189655172413,0.028577937625932838,65.56224871431493,2,825.0
12586,C Y Toro Frontera Malbec,A,9463.36,1164,8.176119873817035,0.02855624138109696,65.59080495569603,2,2077.0
4145,Don Q Cristal Rum,A,9446.439999999999,556,16.99,0.028505184293110428,65.61931013998914,1,1032.0
6213,Taylor Red Port,A,9444.18,1182,7.99,0.028498364611145334,65.64780850460028,2,996.0
8189,Camarena Silver Tequila,A,9437.05,295,31.99,0.028476849419812943,65.6762853540201,1,784.0
3041,Zhenka Pink Lemonade Vodka,A,9412.05,895,10.579371980676328,0.028401410460021977,65.70468676448012,1,1245.0
8187,Wild Turkey,A,9387.929999999998,507,18.49,0.028328626951615657,65.73301539143173,1,1081.0
4349,Sauza Blue Silver,A,9372.23,577,16.138337595907927,0.028281251284866932,65.7612966427166,1,969.0
32546,Artesa Carneros Pnt Nr,A,9368.14,486,19.189999999999998,0.028268909471045132,65.78956555218765,2,694.0
1323,Early Times,A,9364.269999999999,473,19.790632911392404,0.028257231520069485,65.81782278370773,1,1053.0
6455,Folonari Pinot Grigio Venez,A,9357.61,783,12.192765432098765,0.02823713458118118,65.8460599182889,2,1513.0
1886,Seagrams 7 Crown,A,9352.49,851,10.99,0.02822168468221599,65.87428160297112,1,1044.0
5031,DeKuyper Peppermint Schnapp,A,9351.33,567,16.526159600997506,0.028218184314481688,65.9024997872856,1,850.0
6385,Fetzer Sundial Chard,A,9308.82,718,12.97473282442748,0.02808990790725313,65.93058969519286,2,2167.0
7716,Andre Brut,A,9298.38,1562,5.9501873536299765,0.028058404597644422,65.95864809979051,2,1677.0
3936,Stolichnaya,A,9291.15,385,24.138148148148144,0.028036587650472875,65.98668468744098,1,808.0
2967,Glenfiddich Solera 15-Yr RS,A,9287.43,157,59.11592592592593,0.028025362333255983,66.01471004977424,1,991.0
5232,DeKuyper Buttershots Schnaps,A,9284.359999999999,564,16.497972665148062,0.028016098428993646,66.04272614820323,1,901.0
3745,Taaka Vodka Traveler,A,9276.41,1859,4.99,0.027992108839780126,66.07071825704301,1,1417.0
2366,Templeton Rye Whiskey,A,9266.630000000001,237,39.108279569892474,0.027962597118709905,66.09868085416173,1,469.0
8790,Bolla Valpolicella,A,9252.960000000001,704,13.179781021897812,0.027921347095496204,66.12660220125723,2,703.0
31558,J Lohr Los Osos Merlot,A,9246.24,576,15.888039215686275,0.027901069103104387,66.15450327036034,2,776.0
14838,Layer Cake Cab Svgn,A,9227.17,619,15.20345132743363,0.027843524264575842,66.18234679462492,2,2184.0
661,Red Stag by Jim Beam,A,9224.12,638,14.45523517382413,0.027834320711481342,66.2101811153364,1,1193.0
1174,Rebel Yell,A,9223.71,429,21.45341463414634,0.027833083512540765,66.23801419884894,1,816.0
1178,Evan Williams Black Label B,A,9194.25,825,11.182622950819672,0.0277441862423231,66.26575838509126,1,1031.0
32368,Cavit Pinot Noir Delle Vene,A,9172.08,692,13.513560209424085,0.02767728697278047,66.29343567206404,2,3314.0
6660,Carlo Rossi Paisano Calif,A,9158.89,611,14.99,0.027637485377594754,66.32107315744163,2,617.0
2132,Lord Calvert Canadian,A,9157.95,705,12.99,0.02763464887270662,66.34870780631434,1,1278.0
14393,Ch Montaud Cotes de Prov Rse,A,9157.38,762,12.02763440860215,0.02763292886442338,66.37634073517876,2,3281.0
16695,Ch Hyot Brdx Castillon,A,9151.92,608,15.08642857142857,0.027616452995605036,66.40395718817436,2,1640.0
4390,Ron Zacapa 23 Yr Old Rum,A,9147.0,200,45.69967741935484,0.027601606608318174,66.43155879478267,1,450.0
19270,Veuve Clicquot Brut Yellow,A,9121.35,365,24.99,0.027524206235572647,66.45908300101824,2,1490.0
6420,R M Woodbridge Chard Cal,A,9116.59,1141,7.99,0.027509842657628444,66.48659284367587,2,2907.0
5725,DeKuyper Sour Apple Pucker,A,9115.53,847,10.771818181818182,0.027506644045733313,66.5140994877216,1,1228.0
3054,Smirnoff Kissed Caramel,A,9111.710000000001,729,12.504563106796118,0.02749511697267725,66.54159460469427,1,1554.0
3368,Pinnacle Grape Vodka,A,9106.64,536,16.99,0.027479817951631638,66.5690744226459,1,929.0
5438,Emmets Irish Cream,A,9100.89,911,9.99,0.027462466990879716,66.59653688963678,1,1058.0
3524,Pravda Polish Vodka,A,9095.449999999999,455,19.99,0.0274460514732292,66.62398294111001,1,578.0
24429,Baracchi O'Lillo,A,9088.42,758,11.990000000000002,0.027424838037735988,66.65140777914775,2,
17876,Darkhorse Cab Svgn,A,9084.63,1137,7.99,0.027413401491431674,66.67882118063918,2,826.0
6876,Sutter Home Clsc Chard,A,9068.86,1514,5.99,0.027365814595595537,66.70618699523477,2,1446.0
4152,Jenkins Rum,A,9065.69,1531,5.908857142857143,0.027356248935494043,66.73354324417026,1,1319.0
36543,MacMurray Ranch Pnt Nr RRV,A,9055.47,453,19.990000000000002,0.02732540948873149,66.76086865365899,2,4.0
37904,Trapiche Broquel Mndz Malbec,A,9046.5,750,12.076720867208673,0.027298341989958497,66.78816699564895,2,1180.0
10596,Almaden Mt Rhine Calif B/B,A,9045.51,549,16.519113924050632,0.02729535460715078,66.8154623502561,2,670.0
2554,WhistlePig Old World 12 Yr,A,9044.21,79,114.38655172413793,0.027291431781241642,66.84275378203733,1,450.0
38850,Ravenswood Vntrs Bl Cab Svgn,A,9042.72,1068,9.035901639344262,0.0272869356192381,66.87004071765658,2,2109.0
32989,Barefoot Cab Svgn Cal,A,9030.87,813,11.099561752988048,0.02725117755229719,66.89729189520888,2,2087.0
8910,Finlandia Vodka,A,9012.960000000001,9104,0.9900000000000001,0.02719713308150294,66.92448902829038,1,8158.0
44494,Smoking Loon Pnt Grigio Cal,A,9002.14,946,9.51806324110672,0.027164483099705407,66.95165351139009,2,3315.0
41714,Fish Eye Pnt Grigio,A,8999.28,1772,5.1088524590163935,0.027155852882705327,66.97880936427279,2,1564.0
41253,Ch St Jean Cab Svgn Cal,A,8999.04,776,12.255964912280701,0.027155128668691332,67.00596449294149,2,2483.0
4229,Bacardi Black,A,8996.17,383,23.56597173144876,0.027146468276107328,67.03311096121759,1,951.0
2740,GlenDronach 15 Yr Scotch,A,8984.0,100,95.85363636363635,0.027109744590481082,67.06022070580806,1,108.0
653,Dom de Canton Ginger Liqueur,A,8981.470000000001,253,35.530284360189576,0.027102110167750243,67.08732281597581,1,551.0
523,Castello Del Poggio Moscato,A,8977.380000000001,862,10.427662337662339,0.02708976835392844,67.11441258432974,2,905.0
4370,Ron Virgin White,A,8963.1,690,12.98078341013825,0.02704667762009584,67.14145926194983,1,1381.0
8515,Baileys Chocolate Cherry,A,8957.76,424,21.224527687296415,0.02703056385828449,67.16848982580812,1,1116.0
41537,Mer Soleil Chard Central Cst,A,8955.92,320,27.98686956521739,0.027025011550843872,67.19551483735897,2,773.0
2136,Elijah Craig 12 Yr Bourbon,A,8928.92,308,28.989999999999995,0.02694353747426963,67.22245837483324,1,650.0
3608,Smirnoff Orange Vodka,A,8928.81,9019,0.99,0.026943205542846547,67.24940158037609,1,8570.0
5750,Malibu Rum Traveler,A,8898.15,685,12.99,0.026850687202558912,67.27625226757864,1,1125.0
44037,Barefoot Pnt Grigio Cal,A,8871.23,1467,6.13043321299639,0.026769454530656,67.30302172210929,2,1415.0
5952,Jagermeister Liqueur,A,8847.539999999999,4446,1.99,0.02669796857235808,67.32971969068166,1,6263.0
3820,Smirnoff Citrus Vodka,A,8837.96,404,21.93155844155844,0.02666906036296618,67.35638875104462,1,1574.0
8040,Bols Blue Curacao,A,8816.9,910,9.687297297297297,0.026605510583238276,67.38299426162786,1,1228.0
23229,Ch St Jean Belle Terre Chard,A,8799.13,587,14.989999999999998,0.026551888570618857,67.40954615019848,2,112.0
2679,Dewars Highlander Honey,A,8795.599999999999,440,19.99,0.02654123658949637,67.43608738678797,1,2.0
35666,Redwood Creek Chard Cal,A,8791.2,880,9.99,0.02652795933257317,67.46261534612054,2,1197.0
5142,Carolans Irish Cream,A,8787.23,377,23.339514563106796,0.026515979625758357,67.4891313257463,1,768.0
438,Licor 43 Vanilla Liqueur,A,8786.289999999999,471,18.717272727272725,0.026513143120870216,67.51564446886717,1,1059.0
1639,The Famous Grouse,A,8774.63,437,20.096557377049177,0.02647795839002371,67.54212242725718,1,918.0
2619,Glenmorangie Original 10 Yr,A,8758.73,127,68.89350877192982,0.02642997921159666,67.56855240646878,1,377.0
3278,Gordons London Dry,A,8749.05,1095,7.990000000000001,0.026400769246365592,67.59495317571515,1,1418.0
3209,Hammer & Sickle Vodka,A,8735.63,437,19.99,0.02636027361274981,67.6213134493279,1,788.0
3385,Pinnacle Strawbry Kiwi Vodka,A,8732.859999999999,514,16.99,0.02635191497600497,67.6476653643039,1,1062.0
2690,Black Velvet Reserve,A,8701.29,871,9.99,0.02625665065758094,67.67392201496149,1,1209.0
6649,Wente Morning Fog Chard,A,8693.85,615,14.406382252559727,0.02623420002314715,67.70015621498464,2,1765.0
8921,Sterling Cab Svgn,A,8677.6,412,21.08277777777778,0.02618516469928302,67.72634137968393,2,1973.0
4103,Capt Morgan White,A,8677.210000000001,579,14.985444191343962,0.02618398785151028,67.75252536753544,1,1212.0
8218,Camarena Reposado Tequila,A,8669.289999999999,271,31.99,0.0261600887890485,67.7786854563245,1,789.0
38457,Smoking Loon Pnt Nr,A,8657.27,913,9.442028639618139,0.02612381773718101,67.80480927406168,2,3892.0
34427,Frei Bros RSV Cab Svgn Alex,A,8654.05,395,21.901894273127752,0.02611410119915993,67.83092337526084,2,1820.0
3882,Smirnoff Strawberry Vodka,A,8641.39,761,11.348792184724688,0.026075898909921787,67.85699927417076,1,1248.0
858,Canadian Club,A,8632.8,720,11.99,0.026049978083337613,67.8830492522541,1,812.0
1094,Four Roses Single Barrel Brb,A,8622.06,194,44.28787234042553,0.02601756950621141,67.9090668217603,1,552.0
3154,New Amsterdam Peach Vodka,A,8602.52,848,10.121578947368421,0.025958606415238797,67.93502542817555,1,2452.0
2125,Glenfiddich 14 Yr Barrel Rsv,A,8588.29,171,50.258456375838925,0.025915666559325784,67.96094109473488,1,810.0
31231,Nobilo Svgn Bl MarlborougH,A,8576.78,722,11.878297872340426,0.02588093446223802,67.98682202919711,2,1154.0
4662,Capt Morgan White PET,A,8575.71,429,19.99,0.02587770567475896,68.01269973487187,1,924.0
6873,Guigal Cotes du Rhone Red,A,8574.28,572,14.99,0.02587339056625892,68.03857312543813,2,885.0
16806,Apothic Winemakers White,A,8571.42,858,9.99,0.025864760349258834,68.0644378857874,2,1878.0
38502,Ruffino Lumina Pnt Grigio,A,8566.25,1075,7.989999999999999,0.025849159572374065,68.09028704535977,2,1454.0
8078,Glenfiddich Special Rsv 12Yr,A,8563.75,425,20.151676646706587,0.025841615676394966,68.11612866103617,1,974.0
4241,Capt Morgan Spiced Rum,A,8562.97,4303,1.99,0.025839261980849487,68.14196792301702,1,8275.0
8184,Kahlua,A,8547.05,4295,1.99,0.0257912224512546,68.16775914546828,1,7652.0
3422,Beefeater,A,8538.01,399,21.439367088607593,0.025763943723394193,68.19352308919167,1,1686.0
8693,Ezra Brooks,A,8522.52,848,10.058285280728375,0.025717201743907712,68.21924029093557,1,907.0
38131,Principato Pnt Gr Sicilia,A,8519.54,846,10.081787439613526,0.02570820941990063,68.24494850035548,2,735.0
6569,W Hill Chard Napa,A,8498.99,401,21.14625,0.025646198594952454,68.27059469895043,2,1081.0
2751,Johnnie Walker Black Label,A,8495.75,425,19.99,0.025636421705763544,68.2962311206562,1,994.0
1870,Oban Distiller's Edition,A,8478.939999999999,106,79.99,0.025585696549200097,68.3218168172054,1,216.0
46201,Petite Petit Phillips Lodi,A,8468.06,494,17.17292682926829,0.025552865513899067,68.3473696827193,2,550.0
5058,Capt Morgan Long Isl Tea RTD,A,8455.3,470,17.99,0.02551436146882176,68.37288404418813,1,736.0
3016,Bombay Sapphire East Gin,A,8450.14,386,21.875304659498205,0.025498790867520906,68.39838283505564,1,1496.0
21033,Taylor Fladgate 20-Yr Tawny,A,8449.880000000001,212,39.86333333333334,0.025498006302339084,68.42388084135798,2,695.0
3123,Booths London Dry Gin,A,8439.37,563,14.989999999999998,0.025466291763642963,68.44934713312163,1,1034.0
2105,Black Velvet Toasted Caramel,A,8431.56,844,9.99,0.02544272463260426,68.47478985775423,1,1900.0
8053,Seagrams 7 Crown,A,8417.97,8503,0.99,0.025401716014061892,68.50019157376829,1,7686.0
5076,M Duffau Napoleon Armagnac,A,8409.87,213,39.341351351351356,0.025377273791089623,68.52556884755938,1,570.0
45503,Rebel The Show Cab Svgn,A,8391.6,840,9.99,0.025322142999274388,68.55089099055866,2,623.0
8064,Canadian Club,A,8368.47,8453,0.9900000000000001,0.025252346873675783,68.57614333743233,1,8523.0
3762,Patron Silver Tequila,A,8368.03,1397,5.99,0.025251019147983465,68.60139435658031,1,2827.0
4196,Bacardi Dragon Berry Rum,A,8333.74,626,13.418571428571429,0.025147547070734175,68.62654190365105,1,1567.0
27817,Clos Pegase Carneros Chard,A,8330.79,521,15.99,0.025138645273478845,68.65168054892452,2,277.0
8897,Moet & Chandon Brut Imprl Ro,A,8320.5,150,55.69833333333333,0.02510759459762888,68.67678814352215,2,547.0
19662,Santa Rita 120 Svgn Bl,A,8320.11,1389,5.99,0.02510641774985614,68.701894561272,2,1191.0
3220,Svedka Clementine Vodka,A,8301.699999999999,430,19.315301204819274,0.025050864499866075,68.72694542577186,1,1498.0
6459,Freixenet Cordon Negro Extr,A,8286.460000000001,754,10.99,0.02500487690997751,68.75195030268183,2,1407.0
7982,M & R Sweet Vermouth,A,8261.47,1103,7.490000000000001,0.024929468125770456,68.77687977080761,1,1201.0
15105,Kendall Jackson Avant Chard,A,8251.78,634,13.148062283737024,0.02490022798495548,68.80177999879257,2,4777.0
12994,Acrobat Pnt Gris Oregon,A,8248.22,678,12.140887573964497,0.02488948547708124,68.82666948426964,2,2193.0
4247,Bacardi Limon Rum,A,8241.78,622,13.320357142857144,0.024870052401039094,68.85153953667069,1,1805.0
21609,Josh Cellars Legacy Red,A,8232.78,522,15.797228915662652,0.024842894375514346,68.8763824310462,2,1141.0
1330,Grey Goose Glass Pack,A,8232.54,146,56.77125,0.024842170161500355,68.9012246012077,1,53.0
8408,Wild Turkey American Honey,A,8221.67,233,35.29635838150289,0.024809369301783235,68.92603397050948,1,1099.0
17176,Beringer Classic Chard,A,8221.34,766,11.13095744680851,0.024808373507513998,68.95084234401699,2,1447.0
39691,Smith & Hook Lucia Cab Svgn,A,8210.25,375,21.85021505376344,0.024774908784950724,68.97561725280194,2,636.0
8144,Corralejo Reposado Tequila,A,8187.2699999999995,273,29.99,0.024705565293110868,69.00032281809504,1,475.0
24766,Tenshen Red,A,8184.54,546,14.99,0.0246973273587017,69.02502014545375,2,
3593,Smirnoff Blue 100 Proof Trav,A,8177.969999999999,303,26.99,0.02467750200006863,69.04969764745383,1,418.0
3464,UV Blue Raspberry Vodka,A,8174.3,570,14.360179948586117,0.02466642756077132,69.0743640750146,1,586.0
3584,Absolut Raspberri,A,8131.48,452,17.99,0.024537215710441353,69.09890129072504,1,1080.0
16370,Zinsane Znfdl Lodi,A,8125.83,1017,7.99,0.024520166505528598,69.12342145723056,2,
18027,Banfi Rosa Regale,A,8112.61,539,15.135695364238408,0.024480274383591134,69.14790173161416,2,2751.0
3197,Pinnacle Vodka 100 Proof,A,8108.099999999999,390,20.794713804713805,0.024466665195244847,69.1723683968094,1,
2518,Woodford Reserve Double Oak,A,8093.51,149,54.39944881889764,0.02442263901831084,69.19679103582772,1,509.0
2794,Bird Dog Bourbon,A,8079.61,539,14.99,0.02438069495666706,69.22117173078438,1,79.0
2155,McClelland Islay Single Malt,A,8075.860000000001,214,37.70264367816092,0.024369379112698417,69.24554110989708,1,359.0
20132,Jos Phelps Insignia 2010 Red,A,8063.370000000001,63,127.99,0.02433168980838685,69.26987279970547,2,
8727,Monkey Shoulder Scotch,A,8061.51,249,32.33146341463414,0.024326077149778403,69.29419887685525,1,1023.0
6499,Kinky Liqueur,A,8061.289999999999,471,17.1313612565445,0.02432541328693224,69.31852429014218,1,1165.0
41252,Beringer Classic Pnt Grigio,A,8059.68,732,11.38454094292804,0.024320555017921703,69.3428448451601,2,1341.0
5630,Cabin Fever Maple Liqueur,A,8059.5199999999995,448,17.99,0.02432007220857904,69.36716491736868,1,788.0
45460,New Harbor Svgn Bl Marlboro,A,8058.99,801,10.116050420168069,0.024318472902631474,69.39148339027132,2,771.0
3495,Ketel One Citroen Vodka,A,8041.88,212,37.93578313253012,0.02426684247855054,69.41575023274987,1,1786.0
4346,Mr Boston Dark Rum,A,8026.2,630,12.742450980392157,0.024219527162969646,69.43996975991284,1,1295.0
32545,Artesa Carneros Chard,A,8011.67,533,15.04726872246696,0.024175682039539136,69.46414544195238,2,815.0
8233,Beaulieu Cab Svgn Rutherford,A,8010.36,364,22.03109589041096,0.024171729038046087,69.48831717099043,1,838.0
3811,Absolut Spark Vodka,A,8005.549999999999,445,17.99,0.024157214582182306,69.51247438557262,1,
4762,Hartley Brandy VS,A,7974.6,1140,6.994219409282701,0.024063821149961095,69.53653820672258,1,974.0
46934,Silver Palm Nth Cst Cab Svgn,A,7970.009999999999,455,17.621255813953486,0.02404997055694347,69.56058817727953,2,1712.0
24779,Straccali Chianti,A,7943.84,616,12.740759878419453,0.02397100105383429,69.58455917833336,2,911.0
4945,Jacquin Ginger Brandy,A,7943.13,837,9.49,0.023968858587376227,69.60852803692075,1,931.0
35375,Hess Allomi Cab Svgn,A,7935.36,264,30.089999999999996,0.023945412158673192,69.63247344907941,2,765.0
5480,E & J Superior RSV VSOP,A,7934.78,722,10.99,0.023943661974806043,69.65641711105422,1,1958.0
12181,Cakebread Chard,A,7929.8,220,36.08708737864078,0.023928634534015683,69.68034574558824,2,1108.0
5396,Tia Maria Coffee Liqueur,A,7929.36,464,17.081803278688525,0.023927306808323362,69.70427305239656,1,1113.0
3836,Smirnoff Citrus Vodka,A,7902.03,697,11.358627450980393,0.02384483693747988,69.72811788933404,1,2013.0
39971,Ch Montelena Cab Svgn Napa,A,7898.42,158,49.99,0.023833943551686065,69.75195183288572,2,445.0
3887,Wolfschmidt Vodka 80 Proof,A,7886.18,632,12.510689655172415,0.02379700863697241,69.7757488415227,1,284.0
1692,Everclear 151,A,7882.03,397,19.848231707317073,0.023784485769647108,69.79953332729235,1,1042.0
3842,Barton Vodka,A,7874.400000000001,1360,5.79,0.023761461799118908,69.82329478909148,1,816.0
3487,Stolichnaya Blueberi,A,7868.65,435,18.09850439882698,0.023744110838366986,69.84703889992984,1,1171.0
8893,Yukon Jack,A,7866.369999999999,463,16.99,0.023737230805234048,69.87077613073508,1,1043.0
42874,Decoy by Duckhorn Red Sonoma,A,7865.679999999999,360,22.656190476190474,0.023735148689943815,69.89451127942502,2,3996.0
3161,New Amsterdam Red Berry,A,7863.2,780,10.077824351297405,0.023727665145132554,69.91823894457015,1,2722.0
2534,The Dalmore 12Yr Single Malt,A,7858.55,145,54.385161290322586,0.023713633498611435,69.94195257806876,1,450.0
6524,Rosemount Diamond Shiraz,A,7845.78,822,9.578377723970943,0.02367509927795021,69.96562767734672,2,1367.0
3244,Burnetts Vodka,A,7841.91,1329,5.920852340936374,0.023663421326974566,69.98929109867369,1,1122.0
32969,Alice White Shiraz Ausl,B,7834.17,783,10.014340770791074,0.023640065425023286,70.01293116409872,2,653.0
13638,Charles Smith Velvet Dev Mer,B,7830.31,569,13.682913385826772,0.023628417649631563,70.03655958174835,2,747.0
3610,Smirnoff Cranberry Vodka,B,7827.12,688,11.346164383561643,0.023618791638362235,70.0601783733867,1,976.0
3643,Caldwells Vodka,B,7821.62,738,10.594166666666666,0.02360219506720822,70.08378056845392,1,806.0
8700,Beringer Knights Vly Cab Svg,B,7818.150000000001,257,31.17059701492537,0.023591724139589237,70.10737229259351,2,2271.0
7341,Smirnoff Watermelon,B,7816.05,7895,0.99,0.023585387266966795,70.13095767986047,1,8411.0
5706,Gr Marnier Raspberry Peach,B,7801.28,272,28.791886792452832,0.02354081792952229,70.15449849779,1,1545.0
18507,Cakebread Cab Svgn,B,7798.799999999999,120,64.99,0.023533334384711026,70.17803183217471,2,363.0
2570,Johnnie Walker Gold Rsv,B,7789.08,92,84.50612903225807,0.0235040037171443,70.20153583589186,1,1114.0
8619,Canadian Club,B,7786.18,1282,6.089886492622021,0.02349525279780855,70.22503108868968,1,1435.0
3754,Smirnoff Blueberry Vodka,B,7779.08,692,11.246302521008403,0.023473828133227917,70.24850491682291,1,1405.0
19276,Pali Tower 15 The Winery,B,7778.4400000000005,556,13.99,0.02347189689585727,70.27197681371877,2,
2226,Jim Beam Devils Cut,B,7767.900000000001,210,36.99,0.023440091830409397,70.29541690554917,1,762.0
4130,Kraken Black Spiced Rum,B,7763.51,749,10.442339688041596,0.023426844749070103,70.31884375029824,1,906.0
1728,Aberlour 16 Year Old Single,B,7745.64,136,56.999433962264156,0.023372920980611524,70.34221667127885,1,323.0
8497,Kamora Coffee,B,7733.34,766,10.091639344262296,0.023335805012394368,70.36555247629124,1,1258.0
34996,Carpineto Dogajolo Tuscan R,B,7730.45,455,16.99,0.02332708426864253,70.38887956055989,2,
2749,John Begg Blue Cap,B,7730.45,455,16.99,0.02332708426864253,70.41220664482853,1,470.0
46023,Spellbound Petite Sirah Cal,B,7728.33,567,13.628483965014576,0.023320687044852257,70.43552733187339,2,1807.0
4686,Courvoisier VS Cognac,B,7723.610000000001,139,55.57333333333333,0.023306444169243726,70.45883377604264,1,446.0
2713,Inver House Green Plaid 3-Y,B,7716.37,463,16.66123287671233,0.023284597046488262,70.48211837308912,1,892.0
2290,Jim Beam Devils Cut Bourbon,B,7712.82,318,24.25568265682657,0.023273884714197942,70.50539225780332,1,995.0
5404,E & J Superior Rsv VSOP,B,7707.96,1404,5.49,0.02325921938041458,70.52865147718374,1,1752.0
31488,Barefoot Chard Cal,B,7704.360000000001,1254,6.131338582677166,0.02324835617020468,70.55189983335394,2,1422.0
26248,Roederer Cristal,B,7699.68,32,236.24,0.02323423399693181,70.57513406735087,2,336.0
35413,Yellow Tail Shiraz Ausl,B,7696.12,1088,7.088330241187384,0.023223491489057578,70.59835755883994,2,1275.0
8345,R M Woodbridge Cab Svgn Cal,B,7670.4,960,7.989999999999999,0.02314587988722463,70.62150343872716,2,2370.0
5403,Amaretto di Amore,B,7665.6900000000005,781,9.815396825396824,0.023131667187200017,70.64463510591436,1,1385.0
28092,Cline Ancient Vin Znfdl,B,7657.91,509,15.04338078291815,0.02310819058291307,70.66774329649728,2,676.0
5415,Amaretto di Amore,B,7641.06,494,15.488721227621484,0.02305734472401396,70.69080064122129,1,834.0
10420,Barefoot Moscato Cal,B,7636.51,1249,6.1458020477815705,0.023043614833332005,70.71384425605461,2,1345.0
23395,Pavilion St Pierre Cdu Rhone,B,7632.360000000001,764,9.99,0.023031091966006705,70.73687534802062,2,
33032,Rombauer El Dorado Znfdl,B,7627.28,272,28.06142857142857,0.02301576276937718,70.75989111079,2,469.0
7978,M & R X Dry Vermouth,B,7609.84,1016,7.490000000000001,0.022963136551027004,70.78285424734102,1,1197.0
20693,Daou Cab Svgn,B,7596.2,380,19.99,0.02292197705456505,70.80577622439559,2,
3580,Smirnoff Orange Vodka,B,7595.24,676,11.236575342465754,0.02291908019850908,70.82869530459409,1,1654.0
19896,Masi Soave 2012 Classico,B,7572.42,758,9.99,0.022850219516011887,70.85154552411011,2,
2661,Laphroaig Cask Strength 10Yr,B,7565.79,121,62.89277777777777,0.022830213103875324,70.87437573721398,1,634.0
28163,Villa Maria Svgn Bl Pvt Bin,B,7560.96,504,14.623879781420765,0.02281563829684371,70.89719137551083,2,1874.0
8323,Jose Cuervo Gold w/Marg Mix,B,7550.389999999999,461,16.44519713261649,0.022783742704644085,70.91997511821548,1,1119.0
21208,Kendall Jackson Grand Rsv Ch,B,7537.889999999999,411,18.24,0.022746023224748602,70.94272114144023,2,3171.0
37821,Frescobaldi Sangiovese Remo,B,7535.32,1068,7.20455938697318,0.022738268099682095,70.96545940953992,2,342.0
36874,Yellow Tail Merlot Ausl,B,7528.36,1064,7.076345381526105,0.02271726589327629,70.9881766754332,2,1031.0
37678,Castle Rock Pnt Nr,B,7528.15,685,10.99,0.022716632206014043,71.01089330763921,2,989.0
6864,St Francis Chard,B,7528.06,646,11.668612716763006,0.022716360625758797,71.03360966826497,2,1191.0
14061,Shafer One Pnt Five Cab Svgn,B,7519.0599999999995,94,79.99,0.02268920260023405,71.0562988708652,2,8.0
1395,Old Crow,B,7518.71,929,8.098726752503577,0.022688146454796977,71.07898701732,1,1056.0
2893,Glenmorangie Quinta Ruban,B,7518.62,138,54.49413223140496,0.022687874874541727,71.10167489219454,1,485.0
19507,Geyser Peak Svgn Bl,B,7504.14,786,9.758194070080862,0.022644180629030803,71.12431907282357,2,1320.0
3354,Ketel One Vodka,B,7495.0,500,14.99,0.022616600145331223,71.1469356729689,1,1304.0
29996,Wild Horse CC Cab Svgn,B,7490.599999999999,440,17.043811659192823,0.022603322888408016,71.16953899585731,2,1307.0
8819,Leroux Blackberry Brandy,B,7485.400000000001,1060,7.0584931506849315,0.022587631584771495,71.19212662744208,1,914.0
19645,Line 39 Pnt Nr,B,7483.51,749,9.992906976744186,0.0225819283994113,71.21470855584148,2,1251.0
35411,Yellow Tail Chard Ausl,B,7473.39,1061,7.068947368421052,0.022551390708487915,71.23725994654997,2,1237.0
37822,Frescobaldi Chianti RSV Nip,B,7473.25,425,17.73223602484472,0.022550968250313087,71.25981091480028,2,2246.0
1064,Jack Daniels Honey + Glass,B,7472.799999999999,320,23.409491525423725,0.022549610349036846,71.28236052514931,1,18.0
1244,Jack Daniels Winter Jack,B,7465.31,469,15.902350597609562,0.022527008836683477,71.304887533986,1,1204.0
26426,Pommery Brut Royale,B,7455.740000000001,226,32.99,0.022498130802875497,71.32738566478888,2,849.0
2499,Crown Royal Black,B,7449.469999999999,253,29.431860465116277,0.022479210711759918,71.34986487550064,1,1064.0
5298,Southern Comfort 100 Proof,B,7447.98,402,18.51631578947368,0.02247471454975638,71.3723395900504,1,1184.0
4327,Capt Morgan Spiced Rum 100,B,7436.28,372,19.99,0.02243940911657421,71.39477899916697,1,991.0
46424,Hob Nob Pnt Nr VDP D'Oc,B,7432.56,744,9.99,0.022428183799357314,71.41720718296634,2,807.0
3683,Stolichnaya Ohranj,B,7417.91,409,18.126212624584717,0.022383976568919807,71.43959115953525,1,1120.0
3500,Tito's Handmade Vodka,B,7411.25,3925,1.8946184738955822,0.022363879630031492,71.46195503916529,1,5393.0
5394,Goldschlager Cinnamon Schnap,B,7396.27,673,10.99,0.022318676605324748,71.48427371577061,1,963.0
24634,Marques de Caceres RSV Red,B,7390.65,435,16.99,0.022301717927163737,71.50657543369778,2,1730.0
24907,Bogle Old Vine Znfdl Cal,B,7373.2,580,12.72667711598746,0.022249061533229645,71.528824495231,2,1175.0
6288,Almaden Chablis B/B,B,7355.5,450,16.36846153846154,0.02219565074969764,71.5510201459807,2,600.0
3503,Smirnoff Sorbet Rasp/Pomegra,B,7352.45,655,11.253736263736263,0.022186447196603145,71.5732065931773,1,1115.0
44719,Cavit Prosecco Lunetta,B,7343.52,648,11.365939849624061,0.022159500400165812,71.59536609357747,2,1764.0
3595,Smirnoff Blue 100 Proof,B,7339.41,459,15.99,0.022147098235176178,71.61751319181265,1,555.0
37604,Hardys Chard Ausl,B,7338.78,522,14.076956521739131,0.022145197173389444,71.63965838898604,2,402.0
5539,DeKuyper Hot Damn 100*,B,7298.1,590,12.466683937823834,0.022022442898017587,71.66168083188406,1,890.0
3863,Evan Williams Honey Reserve,B,7291.82,318,23.350323886639675,0.022003492631318098,71.68368432451537,1,1010.0
1135,Rebel Reserve Bourbon,B,7285.549999999999,345,21.130845070422534,0.021984572540202522,71.70566889705557,1,677.0
13303,Plungerhead Znfdl Lodi,B,7274.8,520,13.989999999999998,0.02195213378749241,71.72762103084307,2,1357.0
6727,Antinori Toscana Rd,B,7264.54,346,21.067319587628862,0.021921173638394197,71.74954220448146,2,1863.0
4195,Calico Jack Spiced Rum No 94,B,7264.39,661,10.99,0.021920721004635452,71.77146292548609,1,813.0
2435,Crown Royal RSV,B,7255.2300000000005,177,40.99,0.021893080169768042,71.79335600565585,1,844.0
39523,Cloudy Bay Svgn Bl Marlboro,B,7245.099999999999,290,24.973193277310923,0.02186251230326074,71.81521851795911,2,916.0
36524,Ch de Ribebon Brdx,B,7240.17,483,14.99,0.021847635740389962,71.8370661536995,2,1672.0
2800,Laphroaig 15 Yr Single Malt,B,7237.099999999999,90,80.42243243243243,0.02183837183612763,71.85890452553562,1,85.0
21055,Sandeman Imperial 20-Yr Taw,B,7235.05,195,37.09489510489511,0.021832185841424774,71.88073671137704,2,479.0
2957,Glenfarclas 12-Yr Scotch,B,7230.0,200,36.157832167832176,0.021816947171547,71.90255365854858,1,438.0
3781,Three Olives Vanilla Vodka,B,7227.34,566,12.763067331670822,0.02180892046622524,71.92436257901481,1,1771.0
5358,Irish Mist Honey Liqueur,B,7225.219999999999,278,25.99,0.021802523242434965,71.94616510225724,1,682.0
10874,Cantine Maschio Prosecco Brt,B,7220.43,657,10.99,0.021788069137739022,71.96795317139498,2,789.0
1258,Jim Beam Black,B,7218.86,314,22.99,0.021783331571064147,71.98973650296604,1,912.0
2628,Dewars Special RSV 12-Yr,B,7215.89,211,34.20468926553673,0.02177436942264098,72.01151087238868,1,1587.0
24151,Mas Janeil Cotes Roussillon,B,7209.4400000000005,656,10.99,0.02175490617101491,72.0332657785597,2,186.0
41712,Fish Eye Chard,B,7193.8,1420,5.086121416526138,0.021707711557769682,72.05497349011746,2,1560.0
43092,Oberon Cab Svgn Napa,B,7191.839999999999,316,22.711311475409833,0.021701797143322068,72.07667528726078,2,456.0
8398,Casamigos Blanco,B,7180.67,133,53.99,0.02166809101608747,72.09834337827687,1,508.0
4313,Sauza Blue Silver Tequila,B,7176.53,247,29.154948453608245,0.021655598324346083,72.11999897660121,1,1106.0
5828,Ryans Irish Cream,B,7164.03,697,10.368277153558052,0.0216178788444506,72.14161685544566,1,525.0
3987,Smirnoff Peppermint Twist,B,7156.49,651,10.996734006734007,0.021595126454177646,72.16321198189983,1,581.0
35862,Allegrini Palazzo Della Tor,B,7156.42,358,19.99,0.02159491522509023,72.18480689712493,2,873.0
23191,Clos Pegase Svgn Bl Napa,B,7150.2300000000005,477,14.99,0.02157623653864599,72.20638313366358,2,474.0
743,Angels Envy Whiskey,B,7148.570000000001,143,49.99,0.02157122739171587,72.2279543610553,1,344.0
4737,St Remy VSOP Authentic Brndy,B,7148.4,560,12.800026385224275,0.021570714406789288,72.24952507546209,1,1085.0
2445,Seagrams VO,B,7146.04,596,11.989999999999998,0.021563592968985024,72.27108866843108,1,1170.0
14930,Yellow Tail Moscato,B,7141.38,530,13.727090909090908,0.021549531146879988,72.29263819957795,2,1852.0
37656,MacMurray Ranch Sonma Pnt Nr,B,7136.429999999999,357,19.99,0.021534594232841375,72.3141727938108,2,801.0
2678,Michter's Straight Rye,B,7131.3,170,41.919411764705885,0.02151911415829227,72.33569190796909,1,424.0
2886,Buchanans Deluxe 12Yr Scotch,B,7128.85,115,61.99,0.021511721140232757,72.35720362910932,1,520.0
5348,St Brendans Irish Cream,B,7128.79,521,13.706346153846154,0.02151154008672926,72.37871516919606,1,1354.0
4422,Jenkins Spiced Rum,B,7126.3,620,11.495882352941177,0.021504026366334077,72.40021919556239,1,529.0
3805,Cuervo Silver Rolling Stones,B,7119.28,472,15.083645484949834,0.021482843106424773,72.42170203866881,1,228.0
5758,1800 Ultimate Margarita RTD,B,7116.44,356,19.99,0.02147427324059252,72.44317631190941,1,724.0
8346,Marques de Riscal Rioja Red,B,7102.86,414,17.12235294117647,0.02143329479763407,72.46460960670704,2,1000.0
3757,Ketel One 325 Commemorative,B,7102.55,245,28.99,0.02143235935453266,72.48604196606158,1,
24146,Louis Latour 12 Marsannay Bl,B,7096.45,355,19.99,0.021413952248343665,72.50745591830992,2,1504.0
809,Southern Comfort,B,7096.379999999999,362,19.746302521008403,0.02141374101925625,72.52886965932917,1,806.0
3201,Plymouth Gin,B,7081.84,216,32.965609756097564,0.021369865720241826,72.55023952504942,1,607.0
8576,E & J Brandy VS,B,7075.82,1418,4.99,0.021351700018724162,72.57159122506815,1,1372.0
3591,Absolut Vanilia,B,7070.07,393,17.99,0.021334349057972237,72.59292557412611,1,1174.0
16828,Korbel Organic Brut,B,7053.57,543,12.99,0.021284559344510203,72.61421013347062,2,688.0
12775,Joel Gott Svgn Bl,B,7052.9400000000005,706,9.99,0.021282658282723473,72.63549279175335,2,810.0
22758,Copain Tous Ensemble 12 Chrd,B,7051.59,441,15.990000000000002,0.021278584578894758,72.65677137633224,2,231.0
2149,Canadian Ltd Traveler,B,7047.13,987,7.14748031496063,0.021265126268468052,72.67803650260072,1,1367.0
8737,Freixenet Cordon Negro Brut,B,7042.48,552,12.74886524822695,0.02125109462194693,72.69928759722266,2,1381.0
39256,Schmitt Sohne Relax Mosel,B,7040.4,560,12.595015673981191,0.02124481810049232,72.72053241532316,2,1982.0
4979,Patron Silver Tequila,B,7039.12,88,79.99,0.021240955625751026,72.74177337094892,1,1220.0
3999,Hornitos Anejo Tequila,B,7023.049999999999,295,23.776324786324786,0.021192463462397393,72.76296583441132,1,780.0
8072,Taittinger Brut La Francais,B,7021.29,171,41.940000000000005,0.02118715255962811,72.78415298697095,2,1672.0
31541,Morgan Winery Highland Chard,B,7016.67,333,21.07510638297872,0.02117321143985874,72.80532619841081,2,719.0
3373,Svedka Citron Vodka,B,7004.36,364,19.296513409961683,0.021136065296057667,72.82646226370687,1,104.0
23218,Tangent Chard,B,6993.0,700,9.99,0.02110178583272865,72.8475640495396,2,
38898,L Martini Cab Svgn Napa,B,6987.67,233,29.989999999999995,0.02108570224650122,72.8686497517861,2,1012.0
3747,Gordons Vodka Traveler,B,6983.01,999,6.99,0.021071640424396184,72.88972139221049,1,218.0
34905,Smoking Loon Merlot,B,6980.21,739,9.47421052631579,0.021063191260899596,72.91078458347138,2,3597.0
3780,Three Olives Raspberry Vodk,B,6979.65,535,13.07219178082192,0.021061501428200277,72.93184608489959,1,2003.0
3045,Pinnacle Salted Caramel,B,6965.150000000001,685,10.162549019607845,0.02101774683152152,72.95286383173111,1,1034.0
45496,Conquista Malbec Mendoza,B,6959.29,771,9.039881235154395,0.021000063939346517,72.97386389567045,2,1586.0
11915,Sequoia Grove Cab Svgn,B,6957.679999999999,232,29.99,0.020995205670335977,72.99485910134078,2,1269.0
3725,Three Olives Pomegranate,B,6952.25,475,14.722851985559567,0.020978820328269383,73.01583792166905,1,1097.0
21951,Ruffino Aziano Chianti Clsc,B,6949.27,573,12.180031152647976,0.020969828004262298,73.03680774967332,2,1019.0
24453,Estancia Meritage,B,6934.99,301,23.05382978723404,0.0209267372704297,73.05773448694374,2,655.0
8485,Gozio Amaretto,B,6926.15,385,17.99,0.020900062054247614,73.078634548998,1,758.0
2465,Crown Royal Mini,B,6924.84,2316,2.9900000000000007,0.020896109052754568,73.09953065805075,1,4069.0
2675,Crown Royal XO,B,6920.52,148,46.762727272727275,0.02088307320050269,73.12041373125126,1,784.0
4294,Goslings Black Seal 151,B,6917.43,457,15.158091168091168,0.020873748945072528,73.14128748019634,1,1004.0
6651,Rocca Delle Macie Chianti C,B,6905.65,535,12.901764705882353,0.020838202107219022,73.16212568230355,2,982.0
1727,West Cork Irish Whiskey,B,6904.86,314,21.989999999999995,0.02083581823608963,73.18296150053965,1,816.0
5346,Green Chartreuse Liqueur,B,6898.62,138,49.99,0.020816988671725805,73.20377848921137,1,531.0
7198,New Amsterdam Pineapple Vdka,B,6896.16,684,10.095540897097626,0.02080956547808237,73.22458805468946,1,2784.0
10626,MezzaCorona Pnt Nr,B,6890.7300000000005,627,10.99,0.020793180136015776,73.24538123482547,2,1811.0
14363,Educated Guess Cab Svgn Napa,B,6888.71,329,20.960760233918126,0.020787084668064667,73.26616831949353,2,447.0
42462,Gnarly Head Old Vine Znfdl,B,6882.93,583,11.986676923076923,0.020769643180560994,73.28693796267409,2,1768.0
599,Stolichnaya Razberi,B,6877.2,280,24.511472392638037,0.020752352570976906,73.30769031524507,1,361.0
3760,Absolut Pears,B,6872.179999999999,382,17.99,0.02073720442785088,73.32842751967291,1,936.0
2975,Bird Dog Blackberry Whiskey,B,6865.42,458,14.99,0.020716805733123404,73.34914432540604,1,1253.0
3736,Smirnoff Cherry Vodka,B,6841.96,604,11.334186046511627,0.02064601381325556,73.36979033921929,1,817.0
23074,Madrigal Cab Svgn,B,6836.58,342,19.99,0.020629779349108545,73.3904201185684,2,
31349,Big House Red Cal,B,6836.35,965,7.101753371868979,0.02062908531067847,73.41104920387907,2,925.0
18106,Barefoot Cellars Pink Moscat,B,6823.86,614,11.112507122507123,0.0205913960063669,73.43164059988544,2,1672.0
3286,Ciroc Snap Frost Vodka,B,6814.79,121,56.2321052631579,0.02056402675175474,73.4522046266372,1,569.0
1228,Glenfiddich Ancient RSV 18,B,6814.29,71,96.1764406779661,0.02056251797255892,73.47276714460976,1,421.0
1738,Ole Smoky Moonshine Cherries,B,6806.44,356,19.127583892617448,0.020538830139184557,73.49330597474895,1,602.0
14184,Ch M Vert Lussac St Emilion,B,6801.16,484,14.057226890756302,0.020522897430876704,73.51382887217983,2,916.0
12465,Cline Cashmere Red Cal,B,6799.53,747,9.046872037914692,0.020517978810698334,73.53434685099053,2,363.0
17504,Butternut Chard,B,6799.46,454,14.961428571428572,0.02051776758161092,73.55486461857214,2,2397.0
37401,Excelsior S Afr Cab Svgn,B,6797.31,769,8.884080996884736,0.020511279831068898,73.57537589840321,2,1605.0
4878,Allens Coffee Brandy,B,6794.2,1030,6.635187601957586,0.0205018952244709,73.59587779362768,1,878.0
42579,Voga del Venezie Pnt Grigio,B,6791.25,675,10.089125364431487,0.02049299342721557,73.61637078705489,2,1158.0
4664,Hennessy Black Cognac,B,6783.2,180,37.70641791044776,0.020468702082162876,73.63683948913706,1,712.0
3343,Bombay Sapphire Gin,B,6780.78,522,12.99,0.02046139959085511,73.65730088872792,1,1057.0
2917,Paddy's Irish Whiskey,B,6776.61,339,19.99,0.02044881637236198,73.67774970510028,1,714.0
2580,Barr Hill Gin,B,6769.17,183,36.99,0.02042636573792819,73.69817607083822,1,486.0
3690,Tanqueray Ten Gin,B,6759.71,229,29.58340659340659,0.020397819635543286,73.71857389047376,1,874.0
6552,Harveys Bristol Cream Sherry,B,6736.07,293,22.990000000000002,0.020326484555164948,73.73890037502893,2,701.0
3107,Don Julio 70th Anniversary,B,6730.98,102,65.99,0.02031112518295151,73.75921150021189,1,339.0
24456,Franciscan Est Chard Napa,B,6729.88,458,15.025990338164252,0.020307805868720708,73.77951930608062,2,1567.0
2668,Dewars White Label,B,6729.1900000000005,481,13.99,0.02030572375343048,73.79982502983404,1,1254.0
4626,Meukow VS Cognac,B,6715.8,320,21.64,0.020265318646566437,73.8200903484806,1,1198.0
8018,La Vieille Ferme Red Ventoux,B,6711.94,806,8.444545454545455,0.02025367087117471,73.84034401935178,2,1843.0
8123,Mouton Cadet Red Brdx,B,6696.0,600,11.20183800623053,0.02020557099041199,73.86054959034219,2,1333.0
1366,Red Stag by Jim Beam,B,6692.52,5188,1.29,0.020195069887209094,73.8807446602294,1,6376.0
3890,Absolut Peppar,B,6692.28,372,17.99,0.020194345673195096,73.90093900590259,1,903.0
4438,Cruzan Black Cherry Rum,B,6673.32,668,9.99,0.020137132766089628,73.92107613866868,1,984.0
31454,Foxhorn SE Chard Australia,B,6668.93,807,8.321536388140162,0.020123885684750337,73.94120002435344,2,1007.0
2926,Teachers Highland Cream,B,6661.62,238,27.99,0.020101827332907458,73.96130185168634,1,426.0
7977,M & R X Dry Vermouth,B,6661.150000000001,635,10.49,0.02010040908046339,73.98140226076681,1,1055.0
3458,Ciroc Amaretto Vodka,B,6656.669999999999,333,19.99,0.020086890418868845,74.00148915118568,1,715.0
41711,Fish Eye Cab Svgn,B,6652.89,1311,5.094669887278583,0.020075484048148455,74.02156463523383,2,1264.0
3515,Skyy Infusions Citrus Vodka,B,6642.16,284,23.47888888888889,0.020043105646606173,74.04160774088044,1,1634.0
2780,Bulleit 10 Yr Old Bourbon,B,6640.360000000001,164,40.45341463414635,0.020037674041501224,74.06164541492194,1,1344.0
2121,Canadian Club Traveler,B,6634.88,612,10.843813559322033,0.02002113782151504,74.08166655274346,1,1057.0
3883,Hornitos Lime Shot Tequila,B,6630.0,300,22.10462450592885,0.020006412136563845,74.10167296488002,1,822.0
27830,Silverado Svgn Bl Napa,B,6625.11,389,17.06142857142857,0.019991656276028735,74.12166462115606,2,1218.0
8370,Chi Chi's Margarita,B,6624.84,716,9.27747433264887,0.019990841535262992,74.14165546269132,1,989.0
25021,Mark West Black Pnt Nr,B,6612.0,600,11.037619047619048,0.01995209608551435,74.16160755877684,2,828.0
8393,Casamigos Reposado,B,6610.84,116,56.99,0.01994859571778005,74.18155615449461,1,509.0
24086,Hess Select Chard,B,6598.92,508,12.99,0.01991262642175172,74.20146878091637,2,2338.0
8267,Gazdina Rakija Pear Brandy,B,6597.36,264,24.99,0.019907919030660762,74.22137669994703,1,318.0
27831,Wild Horse CC Chard,B,6595.49,551,11.971250000000001,0.019902276196468397,74.24127897614349,2,2179.0
41212,A to Z Pnt Gris Ore,B,6594.46,474,14.541650485436893,0.01989916811132501,74.26117814425481,2,1530.0
8032,Ballatore Gran Spumante,B,6583.76,824,7.99,0.01986688023653448,74.28104502449135,2,2041.0
39254,Las Rocas Garnacha San Alej,B,6583.03,597,11.052295081967214,0.01986467741890858,74.30090970191026,2,969.0
46762,Clayhouse Cab Svgn Paso Rbls,B,6582.54,546,12.052068965517241,0.01986319881529668,74.32077290072556,2,754.0
13458,Ch Ste Michelle Harvest Rsl,B,6573.25,575,11.391840490797547,0.019835165697838355,74.3406080664234,2,1200.0
9145,Smirnoff Kissed Caramel,B,6570.63,6637,0.9900000000000001,0.019827259694852262,74.36043532611825,1,7147.0
5817,GranGala Triple Orange,B,6567.8099999999995,219,29.990000000000002,0.01981875018018784,74.38025407629844,1,536.0
7159,Ruffino Chianti,B,6561.81,819,8.016894865525673,0.01980064482983801,74.40005472112828,2,1418.0
62,Herradura Silver Tequila,B,6552.38,162,40.474848484848486,0.019772189254204858,74.41982691038248,1,459.0
1760,William Grant Scotch,B,6523.49,251,25.99,0.019685011992270417,74.43951192237475,1,413.0
4796,Caravella Limoncello,B,6518.15,385,16.929024390243903,0.01966889823045907,74.45918082060521,1,634.0
6590,Almaden B/B Wh Znfdl Cal,B,6516.0199999999995,398,16.372456140350877,0.01966247083108488,74.47884329143629,2,641.0
33682,R Mondavi Pvt Slctn Cab Sv,B,6515.4,360,18.049760956175298,0.019660599944882062,74.49850389138118,2,574.0
16318,Noble Vines 667 Pnt Nr Mntry,B,6507.58,542,12.014999999999999,0.01963700263825945,74.51814089401944,2,668.0
6319,Santa Cristina Toscana,B,6506.03,497,13.20774193548387,0.01963232542275241,74.53777321944219,2,1348.0
46458,Layer Cake Barosa Shiraz,B,6503.85,431,15.299527272727273,0.01962574714545864,74.55739896658764,2,1319.0
32649,Beringer Classic Wh Merlot,B,6498.6900000000005,531,12.284670846394985,0.019610176544157785,74.5770091431318,2,1038.0
3763,Patron Anejo Tequila,B,6489.82,218,29.782746113989635,0.019583410801223947,74.59659255393302,1,746.0
1112,Ardbeg Exploration Pk +50mls,B,6484.62,138,46.99,0.019567719497587427,74.61616027343061,1,27.0
16931,Caymus Spec Select Cab Svgn,B,6473.610000000001,39,165.99,0.01953449617969549,74.63569476961031,2,144.0
8673,Skinnygirl Margarita,B,6468.12,588,10.995249343832022,0.01951792978412539,74.65521269939444,1,1106.0
5815,Godiva Dark Chocolate,B,6459.25,275,23.496726457399102,0.019491164041191555,74.67470386343562,1,1523.0
6681,Cakebread Svgn Bl,B,6453.3099999999995,269,23.99,0.019473239744345224,74.69417710317997,2,628.0
3486,Tanqueray,B,6443.04,496,12.989999999999998,0.019442249419663094,74.71361935259964,1,1549.0
3847,Grey Goose Vodka,B,6431.88,1612,3.99,0.01940857346801241,74.73302792606765,1,5070.0
4382,Admiral Nelson Spiced Rum,B,6428.37,363,17.60607142857143,0.019397981838057757,74.7524259079057,1,983.0
39479,Barefoot Premium X-Dry,B,6425.43,657,9.819545454545455,0.01938911021638634,74.77181501812208,2,2273.0
33143,Our Daily Red,B,6404.53,647,9.906230366492148,0.019326043246001092,74.79114106136808,2,991.0
3794,Cabo Wabo Reposado Tequila,B,6399.39,161,39.74912408759124,0.01931053299586807,74.81045159436395,1,537.0
1282,Small Batch 1792,B,6393.82,218,29.363737373737372,0.019293725195626645,74.82974531955958,1,592.0
25832,Dry Creek Fume Bl Sonoma,B,6376.22,578,11.048219178082192,0.019240616167933804,74.84898593572751,2,791.0
38181,Rex Goliath Pnt Nr,B,6375.46,1054,6.0530252100840345,0.01923832282355616,74.86822425855107,2,912.0
45848,Kendall Jackson Summation Re,B,6371.2,484,13.237611336032389,0.019225468024807776,74.88744972657588,2,3142.0
3607,Smirnoff Citrus Vodka,B,6362.7300000000005,6427,0.9899999999999999,0.0191999093052306,74.90664963588111,1,8919.0
10296,Alamos Slcn Malbec Mendoza,B,6360.51,399,15.9290756302521,0.019193210325601163,74.9258428462067,2,560.0
10264,Fort Ross Pnt Nr Sonoma Cst,B,6357.88,212,29.990000000000002,0.019185274147031153,74.94502812035374,2,15.0
4410,Cruzan Mango Flavored Rum,B,6353.64,636,9.99,0.019172479699450604,74.96420060005319,1,967.0
904,Malibu Rum,B,6350.469999999999,353,17.99,0.01916291403934911,74.98336351409255,1,500.0
2438,Crown Royal Special Reserve,B,6350.129999999999,87,72.99,0.019161888069495953,75.00252540216204,1,517.0
27596,MezzaCorona Pnt Grigio,B,6344.2699999999995,803,7.9038297872340415,0.01914420517732095,75.02166960733936,2,1301.0
1875,Bushmills Black Bush,B,6337.94,206,30.700982658959536,0.019125104032701876,75.04079471137206,1,754.0
4701,Fabrizia Limoncello,B,6326.45,355,17.797860262008733,0.019090432286781953,75.05988514365885,1,1493.0
23595,Almaden Burgundy B/B,B,6324.099999999999,390,16.24531914893617,0.0190833410245616,75.0789684846834,2,566.0
8395,Casamigos Anejo,B,6322.9800000000005,102,61.99000000000001,0.019079961359162966,75.09804844604257,1,551.0
34439,Toad Hollow Mendocino Chard,B,6317.46,454,13.89,0.019063304436841122,75.11711175047941,2,954.0
41713,Fish Eye Merlot,B,6313.51,1249,5.07453237410072,0.01905138508119415,75.13616313556061,2,1317.0
44145,Red Rock Merlot Cal,B,6312.01,699,9.027593984962406,0.019046858743606693,75.15520999430422,2,652.0
2954,Highland Park 12 Yr Single,B,6299.81,119,52.93565217391304,0.0190100445312287,75.17422003883544,1,1106.0
18107,Barefoot Cellars Pink Moscat,B,6291.88,1022,6.157395264116575,0.018986115293183007,75.19320615412863,2,658.0
21254,Renwood Timberline Znfdl,B,6289.139999999999,286,21.99,0.018977847183189914,75.21218400131183,2,75.0
15549,CastelGiocondo Brunello 07,B,6278.43,157,39.99,0.01894552913281547,75.23112953044465,2,3.0
6984,Kendall Jackson Vntrs RSV Me,B,6276.7699999999995,323,19.529682539682536,0.018940519985885345,75.25007005043054,2,1983.0
34175,Lindemans Bin 50 Shiraz,B,6269.37,563,11.969166666666666,0.01891819005378722,75.26898824048432,2,1746.0
3989,Deep Eddy Lemon Vodka,B,6266.7,330,18.99,0.018910133172881545,75.2878983736572,1,2282.0
25808,Edna Valley Chard,B,6258.78,522,11.99,0.01888623411041977,75.30678460776763,2,1116.0
18868,Josh Cellars Merlot,B,6258.03,397,15.790000000000001,0.018883970941626037,75.32566857870926,2,599.0
2686,AnCnoc 12 Yr Old Scotch,B,6254.360000000001,164,38.15107382550336,0.018872896502328727,75.34454147521159,1,486.0
24612,Estancia Pnt Nr Monterey,B,6251.57,443,14.099243697478991,0.018864477514416056,75.363405952726,2,1349.0
27042,Luna di Luna Chard/Pnt Grigo,B,6245.82,618,10.109760479041915,0.01884712655366413,75.38225307927966,2,1127.0
1295,Jack Daniels No 7 Black,B,6240.360000000001,1564,3.99,0.01883065068484579,75.40108372996451,1,1035.0
3221,Pinnacle Raspberry Vodka,B,6238.36,564,11.084922737306844,0.01882461556806251,75.41990834553258,1,1008.0
3420,New Amsterdam Coconut Vodka,B,6236.8,620,10.098359133126936,0.018819908176971555,75.43872825370954,1,2525.0
79,Three Olives Loopy Vodka,B,6235.84,416,14.99,0.01881701132091558,75.45754526503046,1,995.0
3410,American Harvest Organic,B,6235.33,367,16.99,0.018815472366135844,75.4763607373966,1,
6402,Avion Silver Tequila,B,6223.66,134,46.40525423728814,0.01878025745970542,75.49514099485631,1,583.0
8361,Carlo Rossi Chablis Calif,B,6220.85,415,14.99,0.01877177812062492,75.51391277297694,2,503.0
8837,Santa Rita 120 Cab Svgn,B,6217.62,1038,5.99,0.018762031407019923,75.53267480438396,2,1012.0
20216,Conti Zecca Negroamaro 10,B,6213.78,622,9.99,0.01875044398279603,75.55142524836675,2,
27813,Warre's Warrior Port,B,6212.59,441,14.112866894197952,0.018746853088309985,75.57017210145507,2,629.0
8173,Amarula Cream Liqueur,B,6200.25,275,22.56407407407407,0.01870961641775716,75.58888171787282,1,1278.0
11196,Angelini Pnt Grigio Veneto,B,6193.8,620,9.99,0.018690153166131093,75.60757187103896,2,2091.0
3703,OuterSpace Vodka,B,6193.66,1034,5.99,0.01868973070795626,75.62626160174692,1,4063.0
3462,Absolut Ruby Red,B,6188.5599999999995,344,17.99,0.018674341160158908,75.64493594290708,1,991.0
3257,Gilbeys London Dry Trav,B,6177.97,903,6.865187969924812,0.018642385216791457,75.66357832812388,1,1327.0
5148,St Brendans Irish Cream,B,6172.25,275,22.5173631840796,0.01862512478279128,75.68220345290666,1,665.0
17707,Smoking Loon Steelbird Chard,B,6160.63,617,9.980184049079755,0.018590060754280442,75.70079351366094,2,890.0
16129,Pol Roger Brut,B,6158.38,162,38.04263157894737,0.018583271247899255,75.71937678490885,2,1619.0
4149,Sailor Jerry Spiced Navy Rum,B,6158.17,4133,1.49,0.01858263756063701,75.73795942246949,1,5978.0
17175,Beringer Classic Cab Svgn,B,6146.31,569,10.950992907801417,0.018546849318112176,75.7565062717876,2,1590.0
7374,New Amsterdam Mango Vodka,B,6145.87,613,10.008817204301076,0.018545521592419855,75.77505179338002,1,2549.0
6096,Kinky Blue Liqueur,B,6137.419999999999,358,17.159064748201438,0.018520023224010508,75.79357181660403,1,940.0
2879,Corner Creek Rsv Bourbon,B,6135.96,204,30.076705202312137,0.018515617588758717,75.81208743419279,1,686.0
1355,Knob Creek Bourbon,B,6121.46,1754,3.4900000000000007,0.01847186299207996,75.83055929718488,1,3113.0
2826,Bowmore Small Batch Sngl Mlt,B,6121.35,165,37.115,0.018471531060656878,75.84903082824553,1,465.0
24686,Barco Negro Douro,B,6120.34,766,7.989999999999999,0.01846848332668132,75.86749931157222,2,63.0
22019,Mumm Napa Brut Rose,B,6118.5199999999995,328,18.831052631578945,0.01846299137040854,75.88596230294263,2,1249.0
3498,Baileys Vanilla Cinnamon,B,6114.09,291,21.33358974358974,0.01844962358673358,75.90441192652936,1,1147.0
4889,Jenkins Coffee Brandy,B,6106.85,415,14.72913043478261,0.018427776463978116,75.92283970299334,1,973.0
37842,Dona Paula Malbec Mendoza,B,6102.91,509,11.99,0.01841588728391506,75.94125559027727,2,465.0
8131,Lillet White French Aperiti,B,6098.61,339,17.99,0.018402911782831016,75.9596585020601,2,741.0
825,Johnnie Walker Black Label,B,6088.55,145,41.99,0.018372555145411133,75.9780310572055,1,220.0
22963,Phillipine de St-Cyrille CdP,B,6083.58,242,25.140375939849623,0.018357557880204687,75.9963886150857,2,397.0
15232,Flowers Pnt Nr Sonoma Coast,B,6078.66,134,45.57823529411765,0.018342711492917826,76.01473132657863,2,392.0
3783,Ciroc Apple Vodka,B,6069.5,3050,1.99,0.018315070658050416,76.03304639723667,1,7.0
8823,Leroux Apricot Brandy,B,6060.31,769,7.881213389121339,0.01828733929643126,76.05133373653311,1,1078.0
1890,Jameson 12 Year Old,B,6058.99,101,59.99,0.018283356119354294,76.06961709265246,1,223.0
1862,John Power Irish Whiskey,B,6055.67,233,25.989999999999995,0.018273337825494056,76.08789043047796,1,595.0
32054,Greg Norman Lmstn Cab/Merlot,B,6049.84,416,14.574615384615386,0.018255745460070805,76.10614617593802,2,1165.0
3139,Grey Goose Le Melon,B,6045.48,252,23.99,0.01824258890548326,76.1243887648435,1,1113.0
4550,E & J XO Brandy,B,6040.35,465,12.989999999999998,0.018227108830934154,76.14261587367443,1,1592.0
2368,Balvenie 17 Yr Doublewood,B,6029.570000000001,43,140.2930303030303,0.01819457955147229,76.1608104532259,1,280.0
3915,Sauza Silver Tequila,B,6027.8,420,14.413312883435582,0.01818923847311909,76.17899969169902,1,1067.0
5668,Dr McGillicuddy's Grape,B,6017.67,433,13.89,0.01815867060661179,76.19715836230563,1,2192.0
8730,Ruffino Orvieto Clsc,B,6014.54,746,8.07174386920981,0.01814922564884596,76.21530758795447,1,1129.0
37826,Yellow Tail Cab Svgn Ausl,B,6010.52,848,7.072949308755761,0.018137095064111576,76.23344468301858,2,1012.0
28474,Burgans Albarino Baixas Rio,B,6005.4,460,13.081286307053942,0.01812164516514638,76.25156632818373,2,1388.0
2992,Hudson Baby Bourbon Whiskey,B,5998.8,120,49.99,0.01810172927976157,76.26966805746349,1,396.0
2838,Calumet Bourbon,B,5997.67,133,45.099243697479,0.018098319438779015,76.28776637690227,1,414.0
3314,El Jimador Blanco Tequila,B,5994.98,202,29.650377358490566,0.01809020220670551,76.30585657910898,1,515.0
38946,Bully Hill Sweet Walter Rd,B,5991.4400000000005,656,9.15860465116279,0.01807952004999911,76.32393609915897,2,848.0
21308,Chloe Pnt Grigio,B,5990.58,542,11.077591240875913,0.0180769249497823,76.34201302410875,2,2100.0
5676,Kinky Liqueur,B,5987.91,3009,1.99,0.01806886806887662,76.36008189217763,1,3546.0
1099,Angel's Envy NH Blend Bourbn,B,5978.7,130,45.99,0.018041076356089633,76.37812296853372,1,
43873,Duckhorn Cab Svgn Napa,B,5975.17,83,71.99,0.018030424374967147,76.39615339290869,2,528.0
5134,Dr McGillicuddy's Cherry,B,5973.71,429,13.90726618705036,0.018026018739715356,76.4141794116484,1,2243.0
43590,Ch Ste Michelle Indn Wls Cab,B,5967.55,345,17.441612903225806,0.018007430580022864,76.43218684222843,2,934.0
16441,Bota Box RedVolution,B,5963.15,285,21.017027027027027,0.017994153323099654,76.45018099555153,2,413.0
1725,Ole Smoky White Lightnin',B,5960.86,314,18.982094861660077,0.0179872431143828,76.46816823866591,1,591.0
10443,Charles Smith Kung Fu Girl R,B,5958.19,431,13.767511961722487,0.017979186233477124,76.48614742489939,2,1966.0
5146,Pama Pomegranate Liqueur,B,5954.99,301,19.793418803418803,0.017969530046623883,76.50411695494601,1,627.0
2183,McClelland Highland Single,B,5953.889999999999,311,19.168438661710034,0.017966210732393077,76.52208316567841,1,699.0
859,Beefeater Gin,B,5952.57,243,24.522608695652174,0.017962227555316113,76.54004539323373,1,745.0
5694,Ice Box Mudslide,B,5944.78,522,11.424666666666667,0.01793872077544525,76.55798411400917,1,514.0
5626,Baja Luna Black Raspberry,B,5927.07,593,9.997109004739336,0.01788527981632933,76.5758693938255,1,972.0
1867,Jack Daniels Tennessee Honey,B,5926.18,1982,2.9899999999999998,0.017882594189360775,76.59375198801486,1,5619.0
8016,La Vieille Ferme Wh Rhone,B,5916.96,704,8.372978723404255,0.017854772300989866,76.61160676031585,2,1858.0
43292,Fish Eye Pnt Grigio,B,5914.08,592,9.99,0.01784608173282195,76.62945284204868,2,466.0
8386,Dry Sack Sherry,B,5908.62,438,13.49,0.0178296058640036,76.64728244791269,1,818.0
15355,Decoy Duckhorn Chard Sonoma,B,5897.48,324,18.14094890510949,0.017795990263520745,76.66507843817621,2,3249.0
26181,Jaume Serra Cristalino Brut,B,5895.79,621,10.331013824884792,0.01779089058983888,76.68286932876605,2,4029.0
26744,Santa Lucia Sangvs Monte Ant,B,5887.09,491,11.99,0.01776463783183162,76.70063396659788,2,1230.0
4176,Blackheart Spiced Rum,B,5886.49,451,13.202389380530972,0.017762827296796638,76.71839679389467,1,744.0
8609,Duboeuf Beaujolais Villages,B,5884.15,585,10.088159509202455,0.017755766210160204,76.73615256010483,2,1039.0
3945,Sauza Conmemorativo,B,5882.73,327,17.99,0.017751481277244074,76.75390404138207,1,784.0
8653,M & R Extra Dry Vermouth,B,5877.19,1111,5.29,0.0177347640037544,76.77163880538582,2,1354.0
46830,Pacific Rim Sweet Rsl,B,5869.5,610,9.684,0.0177115589797227,76.78935036436555,2,985.0
6396,Taylor Dry Sherry,B,5865.87,753,7.79,0.017700605242761052,76.80705096960831,2,696.0
28890,Peter Vella Wh Znfdl Cal,B,5861.09,391,14.99,0.01768618131364902,76.82473715092196,2,397.0
6285,Gallo Twin Valley Wh Znfdl C,B,5854.14,586,9.99,0.01766520928282713,76.84240236020479,2,844.0
2026,Camarena Silver Tequila,B,5848.919999999999,308,18.99,0.017649457628022773,76.86005181783281,1,1860.0
19940,Bogle Petite Sirah,B,5838.47,453,12.92040293040293,0.017617924142830154,76.87766974197564,2,1070.0
8452,Cruzan Aged Light Rum,B,5836.58,342,17.09041841004184,0.01761222095746996,76.89528196293311,1,1125.0
31160,Monsanto Chianti Clsc RSV,B,5835.099999999999,290,20.11658227848101,0.01760775497105033,76.91288971790416,2,565.0
6553,Harveys Bristol Cream Sherry,B,5827.71,429,13.730181268882177,0.01758545521453612,76.9304751731187,2,1154.0
6586,Citra Montepulciano,B,5824.7,530,10.99,0.01757637236377729,76.94805154548247,2,865.0
37433,C Y Toro Casillero Carmenere,B,5824.17,583,9.99,0.017574773057829722,76.9656263185403,2,1802.0
5042,Tequila Rose Liqueur,B,5818.89,411,14.140877192982456,0.01755884034952187,76.98318515888982,1,1117.0
3910,Hornitos Plata Tequila,B,5815.05,495,11.772178217821782,0.017547252925297976,77.00073241181512,1,1058.0
2694,Glenmorangie LaSanta,B,5806.900000000001,110,52.78245283018868,0.017522659824406126,77.01825507163953,1,553.0
21329,Masi Campofiorin,B,5804.37,363,15.99,0.01751502540167528,77.03577009704121,2,701.0
19036,Nicholson Ranch Est Chard,B,5801.13,387,14.99,0.017505248512486367,77.0532753455537,2,2.0
37828,Yellow Tail Shiraz/Cab Ausl,B,5800.89,411,14.220769230769232,0.017504524298472376,77.07077986985217,2,1140.0
24606,Fortant Cab Svgn,B,5800.76,724,8.034943820224719,0.01750413201588146,77.08828400186806,2,509.0
2769,Laphroaig Quarter Cask,B,5796.91,109,53.2,0.017492514416073652,77.10577651628414,1,460.0
2676,Grand MacNish,B,5789.61,339,17.087345132743362,0.01747048623981469,77.12324700252395,1,1076.0
18951,Caymus Conundrum Red,B,5787.09,291,19.889328859060402,0.017462881992667764,77.14070988451662,2,584.0
3970,El Toro Gold,B,5778.379999999999,622,9.29,0.017436599059076588,77.1581464835757,1,1083.0
4804,Rhum Barbancourt RSV Special,B,5774.639999999999,336,17.235689655172415,0.01742531339069186,77.1755717969664,1,909.0
2631,Scapa 16 Yr Old Single Malt,B,5773.21,79,73.17840579710145,0.01742099828219182,77.19299279524859,1,368.0
40332,Terrazas RSV Malbec Mendoza,B,5772.57,443,13.03296875,0.017419067044821167,77.21041186229341,2,569.0
11456,Burgess Cab Svgn Napa,B,5772.360000000001,164,35.2321875,0.017418433357558927,77.22783029565097,2,796.0
21032,Taylor Fladgate 10-Yr Tawny,B,5760.589999999999,241,23.912330097087377,0.017382916695289338,77.24521321234626,2,515.0
2041,Redbreast 15 Yr Old Irish,B,5759.36,64,89.99,0.017379205098467625,77.26259241744472,1,402.0
26945,Ferrari-Carano Fume Bl,B,5750.469999999999,353,16.479247311827955,0.017352379004365957,77.27994479644909,2,2714.0
5525,Fernet-Branca Italian Liquer,B,5745.9,210,27.463333333333335,0.017338588762516167,77.2972833852116,1,490.0
5805,Jose Cuervo Light Margaritas,B,5741.93,407,14.10038961038961,0.017326609055701363,77.3146099942673,1,888.0
39750,Red Diamond Merlot Wash,B,5739.74,558,10.28558232931727,0.017320000602823675,77.33192999487012,2,2001.0
8232,Riunite Lambrusco,B,5734.97,703,8.16162471395881,0.01730560684929556,77.34923560171941,2,761.0
23523,19 Crimes Cab Svgn,B,5724.27,573,9.99,0.017273318974505028,77.36650892069392,2,617.0
10472,Clos du Bois Pnt Nr Cal,B,5718.33,467,12.171818181818182,0.017255394677658693,77.38376431537158,2,4316.0
21596,Siduri Pnt Nr Sonoma Cst,B,5717.4,260,21.99,0.01725258834835447,77.40101690371993,2,134.0
28114,Steele Chard Cal,B,5716.44,356,16.087222222222223,0.017249691492298495,77.41826659521223,2,1012.0
5489,DeKuyper Hot Damn Cinnamon,B,5712.39,561,10.191923076923077,0.017237470380812362,77.43550406559304,1,1149.0
25649,De Loach Chard Cal,B,5704.29,571,9.99,0.017213028157840086,77.45271709375088,2,866.0
22509,Alderbrook Pnt Nr RRV,B,5702.83,317,17.99,0.017208622522588295,77.46992571627347,2,139.0
3969,Jose Cuervo Tradicional,B,5697.15,285,19.99,0.017191482790923786,77.48711719906439,1,911.0
7340,Viniq Shimmery Liqueur,B,5697.0,300,18.99,0.01719103015716504,77.50430822922155,1,806.0
3663,Tarantula Azul Tequila,B,5693.93,407,13.99,0.017181766252902714,77.52148999547445,1,930.0
1273,Jim Beam Choice,B,5690.179999999999,182,31.25,0.017170450408934064,77.5386604458834,1,581.0
3305,Canada House Canadian Whisky,B,5685.35,465,12.207687074829932,0.017155875601902452,77.5558163214853,1,20.0
4416,Cruzan Coconut Flavored Rum,B,5684.31,569,9.99,0.01715273734117515,77.57296905882647,1,1050.0
3104,Smirnoff Whipped Cream,B,5683.42,458,12.40111111111111,0.01715005171420659,77.59011911054068,1,844.0
22801,Fetzer Valley Oaks Cab Svgn,B,5676.63,437,12.99,0.017129562492727363,77.60724867303341,2,702.0
892,Uncle Val's Botanical Gin,B,5663.37,163,34.773783783783784,0.017089549668454235,77.62433822270187,1,651.0
3693,Smirnoff Ruby Red Grapefruit,B,5656.96,504,11.234791666666666,0.017070207119163835,77.64140842982103,1,1197.0
3335,Tanqueray Sterling Vodka,B,5648.86,514,10.99,0.01704576489619156,77.65845419471722,1,536.0
32084,Heidsieck Brut Monopole Epe,B,5637.21,179,31.041282051282053,0.01701061034092897,77.67546480505816,2,1949.0
17875,Darkhorse Chard,B,5632.95,705,7.99,0.016997755542180592,77.69246256060033,2,1060.0
8725,Chambord Royale de France,B,5630.83,317,17.755151515151514,0.016991358318390316,77.70945391891873,1,705.0
2630,Old Pulteney Single Malt Sc,B,5622.52,148,37.99,0.0169662824081558,77.72642020132689,1,414.0
8092,Johnnie Walker Red Label,B,5621.95,2455,2.29,0.016964562399872565,77.74338476372677,1,6272.0
4732,Remy Martin VSOP Cognac,B,5619.4,60,93.61745098039215,0.016956867625973888,77.76034163135274,1,399.0
5285,Jacquin Triple Sec,B,5613.389999999999,671,8.359941060903733,0.016938732100040137,77.77728036345279,1,979.0
6828,Santa Rita RSV Cab Svgn,B,5611.41,559,10.049649122807018,0.016932757334424696,77.79421312078722,2,854.0
463,Kirk & Sweeney 12Yr Old Rum,B,5608.35,165,33.99,0.016923523605746282,77.81113664439296,1,601.0
25994,Rodney Strong Merlot Sonoma,B,5606.879999999999,312,17.94031055900621,0.01691908779491057,77.82805573218786,2,1687.0
8223,Dom Chandon Blanc de Noir C,B,5598.639999999999,336,16.783296089385477,0.01689422311376347,77.84494995530163,1,3678.0
2083,Flag Hill Straight Bourbon,B,5598.6,140,39.99,0.016894102411427806,77.86184405771306,1,327.0
6529,W Hill Cab Svgn Napa,B,5598.400000000001,160,34.99,0.01689349889974948,77.8787375566128,2,881.0
6581,Ch Ste Michelle Merlot Colum,B,5597.48,352,15.94067264573991,0.01689072274602917,77.89562827935883,2,1856.0
5218,Chila Orchata Cinnamon Cream,B,5596.0,400,13.99,0.016886256759609544,77.91251453611844,1,852.0
26966,De Loach Cab Svgn Cal,B,5594.4,560,9.99,0.01688142866618292,77.92939596478462,2,789.0
15548,Seaglass Chard,B,5591.78,622,8.99,0.01687352266319683,77.94626948744782,2,682.0
4787,Appleton Special Gold Rum,B,5585.53,247,22.60951219512195,0.016854662923249088,77.96312415037107,1,607.0
2280,The Botanist Islay Dry Gin,B,5585.490000000001,151,36.99,0.016854542220913427,77.97997869259198,1,1125.0
3617,Olmeca Altos Reposado,B,5585.46,254,21.99,0.016854451694161672,77.99683314428614,1,563.0
2759,Johnnie Walker Red Label,B,5582.01,399,13.99,0.01684404111771052,78.01367718540385,1,1433.0
38441,Toasted Head Cab Svgn,B,5575.3,470,11.885470383275262,0.016823793300902626,78.03050097870475,2,843.0
8120,Tribuno Sweet Vermouth,B,5573.8,620,8.99,0.01681926696331517,78.04732024566806,1,818.0
3437,Bombay Dry Gin,B,5572.91,309,18.036332046332046,0.016816581336346607,78.0641368270044,1,1111.0
23279,Turnbull Syrah 11,B,5572.7699999999995,223,24.99,0.016816158878171776,78.08095298588258,2,49.0
810,Bacardi Black Razz,B,5557.83,417,13.291694915254238,0.0167710765558007,78.09772406243837,1,
63,Herradura Reposado Tequila,B,5552.6900000000005,131,42.3077570093458,0.016755566305667678,78.11447962874404,1,442.0
28260,Nathanson Creek Chard,B,5550.16,584,9.547522123893806,0.016747931882936832,78.13122756062697,2,1149.0
13154,Clayhouse Malbec Paso Robles,B,5545.42,458,12.09931174089069,0.016733628656160467,78.14796118928312,2,1047.0
43225,Ch Beauchene Chtnf Pape RSV,B,5545.35,165,33.67103448275862,0.01673341742707305,78.1646946067102,2,2006.0
6567,Clos du Bois Merlot N Cst,B,5542.41,459,12.283103448275861,0.01672454580540163,78.1814191525156,2,1532.0
5410,Raspberry di Amore,B,5541.22,578,9.585873786407767,0.016720954910915582,78.19814010742651,1,1090.0
6572,Ch Greysac,B,5540.919999999999,308,17.99,0.01672004964339809,78.21486015706991,2,835.0
8050,Absolut Mandrin,B,5540.919999999999,308,17.99,0.01672004964339809,78.2315802067133,1,690.0
12495,Cupcake Malbec,B,5539.37,663,8.356754617414248,0.01671537242789105,78.2482955791412,2,1303.0
2532,The Macallan 12 Yr Old,B,5534.59,41,134.99,0.01670094849877902,78.26499652763998,1,277.0
23047,From the Tank Red Keg,B,5531.76,24,230.49,0.016692408808530682,78.2816889364485,2,
8970,Ice Box Manhattan,B,5527.2,480,11.580551181102363,0.01667864874226481,78.29836758519077,1,860.0
6293,Fetzer Gewurz,B,5514.4800000000005,552,9.99,0.01664026539952317,78.31500785059029,2,1650.0
5316,Amaretto DiSaronno,B,5514.32,2408,2.29,0.016639782590180504,78.33164763318047,1,6245.0
2142,Bird Dog Apple Whiskey,B,5501.31,369,14.907241379310346,0.016600524155505288,78.34824815733597,1,1214.0
41990,Heitz Cab Svgn Napa,B,5499.0,100,54.99,0.016593553595620602,78.3648417109316,2,379.0
26943,Jordan Cab Svgn Alex Valley,B,5498.9,110,49.99,0.01659325183978144,78.38143496277138,2,18.0
3174,Cold River Vodka,B,5498.38,162,33.89756302521008,0.01659168270941779,78.3980266454808,1,666.0
4064,Calico Jack Pin/Coc Rum,B,5494.77,423,12.99,0.01658078932362397,78.41460743480442,1,1030.0
2606,Glenmorangie Original 18Yr,B,5491.51,49,112.47780487804879,0.01657095208326723,78.4311783868877,1,384.0
13278,Sonoma-Cutrer Pnt Nr,B,5488.17,183,29.99,0.016560873438239154,78.44773926032593,2,425.0
14054,Seaglass Rsl,B,5483.9,610,8.99,0.016547988463906857,78.46428724878984,2,771.0
38681,Morgan Winery Metalico Chard,B,5470.78,322,16.99,0.01650839809780856,78.48079564688766,2,612.0
6933,Ch Ste Michelle Svgn Bl,B,5469.91,509,10.846187290969901,0.016505772822007835,78.49730141970967,2,2276.0
44717,Dom Chandon Rose Spklg,B,5468.759999999999,324,16.92121693121693,0.01650230262985745,78.51380372233953,2,2042.0
3981,Three Olives Berry Vodka,B,5467.4400000000005,456,11.99,0.016498319452780488,78.53030204179231,1,848.0
26821,Estancia Merlot Central Cst,B,5446.58,542,10.03923076923077,0.016435373184730907,78.54673741497704,2,1119.0
3959,Hornitos Black Barrel,B,5446.139999999999,186,29.276585365853656,0.016434045459038583,78.56317146043608,1,1749.0
1781,Wild Turkey Russell's Rsv,B,5444.0,100,53.71093023255814,0.01642758788408048,78.57959904832016,1,413.0
25373,Sella & Mosca RSV Cannonau,B,5428.82,418,12.983630573248409,0.016381781347695402,78.59598082966785,2,523.0
28548,St Francis Old Vines Znfdl,B,5426.64,336,16.18718309859155,0.016375203070401634,78.61235603273825,2,469.0
25711,Alexander Vly Vyd Cab Svgn,B,5420.63,337,16.165824175824174,0.016357067544467883,78.62871310028271,2,485.0
21277,Nicholson Ranch Chard Son Ct,B,5417.29,271,19.99,0.016346988899439814,78.64506008918215,2,89.0
25934,Gabbiano Chianti,B,5413.27,673,8.067151335311573,0.016334858314705426,78.66139494749686,2,795.0
3921,Espolon Reposado Tequila,B,5412.969999999999,203,26.66977528089887,0.016333953047187932,78.67772890054405,1,529.0
10579,High Note Malbec Mendoza,B,5410.16,484,11.163431734317344,0.016325473708107427,78.69405437425216,2,2005.0
2254,Canadian Club Triple Aged,B,5403.25,375,14.410074349442379,0.016304622379621207,78.71035899663178,1,1168.0
159,Glenmorangie Original VAP,B,5402.6900000000005,131,41.13953271028038,0.01630293254692189,78.7266619291787,1,86.0
2964,Auchentoshan 21 Yr Scotch,B,5399.76,24,224.99,0.01629409110083439,78.74295602027954,1,
23712,Bell'Agio Chianti Flask,B,5388.68,532,10.116888217522659,0.016260656553855033,78.75921667683339,2,977.0
46985,Rodney Strong Cab Svgn Alexa,B,5385.66,234,23.034776119402984,0.016251543527512284,78.7754682203609,2,1007.0
4270,Brugal Anejo Rum,B,5380.219999999999,278,19.263684210526314,0.016235128009861766,78.79170334837077,1,715.0
16394,Ghost Pines Red L Martini,B,5379.009999999999,299,17.99,0.016231476764207886,78.80793482513498,2,1569.0
2521,Jameson Gold Rsv,B,5374.429999999999,57,94.40176470588234,0.01621765634677418,78.82415248148175,1,291.0
4320,D'Usse VSOP Cognac,B,5373.97,103,52.169487179487184,0.016216268269914028,78.84036874975166,1,300.0
39708,R Mondavi Pvt Sln Pnt Grigio,B,5362.02,598,8.957105263157894,0.01618020844713395,78.8565489581988,2,2149.0
3425,Olmeca Altos Plata Tequila,B,5329.73,227,23.45341463414634,0.016082771486667934,78.87263172968547,1,593.0
3457,Olmeca Altos Plata Tequila,B,5323.63,137,38.826206896551724,0.01606436438047894,78.88869609406595,1,486.0
8606,Baileys Espresso Creme,B,5315.31,5369,0.99,0.016039258294660512,78.9047353523606,1,
8448,Cruzan Aged Dark Rum,B,5304.08,492,10.782270531400965,0.016005371113922407,78.92074072347452,1,987.0
23076,Madrigal Znfdl,B,5302.21,379,13.99,0.015999728279730042,78.93674045175425,2,2.0
38178,Rex Goliath Cab Svgn,B,5293.26,874,6.077591240875912,0.01597272113212488,78.95271317288638,2,897.0
419,Absolut Citron,B,5287.58,242,21.805789473684207,0.01595558140046037,78.96866875428684,1,342.0
2054,Johnnie Walker Select Casks,B,5278.8,120,43.99,0.015929087237781785,78.98459784152462,1,13.0
4258,Bacardi Mango Fusion,B,5270.03,397,13.27,0.015902623250687115,79.0005004647753,1,1080.0
22583,Cambria Julias Vyd Pnt Nr,B,5269.37,263,20.061428571428568,0.015900631662148633,79.01640109643745,2,1200.0
8103,Sauza Gold Tequila,B,5263.83,5317,0.99,0.015883914388658955,79.0322850108261,1,6464.0
8420,Frangelico Hazelnut Liqueur,B,5257.77,123,42.643846153846155,0.015865627984805626,79.04815063881091,1,457.0
4178,Fabrizia Limoncello,B,5244.75,525,9.99,0.01582633937454649,79.06397697818545,1,894.0
6896,Sterling Merlot,B,5236.139999999999,274,18.998648648648647,0.01580035819679448,79.07977733638225,2,1159.0
13258,ChocoVine,B,5223.84,416,12.62265306122449,0.015763242228577327,79.09554057861082,2,857.0
1515,Old Overholt,B,5221.36,364,14.102299465240643,0.015755758683766063,79.11129633729459,1,731.0
5747,Malibu Pineapple Rum,B,5220.4,360,14.495535055350553,0.015752861827710088,79.1270491991223,1,1704.0
1389,Makers Mark,B,5217.55,1745,2.9900000000000007,0.01574426178629392,79.14279346090859,1,5021.0
8442,1800 Silver Tequila,B,5216.4,360,14.49,0.015740791594143537,79.15853425250273,1,842.0
19934,Perrin Cotes du Rhone RSV Rg,B,5209.26,474,10.99,0.015719246227227236,79.17425349872995,2,782.0
3919,Hornitos Reposado Tequila,B,5208.06,444,11.735231607629428,0.015715625157157274,79.18996912388711,1,1364.0
33037,Beringer Fndrs Est Cab Svgn,B,5206.509999999999,249,21.00785714285714,0.01571094794165023,79.20568007182877,2,1329.0
22079,C Y Toro Casa Diblo Cab Svgn,B,5204.79,521,9.99,0.015705757741216613,79.22138582956998,2,2421.0
4278,Capt Morgan Parrot Bay Cocnt,B,5203.66,434,11.99,0.01570234790023406,79.23708817747021,1,1060.0
2246,Speyburn Brandan Orach,B,5203.259999999999,274,18.99,0.015701140876877403,79.25278931834708,1,319.0
31356,Justin Isosceles Paso Roble,B,5199.349999999999,65,79.99,0.015689342223566098,79.26847866057065,2,446.0
24846,Franciscan Merlot Napa,B,5198.28,272,19.06741935483871,0.015686113436087043,79.28416477400674,2,855.0
43788,Veuve Clicquot Ponsardin Rs,B,5189.04,96,54.0525,0.015658231196548304,79.2998230052033,2,451.0
8658,Absente 'Absinthe Refined',B,5188.56,144,36.05201550387597,0.015656782768520318,79.31547978797181,1,491.0
11499,C Krug Cab Svgn,B,5184.15,185,28.096666666666668,0.01564347533601319,79.33112326330783,2,372.0
19302,Tomaiolo Chianti Clsco Rsva,B,5179.68,432,11.99,0.015629986850002567,79.34675325015783,2,1768.0
44854,Duckhorn Merlot Napa,B,5174.1,90,57.03255319148936,0.015613148874177226,79.36236639903201,2,404.0
31200,Banfi Rosso di Montalcino,B,5173.3,270,19.229999999999997,0.015610734827463914,79.37797713385947,2,657.0
13723,Big House Red,B,5173.099999999999,290,17.830579710144928,0.015610131315785584,79.39358726517526,2,316.0
20064,Ch Grand Leoville 10 Brdx,B,5169.89,11,469.99,0.015600444953348426,79.4091877101286,2,56.0
25846,Groth Svgn Bl Napa Valley,B,5165.65,235,22.01112676056338,0.015587650505767879,79.42477536063437,2,1385.0
22194,Placido Pinot Grigio Venezi,B,5158.35,465,11.096280193236714,0.015565622329508918,79.44034098296387,2,648.0
29835,Casal Garcia Vinho Verde Wh,B,5153.55,645,7.99,0.01555113804922905,79.45589212101311,2,1109.0
14991,Banshee Pnt Nr Sonoma Cnty,B,5145.139999999999,286,17.99,0.01552576038315537,79.47141788139626,2,461.0
22584,Cambria Katherines Chard,B,5141.16,284,18.19125786163522,0.01551375050075665,79.48693163189702,2,898.0
2902,Stranahan's Colorado Whiskey,B,5137.92,108,47.31530120481928,0.015503973611567742,79.5024356055086,1,126.0
7986,Sapling Vermont Maple Liquer,B,5137.28,172,29.86596899224806,0.015502042374197089,79.51793764788279,1,598.0
5333,Jenkins Amaretto,B,5129.49,351,14.576776859504132,0.015478535594326225,79.53341618347712,1,618.0
2045,Monkey 47 Dry Gin,B,5128.650000000001,135,37.99,0.015476000845277251,79.5488921843224,1,416.0
23258,David Bruce Pnt Nr Anderson,B,5128.29,171,29.99,0.015474914524256261,79.56436709884666,2,
20419,Spalletti Toscana Rosso Palz,B,5125.87,263,19.49,0.015467612032948495,79.57983471087961,2,1238.0
1464,Tin Cup Whiskey,B,5123.969999999999,203,25.237058823529413,0.01546187867200438,79.59529658955161,1,620.0
37840,Los Cardos Malbec Mendoza,B,5121.59,641,7.989999999999999,0.015454696883032283,79.61075128643463,2,608.0
41970,Troublemaker Red,B,5119.79,321,15.93078947368421,0.01544926527792733,79.62620055171256,2,514.0
2658,Cutty Sark,B,5118.83,317,16.157883211678833,0.01544636842187136,79.64164692013443,1,582.0
1001,Bailey's 50mL 4 Pack,B,5109.47,853,5.99,0.015418124075325623,79.65706504420976,1,425.0
5897,99 Bananas,B,5106.65,335,15.233636363636364,0.0154096145606612,79.67247465877043,1,765.0
16317,Noble Vines 446 Chard Monter,B,5105.36,464,11.02061224489796,0.015405721910335986,79.68788038068077,2,501.0
6950,Solerno Blood Orange Liqueur,B,5095.530000000001,147,34.64,0.015376059311346182,79.70325643999212,1,412.0
8118,Mr Boston Blackberry Brandy,B,5087.59,741,6.877884267631104,0.01535209989771657,79.71860853988983,1,1062.0
513,Ocean Vodka,B,5084.38,162,31.36162162162162,0.015342413535279409,79.73395095342511,1,525.0
36750,Big House Cardinal Bst Znfdl,B,5080.82,718,7.074033613445379,0.015331671027405175,79.74928262445252,2,616.0
11238,Willamette Whole Clst Pnt Nr,B,5079.48,252,20.278288288288287,0.01532762749916038,79.76461025195168,2,371.0
3476,Reyka Vodka,B,5075.71,229,22.22076923076923,0.015316251304023904,79.77992650325571,1,786.0
13141,Noble Vines 181 Merlot Lodi,B,5075.42,458,11.087674418604651,0.015315376212090328,79.7952418794678,2,550.0
8978,Riunite Lambrusco,B,5074.68,332,15.30404958677686,0.015313143218880516,79.81055502268667,2,467.0
11888,Penfolds Koonunga Hills Shir,B,5072.41,459,11.078709677419354,0.015306293361331495,79.825861316048,2,597.0
37235,Mionetto Il Prosecco Spklg,B,5071.77,423,11.989999999999998,0.015304362123960849,79.84116567817196,2,938.0
4197,Sailor Jerry Spiced Rum Trav,B,5069.0199999999995,298,17.018169014084506,0.015296063838383838,79.85646174201034,1,839.0
7224,Jagermeister Spice,B,5068.83,317,15.99,0.015295490502289429,79.87175723251262,1,115.0
5212,Margaritaville Silver,B,5064.78,222,22.746906077348065,0.015283269390803295,79.88704050190343,1,545.0
31971,Trinchero Main St Cab Svgn,B,5052.38,562,8.99,0.015245851666746975,79.90228635357018,2,660.0
42421,Firesteed Pnt Gris Ore,B,5050.32,368,13.712488038277511,0.015239635496460199,79.91752598906663,2,2866.0
7994,Stock Italian Sweet Vermouth,B,5044.95,505,9.99,0.0152234312078971,79.93274942027453,1,1080.0
28579,R M Woodbridge Merlot Cal,B,5041.69,631,7.99,0.015213593967540356,79.94796301424208,2,1968.0
26285,Moet & Chandon Imperial,B,5041.34,66,76.6937037037037,0.015212537822103286,79.96317555206419,2,427.0
1657,Dalwhinnie Distillers Edtion,B,5039.28,72,69.99,0.015206321651816507,79.978381873716,1,191.0
4280,Capt Morgan Parrot Bay Coco,B,5037.9,210,23.99,0.015202157421236049,79.99358403113725,1,635.0
24286,Kendall Jackson Gr RSV Cab S,B,5035.03,197,25.422,0.015193497028652046,80.0087775281659,2,585.0
759,Bunnahabhain 12 Yr Single,B,5027.04,96,52.38759036144578,0.015169386737102851,80.023946914903,1,444.0
5334,Kahlua Especial,B,5026.95,205,24.54172413793103,0.015169115156847605,80.03911603005984,1,854.0
757,Jim Beam Rye,B,5026.219999999999,278,18.100599078341013,0.015166912339221707,80.05428294239907,1,821.0
32796,Warre's Otima 10-Yr Tawny,B,5023.49,251,20.011857923497267,0.015158674404812535,80.06944161680389,2,577.0
37435,Duval-Leroy Champagne Brut,B,5022.429999999999,157,31.99,0.015155475792917397,80.08459709259681,2,653.0
2433,Crown Royal X R Extra Rare,B,5015.620000000001,38,131.99,0.015134926220270344,80.09973201881708,1,299.0
1991,The Macallan M Decanter,B,4999.99,1,4999.99,0.015087761782609028,80.11481978059969,1,
12203,Cavit Prosecco Lunetta,B,4995.0,500,9.99,0.015072704166234753,80.12989248476592,2,663.0
41254,Ch St Jean Merlot Cal,B,4990.63,409,12.448823529411765,0.015059517436063293,80.14495200220198,2,2663.0
42948,Root 1 Cab Svgn,B,4989.82,418,11.929163498098859,0.015057073213766063,80.16000907541574,2,1094.0
2841,High West Double Rye Whiskey,B,4983.570000000001,143,34.81142857142857,0.015038213473818325,80.17504728888956,1,287.0
43450,Fish Eye Pnt Grigio,B,4978.07,293,16.99,0.015021616902664311,80.19006890579222,2,330.0
29407,Wild Horse CC Merlot,B,4977.9,310,16.085238095238097,0.015021103917737732,80.20509000970995,2,1097.0
24664,M Chiarlo 10 Chiarlo Rosso,B,4975.02,498,9.99,0.015012413349569815,80.22010242305952,2,8.0
8599,Jenkins Amaretto,B,4971.7,830,5.99,0.015002395055709574,80.23510481811522,1,926.0
5462,Barenjager Honey Liqueur,B,4969.74,226,21.99,0.014996480641261961,80.25010129875648,1,587.0
31493,Barefoot Merlot Cal,B,4965.530000000001,807,6.181988130563798,0.014983776720433167,80.2650850754769,2,905.0
8262,Metcalfe's Vermont Maple,B,4961.7,230,21.56894736842105,0.014972219471793188,80.28005729494869,1,548.0
28580,Silverado Chard,B,4955.94,206,24.05779661016949,0.014954838335457347,80.29501213328415,2,590.0
2644,Chivas Regal 18-Yr Scotch,B,4949.37,63,78.45153846153845,0.014935012976824284,80.30994714626097,1,315.0
17814,Ruffino Chianti Clsc Rsv Gld,B,4948.59,141,35.147894736842105,0.014932659281278807,80.32487980554225,2,880.0
16816,H3 Horse Heaven Hills Merlot,B,4940.88,412,11.99568181818182,0.01490939390607927,80.33978919944833,2,432.0
4767,El Jimador Reposado Tequila,B,4936.34,166,29.709424460431652,0.014895694190981234,80.35468489363932,1,523.0
4250,Zaya Grand Reserva Rum,B,4928.860000000001,114,43.13432989690721,0.014873122854211777,80.36955801649353,1,424.0
8295,E.H. Taylor Jr Small Batch,B,4918.77,123,39.99,0.014842675690040144,80.38440069218356,1,89.0
3390,Cold River Blueberry Vodka,B,4918.36,164,29.99,0.014841438491099571,80.39924213067466,1,508.0
27512,Warre's Late Bottled Vintage,B,4917.83,217,22.744285714285713,0.014839839185152004,80.41408196985982,2,711.0
4050,Bacardi Oakheart Spiced Rum,B,4910.28,372,13.21292993630573,0.014817056619295131,80.42889902647912,1,1092.0
26427,Latour Pouilly Fuisse,B,4909.78,222,22.139532710280374,0.01481554784009931,80.44371457431922,2,471.0
5731,Malibu Passion Fruit Rum,B,4907.63,337,14.498333333333333,0.014809060089557288,80.45852363440878,1,1732.0
5270,Southern Comfort,B,4907.34,2466,1.99,0.014808184997623715,80.4733318194064,1,5913.0
12943,Middle Sister Drama Queen Pi,B,4905.09,491,9.99,0.014801395491242526,80.48813321489764,2,872.0
2935,Talisker 18 Yr Old Scotch,B,4899.51,49,99.99,0.014784557515417183,80.50291777241306,1,189.0
13979,Jos Phelps Pnt Nr,B,4898.6,140,34.99,0.014781811537280793,80.51769958395033,2,224.0
8265,Cockburns Fine Ruby Port,B,4895.1,490,9.99,0.014771250082910059,80.53247083403325,2,931.0
9388,Hennessy Privilege VSOP,B,4892.099999999999,190,25.68924812030075,0.01476219740773514,80.54723303144098,1,922.0
5597,DeKuyper Watermelon Pucker,B,4891.4400000000005,456,10.73927113702624,0.014760205819196662,80.56199323726018,1,900.0
13163,Barefoot Bubbly Moscato,B,4882.92,508,9.693947368421053,0.0147344962216999,80.57672773348189,2,2786.0
5629,RumChata Liqueur,B,4881.57,543,8.99,0.014730422517871187,80.59145815599976,1,51.0
23271,Darkhorse Merlot,B,4873.9,610,7.989999999999999,0.014707277845007319,80.60616543384477,2,564.0
361,Effen Cucumber Vodka,B,4867.98,202,24.00840490797546,0.014689413899328818,80.6208548477441,1,784.0
1365,Stoli Mini Bar 5/50mLs Pack,B,4865.91,609,7.990000000000001,0.014683167553458125,80.63553801529756,1,1552.0
6861,Sutter Home Clsc Wh Znfdl,B,4863.88,812,5.99,0.014677041909923102,80.65021505720748,2,1016.0
2549,WhistlePig 10Yr Rye,B,4859.91,109,44.55,0.014665062203108295,80.66488011941058,1,635.0
6859,C Y Toro Frontera Chard,B,4857.69,531,9.138698884758364,0.014658363223478858,80.67953848263406,2,2285.0
17756,Cline Cool Climate Pnt Nr,B,4856.76,324,14.99,0.014655556894174634,80.69419403952823,2,438.0
1817,Irishman Founders RSV Whisky,B,4855.799999999999,220,22.067319587628862,0.014652660038118659,80.70884669956635,1,433.0
6958,Vendange Svgn Bl,B,4846.9,510,9.560469798657717,0.014625803768433077,80.72347250333479,2,1013.0
17865,Ch St Jean Pnt Nr,B,4839.65,407,12.080666666666668,0.014603926470093696,80.73807642980488,2,2680.0
758,Cointreau Liqueur,B,4838.79,121,39.99,0.014601331369876888,80.75267776117475,1,106.0
21129,St Supery Svgn Bl Napa,B,4837.3099999999995,269,18.01142857142857,0.014596865383457261,80.7672746265582,2,700.0
23307,Ch St Sulpice,B,4831.97,403,11.99,0.014580751621645915,80.78185537817986,2,695.0
24205,Raeburn Chard RRV,B,4825.4,460,10.49,0.014560926263012846,80.79641630444287,2,
4234,Bacardi Pineapple Fusion,B,4822.36,364,13.293135888501743,0.014551752885502266,80.81096805732837,1,1790.0
8808,Salignac VS Cognac,B,4807.33,267,18.00923076923077,0.014506398982875939,80.82547445631124,1,432.0
28775,C K Mondavi Merlot,B,4800.65,435,11.03982206405694,0.014486241692819792,80.83996069800406,2,494.0
2598,Firefly Apple Pie Moonshine,B,4796.8,320,14.99,0.014474624093011984,80.85443532209707,1,734.0
4075,Bacardi Pineapple Fusion,B,4785.99,201,23.77698224852071,0.014442004286798371,80.86887732638387,1,598.0
2145,WolfHound Irish Whiskey,B,4785.339999999999,266,17.99,0.014440042873843805,80.88331736925771,1,521.0
17177,Beringer Classic Merlot,B,4784.64,436,11.20969696969697,0.014437930582969659,80.89775529984068,2,1204.0
16761,Dolin Dry White Vermouth,B,4784.58,342,13.99,0.01443774952946616,80.91219304937015,2,453.0
17954,Drops of Jupiter Red,B,4778.02,598,7.99,0.014417954346417013,80.92661100371656,2,695.0
6216,Taylor Tawny Port,B,4778.02,598,7.99,0.014417954346417013,80.94102895806297,2,729.0
4670,Bacardi Dragon Berry Rum,B,4773.72,828,5.767365491651206,0.014404978845332966,80.9554339369083,1,884.0
2722,J & B Rare,B,4771.83,217,21.99,0.014399275659972769,80.96983321256828,1,558.0
12747,Barefoot Cellars Pnt Nr,B,4771.0,780,6.149659090909091,0.014396771086507708,80.98422998365479,2,955.0
3731,Absolut Apeach,B,4767.349999999999,265,17.99,0.014385756998378227,80.99861574065316,1,958.0
6429,C Y Toro Frontera Svgn Bl,B,4758.78,522,9.127931034482758,0.014359896522961884,81.01297563717613,2,1616.0
8500,Stolichnaya Chocolat Kokonut,B,4753.86,534,8.906614420062695,0.014345050135675021,81.0273206873118,1,1976.0
3367,Pinnacle Pomegranate Vodka,B,4753.64,436,10.902772585669782,0.014344386272828864,81.04166507358462,1,835.0
2787,Glenrothes Vintage Rsv,B,4750.92,108,43.99,0.014336178514003607,81.05600125209862,1,241.0
37607,Hardys Shiraz Ausl,B,4747.63,337,14.113456790123458,0.014326250746895116,81.07032750284552,2,273.0
25036,Albola Pinot Grigio,B,4739.74,426,11.132259414225942,0.014302442211185085,81.0846299450567,2,1557.0
42413,R M Woodbridge Rsl,B,4736.3,370,13.046910569105691,0.01429206181031785,81.09892200686703,2,1085.0
43245,Sterling Vntrs Pnt Grigio,B,4735.26,474,9.99,0.014288923549590545,81.11321093041661,2,645.0
942,Glenmorangie Nectar D'Or,B,4733.2699999999995,73,64.715,0.014282918608391183,81.127493849025,1,344.0
10895,Schmitt Sohne Relax Mosel,B,4727.65,235,20.087560975609755,0.014265959930230174,81.14175980895523,2,357.0
15922,Primo Amore Moscato,B,4723.8,420,11.310796460176991,0.014254342330422366,81.15601415128565,2,756.0
16814,H3 Horse Heaven Hills Red Co,B,4718.07,393,12.028216560509554,0.014237051720838277,81.17025120300649,2,351.0
4345,Capt Morgan Tattoo Rum,B,4717.639999999999,236,19.99,0.014235754170729873,81.18448695717721,1,529.0
19545,Darkhorse Red,B,4706.11,589,7.99,0.01420096172247428,81.1986879188997,2,701.0
8379,Wild Turkey 101,B,4700.08,392,11.99,0.0141827658453727,81.21287068474507,1,708.0
4303,Calico Jack Spiced Rum,B,4696.18,582,8.06725321888412,0.014170997367645311,81.22704168211271,1,768.0
6126,Sogno di Sorrento Crema Lem,B,4686.41,159,29.450869565217392,0.014141515822159001,81.24118319793487,1,571.0
44234,A by Acacia Pnt Nr Cal,B,4677.89,311,15.008987341772153,0.014115806224662242,81.25529900415954,2,1089.0
8057,Corazon de Agave Blanco,B,4673.13,187,24.99,0.01410144264671804,81.26940044680626,1,309.0
39411,Mirassou Chard Cntrl Coast,B,4665.33,467,9.99,0.01407790569126326,81.28347835249753,2,752.0
2161,Canadian Club Classic,B,4663.78,222,21.012727272727272,0.01407322847575622,81.29755158097328,1,1105.0
8671,Appleton Est VX Jamaican Rum,B,4659.679999999999,232,20.114293785310732,0.0140608564863505,81.31161243745963,1,565.0
4522,Lairds Apple Jack,B,4658.83,317,14.711774193548386,0.014058291561717609,81.32567072902135,1,834.0
26817,Ravenswood Vntrs Blnd Merlot,B,4657.93,547,9.082436974789916,0.014055575759165133,81.33972630478051,2,1497.0
5767,Jose Cuervo Strawberry Marg,B,4656.7,330,14.127681159420291,0.014051864162343417,81.35377816894285,1,878.0
4938,Kapali Coffee,B,4650.83,517,8.993667481662593,0.0140341510945845,81.36781232003743,1,1416.0
2602,Caol Ila 12 Yr Islay Single,B,4646.22,78,59.58701492537313,0.014020240150399045,81.38183256018783,1,405.0
47014,Juan Gil Jumilla Rd,B,4644.68,332,13.99,0.014015593110475923,81.3958481532983,2,684.0
4283,Hochstadter's Slow and Low,B,4642.65,235,19.746613756613755,0.014009467466940893,81.40985762076524,1,763.0
802,Bacardi Torched Cherry Rum,B,4642.53,347,13.356037735849057,0.014009105359933898,81.42386672612517,1,1021.0
3012,Pinnacle Vodka,B,4638.15,4685,0.99,0.01399588845417852,81.43786261457934,1,7222.0
3592,Burnetts Pineapple Vodka,B,4635.36,464,9.99,0.01398746946626585,81.45185008404562,1,
3039,Stoli Salted Karamel,B,4630.429999999999,257,18.021578947368422,0.01397259290339507,81.46582267694902,1,828.0
2082,Balvenie 15 Yr Sherry Cask,B,4629.54,46,100.8008108108108,0.013969907276426514,81.47979258422545,1,364.0
22275,Markham Merlot,B,4620.99,201,22.99,0.013944107152178004,81.49373669137763,2,389.0
12479,Geyser Peak Cab Svgn,B,4619.69,331,14.262058823529413,0.013940184326268873,81.50767687570391,2,745.0
4363,Capt Morgan Black Spiced Rum,B,4618.6,140,32.99,0.013936895187621989,81.52161377089153,1,438.0
25046,Bully Hill Love My Goat Rd,B,4616.92,508,9.120909090909091,0.013931825689524037,81.53554559658106,2,867.0
3237,Firefly Sweet Tea Vodka,B,4616.219999999999,178,25.943846153846152,0.013929713398649885,81.54947530997971,1,909.0
37786,Lindemans Bin 45 Cab Svgn,B,4615.7,430,11.60965811965812,0.013928144268286233,81.563403454248,2,1620.0
2899,Laphroiag Select Single Malt,B,4609.16,84,54.84507246376811,0.01390840943640492,81.57731186368441,1,389.0
2604,Johnnie Walker Collection 4,B,4599.54,46,99.99,0.013879380524677357,81.59119124420909,1,259.0
2906,Usquaebach Old Rare Whisky,B,4599.54,46,99.99,0.013879380524677357,81.60507062473376,1,326.0
42420,Yellow Tail Pnt Grigio Ausl,B,4595.4800000000005,652,7.068549848942598,0.013867129237607304,81.61893775397137,2,957.0
3738,Three Olives Chocolate Vodka,B,4592.17,383,11.99,0.01385714111933098,81.6327948950907,1,
4412,Pusser's British Navy Rum,B,4587.45,255,17.99,0.013842898243722444,81.64663779333442,1,464.0
37984,Barone Fini Pnt Gr Valdadige,B,4585.84,416,11.041643192488262,0.013838039974711907,81.66047583330914,2,550.0
14004,Layer Cake Virgin Chard,B,4585.47,353,12.99,0.013836923478107003,81.67431275678724,2,781.0
8101,Tanqueray,B,4573.0199999999995,2298,1.99,0.013799354876131098,81.68811211166337,1,5411.0
14008,Cigar Box Malbec Mendoza,B,4562.62,338,13.518089887640452,0.013767972268858059,81.70188008393222,2,566.0
8922,Taylor Lake Country Red,B,4562.29,571,7.989999999999999,0.013766976474588818,81.71564706040681,2,592.0
3388,Seagrams Extra Dry Gin,B,4562.27,473,9.74,0.013766916123420986,81.72941397653022,1,927.0
8135,Choco Lat Liqueur,B,4560.85,415,10.99,0.01376263119050486,81.74317660772073,1,878.0
3376,Tommy Guns Vodka,B,4558.860000000001,114,39.99,0.0137566262493055,81.75693323397003,1,358.0
5027,99 Apples Schnapps Liqueur,B,4547.04,296,15.385918367346939,0.013720958709116328,81.77065419267915,1,738.0
27145,Schmitt Sohne QbA,B,4542.67,433,10.472625482625482,0.01370777197894487,81.78436196465809,2,1079.0
5826,DeKuyper Razzmatazz,B,4540.34,466,9.72469387755102,0.01370074106789235,81.79806270572598,1,960.0
3409,Crystal Head Vodka,B,4539.08,92,49.404634146341465,0.013696938944318887,81.8117596446703,1,551.0
2590,The Black Grouse Scotch,B,4531.0,100,45.220769230769235,0.013672557072514448,81.82543220174281,1,960.0
3532,Milagro Reposado Tequila,B,4526.469999999999,153,29.56664233576642,0.013658887533000324,81.83909108927581,1,444.0
4736,Capt Morgan Spiced Rum,B,4523.87,1513,2.99,0.013651041881182062,81.85274213115699,1,1298.0
2795,George Dickel Rye,B,4522.219999999999,178,25.368378378378377,0.013646062909835858,81.86638819406683,1,532.0
5149,Hpnotiq Liqueur,B,4517.63,137,33.39,0.01363221231681824,81.88002040638365,1,263.0
6312,Gallo Twin Valley Svgn Bl Ca,B,4515.4800000000005,452,9.99,0.013625724566276217,81.89364613094993,2,585.0
3020,Pinnacle Blueberry Vodka,B,4505.35,365,12.286296296296298,0.013595156699768919,81.9072412876497,1,1160.0
10051,Joseph Phelps Cab Svgn Napa,B,4499.25,75,59.99,0.013576749593579922,81.92081803724328,2,301.0
90011,Ch Pichon Longville 12 Pauil,B,4494.6900000000005,31,144.99,0.013562989527314051,81.9343810267706,2,160.0
4404,Bacardi Gold Rum,B,4494.64,586,7.682307692307693,0.01356283864939447,81.94794386541999,1,1319.0
376,Aperol Liqueur,B,4493.45,155,28.99,0.013559247754908417,81.9615031131749,1,547.0
2672,Dewars White Label,B,4488.4,1960,2.29,0.013544009085030643,81.97504712225992,1,5467.0
7969,Sandeman Founders RSV Port,B,4483.01,299,14.994081632653062,0.013527744445299712,81.98857486670522,2,900.0
12123,Barefoot Cellars Rsl,B,4482.75,735,6.164866310160427,0.013526959880117885,82.00210182658535,2,783.0
1880,The Glenlivet Nadurra 16 Yr,B,4480.38,62,72.32999999999998,0.013519808266729702,82.01562163485208,1,418.0
38635,Cesari Mara Vino di Ripasso,B,4473.37,263,17.017027027027027,0.013498655182404316,82.02912029003448,2,144.0
5457,After Shock Hot & Cool Cinmn,B,4471.53,2247,1.99,0.0134931028749637,82.04261339290944,1,5548.0
22903,Banfi Sangiovese CollePino,B,4464.46,554,8.098695652173914,0.013471768737134815,82.05608516164658,2,468.0
37071,Caymus Conundrum White,B,4457.7699999999995,223,20.02623188405797,0.013451581271494751,82.06953674291807,2,1046.0
8701,Sheffield Cream Sherry,B,4455.54,446,9.99,0.013444852116281398,82.08298159503435,2,795.0
37421,Stags Leap Csk 23 Cab Svgn,B,4454.7300000000005,27,164.99,0.013442407893984173,82.09642400292834,2,1.0
4282,Capt Morgan White Pineapple,B,4450.9400000000005,306,14.500548523206751,0.013430971347679862,82.10985497427602,1,1241.0
6273,Vendange Wh Znfdl,B,4449.2300000000005,477,9.433946188340807,0.01342581132283016,82.12328078559885,2,1097.0
2030,Glen Moray 12 Yr Scotch,B,4447.57,143,31.085238095238093,0.013420802175900038,82.13670158777475,1,462.0
12343,Bota Box Znfdl,B,4443.87,213,20.962677595628413,0.013409637209850977,82.1501112249846,2,319.0
37313,Salmon Run NY Rsl,B,4432.2300000000005,377,11.7478125,0.013374512830172306,82.16348573781477,2,1110.0
4989,Martell VS Cognac,B,4424.07,193,22.940819672131145,0.013349889553696532,82.17683562736846,1,681.0
24673,Bolla Pinot Grigio,B,4414.62,338,13.068534031413613,0.013321373626895547,82.19015700099536,2,449.0
40054,Campo Viejo Tempranillo RSV,B,4413.81,319,13.780055248618785,0.013318929404598324,82.20347593039996,2,1150.0
854,Seagrams VO Canadian Whiskey,B,4413.24,276,15.990000000000002,0.013317209396315085,82.21679313979628,1,466.0
3547,Ketel One Vodka,B,4410.99,1581,2.79,0.0133104198899339,82.23010355968621,1,5920.0
43638,Silverado Solo SLD Cab Svgn,B,4409.51,49,89.99,0.013305953903514276,82.24340951358973,2,26.0
1848,Oban Little Bay Single Malt,B,4409.3,70,62.99,0.01330532021625203,82.25671483380597,1,220.0
3791,Jose Cuervo Especial Silver,B,4406.99,401,10.99,0.013298349656367347,82.27001318346234,1,772.0
12772,Joel Gott Chard,B,4406.85,315,13.99,0.013297927198192519,82.28331111066053,2,518.0
1835,Knappogue Castle Irish Whsky,B,4402.7300000000005,127,34.95116504854369,0.013285494857618967,82.29659660551815,1,719.0
24755,Sokol Blosser Evolution Pnt,B,4402.64,336,13.022258064516128,0.013285223277363718,82.30988182879551,2,111.0
1550,Jack Daniels Tennessee Fire,B,4400.97,1103,3.9900000000000007,0.013280183954849683,82.32316201275036,1,25.0
870,Carpano Antica Formula,B,4399.37,163,26.99,0.01327535586142306,82.33643736861178,2,256.0
20255,Breca OV Garnacha Calatayud,B,4394.85,315,13.94,0.013261716497492854,82.34969908510928,2,659.0
24788,Gentleman's Collection Cab S,B,4392.86,314,13.99,0.013255711556293492,82.36295479666558,2,425.0
8154,Cazadores Reposado Tequila,B,4391.19,181,24.228461538461538,0.013250672233779454,82.37620546889936,1,704.0
3743,Smirnoff Sorbet Pine/Coconut,B,4389.09,391,11.241851851851852,0.013244335361157017,82.38944980426051,1,759.0
3918,Cabo Wabo Anejo Tequila,B,4385.02,98,44.755957446808516,0.013232053898503047,82.40268185815901,1,442.0
2772,Talisker Storm Scotch,B,4376.3,70,62.49819672131148,0.013205740789327958,82.41588759894834,1,453.0
8744,Jadot Bourgogne Pinot Noir,B,4371.57,243,17.99,0.013191467738135506,82.42907906668648,2,821.0
6448,Dubonnet Rouge,B,4371.33,417,10.484140625,0.013190743524121515,82.4422698102106,2,1006.0
4249,Capt Morgan White Coconut,B,4364.96,304,14.36117903930131,0.013171521677166774,82.45544133188777,1,1266.0
3315,Smirnoff Sorbet Rasp/Pomegra,B,4364.91,4409,0.99,0.013171370799247193,82.46861270268701,1,5851.0
19947,Josh Cellars Svgn Bl,B,4360.84,316,13.829779005524863,0.013159089336593226,82.48177179202361,2,553.0
8273,El Mayor Reposado Tequila,B,4356.36,164,26.51991452991453,0.013145570674998684,82.4949173626986,1,402.0
5977,Absinthe Ordinaire,B,4356.139999999999,186,23.45296296296296,0.013144906812152522,82.50806226951076,1,380.0
2636,Nikka Whisky Taketsuru 12 Yr,B,4355.36,64,68.06692307692308,0.013142553116607045,82.52120482262737,1,0.0
934,Tanteo Jalapeno Tequila,B,4354.79,121,35.99,0.013140833108323813,82.53434565573569,1,452.0
2862,Pinch 15-Yr by Haig & Haig,B,4354.79,121,35.99,0.013140833108323813,82.54748648884402,1,589.0
23356,Bacio Divino 12 Pazzo,B,4354.0199999999995,198,21.99,0.01313850958836225,82.56062499843237,2,1342.0
17041,Sutter Home Pink Moscato,B,4352.79,537,8.138307692307693,0.013134797991540534,82.57375979642391,2,280.0
13489,Don Miguel Gascon Malbec Rsv,B,4348.71,229,18.99,0.013122486353302648,82.58688228277721,2,342.0
7993,Stock Italian X Dry Vermouth,B,4348.3,670,6.49,0.013121249154362077,82.60000353193158,1,1149.0
4362,Ron Virgin Heavy Bodied Rum,B,4346.5599999999995,544,7.99,0.013115998602760625,82.61311953053433,1,282.0
178,Wild Turkey Russell's RSV,B,4346.509999999999,149,29.110300751879695,0.013115847724841041,82.62623537825918,1,514.0
40559,McManis Cab Svgn Cal,B,4341.05,395,10.989999999999998,0.0130993718560227,82.63933475011521,2,723.0
680,Midnight Moon Strawberry,B,4337.83,217,19.99,0.01308965531800162,82.65242440543321,1,822.0
2148,Canadian Mist Traveler,B,4336.05,495,8.764752475247525,0.013084284064064505,82.66550868949727,1,
5872,Godiva Chocolate Liqueur,B,4329.52,1448,2.99,0.013064579407767106,82.67857326890504,1,3348.0
42122,Smoking Loon Svgn Bl Cal,B,4329.26,434,9.965849056603775,0.01306379484258528,82.69163706374762,2,922.0
17967,Banfi Principessa Gavia Gav,B,4328.93,307,14.1525,0.013062799048316039,82.70469986279593,2,1099.0
8275,El Mayor Anejo Tequila,B,4328.820000000001,118,36.60290322580645,0.01306246711689296,82.71776232991283,1,515.0
33683,R Mondavi Privt Slct Chard,B,4326.61,239,18.116760563380282,0.013055798312847436,82.73081812822568,2,738.0
2034,Glendalough Double Barrel,B,4319.509999999999,149,28.99,0.0130343736482668,82.74385250187395,1,452.0
1336,Gr Marnier Cordon Rouge VAP,B,4317.49,151,28.784871794871794,0.013028278180315692,82.75688078005426,1,196.0
38549,Stemmari Nero D'Avola,B,4317.16,484,8.89990990990991,0.013027282386046451,82.76990806244031,2,1116.0
46380,Ghost Pines Chard L Martini,B,4315.46,254,16.99,0.013022152536780665,82.78293021497709,2,1896.0
14439,Barefoot Sweet Red,B,4309.4400000000005,706,6.106161616161616,0.013003986835263005,82.79593420181234,2,834.0
31201,Beringer Fndrs Est Cab Svgn,B,4304.32,368,11.597954545454545,0.01298853693629781,82.80892273874863,2,1187.0
5810,Cuervo Watermelon Margaritas,B,4298.96,304,14.153934426229508,0.01297236282331863,82.82189510157195,1,843.0
1556,Kahlua w/50mL Absolut+Glass,B,4296.83,217,19.81269503546099,0.012965935423944438,82.8348610369959,1,498.0
2085,Jesse James America's Outlaw,B,4294.93,307,13.99,0.012960202063000328,82.8478212390589,1,772.0
21864,Dom Carneros Brut,B,4291.15,185,23.188347107438016,0.012948795692279932,82.86077003475118,2,489.0
10453,Line 39 Svgn Bl Lake County,B,4285.71,429,9.99,0.012932380174629417,82.87370241492582,2,1265.0
6081,Kinky Blue Liqueur,B,4284.47,2153,1.99,0.012928638402223787,82.88663105332805,1,3057.0
7991,Stock Italian X Dry Vermouth,B,4275.72,428,9.99,0.01290223476629695,82.89953328809435,1,1009.0
5255,TGI Fridays Ultimte Mudslide,B,4273.71,329,12.99,0.012896169473929756,82.91242945756828,1,734.0
28081,Gandia Hoya de Cadenas RSV,B,4270.25,475,8.99,0.012885728721894685,82.92531518629018,2,698.0
5833,Patron Roca Silver Tequila,B,4269.389999999999,61,69.99,0.012883133621677874,82.93819831991186,1,389.0
5185,Irish Manor Irish Cream,B,4265.759999999999,224,19.039723756906074,0.012872179884716227,82.95107049979657,1,237.0
5375,Petrone Limoncello,B,4253.86,214,19.898045977011492,0.012836270939855728,82.96390677073643,1,653.0
44072,Bogle Russian River Pnt Nr,B,4249.78,322,13.137368421052631,0.012823959301617841,82.97673073003804,2,758.0
3925,Don Julio Reposado Tequila,B,4249.18,82,51.81089552238806,0.012822148766582862,82.98955287880463,1,777.0
16179,Perrier Jouet Blason Rose,B,4249.15,85,49.99,0.01282205823983111,83.00237493704446,2,211.0
8905,Livingston Cellars Red Rose,B,4244.46,354,11.99,0.012807905890974325,83.01518284293545,2,484.0
2035,Glen Moray Classic Scotch,B,4243.889999999999,211,20.137727272727272,0.012806185882691092,83.02798902881814,1,359.0
11440,Peter Vella Sangria B/B,B,4242.17,283,14.99,0.012800995682257474,83.0407900245004,2,352.0
2123,Angel's Envy Rye,B,4239.47,53,79.99,0.01279284827460005,83.053582872775,1,26.0
13940,Black Box Malbec,B,4238.04,196,22.55,0.012788533166100007,83.0663714059411,2,888.0
25186,Jadot Ch d Jacques Morgon 11,B,4234.74,326,12.99,0.012778575223407597,83.0791499811645,2,
3086,Ciroc Coconut Vodka,B,4233.24,76,56.175185185185185,0.012774048885820139,83.09192403005032,1,550.0
8036,Livingston Chablis Cal,B,4232.47,353,11.99,0.012771725365858579,83.10469575541617,2,340.0
34431,Beaulieu Cab Svgn Napa,B,4227.36,264,16.018571428571427,0.012756305642477305,83.11745206105866,2,622.0
33963,Falesco Vitiano Umbria,B,4224.97,603,7.040251256281407,0.012749093677921292,83.13020115473658,2,206.0
8097,Patron Citronge Orange,B,4222.93,307,13.748490566037736,0.012742937858802348,83.14294409259539,1,727.0
3183,Jose Cuervo Tradicional Slvr,B,4217.889999999999,211,19.99,0.012727729364508486,83.1556718219599,1,698.0
37601,Hardys Cab Svgn Ausl,B,4217.02,298,14.158224299065422,0.012725104088707764,83.1683969260486,2,240.0
23255,Balletto Vyds Pnt Gris,B,4208.49,351,11.99,0.012699364315627086,83.18109629036422,2,273.0
3062,Russian Standard Platinum,B,4208.26,174,23.934444444444445,0.012698670277197009,83.19379496064143,1,471.0
14475,Belcreme de Lys Chard,B,4208.1,390,10.793191489361703,0.012698187467854349,83.20649314810927,2,635.0
14975,Cavit Moscato,B,4207.05,595,7.1117948717948725,0.012695019031543128,83.21918816714081,2,864.0
19926,Santa Rita RSV Svgn Bl,B,4202.81,419,10.04327868852459,0.01268222458396258,83.23187039172478,2,833.0
35103,Ruffino Chianti Superiore,B,4199.83,417,10.102,0.012673232259955496,83.24454362398474,2,537.0
45322,Zabrin de Fuego Garnacha,B,4198.33,467,8.99,0.012668705922368038,83.2572123299071,2,1600.0
6278,Sterling Svgn Bl,B,4197.01,291,14.289867549668873,0.012664722745291075,83.26987705265239,2,2958.0
15356,Seaglass Pnt Nr,B,4195.8,420,9.99,0.012661071499637194,83.28253812415203,2,566.0
16328,Black Box Chard,B,4192.05,895,4.733243243243243,0.012649755655668548,83.2951878798077,2,947.0
19224,Miraval Cotes de Prvnce Rose,B,4189.92,208,20.208181818181814,0.012643328256294358,83.30783120806399,2,617.0
40621,Santa Margherita Prosecco V,B,4189.4,260,16.09738255033557,0.012641759125930704,83.32047296718991,2,533.0
26557,King Est Pnt Gris Ore,B,4187.54,246,17.043030303030303,0.012636146467322258,83.33310911365723,2,1264.0
23129,Sensi 18K Prosecco,B,4177.91,209,19.99,0.012607087380010778,83.34571620103723,2,373.0
45769,Bonterra Svgn Bl Organic,B,4172.52,348,11.99,0.012590822740279848,83.35830702377751,2,626.0
8476,1800 Reposado Gold Tequila,B,4154.47,303,13.693463203463203,0.012536355811310771,83.37084337958882,1,789.0
2514,Bird Dog Peach Whiskey,B,4152.2300000000005,277,14.99,0.0125295964805135,83.38337297606934,1,1111.0
2945,The Macallan Rare Cask,B,4149.860000000001,14,295.8233333333333,0.012522444867125318,83.39589542093647,1,147.0
4513,Chauffe-Coeur Calvados VSOP,B,4144.08,92,45.056666666666665,0.012505003379621646,83.40840042431608,1,298.0
8694,Skinnygirl Cosmopolitan,B,4143.2300000000005,377,10.99,0.012502438454988754,83.42090286277107,1,969.0
5566,Grind Espresso Shot,B,4137.24,276,14.990000000000002,0.012484363280222836,83.4333872260513,1,445.0
2245,DUKE Kentucky Bourbon,B,4134.88,112,36.91079207920792,0.012477241842418569,83.44586446789371,1,502.0
15824,Nozzole Chianti Clsc RSV,B,4128.7699999999995,223,18.486402877697838,0.012458804560645657,83.45832327245436,2,347.0
4297,Ronrico Silver Traveler,B,4127.0,600,6.897725321888412,0.012453463482292457,83.47077673593665,1,
6478,C Y Toro Frontera Merlot,B,4125.46,454,9.09,0.012448816442369335,83.48322555237903,2,860.0
12111,LaBelle Winery Cranberry,B,4125.42,258,15.989999999999998,0.012448695740033667,83.49567424811906,2,1242.0
26250,Roederer Est Brut,B,4119.3099999999995,169,24.20212121212121,0.012430258458260755,83.50810450657733,2,583.0
26755,Franzia Chianti Tap,B,4115.33,267,15.47989898989899,0.012418248575862033,83.52052275515318,2,261.0
2607,Grand MacNish 12 Yr Old,B,4112.13,187,21.99,0.012408592389008793,83.53293134754219,1,431.0
34429,Frei Bros RSV Mendcno Merlot,B,4111.58,242,16.99,0.01240693273189339,83.54533828027408,2,524.0
8520,Brady's Irish Cream,B,4111.58,242,16.99,0.01240693273189339,83.55774521300597,1,359.0
9037,Prairie Organic Cucumber Vod,B,4109.5,250,16.413963133640554,0.012400656210438782,83.57014586921642,1,497.0
24552,Gnarly Head 1924 Double Blac,B,4105.89,411,9.99,0.012389762824644967,83.58253563204106,2,493.0
41530,Septima Malbec Mendoza,B,4104.89,411,9.985348837209301,0.01238674526625333,83.59492237730731,2,922.0
17432,Predator Old Vine Znfdl Lodi,B,4101.42,258,15.900447761194028,0.012376274338634342,83.60729865164595,2,536.0
23257,Jason Stephens Syrah,B,4099.07,293,13.99,0.01236918307641399,83.61966783472236,2,35.0
44337,Irony Cab Svgn,B,4097.85,315,13.030816326530612,0.012365501655176194,83.63203333637755,2,479.0
6356,Taylor Cream Sherry,B,4097.54,526,7.79,0.012364566212074785,83.64439790258962,2,727.0
4343,Cruzan Blueberry Lemonade,B,4095.94,406,10.09580204778157,0.012359738118648163,83.65675764070826,1,1199.0
7872,Piper Heidsieck Brut,B,4094.09,91,44.99,0.012354155635623632,83.66911179634388,2,1892.0
18742,Ca'Momi Cab Svgn Napa,B,4094.04,196,21.27723404255319,0.01235400475770405,83.6814658011016,2,820.0
44340,Irony Pnt Nr Monterey,B,4093.85,315,13.002738853503185,0.012353431421609638,83.69381923252321,2,460.0
38179,Rex Goliath Chard,B,4089.23,677,6.0464263322884015,0.012339490301840268,83.70615872282505,2,757.0
5776,Malibu Black,B,4088.2099999999996,179,22.828028169014082,0.012336412392280796,83.71849513521734,1,425.0
46381,Ghost Pines Merlot L Martini,B,4083.7299999999996,227,17.99,0.012322893730686254,83.73081802894802,2,1471.0
6694,Lindemans Bin 65 Chard,B,4082.89,511,7.99,0.012320358981637278,83.74313838792966,2,986.0
6608,Patron Roca Anejo Tequila,B,4079.52,48,84.99,0.012310189809857456,83.75544857773951,1,222.0
6105,Midnight Moon,B,4077.9599999999996,204,19.99,0.0123054824187665,83.76775406015828,1,659.0
2912,Platte Valley KY Moonshine,B,4077.5999999999995,240,16.99,0.012304396097745508,83.78005845625603,1,665.0
5714,Jose Cuervo Lime Margarita,B,4075.92,408,9.99,0.012299326599647558,83.79235778285567,1,721.0
6742,Rodney Strong Chalk Hill Cha,B,4070.8599999999997,214,19.04785123966942,0.012284057754185868,83.80464184060986,2,1991.0
8113,R Mondavi Chard Napa,B,4065.74,226,17.99,0.012268607855220676,83.81691044846508,2,898.0
25603,Verrazzano Chianti Clsc,B,4065.74,226,17.99,0.012268607855220676,83.8291790563203,2,417.0
4882,Arrow Coffee Brandy,B,4065.37,513,7.79120481927711,0.012267491358615771,83.84144654767891,1,1116.0
24648,Mumm Napa Bl de Blanc,B,4062.29,271,14.99,0.012258197278769523,83.85370474495768,2,322.0
36473,The Crossings Svgn Bl Marlbo,B,4061.9,310,13.10904761904762,0.012257020430996786,83.86596176538868,2,796.0
24771,Les Darons Lang J Carrel Rou,B,4061.04,296,13.725099337748347,0.012254425330779977,83.87821619071946,2,219.0
15009,Sean Minor Cab Svgn,B,4057.97,203,19.99,0.012245161426517643,83.89046135214598,2,339.0
20398,I Lauri Bajo Montepul d'Abru,B,4054.49,451,8.99,0.012234660323314741,83.90269601246929,2,682.0
1339,The Glenlivet 12 Yr Single,B,4053.15,85,47.75666666666667,0.012230616795069947,83.91492662926436,1,99.0
5251,DeKuyper Buttershots Schnpps,B,4047.12,4088,0.9899999999999999,0.012212420917968368,83.92713905018232,1,6224.0
16351,Girls in the Vineyard Cab S,B,4046.87,213,19.00785714285714,0.012211666528370456,83.93935071671069,2,361.0
5318,Benedictine Liqueur Dom,B,4046.3999999999996,160,25.340364963503646,0.012210248275926388,83.95156096498661,1,814.0
26143,R Mondavi Pvt Sel Svgn Bl,B,4044.52,448,8.982592592592594,0.012204575266150106,83.96376554025277,2,2036.0
8130,Bacardi Superior Rum,B,4035.12,3128,1.29,0.012176210217268703,83.97594175047003,1,7414.0
3870,Montelobos Mezcal,B,4031.9100000000003,109,36.99,0.012166523854831546,83.98810827432486,1,281.0
2212,Canadian Rich & Rare,B,4030.81,319,12.900377358490566,0.012163204540600742,84.00027147886546,1,743.0
26456,Ravenswood Vntnrs Blnd Chard,B,4026.41,539,7.943488372093023,0.012149927283677532,84.01242140614913,2,2397.0
3947,Herradura Anejo Tequila,B,4024.2000000000003,80,50.254705882352944,0.01214325847963201,84.02456466462876,1,326.0
1876,Midleton Rare Irish Whiskey,B,4014.7400000000002,26,154.365,0.01211471237724711,84.036679377006,1,259.0
15428,Ruffino Prosecco Sparkling,B,4014.03,297,13.534303797468356,0.012112569910789047,84.04879194691678,2,1706.0
5253,Kahlua Original Mudslide RTD,B,4009.74,226,17.721958762886597,0.012099624585288916,84.06089157150207,1,731.0
3639,Burnetts Peach Vodka,B,4005.9900000000002,401,9.99,0.012088308741320272,84.0729798802434,1,
13968,Spellbound Chard,B,4005.11,289,13.838739495798318,0.01208565328993563,84.08506553353332,2,1010.0
15875,Ranga Ranga Svgn Bl,B,4002.71,329,12.196896551724137,0.012078411149795697,84.09714394468313,2,627.0
16758,Dolin Sweet Red Vermouth,B,4001.14,286,13.99,0.012073673583120824,84.10921761826624,2,487.0
2898,Scoresby Rare,B,3995.0,500,7.99,0.012055145774596163,84.12127276404084,1,22.0
24592,Vendange Cab Svgn,B,3993.4900000000002,451,8.903875598086124,0.01205058926142479,84.13332335330226,2,1351.0
4565,Christian Bros VS Brandy,B,3986.65,385,10.349315589353612,0.012029949162025981,84.14535330246429,1,1097.0
44452,Ravenswood Zen of Zin Znfdl,B,3978.38,362,10.99,0.012004993954127132,84.15735829641841,2,449.0
31787,Peter Vella Merlot Calif B/B,B,3975.66,234,16.99,0.011996786195301872,84.1693550826137,2,141.0
3172,Skyy Infusions Blood Orange,B,3969.33,267,14.933661971830986,0.011977685050682802,84.18133276766439,1,851.0
8660,Drambuie Liqueur,B,3961.9500000000003,305,12.99,0.01195541546975251,84.19328818313414,1,440.0
16320,Ninety+Cellars Lot 42 Pnt Gr,B,3960.32,368,10.654670658682635,0.011950496849574138,84.20523867998372,2,908.0
5739,Malibu Rum,B,3960.1,1990,1.9900000000000002,0.011949832986727976,84.21718851297045,1,5816.0
23230,High Valley Svgn Bl 13 Lake,B,3959.17,283,13.99,0.011947026657423754,84.22913553962788,2,29.0
36100,Carpineto Vino Nobile RSV d,B,3958.68,132,29.99,0.01194554805381185,84.24108108768169,2,246.0
23383,Vivanco Rioja Rsva 08,B,3958.6699999999996,233,16.99,0.011945517878227932,84.25302660555992,2,2.0
10062,Terroirs du Rhone,B,3955.6,440,8.99,0.011936253973965603,84.2649628595339,2,646.0
21233,Cavicchioli Prosecco,B,3952.64,336,11.816347305389222,0.011927322001126353,84.27689018153502,2,417.0
8621,Sho Chiku Bai Takara Sake,B,3950.12,628,6.29,0.011919717753979424,84.288809899289,1,724.0
10238,Layer Cake Primitivo Puglia,B,3949.53,247,15.989999999999998,0.011917937394528358,84.30072783668354,2,674.0
450,Vincent Van Gogh Double Esp,B,3948.4199999999996,158,24.99,0.011914587904713636,84.31264242458825,1,406.0
20968,Ninety+Cellars Lot 113 B Red,B,3947.64,436,9.111212121212121,0.01191223420916816,84.32455465879741,2,376.0
3231,Pinnacle Tropical Punch Vdka,B,3945.4700000000003,353,11.15326530612245,0.011905686107458305,84.33646034490486,1,790.0
2979,Bowmore 12-Yr Scotch,B,3944.19,81,48.6131884057971,0.011901823632717006,84.34836216853758,1,523.0
4105,Patron XO Cafe Variety 3 Pak,B,3942.36,564,6.99,0.01189630150086031,84.36025847003843,1,16.0
3984,Sauza Tres Generacions Anejo,B,3926.11,89,44.15867469879518,0.011847266176996182,84.37210573621543,1,423.0
1748,William Grant Scotch,B,3923.43,257,15.29396475770925,0.011839179120506589,84.38394491533593,1,617.0
2008,Rebel Yell Small Batch Rye,B,3919.12,188,20.85754966887417,0.011826173443838628,84.39577108877977,1,194.0
4764,Flor de Cana Gran Rsv Rum,B,3918.0499999999997,195,20.105107913669062,0.011822944656359573,84.40759403343613,1,393.0
39410,Mirassou Cab Svgn Cal,B,3916.08,392,9.99,0.011817000066328045,84.41941103350246,2,652.0
27368,Muga Rioja RSV,B,3914.14,186,21.113456790123454,0.011811146003048266,84.43122217950551,2,288.0
1226,Lexington Bourbon,B,3910.58,142,27.476725663716813,0.011800403495174033,84.44302258300068,1,540.0
2859,Bushmills Irish Honey,B,3902.06,194,20.127499999999998,0.011774693897677272,84.45479727689836,1,1.0
14250,Ruta 22 Malbec,B,3900.18,382,10.234186046511628,0.011769020887900992,84.46656629778626,2,473.0
23692,R Mondavi Merlot Napa,B,3898.0499999999997,195,19.99,0.0117625934885268,84.47832889127478,2,578.0
6980,Midnight Moon Blueberry,B,3898.0499999999997,195,19.99,0.0117625934885268,84.49009148476331,1,755.0
5215,TGI Fridays Long Island Iced,B,3897.0,300,12.989999999999998,0.011759425052215583,84.50185090981553,1,812.0
6206,Midnight Moon Apple Pie,B,3894.94,306,12.755625,0.011753208881928807,84.51360411869746,1,351.0
5330,Kahlua White Russian RTD,B,3889.8099999999995,219,17.745102040816324,0.011737728807379699,84.52534184750483,1,698.0
14690,Bridlewood Pnt Nr Monterey C,B,3886.11,389,9.990000000000002,0.011726563841330638,84.53706841134617,2,365.0
41251,Beringer Classic Pnt Grigio,B,3883.37,563,6.89625,0.011718295731337548,84.54878670707751,2,2433.0
33873,Bella Sera Pnt Grigio Del,B,3881.02,598,6.49,0.011711204469117198,84.56049791154663,2,1354.0
23521,Insurrection Cab/Shiraz,B,3879.4700000000003,353,10.99,0.011706527253610157,84.57220443880024,2,414.0
5228,DeKuyper Wh Cr de Menthe,B,3874.69,431,8.99,0.011692103324498125,84.58389654212473,1,1021.0
43365,Cavit Riesling Trentino,B,3871.14,286,13.669775280898877,0.011681390992207807,84.59557793311694,2,920.0
8172,DK Burst Blustery Peppermint,B,3869.91,3909,0.99,0.011677679395386092,84.60725561251233,1,6794.0
32367,Cavit Pinot Noir Delle Vene,B,3869.51,549,7.030983606557377,0.011676472372029439,84.61893208488436,2,653.0
37541,Frogs Leap Cab Svgn Napa,B,3868.27,73,52.99,0.011672730599623805,84.63060481548399,2,856.0
32988,Barefoot Cab Svgn Cal,B,3866.29,631,6.1257400722021655,0.011666755834008362,84.642271571318,2,1028.0
2946,Highland Park 15 Yr Old,B,3859.52,48,80.47780487804877,0.011646326963696968,84.6539178982817,1,309.0
5773,Kahlua Midnight,B,3858.0699999999997,193,19.99,0.01164195150402909,84.66555984978574,1,1097.0
37312,Salmon Run NY Pnt Nr,B,3856.51,249,15.495494505494504,0.011637244112938136,84.67719709389867,2,2178.0
8124,Mouton Cadet White Brdx,B,3853.53,347,11.183548387096774,0.011628251788931053,84.6888253456876,2,1227.0
41405,La Posta Angel Plucci Malbec,B,3852.43,257,14.989999999999998,0.011624932474700249,84.70045027816231,2,508.0
7293,Chi Chi's Skinny Margarita,B,3851.65,435,8.83848484848485,0.011622578779154772,84.71207285694146,1,914.0
5378,Galliano L'Autentico Liqueur,B,3846.52,148,25.99,0.011607098704605665,84.72367995564606,1,613.0
16431,HandCraft Artisan Coll Cab S,B,3846.15,385,9.99,0.01160598220800076,84.73528593785406,2,526.0
46098,Ch Ste Michelle Rsl Dry Colu,B,3839.59,341,11.389999999999999,0.011586187024951611,84.746872124879,2,745.0
5075,Tuaca Italian Liqueur,B,3838.12,188,20.44751633986928,0.011581751214115902,84.75845387609311,1,63.0
8654,M & R Sweet Vermouth,B,3835.25,725,5.29,0.011573090821531897,84.77002696691464,2,1158.0
42255,Ridge Three Valleys Sonoma,B,3829.47,153,25.041020408163266,0.011555649334028226,84.78158261624867,2,207.0
19821,Castello Chianti Classico,B,3821.7599999999998,224,17.06913669064748,0.011532383958828694,84.7931150002075,2,1036.0
5137,Irish Manor Irish Cream,B,3818.81,419,9.112112211221122,0.01152348216157336,84.80463848236907,1,809.0
13963,Yellow Tail Pnt Nr,B,3817.26,274,14.104583333333332,0.011518804946066321,84.81615728731514,2,943.0
21201,Bota Box Pnt Nr,B,3814.2,180,21.22076923076923,0.011509571217387906,84.82766685853252,2,238.0
19656,Manifesto! Chard No Cst,B,3811.76,424,8.99,0.01150220837491231,84.83916906690743,2,
27429,Grahams Six Grapes,B,3802.2299999999996,177,21.478721804511274,0.01147345104343999,84.85064251795087,2,631.0
5090,El Charro Silver Tequila,B,3800.39,261,14.56943925233645,0.011467898735999377,84.86211041668687,1,627.0
6329,R M Woodbridge Wh Znfdl Cal,B,3797.12,288,13.282682926829269,0.01145803132005872,84.87356844800694,2,852.0
1715,Ole Smoky Apple Pie Moonshne,B,3795.9999999999995,200,18.976754966887416,0.011454651654660083,84.8850230996616,1,524.0
4351,Capt Morgan Black Spiced Rum,B,3793.35,165,22.99,0.011446655124922241,84.89646975478652,1,440.0
36992,Duck Pond Willamette Pnt Nr,B,3791.77,223,17.01439024390244,0.011441887382663453,84.90791164216918,2,615.0
896,Rumpleminze,B,3790.4199999999996,158,23.99,0.01143781367883474,84.91934945584802,1,107.0
16843,Barefoot Cellars Red Moscato,B,3789.89,611,6.170059523809523,0.011436214372887173,84.93078567022091,2,750.0
12110,La Crema Chardonnay Monterey,B,3789.85,215,17.643061224489795,0.011436093670551506,84.94222176389147,2,571.0
3727,Absolut Citron,B,3779.0099999999998,1899,1.9900000000000002,0.011403383337586144,84.95362514722905,1,5408.0
27867,Vendange Merlot,B,3778.78,422,9.016315789473685,0.011402689299156069,84.96502783652821,2,1389.0
211,Cold River Gin,B,3772.74,126,29.93444444444444,0.01138446324647057,84.97641229977468,1,539.0
19175,Melini Chianti DOCG Riserva,B,3769.87,313,12.072125603864734,0.011375802853886568,84.98778810262857,2,873.0
58,Gekkeikan Black & Gold Sake,B,3741.12,288,12.99,0.011289048050126958,84.9990771506787,1,385.0
10242,Rosenblum RSV Znfdl Monte Rs,B,3738.2999999999997,170,21.99,0.011280538535462537,85.01035768921416,2,
26462,Ravenswood Znfdl Sonoma,B,3737.7999999999997,220,16.99,0.011279029756266717,85.02163671897043,2,870.0
3168,Belvedere UF Intense Vodka,B,3736.71,129,28.865,0.011275740617619833,85.03291245958805,1,666.0
25932,Gabbiano Chianti Clsc,B,3736.26,374,9.99,0.011274382716343597,85.04418684230438,2,355.0
4683,Hennessy VS Cognac,B,3732.63,977,3.8162443438914027,0.011263428979381946,85.05545027128376,1,4120.0
8985,J Roget Spumante,B,3731.77,623,5.99,0.011260833879165138,85.06671110516292,1,1317.0
8252,Gazdina Rakija Plum Brandy,B,3729.18,182,20.49,0.011253018402930793,85.07796412356585,1,326.0
7718,Andre Pink,B,3727.25,625,5.942868852459016,0.011247194515234931,85.08921131808108,2,1105.0
27801,Moet & Chandon Nectar Imper,B,3725.19,81,45.99,0.011240978344948156,85.10045229642603,2,440.0
18641,Yellow Tail Big Bold Red,B,3722.07,289,13.632696629213482,0.011231563562766243,85.11168385998879,2,1239.0
4702,Metaxa Amphora,B,3720.5499999999997,145,25.739999999999995,0.011226976874010952,85.1229108368628,1,418.0
384,Ardbeg Corryvreckan Scotch,B,3719.5,50,73.87888888888888,0.011223808437699732,85.1341346453005,1,260.0
18865,Mirafiore Barolo,B,3714.98,102,36.57666666666667,0.011210169073769526,85.14534481437427,2,379.0
2247,Balvenie Portwood 21 Yr Sin,B,3714.83,17,217.90666666666667,0.01120971644001078,85.15655453081428,1,178.0
2654,Tanqueray Bloomsbury,B,3710.72,128,28.99,0.011197314275021145,85.1677518450893,1,55.0
6226,Marcus James Chard,B,3708.79,421,8.817586206896552,0.011191490387325283,85.17894333547662,2,680.0
8237,Grand Mayan Ultra Aged Teq,B,3699.63,37,99.99,0.011163849552457875,85.19010718502908,1,95.0
22914,Mount Veeder Cab Svgn,B,3698.86,114,32.32333333333334,0.011161526032496313,85.20126871106157,2,553.0
13341,Terra d'Oro Deaver Vyd Znfdl,B,3698.1499999999996,185,19.99,0.011159383566038248,85.21242809462761,2,532.0
31083,Stags Leap Chard Napa,B,3697.85,115,31.905254237288137,0.011158478298520756,85.22358657292614,2,2022.0
6735,Gallo Twin Valley Chard Cal,B,3696.3,370,9.99,0.011153801083013717,85.23474037400915,2,664.0
38348,Nobilo Icon Svgn Bl Marlboro,B,3695.38,262,14.102676056338028,0.01115102492929341,85.24589139893844,2,468.0
35393,Tohu Svgn Bl Marlboro,B,3687.61,239,15.351344537815125,0.011127578500590377,85.25701897743903,2,739.0
19220,Veuve Clicquot Gold Label,B,3686.4599999999996,54,68.06142857142856,0.011124108308439991,85.26814308574747,2,216.0
25966,Robert Sinskey Pnt Nr Carner,B,3680.96,104,35.281666666666666,0.011107511737285981,85.27925059748475,2,243.0
35976,Zeller Schwarze Rsl Valcknbg,B,3676.32,368,9.99,0.011093510266348779,85.2903441077511,2,918.0
41751,Clos du Bois Pnt Grigio Cal,B,3671.93,307,12.181256830601093,0.011080263185009485,85.3014243709361,2,3245.0
1746,Tomatin 12 Yr Old Scotch,B,3667.73,127,28.83158415841584,0.011067589439764602,85.31249196037587,1,511.0
3626,Sauza Extra Gold Tequila,B,3665.46,254,14.401214953271028,0.011060739582215583,85.32355269995809,1,1122.0
3268,Pinnacle CranApple Vodka,B,3658.58,342,10.706981132075471,0.01103997878048111,85.33459267873857,1,
5458,After Shock Hot & Cool Cinmn,B,3657.8999999999996,210,17.451538461538462,0.011037926840774794,85.34563060557934,1,486.0
6670,Pinnacle Pineapple Vodka,B,3656.09,291,12.605062761506277,0.011032465060085931,85.35666307063943,1,994.0
15230,Faust Cab Svgn Napa Valley,B,3649.27,73,49.99,0.011011885311854954,85.36767495595129,2,296.0
13949,Cade Cab Svgn Napa Cuvee,B,3647.36,64,56.99,0.011006121775326925,85.37868107772661,2,136.0
22569,Bota Box Svgn Bl,B,3646.2599999999998,174,20.95875,0.011002802461096122,85.3896838801877,2,237.0
2689,Black Velvet Reserve,B,3646.08,192,18.99,0.011002259300585626,85.40068613948829,1,27.0
23795,Casa Silva Carmenere,B,3645.7200000000003,228,15.99,0.011001172979564638,85.41168731246785,2,229.0
25522,Sutter Home Clsc Cab Svgn,B,3641.92,608,5.99,0.01098970625767641,85.42267701872552,2,884.0
29128,Sutter Home Merlot Cal,B,3641.92,608,5.99,0.01098970625767641,85.4336667249832,2,706.0
10609,Oyster Bay Chard Marlboro,B,3641.17,283,12.861165644171779,0.010987443088882682,85.44465416807208,2,1418.0
13807,Oh Schist Rsl,B,3640.9700000000003,403,9.065829383886257,0.010986839577204354,85.45564100764928,2,538.0
16326,Black Box Cab Svgn,B,3639.34,766,4.742136752136752,0.010981920957025982,85.4666229286063,2,760.0
32090,Rutherford Ranch Cab Svgn,B,3638.18,182,19.99,0.010978420589291682,85.4776013491956,2,490.0
20446,Barefoot Bubbly Brut Cuvee,B,3636.36,364,9.99,0.010972928633018901,85.48857427782862,2,477.0
26091,Pacific Rim Rsl,B,3631.38,378,9.611443298969073,0.01095790119222854,85.49953217902085,2,867.0
21859,Tiefenbrunner Pnt Grigio,B,3627.23,277,13.107021276595743,0.01094537832490324,85.51047755734575,2,401.0
435,Il Tramonto Limoncello,B,3622.08,192,18.82435582822086,0.010929837899186301,85.52140739524494,1,1124.0
8674,Riunite Moscato,B,3621.58,442,8.143284671532847,0.010928329119990482,85.53233572436493,2,496.0
4044,Calico Jack Mango Rum,B,3620.19,281,12.891408450704224,0.010924134713826104,85.54325985907876,1,16.0
2116,Sapling Maple Bourbon,B,3619.09,91,39.70830985915493,0.010920815399595302,85.55418067447836,1,469.0
8455,R Mondavi Fume Bl Napa Vly,B,3618.87,213,16.99,0.010920151536749141,85.56510082601511,2,1840.0
2270,Laphroaig Triple Wood,B,3617.5299999999997,47,76.96826086956521,0.010916108008504346,85.57601693402361,1,451.0
39717,Estancia Pnt Grigio Cal,B,3610.44,356,10.128364779874214,0.010894713519507628,85.58691164754312,2,814.0
13792,The Wolftrap Syrah Vio Mourv,B,3609.01,399,9.047692307692309,0.010890398411007586,85.59780204595413,2,368.0
42053,Paraduxx Red Duckhorn Napa,B,3607.95,105,34.91,0.010887199799112447,85.60868924575324,2,266.0
30656,Steele Pnt Nr,B,3601.89,211,17.07849557522124,0.010868913395259116,85.6195581591485,2,626.0
4317,Pyrat XO Reserve Rum,B,3600.01,99,36.30111111111111,0.010863240385482838,85.63042139953399,1,369.0
2096,The Macallan Edition No 1,B,3599.64,36,99.99,0.010862123888877931,85.64128352342287,1,0.0
8652,Grande Absente Absinthe,B,3599.36,64,56.10111111111111,0.010861278972528272,85.6521448023954,1,240.0
6433,Avion Anejo Tequila,B,3599.34,66,54.42396226415095,0.01086121862136044,85.66300602101676,1,458.0
6150,Midnight Moon Blackberry,B,3598.2,180,19.99,0.01085777860479397,85.67386379962154,1,464.0
19453,Wente Southern Hill Cab Svgn,B,3597.72,228,15.95551724137931,0.010856330176765985,85.68472012979831,2,840.0
35471,R M Woodbridge Pnt Grigio,B,3595.5,450,7.99,0.010849631197136547,85.69556976099544,2,1872.0
5962,Vermont Ice Maple Creme,B,3585.5299999999997,147,24.443125,0.01081954613997191,85.70638930713541,1,739.0
31618,Chartron La Fleur Brdx Whit,B,3584.48,352,10.174971098265896,0.010816377703660689,85.71720568483907,2,550.0
4309,Paul Masson Gr Amber Brandy,B,3578.02,398,8.99,0.010796884276450704,85.72800256911552,1,392.0
8929,Sebastiani Chard Sonoma,B,3572.25,275,12.989999999999998,0.01077947296453095,85.73878204208005,2,966.0
8689,Paul Masson Rose,B,3571.46,354,10.064074074074075,0.010777089093401556,85.74955913117344,2,483.0
18743,Ca'Momi Merlot Napa Valley,B,3566.43,357,9.99,0.010761910774691612,85.76032104194813,2,2017.0
13614,Acrobat Pnt Nr Ore,B,3561.1299999999997,187,19.054935064935062,0.010745917715215927,85.77106695966334,2,1368.0
23516,Chloe Pnt Nr,B,3559.77,323,11.042356020942409,0.010741813835803301,85.78180877349915,2,385.0
7985,Noilly Prat Extra Dry Vermou,B,3556.44,356,9.99,0.010731765366359143,85.79254053886551,1,763.0
34430,Frei Bros RSV Pnt Nr RRV,B,3550.3799999999997,162,21.863684210526312,0.010713478962505813,85.80325401782801,2,497.0
2994,Hudson Manhattan Rye,B,3549.29,71,49.99,0.010710189823858927,85.81396420765186,1,279.0
1845,Cluny Scotch Whiskey,B,3544.0,200,17.713404255319148,0.01069422693996716,85.82465843459183,1,27.0
8110,Tribuno Dry Vermouth,B,3542.06,394,8.99,0.01068837287668738,85.83534680746851,1,678.0
31384,Benton Lane Pnt Nr Ore,B,3541.64,136,26.050975609756094,0.010687105502162892,85.84603391297067,2,493.0
2830,Serpent's Bite Cider Whiskey,B,3539.4700000000003,253,13.99,0.010680557400453037,85.85671447037112,1,1298.0
46060,Martin Codax Albarino,B,3539.4700000000003,253,13.990000000000002,0.010680557400453037,85.86739502777156,2,665.0
32675,Blackstone Cab Svgn Cal,B,3535.57,343,10.399090909090908,0.010668788922725648,85.8780638166943,2,1780.0
29649,St Hilaire Blanc de Blancs,B,3535.0499999999997,195,18.36142857142857,0.010667219792361994,85.88873103648666,2,584.0
3784,Margaritaville Gold Tequila,B,3533.02,298,11.875714285714286,0.010661094148826968,85.89939213063549,1,976.0
19755,Velvet Crush Red Blend,B,3532.4900000000002,351,10.060796460176991,0.0106594948428794,85.91005162547837,2,192.0
19164,Tracia Malbec,B,3531.53,547,6.5284615384615385,0.010656597986823427,85.9207082234652,2,320.0
5168,Kahlua French Vanilla,B,3529.2699999999995,173,20.396451612903224,0.010649778304858321,85.93135800177005,1,629.0
5628,Baja Rosa Strawberry Liqueur,B,3526.4700000000003,353,9.99,0.010641329141361736,85.94199933091141,1,720.0
1424,Bulleit Bourbon,B,3526.41,259,13.732857142857142,0.010641148087858236,85.95264047899927,1,1063.0
17754,Chocolate Shop Red,B,3525.06,294,11.99,0.010637074384029525,85.9632775533833,2,507.0
6535,Sandeman Tawny Port,B,3525.06,294,11.99,0.010637074384029525,85.97391462776734,2,940.0
15575,Monte Faliesi Falanghina,B,3524.08,392,8.99,0.01063411717680572,85.98454874494415,2,265.0
3218,Firefly Sweet Tea Vodka,B,3523.56,244,14.462081218274113,0.010632548046442068,85.9951812929906,1,1335.0
7282,Colombo Marsala Sweet,B,3523.4700000000003,353,9.98122807017544,0.01063227646618682,86.00581356945678,2,537.0
8496,Jadot Chardonnay,B,3515.66,234,15.052992125984252,0.010608709335148122,86.01642227879192,1,615.0
7279,Yago Sant'Gria Red,B,3508.94,406,8.624980988593155,0.010588431342756312,86.02701071013468,2,850.0
5836,Bauers Obstler Echt,B,3505.6099999999997,139,25.268350515463915,0.010578382873312153,86.03758909300798,1,344.0
5195,Jenkins Melon Liqueur,B,3505.5,450,7.798641975308643,0.010578050941889074,86.04816714394987,1,1022.0
7996,Stock Italian Sweet Vermouth,B,3504.6,540,6.49,0.010575335139336598,86.0587424790892,2,1178.0
15138,Black Stallion Cab Svgn Napa,B,3502.54,146,23.99,0.010569118969049824,86.06931159805825,2,391.0
3662,Three Olives Blueberry Vodka,B,3501.08,292,11.99,0.010564713333798032,86.07987631139204,1,16.0
24503,Far Niente Chard Napa,B,3499.5,50,69.99,0.010559945591539242,86.09043625698358,2,362.0
16669,Sweet Baby Vyds Blueberry,B,3494.31,269,12.99,0.010544284463486639,86.10098054144707,2,970.0
17011,La Maialina Gertrude Red,B,3493.55,245,14.266923076923078,0.010541991119108994,86.11152253256618,2,424.0
3100,Ciroc Red Berry Vodka,B,3488.38,62,56.347142857142856,0.010526390342224221,86.1220489229084,1,471.0
16429,HandCraft Artisan Coll Pnt N,B,3486.51,349,9.99,0.010520747508031857,86.13256967041643,2,610.0
4204,Bacardi Coco Rum,B,3477.29,271,13.22076923076923,0.01049292561966095,86.14306259603609,1,853.0
3325,Pinnacle Caramel Apple Vodka,B,3475.54,346,10.049859154929576,0.010487644892475582,86.15355024092857,1,1163.0
21181,Belaire Sparkling Rose,B,3473.81,119,29.116760563380282,0.010482424516458047,86.16403266544502,2,244.0
44362,Cusumano Nero D'Avola Sicily,B,3472.84,316,10.99,0.010479497484818159,86.17451216292984,2,437.0
20864,W Hill Est Merlot Cntrl Cst,B,3468.33,267,12.99,0.010465888296471867,86.18497805122631,2,497.0
24605,Fortant Chard,B,3467.66,434,7.99,0.01046386653234947,86.19544191775866,2,670.0
25419,Kunde Chard Sonoma Valley,B,3466.69,231,14.99,0.010460939500709582,86.20590285725936,2,494.0
46621,Erath Pnt Nr Estate OR,B,3465.6099999999997,139,24.922584269662917,0.01045768053764661,86.216360537797,2,381.0
4228,Bacardi 8,B,3461.5699999999997,143,24.043097345132743,0.010445489601744391,86.22680602739875,1,659.0
3758,Margaritaville Gold Tequila,B,3461.5,150,23.082857142857144,0.010445278372656977,86.23725130577141,1,672.0
38369,Oyster Bay Pnt Nr Marlboro,B,3460.82,218,15.797692307692309,0.010443226432950663,86.24769453220436,2,1767.0
4677,Courvoisier 12 Yr Cognac,B,3460.26,74,46.803559322033905,0.010441536600251345,86.25813606880462,1,290.0
6173,Gallo Fairbanks Red Port,B,3459.67,433,7.99,0.010439756240800277,86.26857582504542,2,644.0
31466,Ch Carignan Brdx,B,3458.43,157,22.045045871559633,0.010436014468394645,86.27901183951381,2,739.0
23392,Stonehedge Amador 12 Znfdl,B,3456.54,346,9.990000000000002,0.010430311283034448,86.28944215079684,2,
1133,Glenmorangie Collection 4 Pk,B,3454.92,108,31.989999999999995,0.010425422838439995,86.29986757363528,1,69.0
1238,The Glenlivet 12 Yr Single,B,3453.08,692,4.99,0.01041987053099938,86.31028744416628,1,3317.0
44233,A by Acacia Chard Cal,B,3452.57,343,10.048823529411765,0.010418331576219644,86.3207057757425,2,658.0
6224,La Belle Orange Liqueur,B,3448.97,203,16.99,0.010407468366009745,86.33111324410851,1,606.0
28682,F Coppola Rosso Bianco Pnt G,B,3445.01,299,11.49,0.010395518834778857,86.34150876294329,2,793.0
19191,Noble Vines 1 Red Blend,B,3444.11,289,11.916666666666666,0.01039280303222638,86.35190156597552,2,418.0
6168,Kinky Pink Liqueur,B,3443.69,431,7.99,0.010391535657701893,86.36229310163323,1,
13662,Duckhorn Decoy Svgn Bl,B,3442.29,195,17.785384615384615,0.010387311075953599,86.37268041270919,2,2281.0
1347,Bakers Bourbon,B,3439.1400000000003,86,39.99,0.010377805767019938,86.38305821847621,1,730.0
18592,Deadbolt Red,B,3438.48,352,9.84792349726776,0.010375814178481456,86.3934340326547,2,520.0
5875,Malibu Light Bl Hawaiian RTD,B,3438.2599999999998,174,19.744601226993865,0.010375150315635294,86.40380918297033,1,556.0
41033,Menage a Trois White,B,3435.78,322,10.666470588235294,0.010367666770824032,86.41417684974115,2,1225.0
40114,M & R Prosecco Frizzante,B,3435.57,343,10.019761904761904,0.010367033083561789,86.42454388282472,2,389.0
664,Ardbeg Uigeadail Scotch,B,3435.56,44,78.01777777777778,0.01036700290797787,86.4349108857327,1,259.0
8482,Cabot Trail Cana Cream Maple,B,3434.2599999999998,174,19.74,0.010363080082068741,86.44527396581478,1,491.0
644,Amaretto DiSaronno,B,3432.74,126,27.214719101123592,0.01035849339331345,86.45563245920809,1,113.0
2466,Crown Royal Maple Whisky,B,3430.27,73,46.99,0.010351040024086103,86.46598349923218,1,849.0
31070,Treana Red Calif,B,3426.6499999999996,135,25.666923076923077,0.01034011646270837,86.4763236156949,2,433.0
7262,Gallo Sweet Vermouth,B,3425.76,624,5.49,0.010337430835739812,86.48666104653063,2,936.0
25716,Grgich Hills Chard Napa,B,3421.2400000000002,76,45.033478260869565,0.010323791471809608,86.49698483800243,2,633.0
7537,Avion Silver Tequila,B,3419.62,38,89.99,0.010318903027215151,86.50730374102965,1,92.0
4091,Mount Gay Black Barrel Rum,B,3416.85,115,29.75086956521739,0.010310544390470312,86.51761428542011,1,750.0
16877,Ninety+Cellars Lot 53 Cab Sv,B,3413.79,321,10.634444444444444,0.010301310661791898,86.5279155960819,2,961.0
294,Old Mexico Gold Tequila,B,3412.98,402,8.49,0.010298866439494672,86.5382144625214,1,171.0
40053,Campo Viejo Tempranillo,B,3412.7400000000002,326,10.530697674418604,0.01029814222548068,86.54851260474688,2,597.0
8637,Metaxa Ouzo,B,3412.18,182,18.71972972972973,0.01029645239278136,86.55880905713965,1,599.0
18642,Yellow Tail Pink Moscato,B,3409.26,250,13.802947976878611,0.010287641122277778,86.56909669826193,2,1073.0
12505,Angelini Pnt Nr Veneto,B,3406.59,341,9.99,0.010279584241372102,86.5793762825033,2,631.0
3755,Russian Standard Original,B,3402.21,179,18.973606557377046,0.010266367335616724,86.58964264983892,1,669.0
26530,Corbett Canyon Merlot,B,3398.25,475,7.11313432835821,0.010254417804385836,86.59989706764331,2,554.0
15743,Bodegas Izadi Tempranillo Rd,B,3396.89,211,16.120434782608694,0.010250313924973206,86.61014738156828,2,267.0
35578,Alamos Ridge Cab Svgn Mendza,B,3396.6,340,9.99,0.010249438833039632,86.62039682040133,2,980.0
45535,Citra Pnt Grigio,B,3395.91,309,10.99,0.0102473567177494,86.63064417711908,2,684.0
17377,BV Beaurouge Red,B,3387.74,226,14.99,0.010222703265689713,86.64086688038476,2,
17163,Menage a Trois Cab Svgn,B,3385.16,284,11.886969696969699,0.010214917965039285,86.65108179834981,2,404.0
8780,Sandeman Fine Rich Madeira,B,3382.87,213,15.865739644970414,0.010208007756322433,86.66128980610613,2,713.0
8171,Leroux Blackberry Brandy,B,3377.88,3412,0.99,0.010192950139948158,86.67148275624608,1,6916.0
23889,Corbett Canyon Wh Znfdl,B,3376.28,472,7.192846975088968,0.010188122046521536,86.68167087829259,2,484.0
14279,Movendo Moscato,B,3366.92,408,8.251410788381744,0.010159877699975799,86.69183075599257,2,523.0
4898,Mount Gay Extra Old Rum,B,3359.1600000000003,84,39.99,0.010136461446856683,86.70196721743943,1,1076.0
45885,Mer Soleil Silver Chard,B,3358.3199999999997,168,19.99,0.010133926697807705,86.71210114413724,2,418.0
4833,Plantation Original Dark Rum,B,3357.76,224,14.989999999999998,0.010132236865108389,86.72223338100234,1,6.0
33348,Greg Norman Limestone Shiraz,B,3356.63,237,14.17,0.010128827024125838,86.73236220802647,2,1062.0
6995,Carlo Rossi Spanada Sangria,B,3355.2,480,6.99,0.010124511915625793,86.7424867199421,2,472.0
44081,Wente Riva Ranch Chard,B,3353.43,157,21.262727272727272,0.010119170837272594,86.75260589077936,2,448.0
33579,Tommasi Valpo Clsc Supr Rafl,B,3352.92,208,16.099375,0.010117631882492858,86.76272352266186,2,498.0
31497,Barefoot Svgn Bl Cal,B,3348.97,303,11.056666666666667,0.010105712526845884,86.77282923518871,2,462.0
33039,Beringer Fndrs Est Merlot,B,3344.3999999999996,160,21.05896551724138,0.010091922284996096,86.78292115747371,2,1369.0
8191,Savory & James Deluxe Cream,B,3344.2,180,18.595263157894735,0.01009131877331777,86.79301247624703,1,517.0
4239,Pampero Ron Anejo Aniversari,B,3342.4799999999996,152,21.99,0.01008612857288415,86.80309860481991,1,276.0
515,Hirsch Selection Bourbon,B,3334.1400000000003,86,38.83615384615384,0.010060962135897886,86.8131595669558,1,246.0
5741,Merry Wh Chocolate Liqueur,B,3332.75,225,14.778819875776398,0.010056767729733507,86.82321633468554,1,553.0
2822,James E Pepper 1776 Rye,B,3331.89,111,30.020927835051545,0.010054172629516698,86.83327050731506,1,254.0
5202,Dr McGillicuddy's Vanilla,B,3331.61,239,13.934444444444443,0.01005332771316704,86.84332383502823,1,1262.0
28262,Nathanson Creek Merlot,B,3326.48,352,9.45987951807229,0.010037847638617935,86.85336168266684,2,813.0
44035,De Loach Pnt Nr,B,3306.69,331,9.99,0.009978130158047407,86.86333981282489,2,485.0
21232,Barefoot Bubbly Prosecco,B,3306.69,331,9.99,0.009978130158047407,86.87331794298294,2,740.0
33982,Lyeth Estate Meritage N Cst,B,3299.94,206,16.039586776859505,0.009957761638903845,86.88327570462184,2,191.0
8847,J Roget Extra Dry,B,3294.5,550,5.99,0.00994134612125333,86.89321705074309,2,1109.0
24101,Soli White Blend,B,3291.88,412,7.99,0.00993344011826724,86.90315049086135,2,
23049,Benziger Svgn Bl N Cst,B,3283.38,362,9.116506024096386,0.009907790871938311,86.91305828173329,2,435.0
26787,Moet & Chandon Imperial,B,3281.69,281,11.641079136690648,0.00990269119825644,86.92296097293155,2,546.0
5780,Malibu Black,B,3275.8,220,14.894761904761905,0.009884917779329691,86.93284589071088,1,927.0
8788,Stolichnaya,B,3271.56,1644,1.99,0.009872123331749142,86.94271801404263,1,5257.0
13052,Ch Ste Michelle Gewurz Colum,B,3268.59,341,9.661122994652407,0.009863161183325976,86.95258117522596,2,777.0
31320,La Vieille Ferme Rose Vntoux,B,3262.12,388,8.405841584158416,0.009843637580532074,86.96242481280649,2,1352.0
8475,J Roget Extra Dry,B,3261.38,1822,1.79,0.009841404587322262,86.97226621739381,2,1858.0
22344,Rioja Bordon Rsva Tempranllo,B,3258.83,217,15.040847457627118,0.009833709813423583,86.98209992720723,2,350.0
27361,Borsao Campo de Borja Red,B,3257.39,361,9.047971014492754,0.009829364529339623,86.99192929173657,2,728.0
3235,Absolut Berri Acai,B,3256.1899999999996,181,17.99,0.009825743459269657,87.00175503519584,1,451.0
2047,Sheep Dip Scotch,B,3254.07,93,34.99,0.009819346235479384,87.01157438143132,1,261.0
40051,Concannon Select Vyds Pnt Nr,B,3251.93,407,7.99,0.009812888660521277,87.02138727009184,2,632.0
38542,Avalon Cab Svgn Cal,B,3249.08,292,11.126752136752136,0.009804288619105107,87.03119155871094,2,502.0
16829,C Y Toro Gran Reserva Cab Sv,B,3245.68,232,13.99,0.009794028920573536,87.04098558763151,2,406.0
5128,Carolans Irish Cream,B,3245.53,247,13.142284263959391,0.00979357628681479,87.05077916391832,1,1071.0
33965,Castellare Chianti Clsc,B,3243.46,154,21.087560975609755,0.009787329940944098,87.06056649385927,2,244.0
24650,Perrier Jouet BE Luxury Case,B,3241.71,29,111.865,0.00978204921375873,87.07034854307302,2,14.0
21287,Foley Johnson Cab Svgn,B,3241.5899999999997,141,22.99,0.009781687106751733,87.08013023017978,2,
6946,Rosemount Diamond Cab Svgn,B,3240.73,327,9.9275,0.009779092006534925,87.08990932218632,2,1019.0
90089,Ch Lynch Bages 12 Pauillac,B,3239.7300000000005,27,119.98999999999998,0.009776074448143287,87.09968539663446,2,124.0
12368,Vina Zaco Tempranillo Rioja,B,3237.3,270,11.99,0.009768741781251604,87.10945413841571,2,781.0
39357,Bota Box Merlot Cal,B,3234.4399999999996,156,20.966,0.009760111564251517,87.11921424997996,2,256.0
1744,Old Forester 100 Bourbon,B,3231.54,146,22.139999999999997,0.009751360644915765,87.12896561062487,1,377.0
46734,Gnarly Head Cab Svgn Cal,B,3226.19,273,12.07876712328767,0.0097352167075205,87.1387008273324,2,1301.0
47090,Napa Cellars Cab Svgn Napa,B,3214.66,134,23.99,0.009700424259264906,87.14840125159166,2,360.0
5230,Bacardi Party Drinks Bahama,B,3213.9900000000002,201,15.99,0.00969840249514251,87.15809965408681,1,672.0
23973,Catena RSV Cab Svgn,B,3211.1099999999997,189,16.99,0.00968971192697459,87.16778936601379,2,608.0
36262,Newton Chard Napa/Sonoma,B,3211.1099999999997,189,16.99,0.00968971192697459,87.17747907794077,2,485.0
2258,Dewars Special Reserve 12 Yr,B,3208.93,207,15.57974358974359,0.009683133649680816,87.18716221159046,1,814.0
44148,Polka Dot Rsl Pfalz,B,3208.41,459,6.99,0.009681564519317164,87.19684377610977,2,122.0
18857,Barefoot Refresh Crisp White,B,3204.65,535,5.99,0.009670218499764606,87.20651399460954,2,824.0
426,Crystal Head Vodka,B,3203.9900000000002,401,7.99,0.009668226911226124,87.21618222152077,1,1080.0
43553,La Puerta La Rioja Malbec,B,3200.44,356,8.99,0.009657514578935806,87.2258397360997,2,381.0
12227,Korbel Sweet Rose,B,3199.86,214,15.109047619047619,0.009655764395068656,87.23549550049476,2,900.0
2333,Bruichladdich Scotish Barley,B,3199.36,64,49.99,0.009654255615872836,87.24514975611064,1,288.0
34504,Ca'Montini Pinot Grigio Tre,B,3198.87,213,15.043097345132745,0.009652777012260933,87.2548025331229,2,682.0
38528,Seghesio Old Vine Znfdl,B,3198.1800000000003,82,39.00960784313725,0.009650694896970704,87.26445322801987,2,186.0
32479,Danzante Del Vnzi Pnt Grigio,B,3198.09,291,10.99,0.009650423316715456,87.27410365133659,2,2502.0
6015,Jackson Morgan Salted Carmel,B,3195.6099999999997,139,22.99,0.009642939771904191,87.2837465911085,1,161.0
5259,Blue Chair Bay Coconut Rum,B,3194.12,188,16.99,0.009638443609900649,87.2933850347184,1,509.0
17748,Black Box Pnt Grigio,B,3193.35,665,4.811608040201005,0.009636120089939089,87.30302115480833,2,935.0
5130,X Rated Fusion Liqueur,B,3186.3199999999997,168,19.467272727272725,0.009614906654445868,87.31263606146278,1,351.0
5740,Sweet Revenge,B,3184.37,163,19.560469798657717,0.009609022415582173,87.32224508387837,1,380.0
6157,Kinky Blue Liqueur,B,3180.02,398,7.99,0.009595896036578547,87.33184097991494,1,
5771,Art In The Age Snap,B,3178.94,106,29.99,0.009592637073515577,87.34143361698845,1,296.0
6193,Midnight Moon Moonshine,B,3178.41,159,19.99,0.009591037767568008,87.35102465475602,1,389.0
36284,Gruet Brut New Mexico,B,3177.1299999999997,187,16.99,0.00958717529282671,87.36061183004884,2,1086.0
8655,Plomari Ouzo,B,3174.24,176,18.03838709677419,0.009578454549074874,87.37019028459791,1,433.0
39654,Sutter Home Pnt Grigio Cal,B,3166.83,317,9.99,0.009556094441392833,87.3797463790393,2,331.0
6593,Souverain Chard N Cst,B,3166.77,253,12.417272727272728,0.009555913387889334,87.38930229242719,2,567.0
168,Three Olives Strawberry,B,3165.36,264,11.99,0.009551658630557125,87.39885395105775,1,771.0
20557,The Other Red,B,3165.36,264,11.99,0.009551658630557125,87.4084056096883,2,440.0
11821,Slingshot Cab Svgn,B,3163.1299999999997,187,16.908367346938775,0.00954492947534377,87.41795053916364,2,360.0
20422,M Chiarlo Barberesco Anni 09,B,3162.87,113,27.99,0.009544144910161945,87.4274946840738,2,67.0
3079,Devils Spring Vodka,B,3161.87,213,15.234444444444446,0.009541127351770306,87.43703581142557,1,
21317,Bartenura Moscato,B,3161.7400000000002,226,13.99,0.009540735069179395,87.44657654649475,2,362.0
5192,Kahlua Mocha,B,3161.45,155,20.40353383458646,0.009539859977245818,87.456116406472,1,146.0
27802,Moet & Chandon Imperial,B,3159.21,129,24.49,0.009533100646448547,87.46564950711846,2,513.0
18600,Perrier Jouet Belle Epoque,B,3158.73,27,116.99,0.009531652218420561,87.47518115933687,2,247.0
9358,KAH Reposado Tequila,B,3154.4700000000003,53,59.489999999999995,0.009518797419672181,87.48469995675654,1,340.0
1836,Tyrconnell Irish Whiskey,B,3153.95,105,30.042631578947365,0.009517228289308528,87.49421718504585,1,358.0
13695,Red Rock Winery Malbec,B,3152.52,348,9.040691244239632,0.009512913180808484,87.50373009822667,2,462.0
8170,Courvoisier VS Cognac,B,3151.46,1054,2.99,0.00950971456891335,87.51323981279558,1,5252.0
1722,Jack Daniels Sinatra Century,B,3149.9300000000003,7,449.99000000000007,0.009505097704574143,87.52274491050015,1,13.0
2202,Karner Blue Gin,B,3148.95,105,29.99,0.009502140497350335,87.5322470509975,1,630.0
22387,Gnarly Head Authentic Black,B,3148.38,262,12.384957983193276,0.009500420489067102,87.54174747148656,2,1002.0
43020,Krug Grande Cuvee Brut,B,3145.78,22,142.99,0.009492574837248842,87.55124004632381,2,77.0
21965,Marques de Caceres Blanco Wh,B,3143.55,345,9.166470588235294,0.009485845682035489,87.56072589200585,2,2048.0
30602,Zardetto Prosecco Conegliano,B,3138.82,218,14.35986301369863,0.009471572630843037,87.57019746463669,2,1960.0
15528,Cannonball Chard,B,3137.76,224,14.025398230088497,0.0094683740189479,87.57966583865564,2,1110.0
6755,Peter Vella Chablis B/B,B,3132.91,209,14.99,0.009453738860748451,87.58911957751639,2,283.0
38180,Rex Goliath Merlot,B,3128.8,520,6.043030303030304,0.009441336695758818,87.59856091421214,2,711.0
3951,Hornitos Reposado Tequila,B,3127.44,1256,2.49,0.009437232816346189,87.6079981470285,1,5496.0
7728,Great Western X Dry,B,3126.87,313,9.99,0.009435512808062955,87.61743365983656,2,1324.0
1168,Old Grand Dad Bonded,B,3124.4599999999996,154,20.2915873015873,0.009428240492339104,87.6268619003289,1,
23161,Loft Cab Svgn,B,3120.6099999999997,139,22.481071428571425,0.009416622892531297,87.63627852322143,2,143.0
12944,Middle Sister Rebel Red,B,3116.88,312,9.99,0.009405367399730486,87.64568389062117,2,579.0
11067,Sterling Chard,B,3112.3399999999997,206,15.198648648648648,0.009391667684632446,87.65507555830581,2,1335.0
5160,Hpnotiq Liqueur,B,3110.17,283,10.99,0.009385119582922591,87.66446067788873,1,530.0
44182,Tommasi Poggio Al Tufo Rompi,B,3110.06,194,16.03761904761905,0.009384787651499511,87.67384546554023,2,332.0
5929,RumChata Liqueur,B,3104.31,69,44.99,0.00936743669074759,87.68321290223098,1,543.0
2704,Serpent's Bite Cider Whiskey,B,3094.7400000000002,3126,0.9899999999999999,0.009338558656939609,87.69255146088791,1,116.0
37657,Maso Canali Pinot Grigio Tr,B,3094.2799999999997,172,17.99,0.009337170580079454,87.701888631468,2,523.0
2810,Bib & Tucker Bourbon,B,3079.45,55,55.99,0.009292420189131453,87.71118105165712,1,248.0
43359,David Bruce Pnt Nr RRV,B,3079.23,77,39.99,0.009291756326285292,87.72047280798341,2,216.0
4113,Capt Morgan White,B,3078.9,3110,0.99,0.009290760532016053,87.72976356851542,1,4986.0
24458,Franciscan Magnificat Red,B,3075.28,72,42.519411764705886,0.009279836970638321,87.73904340548606,2,134.0
2852,Bushmills 10 Yr Irish Whisky,B,3074.25,75,40.99,0.009276728885494932,87.74832013437155,1,308.0
8369,Pernod Anise Liqueur,B,3071.1400000000003,86,35.70014492753623,0.009267344278896937,87.75758747865045,1,567.0
2448,Seagrams VO Gold,B,3070.08,192,15.99,0.0092641456670018,87.76685162431745,1,264.0
13663,Duckhorn Decoy Znfdl Napa Vl,B,3069.56,156,21.213466666666665,0.009262576536638149,87.7761142008541,2,1222.0
19215,Dom Vacheron Sancerre Blanc,B,3068.96,104,29.52125,0.009260766001603164,87.7853749668557,2,471.0
17601,Ch Palmer Margaux 09 Medoc,B,3059.91,9,339.99,0.009233457098158834,87.79460842395386,2,33.0
2109,Lagavulin Distillers Edition,B,3059.66,34,89.99,0.009232702708560926,87.80384112666242,1,128.0
25802,Dynamite Cab Svgn N Cst,B,3055.47,253,12.07,0.00922005913889996,87.81306118580132,2,531.0
1186,Evan Williams Single Barrel,B,3050.91,109,27.99,0.009206299072634087,87.82226748487395,1,550.0
3764,Patron Reposado Tequila,B,3048.94,106,28.787979797979794,0.00920035448260256,87.83146783935655,1,471.0
23778,M Chiarlo Barbera D'Asti,B,3038.25,275,11.114031007751938,0.009168096783395944,87.84063593613995,2,532.0
8280,Piper Sonoma Brut,B,3037.0,200,15.431176470588236,0.009164324835406395,87.84980026097536,2,1125.0
6183,Clos du Bois Svgn Bl N Cst,B,3035.42,258,12.17840579710145,0.009159557093147606,87.8589598180685,2,1558.0
17168,Kendall Jackson Vntrs Rsl Rs,B,3033.42,258,11.748620689655173,0.00915352197636433,87.86811334004486,2,861.0
5697,Metcalfe's Maple Liqueur,B,3029.6299999999997,137,22.162413793103447,0.009142085430060018,87.87725542547491,1,398.0
175,1800 Anejo Tequila,B,3023.28,72,41.99,0.009122923934273115,87.88637834940918,1,228.0
19962,St Francis Merlot,B,3023.2599999999998,174,17.405254237288133,0.009122863583105281,87.89550121299229,2,681.0
44620,A to Z Ore Chard,B,3018.84,220,14.157272727272726,0.009109525975014238,87.9046107389673,2,848.0
19190,Noble Vines 242 Svgn Bl,B,3017.26,274,11.034776119402986,0.00910475823275545,87.91371549720006,2,330.0
6267,Kinky Gold Liqueur,B,3014.24,176,17.138387096774192,0.0090956452064127,87.92281114240647,1,914.0
9066,American Harvest Organic,B,3007.06,94,31.99,0.009073979137160735,87.93188512154363,1,
4724,Patron Citronge Lime Liqueur,B,3006.66,134,22.485495495495496,0.00907277211380408,87.94095789365744,1,843.0
36161,Ch Ste Michelle Pnt Gris Was,B,3003.32,268,11.105606936416185,0.009062693468776008,87.95002058712622,2,750.0
500,Remy Martin Louis XIII,B,2999.99,1,2999.99,0.00905264499933185,87.95907323212555,1,10.0
2953,Bowmore Mizurana,B,2999.97,3,999.99,0.009052584648164018,87.9681258167737,1,4.0
1009,Rebel Yell Variety Pack,B,2999.4,60,49.99,0.009050864639880784,87.97717668141358,1,
37926,Five Rivers Pnt Nr,B,2997.51,249,12.027383177570094,0.009045161454520587,87.9862218428681,2,540.0
2856,Cragganmore 12-Yr Sngle Malt,B,2993.4900000000002,51,58.5845945945946,0.0090330308697862,87.99525487373789,1,354.0
42765,14 Hands Chard Wash,B,2993.04,264,11.441645569620253,0.009031672968509962,88.0042865467064,2,1233.0
13694,MacMurray Ranch Chard Sonoma,B,2990.13,187,15.99,0.009022891873590295,88.01330943857998,2,436.0
43131,Carpano Antica Formula,B,2987.7,230,12.99,0.009015559206698612,88.02232499778668,2,277.0
12945,Middle Sister Mischief Maker,B,2987.01,299,9.99,0.009013477091408383,88.0313384748781,2,445.0
33731,Hopler Gruner Veltliner,B,2986.91,209,14.404634146341463,0.009013175335569218,88.04035165021367,2,1836.0
18551,Antigal Uno Malbec Mendoza,B,2986.12,188,15.865,0.009010791464439824,88.0493624416781,2,635.0
7358,Viniq Ruby Shimmery Liqueur,B,2981.43,157,18.99,0.008996639115583039,88.05835908079368,1,722.0
43798,Trivento Select Mendz Malbec,B,2979.04,296,10.071081081081081,0.008989427151027024,88.0673485079447,2,608.0
8491,Forbidden Secret Dark Mocha,B,2978.54,146,20.403793103448272,0.008987918371831204,88.07633642631653,1,363.0
2648,Chivas Regal,B,2976.3199999999997,168,17.692702702702704,0.008981219392201764,88.08531764570873,1,647.0
39979,Little Penguin Chard Ausl,B,2973.86,214,13.876363636363637,0.008973796198558336,88.09429144190729,2,664.0
18568,A by Acacia Unoaked Chard Ca,B,2971.05,295,10.045555555555556,0.00896531685947783,88.10325675876676,2,522.0
539,Bowman's Vodka,B,2970.27,513,5.79,0.008962963163932351,88.1122197219307,1,324.0
18578,O'Shaugnessey Cab Svgn Howel,B,2969.67,33,89.99,0.00896115262889737,88.1211808745596,2,52.0
5702,Art In The Age Root Liqueur,B,2969.0099999999998,99,29.990000000000002,0.008959161040358887,88.13014003559996,1,294.0
3472,Cazadores Blanco Tequila,B,2968.47,153,19.42089430894309,0.008957531558827402,88.13909756715879,1,832.0
4480,Appleton Special Gold Rum,B,2966.9500000000003,205,14.450674157303371,0.008952944870072112,88.14805051202886,1,532.0
25714,Grgich Hills Cab Svgn Napa,B,2964.53,47,63.13285714285714,0.008945642378764348,88.15699615440762,2,234.0
4334,Casa Noble Blanco Crystal,B,2964.25,75,39.48275362318841,0.008944797462414687,88.16594095187004,1,488.0
14194,Caparzo Brnllo di Montalcino,B,2963.2200000000003,78,37.99,0.008941689377271302,88.17488264124731,2,210.0
2214,James E Pepper Bourbon,B,2960.13,87,34.03054054054054,0.008932365121841137,88.18381500636914,1,295.0
41981,Ridge Lytton Spring Znfdl,B,2959.2,80,36.99,0.008929558792536912,88.19274456516168,2,122.0
41143,Red Diamond Cab Svgn Wash,B,2959.14,302,9.80078947368421,0.008929377739033415,88.20167394290071,2,2052.0
2158,Sortilege Liqueur,B,2958.52,148,19.99,0.008927506852830598,88.21060144975354,1,387.0
15892,Red Guitar Sangria,B,2958.19,581,5.079506172839507,0.008926511058561357,88.2195279608121,2,784.0
2591,Cardhu Scotch,B,2955.32,68,43.39983606557377,0.008917850665977356,88.22844581147808,1,479.0
4521,Appleton Estate Reserve Rum,B,2944.7999999999997,120,24.456666666666667,0.008886105951697316,88.23733191742978,1,402.0
39775,Bogle Svgn Bl Cal,B,2943.32,268,10.845263157894736,0.008881639965277691,88.24621355739507,2,704.0
2682,The Glendronach 12 Yr Scotch,B,2937.4900000000002,51,57.54555555555556,0.00886404759985444,88.25507760499492,1,334.0
2241,Death's Door Gin,B,2936.87,113,25.99,0.008862176713651623,88.26393978170857,1,306.0
233,Tullamore Dew 12 Yr Old,B,2934.36,64,45.71222222222222,0.008854602642088611,88.27279438435066,1,329.0
44041,Bella Sera Pinot Noir Delle,B,2929.95,255,11.49,0.008841295209581483,88.28163567956024,2,490.0
15295,Flip Flop Pnt Grigio,B,2929.1800000000003,582,5.037169811320755,0.008838971689619923,88.29047465124985,2,416.0
45770,Bonterra Mendocino Org Znfdl,B,2923.91,209,13.99,0.008823069156895987,88.29929772040674,2,444.0
2412,JP Wiser's Rye,B,2912.64,136,21.49,0.00878906127382222,88.30808678168056,1,517.0
15047,Zaccagnini Pnt Grigio,B,2912.43,157,18.45875,0.008788427586559976,88.31687520926712,2,571.0
34137,Fat Bastard Chard,B,2912.35,265,10.99,0.008788186181888645,88.32566339544901,2,780.0
27799,Ch de Sancerre Sancerre,B,2909.0299999999997,97,29.989999999999995,0.008778167888028404,88.33444156333704,2,435.0
4447,Patron XO Cafe Dark Cocoa,B,2902.91,109,26.646565656565656,0.008759700430671575,88.34320126376771,1,1397.0
3300,Smirnoff Sorbet Mango/Pasion,B,2902.68,2932,0.99,0.0087590063922415,88.35196027015995,1,55.0
43308,Penfolds Koonunga Hil Shiraz,B,2901.58,242,11.99,0.008755687078010697,88.36071595723796,2,100.0
4483,Casamigos Reposado,B,2900.85,1165,2.49,0.008753484260384801,88.36946944149834,1,1961.0
24096,Gallo Copperidge Chard Cal,B,2900.85,415,6.99,0.008753484260384801,88.37822292575872,2,368.0
2821,Auchentoshan American Oak,B,2900.2200000000003,78,37.2012676056338,0.00875158319859807,88.38697450895732,1,281.0
45474,Belle Glos Alturas Pnt Nr,B,2899.42,58,49.99,0.00874916915188476,88.3957236781092,2,224.0
46582,Grayson Cellars Pnt Nr Cntrl,B,2899.13,287,10.275714285714285,0.008748294059951183,88.40447197216916,2,401.0
23393,Havens Cab Svgn 11,B,2896.39,161,17.99,0.008740025949958093,88.41321199811912,2,
6360,Taylor Nys Cream Sherry,B,2895.93,207,13.99,0.00873863787309794,88.42195063599222,2,290.0
23212,The Dreaming Tree Pnt Nr CA,B,2895.01,199,14.497692307692308,0.008735861719377633,88.43068649771159,2,695.0
6655,Carlo Rossi Paisano Calif,B,2893.86,414,6.99,0.008732391527227247,88.43941888923882,2,446.0
13854,Mark West Pnt Nr RRV,B,2892.2999999999997,170,17.026036036036036,0.00872768413613629,88.44814657337496,2,169.0
40055,Campo Viejo Gran RSV Rioja,B,2891.39,161,17.946521739130436,0.0087249381579999,88.45687151153295,2,436.0
43920,Farnum Hill Semi-Dry Cider,B,2889.59,241,11.99,0.008719506552894952,88.46559101808585,2,491.0
38771,Rob Stuart Big Fire Pnt Gris,B,2888.2999999999997,170,16.99,0.008715613902569736,88.47430663198841,2,319.0
41787,Ferrari-Carano Cab Svgn Alex,B,2886.2400000000002,76,38.115,0.008709397732282962,88.4830160297207,2,487.0
25531,BR Cohn Silver Cab Svgn Snm,B,2884.79,121,23.70428571428571,0.008705022272615085,88.49172105199332,2,285.0
6596,Kenwood Svgn Bl Sonoma,B,2884.76,224,12.911739130434784,0.008704931745863337,88.50042598373919,2,1075.0
39631,Red Truck Cal,B,2884.41,359,8.062164948453608,0.008703875600426262,88.50912985933962,2,460.0
24604,Dark Horse Pnt Nr,B,2884.39,361,7.99,0.008703815249258428,88.51783367458889,2,470.0
20855,Cockburns Special RSV,B,2883.78,222,12.99,0.00870197453863953,88.52653564912752,2,584.0
3176,Smugglers Notch Vodka,B,2882.97,103,27.99,0.008699530316342302,88.53523517944387,1,453.0
19218,Veuve Clicquot Brut Grande,B,2879.76,24,119.99,0.008689843953905145,88.54392502339778,2,117.0
26876,Pol Roger Brut Vintage,B,2879.64,36,79.99,0.008689481846898146,88.55261450524468,2,
4386,Casa Noble Reposado,B,2879.36,64,44.99,0.008688636930548489,88.56130314217522,1,363.0
4147,Kirk and Sweeney 18 Yr Rum,B,2879.28,72,39.99,0.008688395525877158,88.5699915377011,1,160.0
7353,1800 Ultimate Peach Margrita,B,2878.56,144,19.99,0.008686222883835177,88.57867776058494,1,637.0
5246,Bacardi Party Drinks Zombie,B,2878.2,180,15.99,0.008685136562814187,88.58736289714776,1,388.0
13931,Ghost Pines Znfdl L Martini,B,2871.31,169,16.99,0.008664345585495796,88.59602724273326,2,384.0
12109,La Crema Pnt Nr Monterey,B,2868.62,138,20.77125,0.00865622835342229,88.60468347108667,2,424.0
32138,Bonterra Merlot Organic Mndc,B,2867.9500000000003,205,13.99,0.008654206589299893,88.61333767767597,2,441.0
3345,Bombay Sapphire Gin,B,2867.59,1441,1.9900000000000002,0.008653120268278903,88.62199079794425,1,4562.0
4414,Cruzan Pineapple Rum,B,2867.13,287,9.989999999999998,0.008651732191418748,88.63064253013567,1,679.0
2828,Tom Cat Barrel Aged Gin,B,2866.3900000000003,61,46.99,0.008649499198208937,88.63929202933389,1,415.0
2982,Highland Park Dark Origins,B,2865.64,36,79.52333333333333,0.008647236029415207,88.6479392653633,1,403.0
33038,Beringer Fndrs Est Chard,B,2865.6099999999997,139,20.95296296296296,0.008647145502663456,88.65658641086597,2,1692.0
3941,Tres Generaciones Reposado,B,2863.23,77,37.192702702702704,0.008639963713691358,88.66522637457966,1,227.0
16477,Cupcake Angel Food,B,2857.58,342,8.3625,0.008622914508778598,88.67384928908844,2,936.0
4624,Meukow 90,B,2853.87,113,26.50315789473684,0.00861171936714562,88.68246100845559,1,765.0
18096,Bolla Amarone Valpolicella,B,2853.11,89,32.082307692307694,0.008609426022767975,88.69107043447836,2,413.0
13930,Gallo Copperidge Pnt Grigio,B,2851.92,408,6.99,0.008605835128281924,88.69967626960664,2,181.0
7868,Mumm Cordon Rouge Brut,B,2849.2400000000002,76,37.16391304347827,0.008597748071792335,88.70827401767843,2,742.0
23820,Le Mistral Red,B,2848.8599999999997,114,24.99,0.008596601399603509,88.71687061907804,2,1.0
13397,Dom Seguinot-Bordet Chablis,B,2848.77,123,23.174210526315786,0.008596329819348263,88.72546694889739,2,535.0
8696,Gekkeikan Plum Wine,B,2846.41,259,10.99,0.008589208381543997,88.73405615727894,2,595.0
7423,Manischewitz Concord Kosher,B,2843.8,320,8.885604395604396,0.00858133255414182,88.74263748983309,2,610.0
5877,Ryans Irish Cream,B,2842.29,2871,0.99,0.008576776040970445,88.75121426587405,1,7522.0
4413,Casamigos Blanco,B,2839.73,1427,1.99,0.008569051091487851,88.75978331696554,1,2365.0
15007,Sean Minor Carneros Pnt Nr,B,2838.58,142,19.99,0.008565580899337465,88.76834889786488,2,300.0
2940,Hakushu 12 Yr Japanese Whsky,B,2837.67,33,85.99,0.008562834921201076,88.77691173278609,1,59.0
11854,Trivento Amado Sur Malbec,B,2835.82,218,13.036666666666667,0.008557252438176543,88.78546898522427,2,464.0
29616,Kermit Lynch Cotes du Rhone,B,2834.83,217,13.08375,0.008554265055368823,88.79402325027964,2,379.0
37049,Argyle Willamette Pnt Nr,B,2834.71,129,21.99,0.008553902948361825,88.802577153228,2,312.0
3517,Smirnoff Sorbet Mango/Pasion,B,2824.59,291,9.702121212121211,0.008523365257438442,88.81110051848543,1,2.0
5705,Bauchant Orange Liqueur,B,2818.5899999999997,141,19.99,0.00850525990708861,88.81960577839251,1,399.0
29077,Pine Ridge Chn Bl/Viognier,B,2818.12,188,14.99,0.00850384165464454,88.82810962004716,2,422.0
829,Tanqueray Sterling Vodka,B,2803.13,187,14.99,0.008458608454353879,88.8365682285015,1,23.0
20731,Villa Jolanda Strwby Moscato,B,2802.62,238,11.743333333333334,0.008457069499574144,88.84502529800108,2,666.0
8200,Chambord Liqueur de France,B,2801.63,937,2.99,0.008454082116766421,88.85347938011785,1,3273.0
3288,Svedka Strwbry Lemonad Vodka,B,2800.7799999999997,122,22.944022988505747,0.008451517192133527,88.86193089730997,1,19.0
3320,Rosita Tequila Wh,B,2796.29,301,9.29,0.00843796835495507,88.87036886566493,1,319.0
3695,Rain Organics Vodka,B,2791.64,236,11.818282828282829,0.00842393670843395,88.87879280237337,1,686.0
1386,George Dickel No 8 Bourbon,B,2790.7,130,21.388058252427182,0.00842110020354581,88.88721390257692,1,543.0
2792,Jim Beam Apple,B,2785.86,2814,0.99,0.008406495220930281,88.89562039779784,1,53.0
8749,Lugny Les Charmes Macon,B,2782.4,160,17.198333333333334,0.008396054468895211,88.90401645226673,2,949.0
14663,Spellbound Merlot,B,2780.99,201,13.84840707964602,0.008391799711563,88.91240825197829,2,621.0
19611,Veuve Clicquot Brut Yellow,B,2774.73,27,102.99,0.008372909796031343,88.92078116177433,2,162.0
253,Poland Spring Vodka,B,2773.41,479,5.79,0.00836892661895438,88.92915008839329,1,146.0
16327,Black Box Merlot,B,2771.09,591,4.716688102893891,0.008361925883485779,88.93751201427678,2,604.0
38322,Fuki Sake,B,2769.69,231,11.99,0.008357701301737484,88.94586971557851,2,340.0
4263,Capt Morgan Silver Spicd Rum,B,2769.37,163,16.99,0.008356735683052159,88.95422645126156,1,274.0
4200,Bacardi Grand Melon,B,2765.94,206,13.4275,0.00834638545776884,88.96257283671933,1,4.0
8128,Espolon Anejo Tequila,B,2764.2000000000003,80,34.56142857142857,0.008341134906167388,88.97091397162549,1,434.0
9118,Caffo Sambuca Secolare,B,2762.23,177,15.801475409836065,0.00833519031613586,88.97924916194162,1,11.0
999,Jameson 18 Year Old,B,2759.77,23,119.98999999999998,0.00832776712249243,88.98757692906412,1,202.0
2302,St George Botanivore Gin,B,2759.08,92,29.99,0.008325685007202198,88.99590261407133,1,409.0
15827,Frisk Prickly Rsl,B,2757.28,272,10.212222222222223,0.00832025340209725,89.00422286747343,2,501.0
23173,Four Star Cab Svgn,B,2756.03,197,13.990000000000002,0.008316481454107702,89.01253934892753,2,
15092,Anne Amie Pnt Nr,B,2755.91,109,25.42939393939394,0.008316119347100704,89.02085546827463,2,309.0
6748,Turning Leaf RSV Chard Cal,B,2749.41,459,5.99,0.008296505217555053,89.02915197349219,2,657.0
21231,La Marca Prosecco,B,2744.4300000000003,557,4.945026455026455,0.008281477776764695,89.03743345126895,2,910.0
15168,Durigutti Malbec Mendoza,B,2743.17,183,14.99,0.008277675653191228,89.04571112692214,2,333.0
23259,Vegan Vines Chard,B,2741.95,305,8.99,0.008273994231953428,89.0539851211541,2,
39923,Sterling Vintner Clt Svgn Bl,B,2737.26,274,9.99,0.008259841883096645,89.0622449630372,2,427.0
19870,Yellow Tail Sangria,B,2736.96,212,13.384965034965035,0.008258936615579152,89.07050389965278,2,1590.0
2237,Edradour 10 Yr Single Malt,B,2735.52,48,56.99,0.008254591331495195,89.07875849098427,1,325.0
39412,Mirassou Merlot Cal,B,2727.27,273,9.99,0.008229696474764174,89.08698818745904,2,605.0
16655,Dom Bousquet Cab Svgn Mendza,B,2725.52,248,10.99,0.008224415747578807,89.09521260320662,2,652.0
3362,Poland Spring Gin,B,2725.45,455,5.99,0.008224204518491391,89.10343680772512,1,391.0
3525,Gold Crown Vodka,B,2717.28,432,6.29,0.008199551066431705,89.11163635879154,1,283.0
7725,Great Western Brut,B,2717.28,272,9.99,0.008199551066431705,89.11983590985797,2,1250.0
3510,Smirnoff Light Lemon Sorbet,B,2714.54,246,11.162955974842768,0.008191282956438615,89.1280271928144,1,71.0
38541,Avalon Cab Svgn Napa,B,2700.52,148,18.128888888888888,0.008148976787787842,89.1361761696022,2,270.0
16670,Sweet Baby Vyds White Peach,B,2697.75,225,11.99,0.008140618151043005,89.14431678775324,2,818.0
5669,Fabrizia Blood Orange,B,2692.49,151,17.827606837606837,0.008124745793902984,89.15244153354715,1,1286.0
3793,Pearl Vodka PET,B,2692.22,178,15.141079136690648,0.008123931053137242,89.16056546460028,1,
26395,Trapiche Cab Svgn Oak Cask,B,2688.65,335,8.035977011494253,0.008113158369679093,89.16867862296996,2,568.0
39517,J Lohr Seven Oaks Cab Svgn,B,2688.21,79,34.059767441860465,0.008111830643986772,89.17679045361395,2,247.0
659,Rhum Barbancourt Estate RSV,B,2685.21,79,33.99,0.008102777968811856,89.18489323158276,1,215.0
24294,La Gr Comtadine Vacqueyras C,B,2678.66,134,19.99,0.008083012961346623,89.19297624454411,2,288.0
5107,St Remy XO Napoleon Brandy,B,2678.3,170,15.729837398373984,0.008081926640325634,89.20105817118444,1,520.0
5759,Malibu Tropical Banana Rum,B,2678.16,184,14.529568345323742,0.008081504182150805,89.20913967536659,1,2010.0
16837,Beringer Classic Pink Moscat,B,2678.12,388,6.881213389121339,0.008081383479815138,89.2172210588464,2,1497.0
34393,Valckenberg Gewurz Pfalz,B,2678.01,199,13.606438356164384,0.008081051548392058,89.2253021103948,2,710.0
16428,HandCraft Artisan Coll Chard,B,2677.32,268,9.99,0.008078969433101827,89.2333810798279,2,681.0
19260,The Beach House Pinot Grigio,B,2677.32,268,9.99,0.008078969433101827,89.241460049261,2,687.0
1520,Pinnacle Vodka Cane 4/50mls,B,2677.29,671,3.9900000000000007,0.008078878906350078,89.24953892816734,1,242.0
19671,14 Hands Pinot Grigio,B,2676.06,254,10.488439716312058,0.008075167309528362,89.25761409547687,2,546.0
34870,Arca Nova Vinho Verde,B,2675.46,254,10.563248407643313,0.008073356774493381,89.26568745225136,2,790.0
22515,Justin Vyds 13 Svgn Bl C Cst,B,2673.17,183,14.334262295081967,0.008066446565776528,89.27375389881713,2,371.0
16656,Dom Bousquet Malbec Mendoza,B,2670.57,243,10.99,0.008058600913958268,89.28181249973109,2,462.0
938,Jack Daniels Master Dist VAP,B,2669.1099999999997,89,29.989999999999995,0.008054195278706475,89.28986669500979,1,271.0
31203,Beringer Fndrs Est Merlot,B,2667.69,231,11.50639344262295,0.008049910345790348,89.29791660535558,2,1042.0
23075,Madrigal Petite Sirah,B,2667.43,157,16.99,0.008049125780608521,89.30596573113618,2,
42350,Black Box Shiraz Cntrl Coast,B,2665.87,113,23.92827160493827,0.008044418389517565,89.3140101495257,2,1076.0
2159,Connemara Irish Whiskey,B,2664.3900000000003,61,43.76358490566038,0.008039952403097942,89.3220501019288,1,358.0
4211,Cruzan Passion Fruit Rum,B,2664.36,264,10.086938775510204,0.008039861876346192,89.33008996380514,1,355.0
4018,Papa's Pilar Dark Rum,B,2663.32,68,39.10111111111111,0.008036723615618888,89.33812668742075,1,376.0
895,Sambuca Romana,B,2662.89,111,23.99,0.008035426065510482,89.34616211348626,1,121.0
43918,Farnum Hill X-Dry Cider,B,2661.78,222,11.99,0.008032076575695764,89.35419419006196,2,342.0
12428,Firesteed Citation Pnt Nr,B,2659.62,38,69.99,0.008025558649569824,89.36221974871152,2,60.0
44838,Flora Springs Cab Svgn Napa,B,2659.3,70,37.99,0.0080245930308845,89.3702443417424,2,319.0
5606,Montezuma Blue Tequila Liqu,B,2657.3399999999997,266,9.99,0.008018678616436887,89.37826302035884,1,159.0
1343,Jack Daniels Sinatra Select,B,2655.84,16,165.99,0.008014152278849431,89.38627717263769,1,79.0
14895,Vendange Pnt Grigio,B,2651.11,289,9.205189873417721,0.00799987922765698,89.39427705186534,2,811.0
28070,Sutter Home Moscato Cal,B,2647.35,265,9.99,0.007988533208104418,89.40226558507345,2,455.0
4817,Skyy Infusions TX Grapefruit,B,2646.27,173,15.30543624161074,0.00798527424504145,89.4102508593185,1,1132.0
23250,Ch de Jarnioux Bjls,B,2640.2400000000002,456,5.79,0.007967078367939869,89.41821793768644,2,10.0
40786,Morgan Winery Cd Crows Monte,B,2638.2400000000002,176,14.99,0.007961043251156591,89.42617898093759,2,205.0
25484,Finca Sandoval Tinto Manchue,B,2626.54,146,17.99,0.00792573781797442,89.43410471875556,2,4.0
22441,Omaka Springs Svgn Bl,B,2623.25,175,14.99,0.007915810050865928,89.44202052880642,2,471.0
8550,S S Pierce Vodka,B,2622.9,210,12.49,0.007914753905428855,89.44993528271185,1,
8464,Ch de Montfort Vouvray,B,2622.36,164,15.99,0.007913124423897371,89.45784840713574,2,706.0
311,The Glenlivet 12 Yr Gift Pk,B,2620.3900000000003,61,43.01040816326531,0.007907179833865843,89.4657555869696,1,54.0
37792,Blackstone Pnt Nr Monterey,B,2618.47,253,10.39909090909091,0.007901386121753895,89.47365697309137,2,1574.0
13422,Gnarly Head Pnt Nr,B,2616.79,217,12.055046728971963,0.007896316623655943,89.48155328971502,2,671.0
15444,Riff Pnt Grigio,B,2615.41,259,10.09204081632653,0.007892152393075481,89.48944544210809,2,374.0
20699,Fantini Monteplciano D'Abruz,B,2613.82,218,11.99,0.007887354475232778,89.49733279658332,2,272.0
28888,Livingston Clrs Wh Znfdl Cal,B,2613.82,218,11.99,0.007887354475232778,89.50522015105855,2,255.0
37849,Darioush Cab Svgn,B,2609.71,29,89.99,0.007874952310243143,89.5130951033688,2,85.0
15228,Saldo Znfdl Cal,B,2609.13,87,29.99,0.007873202126375992,89.52096830549517,2,224.0
9256,Don Ramon Silver Tequila,B,2609.1299999999997,87,29.99,0.00787320212637599,89.52884150762155,1,75.0
2737,Teeling Irish Whiskey,B,2608.29,71,36.70875,0.007870667377327016,89.53671217499888,1,359.0
7990,Noilly Prat Sweet Vermouth,B,2607.39,261,9.99,0.007867951574774542,89.54458012657366,1,627.0
24928,Rive Droite Rive Gauche CDR,B,2607.1,290,8.99,0.007867076482840964,89.5524472030565,2,4.0
18423,F Coppola Diamond Red,B,2605.35,165,15.764999999999999,0.007861795755655598,89.56030899881216,2,353.0
4358,Mr Boston Light Rum,B,2598.4500000000003,405,6.417631578947368,0.007840974602753292,89.56814997341492,1,14.0
485,Seagrams 7 Crown,B,2598.0,200,12.99,0.007839616701477054,89.5759895901164,1,296.0
2625,Nikka Coffey Grain Whisky,B,2597.6,40,64.865,0.007838409678120398,89.58382799979451,1,291.0
12520,Pavao Vinho Verde Adegas Wh,B,2596.75,325,7.990000000000001,0.007835844753487507,89.591663844548,2,535.0
7320,Malibu Rum Punch RTD,B,2596.6899999999996,131,19.800344827586205,0.007835663699984006,89.59949950824797,1,601.0
29619,Schmitt Sohne Auslese,B,2594.17,183,14.223333333333333,0.007828059452837079,89.6073275677008,2,581.0
28681,F Coppola Rosso Bianco Rosso,B,2593.76,224,11.537445255474454,0.007826822253896507,89.6151543899547,2,979.0
25264,Pommery Falltime Extra Dry C,B,2591.14,86,30.239999999999995,0.007818916250910413,89.62297330620561,2,36.0
23381,Pacifica Cab Svgn/Merlot 11,B,2590.56,144,17.99,0.007817166067043264,89.63079047227265,2,
381,Baileys Irish Cream w/4 Glss,B,2588.7,130,19.798510638297873,0.007811553408434815,89.63860202568108,1,880.0
19223,Trimbach Pnt Bl,B,2588.15,185,13.99,0.007809893751319415,89.6464119194324,2,440.0
4580,Casamigos Reposado Tequila,B,2579.14,86,29.99,0.007782705550210751,89.65419462498261,1,368.0
21576,Chalk Hill Chard,B,2578.71,129,19.99,0.007781408000102346,89.66197603298271,2,395.0
2595,Clontarf Irish Whiskey,B,2577.63,137,18.693296703296703,0.007778149037039377,89.66975418201974,1,423.0
16314,Line 39 Chard,B,2577.42,258,9.99,0.007777515349777133,89.67753169736952,2,1062.0
7860,Sutter Home Wh Znfdl,B,2575.7,430,5.99,0.0077723251493435125,89.68530402251886,2,1107.0
8741,J Drouhin Chablis,B,2573.97,103,24.99,0.007767104773325979,89.69307112729219,2,541.0
29352,Elk Cove Pnt Gris Ore,B,2571.65,135,19.065949367088606,0.007760104037857378,89.70083123133004,2,396.0
19122,Liberty School Merlot CC,B,2570.16,184,13.956101694915255,0.007755607875853836,89.70858683920589,2,572.0
34825,J Vineyards Pnt Gris,B,2566.52,148,17.356666666666666,0.0077446239633082725,89.7163314631692,2,511.0
21836,Merriam Pnt Nr Cuvee RRV,B,2565.89,111,23.06407407407407,0.007742722901521539,89.72407418607072,2,194.0
15156,Yago Sant'Gria Red,B,2565.72,178,14.424306569343067,0.0077422099165949596,89.73181639598732,2,363.0
17073,Tomaiolo Pinot Grigio,B,2562.84,216,11.886825396825397,0.007733519348427043,89.73954991533574,2,647.0
2747,Speymalt Macallan 1993 20 Yr,B,2559.84,16,159.99,0.007724466673252127,89.747274382009,1,44.0
3363,Lunazul Reposado Tequila,B,2558.39,161,15.923884297520662,0.007720091213584249,89.75499447322258,1,665.0
2609,Pigs Nose Scotch,B,2553.98,102,25.02529411764706,0.007706783781077124,89.76270125700366,1,246.0
35130,C Back Goats Do Roam Rouge,B,2553.88,312,8.227762237762237,0.00770648202523796,89.7704077390289,2,641.0
6398,BV Coastal Estate Cab Svgn,B,2550.61,239,10.602403100775193,0.007696614609297303,89.7781043536382,2,952.0
5125,DeKuyper Anisette,B,2550.1,290,8.763006134969325,0.007695075654517565,89.78579942929272,1,681.0
27097,Vieux Telegraphe Chtnf Pape,B,2549.66,34,74.99,0.007693747928825245,89.79349317722155,2,143.0
3377,Tanqueray Rangpur Gin,B,2548.98,102,24.99,0.007691695989118931,89.80118487321067,1,457.0
13836,R Mondavi Private Sel Pnt Nr,B,2548.5899999999997,141,18.053829787234044,0.0076905191413461915,89.80887539235202,2,343.0
28214,Lagaria Venezie Pnt Grigio,B,2541.88,212,11.989999999999998,0.0076702713245382975,89.81654566367656,2,602.0
29192,Perrin Chtnf du Pape,B,2541.25,75,33.91682926829269,0.007668370262751564,89.82421403393931,2,217.0
41786,Ecco Domani Colle Pnt Grigio,B,2538.5099999999998,299,8.49,0.007660102152758474,89.83187413609207,2,82.0
16393,Alamos Red Mendoza,B,2537.46,254,9.99,0.007656933716447255,89.83953106980852,2,580.0
2622,Dewars Scratch Cask Scotch,B,2534.1299999999997,87,29.26631578947368,0.007646885247003097,89.84717795505551,1,528.0
42642,The Monterey Vyds Pnt Nr,B,2531.89,211,12.006,0.007640125916205828,89.85481808097173,2,382.0
1964,Jim Beam Single Barrel,B,2529.2400000000002,76,33.115,0.007632129386467986,89.86245021035819,1,378.0
192,Milagro Anejo Tequila,B,2528.34,66,38.438979591836734,0.007629413583915511,89.8700796239421,1,261.0
37310,Salmon Run Coho Red NY,B,2527.52,248,10.140943396226415,0.007626939186034366,89.87770656312814,2,326.0
5188,Cointreau Noir Liqueur,B,2527.21,79,31.989999999999995,0.007626003742932959,89.88533256687107,1,205.0
5359,Distroya Spiced Liqueur,B,2526.5899999999997,141,17.922203389830507,0.007624132856730142,89.8929566997278,1,206.0
17910,Estancia Unoaked Chard,B,2523.51,249,10.160542635658915,0.007614838776883896,89.90057153850469,2,447.0
45332,Cono Sur Pnt Nr Rapel,B,2520.42,358,7.082307692307692,0.0076055145214537325,89.90817705302615,2,495.0
4300,BenRiach Barrel 94,B,2519.86,14,179.99,0.007603824688754416,89.91578087771491,1,124.0
15619,Beringer Classic Red Moscato,B,2519.3,370,6.831628959276018,0.007602134856055098,89.92338301257097,2,2182.0
23840,Roth Est Red Heritage Sonoma,B,2518.6,140,17.99,0.0076000225651809495,89.93098303513615,2,0.0
11698,Lamberti Prosecco X Dry,B,2517.9,210,11.99,0.007597910274306804,89.93858094541046,2,384.0
598,Stolichnaya Ohranj Orange,B,2516.98,102,24.615,0.0075951341205864956,89.94617607953106,1,194.0
15463,Antinori Tignanello,B,2516.7200000000003,28,89.75923076923075,0.00759434955540467,89.95377042908646,2,14.0
4299,Capt Morgan White Grapefruit,B,2515.27,173,14.425897435897435,0.0075899740957367946,89.9613604031822,1,1595.0
12901,Madria Sangria,B,2508.21,279,8.99,0.0075686701334918265,89.96892907331569,2,450.0
15503,Opici Sangria,B,2507.2200000000003,178,14.106788321167883,0.007565682750684104,89.97649475606637,2,488.0
12078,F Coppola Votre Sante Pnt Nr,B,2504.89,211,11.859565217391303,0.007558651839631585,89.984053407906,2,338.0
2482,Clase Azul Reposado Tequila,B,2499.75,25,99.99,0.007543141589498563,89.9915965494955,1,370.0
9360,KAH Blanco Tequila,B,2499.4900000000002,51,48.96727272727273,0.007542357024316738,89.99913890651982,1,304.0
39648,Ch Ste Michelle Indn W Chard,C,2497.49,151,16.52846153846154,0.007536321907533459,90.00667522842735,2,423.0
34647,Terrazas Alto Malbec Argn,C,2496.06,294,8.49,0.007532006799033417,90.0142072352264,2,631.0
3189,Skyy Infusions Dragon Fruit,C,2491.35,165,15.040359712230217,0.007517794099008799,90.02172502932541,1,321.0
21001,Bonpas Cote du Rhone Rouge R,C,2490.75,225,11.033859649122808,0.007515983563973815,90.02924101288939,2,356.0
32137,F Coppola Diamond Znfd,C,2488.34,166,14.99,0.007508711248249967,90.03674972413764,2,434.0
32508,C Krug Merlot Napa,C,2487.8399999999997,116,21.62157894736842,0.007507202469054147,90.04425692660669,2,304.0
43043,Yellow Tail Rsl,C,2486.4900000000002,351,7.078888888888889,0.0075031287652254355,90.05176005537191,2,630.0
2199,St George Terrior Gin,C,2486.2400000000002,76,32.63406779661017,0.0075023743756275265,90.05926242974755,1,490.0
1340,Jim Beam Jacob's Ghost,C,2484.6299999999997,137,18.19408163265306,0.007497516106616986,90.06675994585416,1,214.0
36344,Latour Pinot Noir Valmoissin,C,2484.1,190,13.09989010989011,0.00749591680066942,90.07425586265482,2,460.0
21735,Millet Roger Sancerrre,C,2481.0499999999997,95,26.175185185185182,0.0074867132475749205,90.0817425759024,2,1097.0
3944,Gran Centenario Anejo,C,2479.38,62,39.99,0.007481673925060886,90.08922424982745,1,197.0
7265,Taylor Fladgate LBV Port,C,2478.45,155,15.99,0.00747886759575666,90.0967031174232,2,509.0
6566,Geyser Peak Chard,C,2477.52,248,9.99,0.007476061266452437,90.10417917868966,2,552.0
44734,Casa Liliana Good Pnt Grg,C,2475.39,261,9.401764705882353,0.007469633867078246,90.11164881255674,2,766.0
3365,Russian Standard Vodka,C,2474.0099999999998,99,24.99,0.007465469636497786,90.11911428219324,1,2065.0
35670,Redwood Creek Svgn Bl Cal,C,2472.75,225,10.99,0.007461667512924321,90.12657594970617,2,454.0
35605,Castle Rock Paso Ro Cab Svgn,C,2472.7400000000002,226,10.955034965034965,0.007461637337340406,90.13403758704351,2,623.0
19120,Bodegas Borsao Berola,C,2470.1,190,13.007857142857144,0.007453670983186479,90.14149125802669,2,289.0
1361,BenRiach 1994,C,2469.87,13,189.99,0.007452976944756402,90.14894423497145,1,100.0
8027,Absolut Mandrin,C,2463.62,1238,1.9899999999999998,0.00743411720480866,90.15637835217626,1,4420.0
5656,Cabin Fever Maple Liqueur,C,2462.97,1653,1.49,0.0074321557918540955,90.16381050796812,1,260.0
36199,Four Vines Naked Chard,C,2460.19,181,13.533859649122808,0.00742376697952534,90.17123427494765,2,649.0
24778,Rocca Delle Macie Chianti C,C,2454.93,107,22.935205479452055,0.007407894622385321,90.17864216957004,2,304.0
4779,Molletto Grappa di Barbera,C,2454.17,83,29.60194029850746,0.007405601278007675,90.18604777084805,1,298.0
14623,The Naked Grape Pnt Grigio,C,2453.4900000000002,351,6.99,0.007403549338301362,90.19345132018636,2,609.0
45845,Joseph Carr Chard Napa,C,2452.47,153,16.07,0.0074004714287418906,90.2008517916151,2,258.0
2170,Woodford Reserve Bourbon,C,2449.98,702,3.4899999999999998,0.007392957708346711,90.20824474932344,1,4026.0
3578,Stolichnaya Elit Vodka,C,2449.58,42,58.098108108108114,0.007391750684990056,90.21563650000843,1,416.0
18812,Sweet Baby Vyds Strawberry,C,2448.04,196,12.49,0.007387103645066932,90.2230236036535,2,721.0
42172,Graffigna Centenario Malbec,C,2447.55,245,9.99,0.007385625041455029,90.23040922869495,2,262.0
10298,Alamos Torrontes,C,2447.55,245,9.99,0.007385625041455029,90.2377948537364,2,525.0
24094,Gallo Copperidge Cab Svgn,C,2446.5,350,6.99,0.007382456605143808,90.24517731034155,2,277.0
12473,Ch Beauchene CDR White RSV,C,2445.96,204,11.99,0.007380827123612324,90.25255813746516,2,398.0
8664,Asbach Uralt German Brandy,C,2442.96,104,23.49,0.007371774448437408,90.2599299119136,1,635.0
4062,Goslings Dark'N Stormy RTD,C,2440.26,274,8.915714285714285,0.007363627040779984,90.26729353895438,1,741.0
284,Milagro Tequila Anejo SBR,C,2439.7,30,81.22076923076922,0.007361937208080665,90.27465547616245,1,201.0
2816,Auchentoshan 12 Yr Sngle Mlt,C,2439.4700000000003,53,46.034444444444446,0.0073612431696505895,90.2820167193321,1,277.0
3528,Don Felix Anejo Tequila,C,2439.3900000000003,61,39.99,0.0073610017649792595,90.28937772109708,1,346.0
5627,Flag Hill Sugar Maple Liquer,C,2437.71,129,18.90578947368421,0.007355932266881304,90.29673365336396,1,729.0
15911,Primal Roots Red Cal,C,2436.29,271,8.99,0.007351647333965178,90.30408530069792,2,459.0
6368,Santa Rita 120 Merlot,C,2431.94,406,5.990000000000001,0.007338520954961551,90.31142382165288,2,584.0
4232,Castillo Silver Label Rum,C,2428.97,293,8.29,0.007329558806538383,90.31875338045941,1,221.0
11529,Benvolio Pnt Grigio Friuli,C,2426.0099999999998,419,5.79,0.0073206268336991325,90.32607400729312,2,
18801,Bolla Prosecco Extra Dry,C,2422.9700000000003,203,11.931666666666667,0.007311453456188553,90.3333854607493,2,613.0
162,Stolichnaya Vanil,C,2413.02,98,24.583220338983047,0.007281428750191748,90.34066688949949,1,210.0
5187,Arrow White Creme de Cacao,C,2412.98,302,7.99,0.007281308047856082,90.34794819754734,1,471.0
15917,Simply Naked Chard,C,2412.6,340,7.121147540983607,0.00728016137566726,90.355228358923,2,522.0
27515,Clos du Bois RSV Chard RRV,C,2410.48,152,15.776666666666667,0.007273764151876986,90.36250212307488,2,560.0
8205,Frangelico Hazelnut Liqueur,C,2406.21,1179,2.061304347826087,0.007260879177544689,90.36976300225243,1,4116.0
15889,R M Woodbridge Malbec,C,2405.05,195,12.47,0.007257378809810389,90.37702038106224,2,574.0
2882,Highland Park 18 Yr Single,C,2404.81,19,125.82333333333332,0.007256654595796394,90.38427703565803,1,257.0
46551,J Vineyards Brut 20,C,2399.04,96,24.99,0.007239243283876641,90.3915162789419,2,380.0
21145,David Girard Vyds Code Rouge,C,2398.0,200,11.99,0.007236105023149337,90.39875238396506,2,255.0
6322,Rene Junot Red,C,2398.0,200,11.99,0.007236105023149337,90.40598848898821,2,441.0
41965,F Coppola Sofia Rose,C,2395.47,153,15.731935483870966,0.007228470600418491,90.41321695958864,2,710.0
35049,Ch Pesquie Cotes du Ventoux,C,2394.16,184,13.033010752688172,0.007224517598925445,90.42044147718757,2,337.0
8368,Bacardi Superior Rum,C,2393.97,1203,1.99,0.007223944262831033,90.4276654214504,1,1269.0
24772,3 Ball Znfdl,C,2390.16,184,12.99,0.00721244736535889,90.43487786881576,2,329.0
39358,Bota Box Shiraz Cal,C,2388.87,113,21.31584269662921,0.007208554715033675,90.4420864235308,2,218.0
12685,Brazin Old Vine Znfdl Lodi,C,2385.39,161,14.779473684210526,0.007198053611830773,90.44928447714263,2,367.0
35959,Stags Leap Winery Cab Svgn,C,2384.56,44,54.156666666666666,0.007195549038365714,90.456480026181,2,537.0
38651,Carpineto Chianti Clsc,C,2382.51,149,15.989999999999998,0.007189363043662856,90.46366938922466,2,326.0
11089,Jaboulet Cts Rhone Parl Rose,C,2381.93,235,10.168734177215189,0.007187612859795705,90.47085700208446,2,692.0
24003,Corbett Canyon Cab Svgn,C,2379.65,335,7.142631578947369,0.007180732826662769,90.47803773491113,2,543.0
46628,Paso Creek Cab Svgn,C,2378.3,170,13.99,0.0071766591228340565,90.48521439403396,2,304.0
3046,Ciroc Peach Vodka,C,2375.58,42,56.74675675675676,0.0071684513640088,90.49238284539797,1,488.0
31233,Di Majo Norante Sangiovese,C,2375.01,199,11.911259842519685,0.007166731355725566,90.4995495767537,2,324.0
9136,Caffo Amaretto Liqueur,C,2371.5099999999998,149,16.06079646017699,0.00715616990135483,90.50670574665504,1,5.0
24357,Bota Box Nighthawk Dark Red,C,2368.69,131,18.127931034482756,0.007147660386690411,90.51385340704174,2,221.0
6782,Peter Vella Delicious Blush,C,2368.42,158,14.990000000000002,0.007146845645924668,90.52100025268766,2,250.0
35581,Frogs Leap Merlot Napa,C,2367.36,64,36.99,0.00714364703402953,90.52814389972168,2,361.0
3889,Wolfschmidt Vodka Plastic,C,2367.11,399,6.047382550335571,0.0071428926444316206,90.53528679236612,1,9.0
33587,Produttori del Barbaresco P,C,2366.28,72,32.79851063829787,0.007140388070966562,90.54242718043709,2,193.0
32203,Rancho Zabaco Heritage Znfdl,C,2366.18,182,13.007699115044248,0.007140086315127397,90.54956726675222,2,417.0
8534,M & R Asti,C,2366.05,395,5.99,0.007139694032536485,90.55670696078475,2,583.0
16175,The Naked Grape Moscato,C,2362.62,338,6.99,0.0071293438072531625,90.563836304592,2,518.0
3324,Milagro Silver Select Barrel,C,2359.53,47,50.22255813953489,0.0071200195518230005,90.57095632414382,1,260.0
18381,Block Nine Caiden Vyd Pnt Nr,C,2359.41,159,14.772608695652172,0.007119657444816003,90.57807598158864,2,399.0
32107,Erath Pnt Gris Ore,C,2358.21,179,13.195128205128205,0.007116036374746038,90.58519201796338,2,360.0
1276,Jack Daniels Single Barrel,C,2355.28,472,4.99,0.007107194928658537,90.59229921289204,1,1751.0
5468,Hine Rare VSOP,C,2354.63,37,64.24925925925925,0.007105233515703972,90.59940444640775,1,264.0
4431,Screech Rum,C,2354.58,142,16.50578947368421,0.007105082637784388,90.60650952904552,1,568.0
4498,Calvados Boulard Grnd Brandy,C,2354.3900000000003,61,38.56142857142857,0.007104509301689979,90.61361403834721,1,258.0
7266,Fonseca Bin No 27,C,2352.33,167,14.060796460176991,0.007098293131403202,90.62071233147861,2,583.0
5194,Bacardi Party Mai Tai,C,2350.53,147,15.99,0.007092861526298254,90.62780519300492,1,208.0
19556,Zorvino Bacca Z Blackberry,C,2350.32,168,13.99,0.007092227839036009,90.63489742084396,2,691.0
37311,Salmon Run NY Chard,C,2349.66,234,10.037619047619048,0.007090236250497526,90.64198765709445,2,466.0
19799,Belle Glos Dairyman Vyd PN,C,2349.53,47,49.99,0.007089843967906614,90.64907750106235,2,91.0
21552,Vindicated Cab Svgn,C,2348.92,108,21.75470588235294,0.007088003257287714,90.65616550431965,2,340.0
26236,Marques de Caceres Rose,C,2347.4,260,9.056666666666667,0.007083416568532425,90.66324892088818,2,1807.0
7261,Gallo X Dry Vermouth,C,2344.23,427,5.49,0.007073850908430929,90.6703227717966,2,848.0
13637,Charles Smith Eve WA Chard,C,2338.31,169,13.666470588235295,0.007055986962752429,90.67737875875936,2,422.0
15980,Moonlight Meadery Apple Pie,C,2338.2,180,12.99,0.007055655031329349,90.68443441379068,2,866.0
24837,Wycliff Brut,C,2335.32,468,4.99,0.00704696446316143,90.69148137825384,2,509.0
25691,Tineta Avante 10 Tinto Fino,C,2329.88,212,10.99,0.007030548945510916,90.69851192719935,2,
16918,Villa Pozzi Moscato,C,2329.44,256,9.103821138211382,0.007029221219818595,90.70554114841917,2,290.0
33988,Cavit Chardonnay Trentino,C,2329.33,167,13.744901960784313,0.007028889288395514,90.71257003770756,2,682.0
37735,Walnut Crest Vnto Pnt Grigio,C,2328.89,211,11.038387096774194,0.007027561562703194,90.71959759927027,2,423.0
31119,Beringer Chard Private RSV,C,2324.53,47,48.90304347826087,0.00701440500811565,90.7266120042784,2,410.0
6721,Piccini Chianti,C,2323.6499999999996,135,17.12953488372093,0.007011749556731007,90.73362375383512,2,499.0
8096,Beefeater Gin,C,2322.33,1167,1.99,0.007007766379654044,90.74063152021478,1,4906.0
1036,Jameson Trilogy Pack,C,2319.42,58,39.99,0.006998985284734377,90.74763050549952,1,92.0
38483,Sharpe Hill Ballet of Angel,C,2318.89,211,10.99,0.006997385978786808,90.75462789147831,2,495.0
2235,Deanston SM Virgin Oak,C,2312.22,78,29.67,0.0069772588643145774,90.76160515034262,1,328.0
2339,Alberta Rye Dark Batch,C,2308.95,105,21.99,0.00696739144837392,90.76857254179099,1,
23067,Perrier Jouet Grand Brut,C,2308.9,110,20.99,0.006967240570454339,90.77553978236145,2,260.0
12773,Joel Gott Znfdl,C,2308.46,154,14.99,0.0069659128447620185,90.78250569520621,2,614.0
42264,Belle Glos Clark & Telephone,C,2304.54,46,50.19,0.006954084015866794,90.78945977922208,2,188.0
4290,Bacardi Tangerine Rum,C,2304.06,194,11.864213836477989,0.0069526355878388076,90.79641241480992,1,4.0
15290,Backhouse Pnt Nr,C,2303.75,325,7.0461797752808994,0.006951700144737399,90.80336411495466,2,413.0
19199,La Crema Pnt Gris Monterey,C,2302.7599999999998,124,18.524246575342467,0.006948712761929677,90.81031282771659,2,645.0
24291,Dom Fond Croze La Croix Coq,C,2302.72,128,17.99,0.006948592059594011,90.81726141977619,2,170.0
35800,Penfolds T Hyland Shiraz,C,2302.08,192,11.99,0.0069466608222233635,90.82420808059841,2,20.0
90013,Ch Leoville Barton 12 St Jul,C,2299.77,23,99.99,0.006939690262338679,90.83114777086075,2,130.0
2988,Sauza 901 Silver Tequila,C,2299.08,92,24.99,0.006937608147048448,90.83808537900781,1,291.0
21326,Kim Crawford Svgn Bl Sptfire,C,2299.08,92,24.99,0.006937608147048448,90.84502298715486,2,240.0
5147,Pallini Limoncello Liqueur,C,2297.38,162,13.998474576271185,0.006932478297782662,90.85195546545265,1,824.0
15146,Achaval Ferrer Malbec,C,2296.98,102,22.34483870967742,0.0069312712744260055,90.85888673672707,2,304.0
25039,Sutter Home Svgn Bl,C,2296.56,284,8.055517241379311,0.006930003899901518,90.86581674062697,2,251.0
2382,Ophir London Dry Gin,C,2296.17,83,28.543571428571425,0.006928827052128779,90.8727455676791,1,1.0
15916,Simply Naked Pnt Grigio,C,2295.77,323,7.120718954248366,0.006927620028772124,90.87967318770788,2,445.0
36558,Cruz Garcia Real Sangria Re,C,2295.37,213,10.763006134969325,0.006926413005415468,90.8865996007133,2,534.0
28312,Gallo Copperidge Merlot Cal,C,2292.72,328,6.99,0.006918416475677625,90.89351801718897,2,168.0
40175,M & R Asti 4 Pak,C,2290.09,191,11.99,0.006910480297107616,90.90042849748608,2,514.0
25690,Cepa 21 Ribera Duero 06 Tnto,C,2284.73,127,17.99,0.006894306184128434,90.9073228036702,2,
446,St Urbans-Hof Rsl,C,2284.48,152,15.067922077922079,0.006893551794530524,90.91421635546473,2,289.0
46428,Villa Pozzi Nero D'Avola,C,2284.4700000000003,253,9.048333333333334,0.006893521618946609,90.92110987708368,2,288.0
28258,Nathanson Creek Cab Svgn,C,2283.64,236,9.659421487603305,0.006891017045481547,90.92800089412916,2,668.0
18575,Sartori Amarone,C,2282.4300000000003,57,40.09,0.006887365799827666,90.93488825992898,2,172.0
16724,Ch Haut Gravet Saint-Emillon,C,2279.43,57,39.99,0.006878313124652749,90.94176657305364,2,123.0
28946,Silverado Merlot Napa,C,2275.22,78,29.167777777777776,0.00686560920382395,90.94863218225747,2,422.0
31456,Foxhorn SE Merlot Australia,C,2274.41,259,8.753888888888888,0.0068631649815267225,90.955495347239,2,586.0
21824,Taken Red Napa,C,2274.0899999999997,91,24.99,0.006862199362841399,90.96235754660184,2,276.0
8962,Pimms Cup No 1,C,2270.8599999999997,114,19.90304347826087,0.006852452649236405,90.96920999925108,1,877.0
18368,Sequin Delicately Pnt Grigio,C,2269.16,284,7.99,0.0068473227999706196,90.97605732205105,2,462.0
42399,Grayson Cellars Cab Svgn Pas,C,2268.09,191,11.825294117647058,0.006844094012491568,90.98290141606354,2,586.0
27303,Wyndham Bin 555 Shiraz,C,2267.72,228,9.965806451612902,0.006842977515886661,90.98974439357943,2,500.0
3598,Ice Pik Vodka,C,2266.38,162,13.99,0.006838933987641866,90.99658332756707,1,1344.0
21685,Cameron Hughes Cam Col Cab S,C,2266.38,162,13.990000000000002,0.006838933987641866,91.0034222615547,2,47.0
6214,Taylor Red Port,C,2266.38,162,13.99,0.006838933987641866,91.01026119554234,2,130.0
16703,Catena Padrillos Malbec,C,2265.75,225,10.10206896551724,0.006837032925855133,91.0170982284682,2,295.0
26551,C R Clrs Fortissimo Red,C,2264.97,103,21.99,0.006834679230309654,91.02393290769851,2,273.0
8367,Carlo Rossi Rhine Calif,C,2263.4900000000002,151,14.99,0.006830213243890031,91.0307631209424,2,257.0
13461,R M Woodbridge Moscato,C,2263.17,183,12.7478125,0.006829247625204707,91.0375923685676,2,735.0
2171,Pike Creek Canadian Whisky,C,2262.0899999999997,91,24.823333333333334,0.006825988662141735,91.04441835722974,1,282.0
44986,Gruet Rose Brut,C,2259.67,133,16.99,0.006818686170833971,91.05123704340058,2,247.0
41030,Folie A Deux Cab Svgn,C,2259.6699999999996,133,16.99,0.006818686170833969,91.05805572957141,2,326.0
16352,Girls in the Vineyard Svgn B,C,2258.68,132,17.18178082191781,0.006815698788026249,91.06487142835944,2,270.0
20447,Barefoot Bubbly Pink Moscato,C,2257.74,226,9.989999999999998,0.006812862283138107,91.07168429064258,2,406.0
44107,Carmel Road Pnt Nr Monterey,C,2254.83,117,19.224042553191488,0.00680408118821844,91.0784883718308,2,435.0
33028,Rombauer Cab Svgn Napa,C,2254.59,41,54.99,0.006803356974204447,91.085291728805,2,280.0
12069,Gnarly Head Pnt Grigio,C,2253.69,231,9.91,0.006800641171651972,91.09209236997665,2,607.0
24666,Salviano Orvieto 13 Clsco,C,2253.18,282,7.99,0.006799102216872237,91.09889147219353,2,
16151,Cavit Alta Luna Pnt Grigio,C,2252.95,205,10.99,0.006798408178442159,91.10568988037197,2,360.0
8617,Bacardi Black,C,2250.32,168,13.28203539823009,0.00679047199987215,91.11248035237185,1,438.0
13065,P Michael L'Espirit Brdx,C,2249.75,25,89.99,0.006788751991588916,91.11926910436344,2,74.0
39062,Shelton Wild Thing Znfdl,C,2248.75,125,17.99,0.006785734433197277,91.12605483879663,2,420.0
46422,Hob Nob Chard,C,2247.75,225,9.990000000000002,0.006782716874805638,91.13283755567144,2,425.0
14710,Ch Tanunda Gr Barossa Shiraz,C,2244.71,129,17.269411764705882,0.0067735434972950575,91.13961109916873,2,338.0
7992,Patron Anejo Tequila,C,2243.79,321,6.99,0.00677076734357475,91.1463818665123,1,1859.0
1019,Drambuie Glass Pack,C,2243.17,83,27.03838709677419,0.006768896457371934,91.15315076296967,1,112.0
22192,Placido Chianti,C,2242.97,203,11.04263157894737,0.006768292945693605,91.15991905591537,2,342.0
18835,Don Miguel Gascon Colosal Rd,C,2242.13,187,11.99,0.00676575819664463,91.16668481411202,2,326.0
19126,Delas Cotes du Rhone,C,2239.28,172,13.026036036036038,0.00675715815522846,91.17344197226724,2,340.0
18097,Shafer Relentless Syrah,C,2235.74,26,85.99,0.006746475998522059,91.18018844826577,2,
11460,Freemark Abbey Cab Svgn Napa,C,2233.4900000000002,51,43.63285714285714,0.006739686492140873,91.1869281347579,2,369.0
4450,Leblon Natural Cane Cachaca,C,2232.23,77,28.99,0.006735884368567408,91.19366401912647,1,325.0
19258,The Beach House Chard,C,2227.77,223,9.99,0.006722426058140699,91.20038644518462,2,461.0
44828,Nicolis Valpo Clsc,C,2227.49,151,14.733589743589745,0.00672158114179104,91.20710802632641,2,449.0
4696,Blue Chair Bay Banana Rum,C,2225.69,131,16.99,0.006716149536686091,91.2138241758631,1,2.0
3672,Shady Fruit Real Ruby Red Gr,C,2225.11,189,11.788657718120806,0.006714399352818941,91.22053857521591,1,
6638,M & R Asti,C,2224.1099999999997,89,24.99,0.0067113817944273015,91.22724995701034,2,433.0
2781,High West Campfire Whiskey,C,2219.63,37,59.99,0.006697863132832762,91.23394782014317,1,237.0
8059,Corazon de Agave Anejo,C,2219.2599999999998,74,29.99,0.006696746636227854,91.2406445667794,1,345.0
20725,Chronic Cellars Purple Parad,C,2218.52,148,14.989999999999998,0.006694513643018043,91.2473390804224,2,713.0
25992,Murphy-Goode Cab Svgn Cal,C,2217.47,153,14.506483516483515,0.006691345206706821,91.25403042562911,2,527.0
3349,Russian Standard Vodka,C,2211.66,2234,0.9900000000000001,0.006673813192451402,91.26070423882156,1,189.0
13445,Dom Pere Caboche Cote Rhone,C,2211.16,184,12.035045045045045,0.006672304413255582,91.26737654323482,2,383.0
17162,Menage a Trois Pnt Grigio,C,2209.95,205,10.718682170542635,0.006668653167601699,91.27404519640243,2,456.0
24323,Ch Pichon Long Comtesse L 12,C,2209.83,17,129.99,0.0066682910605947035,91.28071348746302,2,60.0
33819,Sokol Blosser Evolution Whit,C,2208.62,138,16.013809523809524,0.0066646398149408205,91.28737812727796,2,369.0
21752,Flag Hill Cayuga White,C,2208.3,170,12.99,0.006663674196255497,91.29404180147422,2,533.0
28239,Fetzer Eagle Peak Merlot,C,2208.3,170,12.99,0.006663674196255497,91.30070547567048,2,329.0
8677,Wild Turkey Rare Breed,C,2207.4300000000003,57,38.68387755102041,0.0066610489204547724,91.30736652459093,1,275.0
38406,Simi Landslide Cab Svgn Alex,C,2207.23,77,28.449459459459455,0.006660445408776443,91.3140269699997,2,128.0
33334,Cavit Pinot Grigio Delle Ve,C,2202.55,245,8.99,0.006646323235503576,91.3206732932352,2,516.0
11152,Stemmari Pt Nr,C,2200.53,247,8.906666666666666,0.0066402277675524654,91.32731352100275,2,637.0
13225,Alphonse Dolly Sancerre Cvee,C,2198.0499999999997,95,23.66272727272727,0.0066327442227412,91.33394626522549,2,472.0
31500,Barefoot Wh Znfdl Cal,C,2197.43,357,6.1145000000000005,0.006630873336538385,91.34057713856203,2,619.0
21319,Wlm Hill Est No Cst Svgn Bl,C,2195.31,169,12.99,0.006624476112748111,91.34720161467477,2,491.0
1039,Three Olives Vodka w/Flask,C,2194.32,168,13.076956521739131,0.00662148872994039,91.35382310340471,1,
12211,Black Box Rsl,C,2191.08,92,24.305068493150685,0.00661171184075148,91.36043481524545,2,530.0
16484,Layer Cake Centrl Cst Pnt Nr,C,2190.63,137,15.989999999999998,0.006610353939475243,91.36704516918493,2,407.0
44708,Trentadue Old Patch Red Son,C,2190.34,166,13.230963855421688,0.006609478847541668,91.37365464803247,2,345.0
35294,Mionetto Prosecco Brut,C,2190.24,376,5.8513861386138615,0.006609177091702503,91.38026382512417,2,1357.0
42678,Fish Eye Shiraz,C,2189.64,436,5.0455555555555565,0.006607366556667519,91.38687119168084,2,580.0
2593,James Oliver American Whisky,C,2189.27,73,29.99,0.006606250060062614,91.3934774417409,1,448.0
4411,Fabrizia's Italian Margarita,C,2187.81,219,9.99,0.006601844424810822,91.4000792861657,1,5.0
3652,Ciroc Pineapple Vodka,C,2186.61,39,56.042631578947365,0.006598223354740855,91.40667750952045,1,636.0
38950,Corvo Sicily Nero D'Avola,C,2186.16,184,11.87888888888889,0.006596865453464617,91.41327437497391,2,623.0
20483,Joel Gott Pnt Nr,C,2185.79,121,18.08411764705882,0.006595748956859712,91.41987012393076,2,424.0
33278,Villa Cornaro Pnt Grigio LTD,C,2185.3,270,8.15058394160584,0.00659427035324781,91.42646439428401,2,545.0
10680,Segura Viudas Brut RSV,C,2182.02,198,11.037058823529412,0.006584372761723235,91.43304876704573,2,439.0
23895,Lindemans Bin 50 Shiraz,C,2181.27,273,7.989999999999999,0.006582109592929506,91.43963087663866,2,793.0
43877,Duckhorn Svgn Bl Napa,C,2179.31,69,31.36777777777778,0.006576195178481894,91.44620707181714,2,784.0
5373,E&J Peach Brandy,C,2179.26,224,9.727142857142857,0.006576044300562312,91.4527831161177,1,
45333,Cono Sur Svgn Bl Cntrl Vly,C,2176.31,269,8.062992700729929,0.0065671425033069775,91.459350258621,2,465.0
26818,Ravenswood Znfdl Napa,C,2174.72,128,16.99,0.006562344585464272,91.46591260320646,2,553.0
29477,R Mondavi Pvt Sel Rsl,C,2173.61,239,9.047692307692309,0.006558995095649554,91.4724715983021,2,689.0
16540,Atamisque Malbec,C,2169.97,103,21.098108108108107,0.006548011183103989,91.4790196094852,2,214.0
2908,Buchanans Deluxe 18 Yr Old,C,2169.6899999999996,31,69.99,0.006547166266754329,91.48556677575196,1,213.0
27233,Turning Leaf RSV Merlot Cal,C,2168.38,362,5.99,0.006543213265261284,91.49210998901722,2,538.0
25465,Benziger Tribute Estate Red,C,2159.64,36,59.99,0.006516839804918362,91.49862682882214,2,93.0
2207,Glenrothes Sherry Cask Rsv,C,2159.64,36,59.99,0.006516839804918362,91.50514366862706,1,228.0
8289,E.H.Taylor Jr Single Barrel,C,2159.64,36,59.99,0.006516839804918362,91.51166050843197,1,85.0
23388,Light Horse Cab Svgn,C,2158.2,180,11.99,0.006512494520834403,91.5181730029528,2,187.0
10603,Parducci Petite Sirah,C,2158.06,194,11.143846153846154,0.0065120720626595735,91.52468507501547,2,264.0
11441,Frei Bros Rsv Znfdl,C,2157.73,127,16.99,0.006511076268390333,91.53119615128386,2,409.0
2746,Laphroaig Cairdeas Islay,C,2156.71,29,74.09,0.006507998358830861,91.53770414964269,1,21.0
36623,Talbott Sleepy Hollow Chard,C,2156.37,63,33.79,0.006506972388977704,91.54421112203167,2,464.0
29942,Livingston Merlot Cal,C,2156.34,166,12.99,0.006506881862225956,91.55071800389389,2,274.0
28887,Livingston Nat Flvrs Chard,C,2156.34,166,12.99,0.006506881862225956,91.55722488575611,2,265.0
27330,Hahn Cab Svgn Santa Lucia,C,2155.21,179,12.045555555555556,0.0065034720212434035,91.56372835777735,2,141.0
6266,Gallo Fairbanks Sherry,C,2150.04,276,7.79,0.0064878712443586315,91.57021622902171,2,350.0
5990,H by Hine Cognac,C,2149.57,43,49.99,0.006486452991914563,91.57670268201362,1,4.0
17316,Damilano Lecinquevgne Barolo,C,2148.35,65,33.092564102564104,0.006482771570676762,91.58318545358429,2,175.0
1740,Glenkinchie 12 YO Scotch,C,2145.64,36,59.59,0.006474593987435422,91.58966004757173,1,193.0
13147,F Coppola Directors Pnt Nr,C,2144.87,113,18.99,0.0064722704674738596,91.5961323180392,2,208.0
24029,W Hill Est Cntrl Cst Pnt Nr,C,2143.57,143,14.99,0.00646834764156473,91.60260066568075,2,431.0
21510,Mezzacorona Cab Svgn,C,2143.05,195,10.990000000000002,0.006466778511201078,91.60906744419195,2,267.0
19969,Ch D'Issan 10 Brdx,C,2141.83,17,125.99,0.006463097089963279,91.61553054128191,2,55.0
8359,R M Woodbridge Svgn Bl Cal,C,2141.32,268,7.99,0.006461558135183543,91.6219920994171,2,1327.0
3412,Skyy Infusions Pineapple,C,2140.59,141,15.208487394957983,0.0064593553175576485,91.62845145473466,1,650.0
15315,Middle Sister Sweet & Sassy,C,2137.86,214,9.99,0.006451117383148475,91.63490257211781,2,457.0
10927,Barefoot Sparklng Pnt Grigio,C,2137.86,214,9.99,0.006451117383148475,91.64135368950096,2,633.0
46600,Primaterra Pnt Grigio,C,2131.0099999999998,199,10.871578947368421,0.006430447108165749,91.64778413660913,2,400.0
23998,Belguardo Serrata Toscana,C,2127.87,213,9.99,0.006420971974816005,91.65420510858395,2,
5322,Linie Aquavit,C,2125.14,86,24.70875,0.006412734040406831,91.66061784262436,1,310.0
35668,Redwood Creek Merlot Cal,C,2121.07,193,10.99,0.006400452577752863,91.66701829520211,2,615.0
5655,Jose Cuervo Lite Wh Peach,C,2117.4,160,13.248333333333333,0.006389378138455549,91.67340767334056,1,403.0
16647,Cesari Lugana Cento Filari,C,2117.37,163,12.99,0.006389287611703798,91.67979696095227,2,
6438,Beringer Classic Chenin Blan,C,2116.96,304,6.944954954954955,0.006388050412763227,91.68618501136504,2,794.0
41827,Banfi Chianti Clsc Tuscany,C,2113.25,175,12.115,0.006376855271130248,91.69256186663617,2,691.0
17457,Skinnygirl White Wine,C,2112.65,235,8.99,0.006375044736095266,91.69893691137226,2,428.0
5708,Dr McGillicuddy's Root Beer,C,2107.71,2129,0.99,0.00636013799764057,91.7052970493699,1,5953.0
39774,Merriam Cab Svgn Dry Creek,C,2106.22,78,27.018571428571427,0.006355641835637029,91.71165269120554,2,207.0
3153,Rye Harbor Vodka,C,2104.83,117,17.99,0.0063514474294726515,91.71800413863501,1,465.0
5492,Grand Marnier Cuvee du Cent,C,2099.86,14,149.99,0.006336450164266209,91.72434058879928,1,128.0
1798,Talisker Distillers Edition,C,2099.7,30,69.99,0.006335967354923544,91.73067655615421,1,174.0
686,Midnight Moon Cherry,C,2098.95,105,19.99,0.006333704186129816,91.73701026034034,1,733.0
8149,Sebastiani Cab Svgn Sonoma,C,2098.95,105,19.99,0.006333704186129816,91.74334396452647,2,740.0
8077,Sheffield Very Dry Sherry,C,2097.9,210,9.99,0.006330535749818597,91.7496745002763,2,339.0
15748,Rioja Vega Tempranillo Garna,C,2097.68,232,9.071081081081081,0.0063298718869724355,91.75600437216328,2,33.0
6658,Ch de la Chaize Brouilly,C,2094.69,131,15.99,0.006320849387381436,91.76232522155065,2,329.0
14383,LaBelle Winery Granite Red,C,2094.69,131,15.99,0.006320849387381436,91.76864607093803,2,647.0
21251,Renwood Old Vine Zinfandel,C,2089.7799999999997,122,17.088360655737702,0.00630603317567849,91.77495210411371,2,307.0
18806,Moet & Chandon Grand Vintage,C,2089.62,38,54.99,0.006305550366335828,91.78125765448004,2,138.0
4054,Patron XO Cafe Liqueur,C,2089.53,147,14.222,0.006305278786080582,91.78756293326613,1,524.0
23168,Blanc de Bleu Mousseux Brut,C,2088.69,131,15.91,0.006302744037031605,91.79386567730316,2,198.0
22910,Mazis Chambertin Gr Cru,C,2087.82,18,115.99,0.00630011876123088,91.80016579606439,2,
46297,Intorcia Marsala Dry,C,2086.2599999999998,174,11.989999999999998,0.006295411370139923,91.80646120743454,2,327.0
23479,Handcraft Pnt Grigio,C,2085.9,210,9.916829268292682,0.006294325049118934,91.81275553248366,2,427.0
32652,Beringer Classic Wh Merlot,C,2079.97,303,6.88308176100629,0.006276430927856516,91.81903196341152,2,964.0
3620,Powers Signature Release,C,2079.48,52,39.99,0.006274952324244613,91.82530691573577,1,286.0
2818,Rough Rider Straight Bourbon,C,2078.37,63,32.99,0.006271602834429894,91.8315785185702,1,259.0
3518,Cabot Trail Maple Whisky,C,2077.97,103,20.24396825396825,0.006270395811073238,91.83784891438127,1,3.0
13991,Colombo Cape Bleue Rose VdP,C,2077.92,208,9.99,0.006270244933153657,91.84411915931442,2,461.0
29427,Gekkeikan Sake Calif,C,2076.69,31,66.99,0.006266533336331943,91.85038569265075,2,15.0
28156,Sauvion Vouvray,C,2076.41,159,13.056666666666665,0.006265688419982282,91.85665138107073,2,352.0
12155,Root 1 Carmenere,C,2076.26,174,11.943271028037383,0.006265235786223538,91.86291661685696,2,371.0
23323,Alter Ego de Palmer Mrgx 11,C,2074.75,25,82.99,0.006260679273052162,91.86917729613002,2,4.0
18787,Rio Madre Rioja Graciano,C,2074.2200000000003,178,11.693703703703704,0.006259079967104596,91.87543637609713,2,261.0
18449,R Mondavi Heritage Red,C,2070.68,232,8.972142857142858,0.006248397810398192,91.88168477390752,2,564.0
3973,Ciroc Ten,C,2069.91,9,229.99,0.006246074290436631,91.88793084819795,1,30.0
17985,Ponzi Tavola Pnt Nr,C,2069.14,86,24.039180327868852,0.00624375077047507,91.89417459896843,2,341.0
11354,Paso a Paso Tempranillo,C,2067.93,207,9.99,0.006240099524821187,91.90041469849325,2,242.0
5808,Los Amantes Reposado Mezcal,C,2066.61,39,52.99,0.006236116347744225,91.906650814841,1,259.0
7740,J Roget Brut,C,2066.55,345,5.99,0.006235935294240726,91.91288675013524,2,782.0
38644,Bigi Orvieto Amabile,C,2066.12,188,10.99,0.006234637744132322,91.91912138787937,2,282.0
2997,Yamazaki 12 Yr Japanese,C,2063.7599999999998,24,85.99,0.006227516306328054,91.9253489041857,1,
46763,Clayhouse Svgn Bl Paso Roble,C,2062.28,172,11.99,0.00622305031990843,91.9315719545056,2,267.0
3294,Leaf Vodka Alaskian Glacial,C,2060.7599999999998,124,16.819787234042554,0.006218463631153138,91.93779041813676,1,
3940,Pearl Cucumber Vodka,C,2056.94,206,10.086385542168676,0.00620693655809708,91.94399735469486,1,
31163,Bonterra Viognier Orgnic,C,2056.53,147,13.99,0.006205699359156508,91.95020305405401,2,440.0
24489,Hunt & Harvest Cab Svgn,C,2050.92,108,18.99,0.006188770856579416,91.9563918249106,2,363.0
21834,Meiomi Chard,C,2050.82,118,17.403793103448276,0.006188469100740252,91.96258029401133,2,519.0
366,Crown Royal w/2 Glasses,C,2047.07,93,22.018985507246377,0.006177153256771606,91.9687574472681,1,
592,The Glenlivet Archive 21 Yr,C,2039.88,12,169.99,0.0061554570119357254,91.97491290428005,1,122.0
17916,Tenuta San Guido 09 Sassacia,C,2039.88,12,169.99,0.0061554570119357254,91.98106836129199,2,
2647,Wiggly Bridge Bourbon Sm Brl,C,2039.66,34,59.989999999999995,0.006154793149089565,91.98722315444108,1,401.0
26827,Cavit Merlot Trentino,C,2038.52,148,13.722673267326734,0.006151353132523097,91.9933745075736,2,724.0
19581,Girard Cab Svgn,C,2037.2399999999998,76,26.75595744680851,0.006147490657781799,91.99952199823139,2,443.0
45266,XYZin Old Vines Znfdl,C,2031.39,161,12.565221238938054,0.006129837941190713,92.00565183617258,2,403.0
38859,Inniskillin Icewn Ngra Vidal,C,2029.65,35,57.73193548387097,0.006124587389589262,92.01177642356217,2,261.0
6584,Schmitt Sohne Spatlese Psprt,C,2028.52,148,13.641376146788991,0.006121177548606711,92.01789760111077,2,617.0
3162,Burnett's Peach Vodka,C,2028.51,2049,0.9900000000000001,0.0061211473730227945,92.0240187484838,1,881.0
13498,Riva Rey Tempranillo,C,2027.48,252,8.084202898550725,0.0061180392878794065,92.03013678777168,2,318.0
8444,Tres Agaves Blanco Tequila,C,2023.2099999999998,79,25.671159420289854,0.00610515431354711,92.03624194208523,1,305.0
38476,Adelsheim Pnt Nr Ore,C,2023.1899999999998,81,24.948333333333334,0.006105093962379276,92.0423470360476,2,630.0
19269,Peter Paul Live Free or Die,C,2023.12,88,22.99,0.006104882733291862,92.0484519187809,2,497.0
13744,W Hill Est Chard Cntrl Cst,C,2022.75,225,8.99,0.006103766236686956,92.05455568501759,2,142.0
4252,Bacardi Limon Rum,C,2015.64,2036,0.9899999999999999,0.006082311396522406,92.06063799641412,1,1156.0
16329,Battle Axe Malbec Mendoza,C,2014.57,143,14.115,0.006079082609043353,92.06671707902316,2,316.0
6495,Exotico Blanco Tequila,C,2013.7599999999998,124,16.24,0.006076638386746124,92.07279371740991,1,1219.0
44266,Mommys Time Out Garganega/P,C,2011.11,189,10.609047619047619,0.0060686418570082825,92.07886235926692,2,843.0
18562,Jewell Towne Vyds So Hampton,C,2010.34,166,12.152037037037038,0.0060663183370467215,92.08492867760397,2,232.0
33212,Sycamore Lane Chard Cal,C,2003.6399999999999,236,8.49,0.006046100695822742,92.0909747782998,2,184.0
6296,Taylor Sherry,C,2002.03,257,7.790000000000001,0.006041242426812204,92.09701602072661,2,420.0
31452,Foxhorn SE Cab Svgn Australi,C,2001.73,227,8.763584905660379,0.0060403371592947135,92.1030563578859,2,519.0
6975,Jacobs Crk Chard,C,1999.72,228,8.767777777777777,0.006034271866927519,92.10909062975283,2,820.0
756,Barton Long Island Iced Tea,C,1999.1399999999999,286,6.99,0.006032521683060369,92.11512315143588,1,306.0
26779,Stonehedge Cab Svgn Cal,C,1998.0,200,9.99,0.006029081666493901,92.12115223310238,2,235.0
5087,Dr McGillicuddy's Peach,C,1995.57,143,13.958,0.006021748999602219,92.12717398210198,1,1196.0
2043,I.W. Harper Bourbon,C,1994.34,66,30.24,0.006018037402780504,92.13319201950476,1,396.0
6314,Livingston Burgundy Calif,C,1990.3400000000001,166,11.99,0.00600596716921395,92.13919798667398,2,260.0
15233,Flowers Chard Sonoma Cst,C,1989.5600000000002,44,45.31258064516129,0.006003613473668472,92.14520160014764,2,348.0
25462,Buehler Estate Cab Svgn Napa,C,1985.3799999999999,62,32.020303030303026,0.005991000079591422,92.15119260022723,2,
30735,Sonoma-Cutrer Cutrer V Chard,C,1983.32,68,29.214999999999996,0.005984783909304646,92.15717738413653,2,351.0
26428,Latour Macon Village Chamery,C,1982.59,141,14.101111111111111,0.00598258109167875,92.1631599652282,2,377.0
37048,Ch Montelena Chard Napa,C,1981.56,44,45.04263157894737,0.0059794730065353624,92.16913943823474,2,354.0
44755,Bollinger Brut Grande Annee,C,1979.8500000000001,15,131.99,0.005974312981685661,92.17511375121643,2,4.0
17330,Sean Minor 4B Pinot Noir,C,1979.59,141,14.043333333333333,0.0059735284165038345,92.18108727963293,2,359.0
46568,R M Woodbridge Cab/Merlot,C,1979.46,154,12.853157894736842,0.005973136133912922,92.18706041576685,2,446.0
4315,Rumson's Spiced Rum,C,1979.34,66,29.99,0.005972774026905925,92.19303318979375,1,183.0
19394,Dom du Gr Montmirall Gigonda,C,1979.34,66,29.989999999999995,0.005972774026905925,92.19900596382065,2,211.0
5220,Basilica Sambuca,C,1978.05,195,10.232424242424242,0.005968881376580711,92.20497484519723,1,
34947,M Chiarlo Moscato D'Asti Ni,C,1976.28,172,11.49,0.005963540298227511,92.21093838549545,2,313.0
23235,Mud House Svgn Bl,C,1975.21,179,11.104285714285716,0.005960311510748458,92.2168986970062,2,261.0
3279,Double Cross Vodka,C,1974.43,57,34.53545454545455,0.00595795781520298,92.2228566548214,1,485.0
3460,Corzo Anejo Tequila,C,1973.66,34,58.30034482758621,0.005955634295241418,92.22881228911665,1,184.0
39599,R M Woodbridge Chard Cal,C,1973.5,250,7.873211678832117,0.005955151485898756,92.23476744060254,2,382.0
6116,Sogno di Sorrento Lemoncell,C,1973.33,67,29.189999999999998,0.005954638500972177,92.2407220791035,1,433.0
4302,Flora de Cana Black 5 YO Rum,C,1971.77,123,16.18318181818182,0.005949931109881221,92.24667201021339,1,
24842,Jacobs Crk Shrz/Cab Svgn,C,1969.72,225,8.778661971830985,0.005943745115178362,92.25261575532856,2,709.0
23464,Kendall Jackson Pnt Gris VR,C,1968.55,145,13.512727272727274,0.005940214571860144,92.25855596990043,2,445.0
20992,Les Hauts de Lagarde Rouge,C,1968.03,197,9.99,0.005938645441496492,92.26449461534193,2,305.0
21267,Latour 13 Cuvee Bourgog Blnc,C,1966.77,123,15.99,0.005934843317923028,92.27042945865985,2,
4401,Papa Pilar Double Barrel Rum,C,1959.51,49,39.99,0.0059129358439997315,92.27634239450384,1,152.0
2878,Hudson Four Grain Bourbon,C,1959.51,49,39.99,0.0059129358439997315,92.28225533034784,1,384.0
8443,Forbidden Secret Wh Choc Cr,C,1959.0199999999998,98,19.99,0.005911457240387828,92.28816678758822,1,120.0
33370,Whitehall Lane Cab Svgn Napa,C,1956.47,53,36.87235294117647,0.005903762466489151,92.29407055005471,2,483.0
6879,Maurice's Mentholated Mint,C,1952.28,1972,0.99,0.0058911188968281845,92.29996166895154,1,4166.0
46498,Principato Pnt Nr Pavia,C,1950.05,195,10.033478260869567,0.005884389741614831,92.30584605869315,2,174.0
19041,The Path Cab Svgn,C,1950.05,195,10.003422818791947,0.005884389741614831,92.31173044843476,2,347.0
23340,Le Petit Mout Roths 11 Pauil,C,1949.8700000000001,13,149.99,0.005883846581104336,92.31761429501586,2,
20748,Terrasole 07 Brunelo d Montl,C,1949.6100000000001,39,49.99,0.0058830620159225095,92.32349735703178,2,76.0
25338,Ch Chantelune Margaux,C,1949.6100000000001,39,49.99,0.0058830620159225095,92.32938041904771,2,
2130,Bully Boy American Whiskey,C,1949.35,65,29.99,0.0058822774507406835,92.33526269649845,1,374.0
33148,Alamos Ridge Chard Mendoza,C,1948.05,195,9.990000000000002,0.005878354624831553,92.34114105112327,2,1138.0
2717,Big Peat Scotch,C,1946.67,33,58.99,0.005874190394251092,92.34701524151752,1,175.0
16174,Inkblot Cab Franc,C,1946.41,59,32.99,0.005873405829069266,92.35288864734659,2,12.0
3562,Pearl Vodka,C,1946.34,1966,0.99,0.005873194599981851,92.35876184194657,1,2289.0
3404,Skinnygirl Vodka,C,1943.4099999999999,109,17.895405405405405,0.0058643531538943505,92.36462619510047,1,
18733,Antinori Villa Chianti Class,C,1943.38,62,32.12157894736843,0.005864262627142601,92.37049045772761,2,347.0
15321,Blufeld Rsl,C,1942.1200000000001,188,10.499803921568628,0.005860460503569137,92.37635091823118,2,592.0
13492,Barefoot Cellars Pnt Nr,C,1938.22,178,10.883203883495145,0.005848692025841746,92.38219961025702,2,455.0
5662,Skinnygirl W Peach Margarita,C,1934.24,176,10.99,0.005836682143443024,92.38803629240046,1,894.0
13958,Charles & Charles Red,C,1930.39,161,11.989999999999998,0.005825064543635216,92.39386135694409,2,366.0
27460,Ecco Domani Merlot Venezie,C,1928.07,193,9.99,0.005818063808166614,92.39967942075225,2,643.0
7891,DeLeon Platinum Tequila,C,1924.65,35,54.99,0.005807743758467211,92.40548716451072,1,357.0
21693,Chalk Hill Pnt Nr RRV,C,1924.45,55,34.99,0.005807140246788883,92.4112943047575,2,78.0
8298,Skinnygirl Grapefruit Marg,C,1923.25,175,10.99,0.0058035191767189164,92.41709782393423,1,596.0
23866,Landhaus Mayer Gruner Veltli,C,1920.4,160,12.01409638554217,0.005794919135302747,92.42289274306953,2,339.0
2440,Platte Valley Fireshine,C,1919.87,113,16.99,0.005793319829355177,92.42868606289888,1,
649,Sauza Tres Generaciones Pla,C,1919.52,48,39.99,0.005792263683918104,92.43447832658279,1,251.0
26739,Chalk Hill Chard RRV,C,1919.52,48,39.99,0.005792263683918104,92.4402705902667,2,208.0
5689,Villa Massa Limoncello,C,1919.12,88,21.780123456790122,0.0057910566605614494,92.44606164692726,1,316.0
41157,Phillips Sixth Sense Syrah,C,1918.8,120,15.99,0.005790091041876125,92.45185173796914,2,262.0
42386,Sycamore Lane Pnt Grigio Cal,C,1918.74,226,8.49,0.005789909988372626,92.4576416479575,2,144.0
40801,Sileni Sauvignon Blanc,C,1918.26,174,11.027735849056604,0.0057884615603446396,92.46343010951784,2,424.0
25141,The Federalist 1776 Zinfande,C,1917.72,128,14.977012987012987,0.005786832078813155,92.46921694159666,2,372.0
4491,Calvados Marquis De St Loup,C,1915.41,59,32.54769230769231,0.00577986151892847,92.47499680311559,2,229.0
44138,Crios Malbec,C,1909.53,147,12.990000000000002,0.005762118275585635,92.48075892139117,2,187.0
17016,Picpoul d Pinet HB Languedoc,C,1909.53,147,12.99,0.005762118275585635,92.48652103966675,2,508.0
3568,Pearl Cucumber Vodka,C,1907.73,1927,0.9899999999999999,0.005756686670480686,92.49227772633724,1,1241.0
3571,Absolut Vanilia,C,1906.42,958,1.99,0.005752733668987639,92.49803046000622,1,4324.0
18884,Hess Treo Winemaker's Blend,C,1905.87,113,16.87405797101449,0.005751074011872238,92.50378153401809,2,247.0
40483,Drylands Svgn Bl Marlboro,C,1903.73,127,14.99,0.005744616436914132,92.509526150455,2,251.0
4040,Clement Select Barrel Rhum,C,1903.33,67,28.380625,0.005743409413557475,92.51526955986856,1,253.0
29353,Elk Cove Pnt Nr Ore,C,1903.32,68,27.99,0.005743379237973559,92.52101293910653,2,367.0
3773,General John Stark Vodka,C,1901.42,58,32.76358490566038,0.005737645877029447,92.52675058498356,1,452.0
23870,Col-di-Sasso Sangiovese/Cab,C,1897.92,208,9.148415841584159,0.005727084422658711,92.53247766940622,2,374.0
37121,Flag Hill Apple Cran NH,C,1896.54,146,12.99,0.00572292019207825,92.5382005895983,2,610.0
36200,Four Vines Truant Znfdl,C,1894.6,140,13.645172413793105,0.005717066128798471,92.5439176557271,2,713.0
3929,Los Amantes Mezcal,C,1891.5600000000002,44,42.99,0.00570789275128789,92.54962554847839,1,265.0
3233,Belvedere Wild Berry,C,1889.26,74,25.775714285714283,0.005700952366987121,92.55532650084538,1,216.0
33573,Morgan Winery Svgn Bl Mont S,C,1888.74,126,14.99,0.005699383236623469,92.561025884082,2,230.0
6734,Gallo Twin Valley Cab Svgn C,C,1888.1100000000001,189,9.99,0.005697482174836737,92.56672336625684,2,450.0
1399,Jim Beam Signature Craft,C,1886.49,51,36.99,0.005692593730242282,92.57241595998708,1,22.0
43808,R M Woodbridge Pnt Nr Cal,C,1885.64,236,7.990000000000001,0.005690028805609389,92.57810598879269,2,1304.0
18877,Di Padrino Sweet Vermouth,C,1885.64,236,7.99,0.005690028805609389,92.58379601759829,2,455.0
7219,Herradura Reposado NHSLC,C,1885.5900000000001,41,45.99,0.005689877927689808,92.58948589552598,2,54.0
25963,Macrostie Carneros Chard,C,1885.05,95,19.82928571428571,0.005688248446158322,92.59517414397214,2,327.0
27581,Zenato Valpolicella Clsc,C,1883.8999999999999,110,17.086774193548386,0.005684778254007938,92.60085892222615,2,184.0
22662,Trefethen Chard Napa,C,1880.43,57,32.99,0.005674307326388952,92.60653322955254,2,339.0
15399,Lobster Reef Svgn Bl,C,1880.42,158,11.922432432432432,0.005674277150805036,92.61220750670334,2,359.0
5070,Russo Limoncello,C,1880.3,70,26.883939393939393,0.005673915043798039,92.61788142174714,1,371.0
3640,Belvedere Cytrus Vodka,C,1880.26,74,25.876363636363635,0.005673794341462373,92.6235552160886,1,258.0
5560,Bacardi Mojito Cocktail,C,1880.0099999999998,99,18.99,0.0056730399518644635,92.62922825604046,1,608.0
2770,Hudson Single Malt Whiskey,C,1879.53,47,39.99,0.005671591523836477,92.6348998475643,1,585.0
33055,Cape Indaba Svgn Bl S Africa,C,1878.91,209,8.99,0.005669720637633662,92.64056956820193,2,375.0
4389,Amaro Montenegro Liqueur,C,1876.29,71,26.369310344827582,0.005661814634647568,92.64623138283658,1,146.0
2624,Dewars 18 Yr Old Founders Rv,C,1874.7299999999998,27,69.43444444444444,0.005657107243556611,92.65188849008013,1,321.0
2112,Cutty Sark Prohibition,C,1874.1699999999998,83,22.828709677419354,0.005655417410857294,92.65754390749099,1,
3601,Remy Martin V,C,1870.53,47,39.71727272727273,0.0056444334983117295,92.66318834098931,1,181.0
15620,C Y Toro Casillero Diab Malb,C,1868.14,186,10.055573770491803,0.005637221533755714,92.66882556252307,2,566.0
27503,Ch Ste Michelle Hrse Hvn Svg,C,1863.67,133,14.147894736842105,0.00562373304774509,92.67444929557081,2,628.0
19282,Penfolds Bin 8 Cab Svgn/Shir,C,1863.07,93,20.0555737704918,0.005621922512710106,92.68007121808353,2,239.0
20729,Villa Jolanda Peach Moscato,C,1862.42,158,11.786460176991152,0.005619961099755541,92.68569117918328,2,754.0
22289,Pichot Dom Moriette Vouvray,C,1858.76,124,14.99,0.005608916836042144,92.69130009601932,2,440.0
24310,Hi! Prosecco,C,1857.6,140,13.311428571428573,0.005605416468307843,92.69690551248763,2,191.0
39983,Little Penguin Shiraz Ausl,C,1855.68,132,14.023333333333332,0.005599622756195897,92.70250513524383,2,362.0
35606,Castle Rock Chard Cntrl Cst,C,1855.27,173,10.753636363636364,0.005598385557255325,92.70810352080107,2,518.0
970,Prairie Organic Kosher Vodka,C,1853.84,116,16.065949367088606,0.005594070448755282,92.71369759124983,1,3.0
44911,Spy Valley Svgn Bl Marlboro,C,1852.9399999999998,106,17.42103448275862,0.005591354646202806,92.71928894589603,2,476.0
17187,The Messenger Telegram Red 2,C,1852.9199999999998,108,17.139999999999997,0.005591294295034974,92.72488024019106,2,27.0
18758,Mouton Cadet Sauvignon Blanc,C,1852.3600000000001,164,11.294,0.005589604462335657,92.73046984465338,2,638.0
1535,Gentleman Jack,C,1851.3600000000001,464,3.99,0.005586586903944019,92.73605643155733,1,2714.0
22938,Black Stallion Carnrs Pnt Nr,C,1850.9999999999998,100,18.52846153846154,0.005585500582923028,92.74164193214025,2,333.0
3296,Belvedere Pink Grapefruit,C,1849.3,70,26.381304347826084,0.005580370733657243,92.74722230287391,1,302.0
6432,Shady Fruit Real Ruby Red Gr,C,1845.3600000000001,1864,0.9900000000000001,0.005568481553594187,92.7527907844275,2,40.0
22047,Woodwork Pnt Nr,C,1844.16,184,10.040847457627118,0.00556486048352422,92.75835564491103,2,286.0
33684,R Mondavi Pvt Sel Merlot,C,1843.9799999999998,102,18.094651162790697,0.005564317323013725,92.76391996223404,2,375.0
19320,Merriam Danielle Svgn Bl RRV,C,1842.85,115,16.07695652173913,0.005560907482031174,92.76948086971608,2,245.0
41927,Ch Lamothe de Haux Brdx Wh,C,1838.84,116,15.77125,0.0055488070728807026,92.77502967678896,2,354.0
13731,Monkey Bay Svgn Bl,C,1836.9899999999998,101,18.176666666666662,0.005543224589856171,92.78057290137882,2,265.0
46062,Martin Codax Tempranilo Ergo,C,1835.33,167,10.99,0.005538215442926052,92.78611111682174,2,245.0
4760,Kinky Flame Whisky,C,1834.9199999999998,108,16.99,0.005536978243985479,92.79164809506572,1,680.0
45601,Luigi Bosca Malbec,C,1834.9199999999998,108,16.99,0.005536978243985479,92.7971850733097,2,223.0
8242,Folonari Soave Dry White,C,1834.74,126,14.519411764705882,0.005536435083474985,92.80272150839318,2,476.0
8458,Agave Underground Tequila,C,1831.53,47,38.86179487179488,0.005526748721037825,92.80824825711422,1,271.0
12663,Zin 91 Old Vine Znfdl CA,C,1829.71,229,7.989999999999999,0.0055212567647650425,92.81376951387898,2,342.0
8965,St George Absinthe Verte,C,1829.69,31,58.83615384615385,0.00552119641359721,92.81929071029258,1,124.0
44493,Neal Cab Svgn Napa,C,1829.63,37,49.418571428571425,0.005521015360093712,92.82481172565267,2,207.0
14684,Cherry Pie Stanly Pnt Nr,C,1829.63,37,49.695882352941176,0.005521015360093712,92.83033274101275,2,114.0
3939,Boggy Meadow Switchel Vodka,C,1829.3899999999999,61,29.99,0.005520291146079718,92.83585303215884,1,447.0
33960,Allegrini Valpolicella Clsc,C,1828.78,122,14.99,0.005518450435460819,92.8413714825943,2,351.0
26429,Bollinger Brut Special Cuve,C,1824.77,23,79.40176470588234,0.005506350026310348,92.8468778326206,2,180.0
8623,Casamigos Anejo Tequila,C,1823.9,610,2.99,0.005503724750509623,92.85238155737112,1,2304.0
45392,Norton RSV Malbec Mendoza,C,1823.04,96,18.99,0.005501129650292813,92.85788268702142,2,205.0
7413,Manischewitz Blackberry Kshr,C,1821.93,207,8.83070796460177,0.005497780160478095,92.8633804671819,2,371.0
5169,Kahlua Hazelnut,C,1821.34,116,15.74925925925926,0.005495999801027027,92.86887646698293,1,5.0
6932,Santa Rita 120 Chard,C,1820.96,304,5.99,0.005494853128838205,92.87437132011176,2,369.0
27591,Righetti Amarone Valpo Clsc,C,1820.4299999999998,57,31.91682926829268,0.005493253822890637,92.87986457393465,2,243.0
6102,Midnight Moon Peach,C,1819.09,91,19.99,0.005489210294645841,92.8853537842293,1,
8246,BV Coastal Estate Pnt Nr,C,1818.3,170,10.59,0.005486826423516447,92.89084061065282,2,909.0
22702,Peter Michael Danseuse Pnt N,C,1817.82,18,100.99,0.0054853779954884595,92.8963259886483,2,
45294,C K Mondavi Willw Pnt Grigio,C,1817.3500000000001,165,11.02883495145631,0.00548395974304439,92.90180994839135,2,192.0
16159,Gnarly Head Authentic Red,C,1814.49,151,12.062164948453608,0.005475329526044304,92.9072852779174,2,727.0
2582,Firefly Blackberry Moonshine,C,1813.79,121,14.99,0.005473217235170157,92.91275849515256,1,
9115,Caffo Limoncino Dell'l Sola,C,1811.81,119,15.45875,0.005467242469554713,92.91822573762211,1,3.0
9092,Junipero Gin,C,1809.46,54,33.96435897435898,0.005460151207334361,92.92368588882944,1,244.0
23270,Campo Viejo Gr Cava Brut Rsv,C,1808.19,181,9.99,0.005456318908176981,92.92914220773761,2,329.0
45276,Smoking Loon Znfdl Cal,C,1808.19,181,9.99,0.005456318908176981,92.93459852664579,2,316.0
17978,Calling All Angels Chard,C,1805.74,226,7.99,0.005448925890117466,92.94004745253591,2,267.0
5390,Dr McGillicuddy's Peach,C,1804.77,1823,0.99,0.005445998858477576,92.94549345139438,1,0.0
28736,Turning Leaf RSV Pnt Grigio,C,1802.99,301,5.99,0.00544062760454046,92.95093407899893,2,372.0
17296,Monte Velho Tinto Alentejo R,C,1802.36,164,10.99,0.005438726542753727,92.95637280554168,2,357.0
24727,Nardi Brunllo d Montlcino 10,C,1801.66,34,52.99,0.005436614251879581,92.96180941979355,2,5.0
3797,Skinnygirl Sweet'Arita,C,1800.9399999999998,106,16.99,0.0054344416098376005,92.96724386140339,1,198.0
20405,Tenuta Santo Pietro Viper Su,C,1800.9399999999998,106,16.99,0.0054344416098376005,92.97267830301323,2,559.0
669,Robert Sinskey Merlot,C,1799.5500000000002,45,39.99,0.005430247203673223,92.9781085502169,2,161.0
8523,Glen Ellen Chard RSV,C,1796.4,360,4.99,0.005420741894739562,92.98352929211164,2,679.0
46485,Shafer Merlot Napa,C,1791.68,32,55.99,0.005406499019131028,92.98893579113077,2,260.0
23401,Bridlewood Slct Pnt Nr Lucia,C,1790.88,112,15.99,0.005404084972417717,92.99433987610318,2,
23764,Cashmore Black Opal Shiraz,C,1790.1200000000001,188,9.644320987654321,0.005401791628040072,92.99974166773123,2,39.0
4625,Courvoisier XO Cognac,C,1789.88,12,149.0809090909091,0.005401067414026079,93.00514273514526,1,246.0
47009,Torino Don David RSV Malbec,C,1786.84,116,15.286296296296298,0.005391894036515496,93.01053462918178,2,425.0
3199,Grey Goose La Poire Vodka,C,1785.6200000000001,38,46.99,0.005388212615277698,93.01592284179705,1,52.0
5054,Jagermeister Spice,C,1777.07,893,1.9900000000000002,0.005362412491029187,93.02128525428807,1,1592.0
2037,Jim Beam Honey,C,1777.05,1795,0.99,0.005362352139861354,93.02664760642793,1,226.0
24018,Fontanafredda Barolo Serralu,C,1775.52,48,36.99,0.005357735275522147,93.03200534170345,2,32.0
38897,L Martini RSV Cab Svgn Alex,C,1775.34,66,26.87235294117647,0.005357192115011652,93.03736253381847,2,156.0
24244,Ch Corconnac Svgn Bl,C,1775.26,74,23.99,0.005356950710340321,93.0427194845288,2,233.0
33214,Sycamore Lane Merlot Cal,C,1774.4099999999999,209,8.49,0.0053543857857074285,93.04807387031451,2,73.0
29112,Perrin Gigondas,C,1774.3899999999999,61,29.10111111111111,0.005354325434539596,93.05342819574905,2,205.0
9028,Prairie Organic Gin,C,1773.9,110,16.107021276595745,0.0053528468309276935,93.05878104257998,1,
1261,Jim Beam Kentucky Fire,C,1771.1100000000001,1789,0.99,0.005344427843015022,93.064125470423,1,107.0
2563,Greenore Irish Whiskey,C,1769.6100000000001,39,45.47387096774194,0.005339901505427564,93.06946537192842,1,306.0
6195,Korbel Brut,C,1769.37,63,28.08090909090909,0.00533917729141357,93.07480454921983,2,130.0
7017,The Pogues Irish Whiskey,C,1768.4499999999998,55,32.1775,0.005336401137693262,93.08014095035753,1,247.0
4140,Baroca White Rum,C,1767.05,295,5.99,0.005332176555944969,93.08547312691347,1,322.0
33210,Sycamore Lane Cab Svgn Cal,C,1765.9199999999998,208,8.49,0.005328766714962417,93.09080189362844,2,163.0
11353,Latour Meursault AC Blanc,C,1765.72,28,63.10111111111111,0.0053281632032840896,93.09613005683173,2,307.0
43685,Babich Svgn Bl Marlboro,C,1762.74,126,13.99,0.005319170879277007,93.101449227711,2,227.0
34850,Bargetto Chaucer's Hney Mead,C,1762.73,127,13.858131868131867,0.00531914070369309,93.10676836841469,2,488.0
3928,Barcraft Watermelon Fresca V,C,1762.53,147,11.99,0.0053185371920147625,93.1120869056067,1,
31202,Beringer Fndrs Est Chard,C,1762.46,154,11.396976744186047,0.005318325962927348,93.11740523156963,2,1230.0
5490,DeKuyper Hot Damn Cinnamon,C,1762.2,1780,0.99,0.005317541397745522,93.12272277296738,1,6259.0
46310,Twisted Pnt Grigio Cal,C,1751.56,244,7.162185430463576,0.005285434576458487,93.12800820754384,2,236.0
34752,Frogs Leap Svgn Bl Napa,C,1751.27,73,23.99,0.005284559484524912,93.13329276702837,2,468.0
11926,The Crusher Cab Svgn,C,1750.54,146,11.99,0.005282356666899016,93.13857512369526,2,305.0
15550,Talbott Pnt Nr Santa Lucia,C,1748.49,51,33.656666666666666,0.0052761706721961565,93.14385129436745,2,278.0
32294,Dom Chandon Brut,C,1748.43,357,4.9282716049382715,0.005275989618692659,93.14912728398615,2,329.0
29118,Santa Rita RSV Merlot,C,1748.26,174,10.04940594059406,0.00527547663376608,93.15440276061992,2,342.0
25201,Ch Croix de Jaugue St Emilio,C,1747.08,92,18.99,0.005271915914863946,93.15967467653478,2,0.0
27567,Zenato Pinot Grigio Veneto,C,1744.71,129,13.775714285714287,0.005264764301475763,93.16493944083625,2,1689.0
31458,Foxhorn Wh Znfdl Cal,C,1743.96,204,8.5759375,0.005262501132682034,93.17020194196893,2,439.0
14852,Mooiplaas The Bean Pinotage,C,1743.67,133,13.113076923076923,0.005261626040748459,93.17546356800968,2,206.0
18856,Barefoot Refresh Sweet White,C,1743.09,291,5.99,0.005259875856881309,93.18072344386655,2,705.0
22416,Layer Cake Sea of Stones Red,C,1742.91,109,15.99,0.005259332696370814,93.18598277656292,2,366.0
6990,Marie Brizard Chocolat Royal,C,1741.04,96,18.162839506172837,0.005253689862178449,93.1912364664251,2,
6227,Bastille 1789 French Whiskey,C,1739.3,70,24.828709677419354,0.005248439310576998,93.19648490573567,1,226.0
24858,Ch Plaisance Cuvee Alix Roug,C,1738.8400000000001,116,14.99,0.005247051233716845,93.2017319569694,2,53.0
3481,Citadelle Gin,C,1737.2099999999998,79,21.99,0.005242132613538473,93.20697408958293,1,1.0
34060,Cavit Pinot Grigio Bottega,C,1734.76,124,13.99,0.005234739595478959,93.21220882917841,2,297.0
15292,Flip Flop Chard,C,1734.0900000000001,291,5.9526865671641795,0.005232717831356561,93.21744154700977,2,373.0
20791,Belle Ambiance Pnt Grigio,C,1733.83,217,7.989999999999999,0.005231933266174735,93.22267348027594,2,348.0
15194,Billecart-Salmon Brut Rose,C,1733.77,23,75.865,0.005231752212671237,93.22790523248861,2,159.0
14983,Ken Wright Clrs Willa Pnt Nr,C,1733.3999999999999,60,28.856666666666666,0.0052306357160663295,93.23313586820467,2,322.0
36991,Duck Pond Pnt Gris Ore,C,1727.75,125,13.615,0.005213586511153572,93.23834945471582,2,472.0
13268,Backhouse Chard,C,1726.53,247,6.99,0.005209905089915773,93.24355935980573,2,405.0
11367,Two Oceans WstrnCape Svgn Bl,C,1725.26,174,9.90891891891892,0.005206072790758392,93.24876543259649,2,520.0
2734,Nikka Pure Malt whiskey,C,1724.75,25,68.99,0.005204533835978657,93.25396996643246,1,242.0
6461,Blood Orange Liqueur,C,1724.31,119,14.490000000000002,0.005203206110286336,93.25917317254275,1,
4818,Skyy Infusions Pacific Blueb,C,1722.84,116,14.901764705882353,0.005198770299450627,93.26437194284219,1,990.0
525,El Tesoro Anejo Gold Tequil,C,1722.5700000000002,43,40.06692307692308,0.0051979555586848854,93.26956989840087,1,236.0
35088,Newport Vyds Great White RI,C,1722.29,171,10.08090909090909,0.005197110642335225,93.27476700904322,2,381.0
28122,Dom Carneros Pnt Nr Napa Vly,C,1720.25,75,22.894761904761904,0.005190954823216283,93.27995796386644,2,202.0
42953,Tozai Well of Wisdom Sake,C,1719.25,75,22.895660377358492,0.005187937264824644,93.28514590113126,2,146.0
31561,Fess Parker Snt Barbr Pnt Nr,C,1718.22,78,22.044054054054055,0.005184829179681256,93.29033073031094,2,133.0
11320,Edna Valley Paragon Svgn Bl,C,1714.57,143,11.99,0.005173815091551776,93.2955045454025,2,335.0
17194,Uvaggio Primitivo Lodi,C,1714.57,143,11.99,0.005173815091551776,93.30067836049405,2,
45600,Luigi Bosca La Linda Malbec,C,1714.44,156,10.99,0.005173422808960863,93.30585178330301,2,296.0
5983,Flag Hill Spiced Rum,C,1709.43,57,29.99,0.005158304841418753,93.31101008814443,1,303.0
19340,Cannonball Svgn Bl,C,1708.79,121,14.106883116883116,0.005156373604048105,93.31616646174848,2,946.0
2508,Crown Royal No Harvest Rye,C,1705.43,857,1.99,0.005146234607852199,93.32131269635633,1,417.0
24992,Buglioni L'Amarone,C,1704.69,31,54.989999999999995,0.005144001614642387,93.32645669797097,2,85.0
6236,Duboeuf Beaujolais,C,1704.32,168,10.117659574468085,0.005142885118037481,93.331599583089,2,296.0
5667,Skinnygirl Spicy Lime RTD,C,1703.45,155,10.99,0.005140259842236755,93.33673984293124,1,630.0
23360,Ninety+Cellars Lot 35 Tempo,C,1701.43,157,10.767777777777777,0.005134164374285645,93.34187400730552,2,378.0
3282,Skyy Watermelon Fresca Vodka,C,1699.83,1717,0.99,0.005129336280859023,93.34700334358638,1,152.0
41762,Ch Beaucastel Chtnf Pap,C,1699.83,17,99.99,0.005129336280859023,93.35213267986724,2,58.0
2991,Tullibardine Single Malt,C,1699.66,34,49.99,0.005128823295932445,93.35726150316317,1,276.0
25514,Elvio Cogno Barolo Cascina N,C,1699.66,34,49.99,0.005128823295932445,93.3623903264591,2,114.0
13451,Clifford Bay Svgn Bl Marlbor,C,1698.59,141,12.073333333333332,0.005125594508453391,93.36751592096756,2,223.0
2153,Black Velvet Cinnamon Rush,C,1698.3,170,9.99,0.005124719416519816,93.37264064038408,1,319.0
16826,Simply Naked Unoaked Svgn Bl,C,1697.6200000000001,238,7.1165822784810135,0.005122667476813502,93.37776330786089,2,339.0
43820,Little Black Dress Merlot,C,1696.1200000000001,188,9.039586776859505,0.005118141139226044,93.38288144900011,2,309.0
15255,Bota Mini Pnt Grigio,C,1695.75,425,3.9900000000000007,0.005117024642621137,93.38799847364272,2,426.0
3185,Grey Goose L'Orange Vodka,C,1691.64,36,46.99,0.005104622477631503,93.39310309612036,1,
36268,Montinore Pnt Nr Ore,C,1691.06,94,17.99,0.005102872293764353,93.39820596841412,2,209.0
19376,The Naked Grape Pnt Grigio,C,1691.05,95,17.767777777777777,0.005102842118180436,93.4033088105323,2,196.0
3204,Twenty 2 Vodka,C,1690.29,71,23.968723404255318,0.005100548773802791,93.40840935930609,1,824.0
2803,Bluecoat Gin,C,1689.35,65,25.99,0.00509771226891465,93.41350707157501,1,149.0
19035,Bollini Pinot Grigio,C,1688.74,126,13.359565217391303,0.005095871558295751,93.41860294313331,2,285.0
43618,Moillard CdR Violettes Rouge,C,1688.7,130,12.99,0.005095750855960085,93.42369869398927,2,370.0
18817,The Dreaming Tree Everyday,C,1686.84,116,14.450674157303371,0.005090138197351638,93.42878883218661,2,3.0
5155,Arrow Brown Creme de Cacao,C,1685.89,211,7.990000000000001,0.005087271516879581,93.4338761037035,1,449.0
2310,Ungava Gin,C,1685.46,54,31.501627906976744,0.005085973966771177,93.43896207767027,1,172.0
43784,Newton Claret Napa,C,1685.0199999999998,98,17.189999999999998,0.005084646241078855,93.44404672391134,2,309.0
14624,The Naked Grape Pnt Nr,C,1684.59,241,6.99,0.005083348690970451,93.44913007260232,2,375.0
44921,Quinta do Crasto Douro Rd,C,1681.8899999999999,111,15.21950819672131,0.005075201283313026,93.45420527388563,2,208.0
3137,Three Olives Blueberry Vodka,C,1680.03,1697,0.9899999999999999,0.005069588624704579,93.45927486251034,1,222.0
6270,Shady Fruit Valencia Orange,C,1680.03,1697,0.99,0.005069588624704579,93.46434445113505,1,32.0
247,Gran Patron Platinum Tequil,C,1679.92,8,209.99,0.0050692566932814985,93.46941370782832,1,74.0
23287,Ch Lynch Bages Paulliac 11,C,1679.88,12,139.99,0.005069135990945834,93.47448284381927,2,
1309,Makers Mark Cask Strength,C,1679.72,28,59.99,0.005068653181603171,93.47955149700088,1,305.0
21311,Cakebread Clrs Two Creeks 12,C,1679.5800000000002,42,39.99,0.0050682307234283415,93.48461972772431,2,31.0
14625,Bridlewood Pnt Nr,C,1678.32,168,9.99,0.005064428599854877,93.48968415632416,2,59.0
23777,Ch Smith Haut Lafitte 12 Whi,C,1676.8700000000001,13,128.99,0.005060053140187001,93.49474420946434,2,92.0
3998,Monte Alban Mezcal,C,1674.12,88,18.933661971830986,0.005051754854609994,93.49979596431895,1,286.0
18974,Pine Ridge Napa Vlly Cab Svg,C,1673.69,31,53.99,0.00505045730450159,93.50484642162345,2,120.0
46093,Mouton Cadet Rose,C,1670.5,150,11.167777777777777,0.005040831293232263,93.50988725291668,2,846.0
46311,Twisted Old Vine Znfdl,C,1665.64,236,7.060921985815603,0.0050261659594489,93.51491341887613,2,351.0
4034,Pura Vida Silver Tequila,C,1663.54,46,36.11121212121213,0.005019829086826458,93.51993324796295,1,198.0
3321,Rosita Tequila Gold,C,1662.9099999999999,179,9.29,0.005017928025039726,93.524951175988,1,340.0
2189,Cleveland Black Rsv Whiskey,C,1659.3799999999999,62,26.808181818181815,0.005007276043917242,93.5299584520319,1,131.0
20475,Hayes Valley Cab Svgn CC,C,1658.34,166,9.990000000000002,0.005004137783189938,93.5349625898151,2,292.0
13552,Merry Edwards Pnt Nr Sonoma,C,1655.64,36,45.99,0.0049959903755325144,93.53995858019063,2,115.0
25496,Sierra Cantabria Unica Rsv 0,C,1655.08,92,17.99,0.004994300542833196,93.54495288073346,2,1.0
4150,Shellback Spiced Rum,C,1654.62,138,11.99,0.004992912465973042,93.54994579319944,1,154.0
33953,L Bernard Cotes du Rhone,C,1652.63,137,12.055934065934066,0.004986907524773682,93.55493270072421,2,358.0
23275,Black Ink Red Wine,C,1652.51,149,11.113893805309736,0.004986545417766685,93.55991924614197,2,347.0
25286,A Bichot Morgon Les Charmes,C,1652.1299999999999,87,18.99,0.004985398745577862,93.56490464488755,2,219.0
18534,Candia Vyds Black Ice,C,1651.4099999999999,59,27.99,0.0049832261035358824,93.56988787099108,2,194.0
4272,Smith & Cross Jamacian Rum,C,1649.4499999999998,55,29.99,0.00497731168908827,93.57486518268017,1,164.0
17326,The Calling Cab Svgn Rio Lgo,C,1649.34,66,24.99,0.0049769797576651904,93.57984216243784,2,6.0
25337,Ch Francs Brdx CdFrancs,C,1648.03,97,16.99,0.004973026756172144,93.58481518919402,2,41.0
16261,The Dreaming Tree CC Chard,C,1645.8700000000001,113,14.508072289156628,0.004966508830046205,93.58978169802407,2,832.0
39450,Ponzi Willamette Pnt Nr,C,1644.53,47,34.99,0.0049624653018014095,93.59474416332587,2,309.0
7788,Piehole Apple Pie,C,1643.89,111,14.79,0.00496053406443076,93.59970469739031,1,224.0
22270,Markham Cab Svgn,C,1642.5900000000001,41,40.11,0.004956611238521631,93.60466130862883,2,148.0
4190,Boca Loca Cachaca,C,1640.35,65,25.533478260869565,0.00494985190772436,93.60961116053656,1,
15332,Whitehaven Svgn Bl,C,1636.19,131,12.49,0.004937298864815143,93.61454845940138,2,60.0
44217,Ruffino Il Ducale Toscana Rd,C,1633.98,102,16.033478260869565,0.004930630060769622,93.61947908946215,2,427.0
8423,Paul Masson Wh Znfdl,C,1633.74,226,7.215806451612904,0.004929905846755628,93.6244089953089,2,175.0
45240,Nino Franco Prosecco Rustic,C,1631.04,96,16.99,0.004921758439098204,93.629330753748,2,410.0
23397,Secoli 13 Prosecco Valdobbia,C,1630.6399999999999,136,11.99,0.004920551415741548,93.63425130516373,2,
21098,Rutherford Ranch Chard,C,1629.8400000000001,116,14.06058823529412,0.004918137369028239,93.63916944253276,2,313.0
2639,Bowmore Darkest Islay 15 Yr,C,1627.77,23,70.75190476190475,0.004911891023157546,93.64408133355592,1,264.0
13553,Merry Edwards Svgn Bl RRV,C,1627.56,44,36.99,0.0049112573358953025,93.64899259089181,2,168.0
42212,Rex Goliath Pnt Grigio,C,1625.31,269,6.053291139240507,0.004904467829514115,93.65389705872133,2,338.0
19966,Ch Alter Ego 10 Brdx,C,1624.87,13,124.99,0.004903140103821794,93.65880019882515,2,35.0
3952,Belvedere Mango Passion,C,1624.37,63,25.86719298245614,0.004901631324625975,93.66370183014978,1,
15252,Bota Mini Chard,C,1623.93,407,3.9899999999999998,0.004900303598933654,93.6686021337487,2,334.0
19381,O Wines Chard,C,1622.44,156,10.391960784313726,0.004895807436930112,93.67349794118563,2,302.0
45457,R Mondavi Meritage Pvt Slctn,C,1622.16,184,8.88108910891089,0.004894962520580454,93.67839290370621,2,313.0
5094,Jagermeister Liqueur,C,1619.3600000000001,464,3.49,0.004886513357083866,93.68327941706329,1,654.0
31581,Ch Graville Lacoste Graves,C,1619.05,95,17.05349206349206,0.004885577913982458,93.68816499497727,2,266.0
22362,Barefoot Bubbly Peach Fusion,C,1618.38,162,9.99,0.00488355614986006,93.69304855112713,2,423.0
17612,Tilia Malbec Syrah  Mendoza,C,1618.38,162,9.99,0.00488355614986006,93.697932107277,2,213.0
8454,Tres Agaves Anejo Tequila,C,1616.51,49,32.99,0.004877913315667695,93.70281002059266,1,272.0
8351,Arrow Kirsch,C,1615.53,147,10.99,0.00487495610844389,93.7076849767011,1,483.0
23155,Rocca Delle Macie Chianti C,C,1615.1899999999998,81,19.95296296296296,0.004873930138590732,93.71255890683969,2,367.0
17209,The Divining Rod Cab Svgn,C,1614.99,101,15.99,0.004873326626912405,93.7174322334666,2,242.0
6362,Totts Brut Calif,C,1613.98,202,7.99,0.00487027889293685,93.72230251235953,2,283.0
23438,Frost Bitten Ice Rsl,C,1610.76,124,12.99,0.0048605623549157735,93.72716307471445,2,200.0
2392,Crown Royal 75th Anniversary,C,1609.77,23,69.99,0.004857574972108051,93.73202064968656,1,0.0
6659,Rosemount Diamond Chard,C,1609.38,162,9.942830188679245,0.0048563981243353125,93.73687704781089,2,581.0
31345,Cecchi Cern Chianti Clsc RSV,C,1609.3,70,22.99,0.0048561567196639815,93.74173320453056,2,64.0
23947,Ch Larose Trintaudon 09,C,1607.33,67,23.99,0.004850212129632453,93.7465834166602,2,138.0
44915,Broadbent Vinho Verde Wh,C,1606.66,134,11.99,0.004848190365510056,93.75143160702571,2,667.0
35607,Castle Rock Merlot Cal,C,1605.53,147,10.903978494623656,0.004844780524527504,93.75627638755023,2,246.0
16180,Skinnygirl Sangria,C,1604.54,146,10.99,0.004841793141719782,93.76111818069195,2,446.0
36383,F Coppola Sofia Bl de Bl,C,1603.93,107,14.99,0.004839952431100882,93.76595813312305,2,314.0
2842,Laphroaig 25 Yr Cask Strenth,C,1599.96,4,399.99,0.004827972724286077,93.77078610584734,1,84.0
5196,Delord Bas-Armagnac 25 Yr,C,1599.8,20,79.99,0.004827489914943414,93.77561359576228,1,54.0
16264,Il Poggione Brunlo d Montlcn,C,1599.8,20,79.99,0.004827489914943414,93.78044108567723,2,49.0
6460,Columbia Crest Two Vns Chard,C,1599.08,192,8.33375,0.004825317272901435,93.78526640295013,2,660.0
25703,Murphy-Goode Svgn Bl,C,1598.82,118,13.535454545454545,0.004824532707719609,93.79009093565784,2,632.0
6687,Hedges Red Columbia Vly,C,1596.94,106,15.09,0.004818859697943329,93.79490979535579,2,1075.0
19283,Roscato Bianco,C,1595.42,158,10.0910101010101,0.0048142730091880375,93.79972406836498,2,316.0
5106,Capt Morgan Long Isl Tea RTD,C,1594.67,133,11.99,0.004812009840394309,93.80453607820537,1,7.0
10702,Kris Pnt Nr delle Venezie,C,1592.77,123,12.887435897435898,0.004806276479450196,93.80934235468483,2,249.0
20948,Honig Bartolucci Vyds Cab Sv,C,1589.8,20,79.49,0.004797314331027029,93.81413966901586,2,88.0
2655,James Oliver Rye Whisky,C,1589.4699999999998,53,29.99,0.0047963185367577875,93.81893598755262,1,476.0
23649,Tom Gore Cabernet Svgn CA,C,1588.88,112,14.393508771929826,0.0047945381773067215,93.82373052572993,2,962.0
25995,Gallo Cafe Znfdl Cal,C,1588.41,159,9.99,0.004793119924862651,93.8285236456548,2,189.0
21690,Kenwood Chard 12,C,1587.6299999999999,187,8.49,0.004790766229317173,93.83331441188412,2,
24311,Ch Calon 12 Segur St-Estphe,C,1583.82,18,87.99,0.00477926933184503,93.83809368121597,2,71.0
13113,Ch Beaucastel Coud Rouge,C,1583.52,48,32.99,0.004778364064327539,93.84287204528029,2,193.0
46694,Santa Margherita Chianti Cls,C,1583.34,66,23.99,0.004777820903817043,93.8476498661841,2,296.0
14719,Alto Moncayo Veraton Garnach,C,1583.28,72,21.99,0.004777639850313545,93.85242750603442,2,202.0
24975,Tenshen White,C,1583.12,88,17.99,0.004777157040970883,93.8572046630754,2,0.0
213,Stolichnaya Blueberi,C,1581.36,64,24.62265306122449,0.004771846138201598,93.86197650921359,1,114.0
8704,Beringer Chard Napa Vly,C,1579.1499999999999,85,18.411052631578947,0.004765177334156078,93.86674168654774,2,1148.0
36511,Yalumba Y Series Viognier,C,1578.84,116,13.61857142857143,0.00476424189105467,93.8715059284388,2,230.0
6358,Dom Ste Michelle Brut Cuvee,C,1577.97,103,15.132857142857143,0.004761616615253945,93.87626754505405,2,627.0
10441,Charles Smith Boom Boom Syra,C,1575.1499999999999,85,18.498196721311473,0.004753107100589523,93.88102065215463,2,805.0
22014,Foss Marai Prosecco,C,1575.04,96,16.4275,0.004752775169166444,93.8857734273238,2,51.0
26885,Jolivet Sancerre,C,1573.27,73,21.49,0.004747434090813243,93.89052086141461,2,358.0
21627,Ferrari Carano Pnt Grigio,C,1573.01,99,15.912077922077922,0.004746649525631417,93.89526751094024,2,348.0
13097,Menage a Trois Chard,C,1569.54,146,10.695263157894738,0.004736178598012431,93.90000368953825,2,895.0
32592,Mionetto Frizzante Prosecco,C,1568.1499999999999,85,18.584202898550725,0.004731984191848053,93.9047356737301,2,91.0
6225,St Germain Liqueur,C,1568.0700000000002,393,3.99,0.004731742787176723,93.90946741651727,1,1546.0
43224,Ch Beauchene Cotes du Rhone,C,1565.04,96,16.275714285714283,0.004722599585250058,93.91419001610252,2,618.0
16458,Gerard Bertrand Corbieres Ro,C,1564.8,120,13.040632911392406,0.004721875371236064,93.91891189147375,2,244.0
10283,M D 20/20 Orange Jubilee,C,1564.08,392,3.99,0.0047197027291940846,93.92363159420294,2,214.0
27808,Blackstone Chard Monterey,C,1561.47,153,10.17918918918919,0.004711826901791908,93.92834342110474,2,1520.0
20406,Tenuta Santo Pietro Percept,C,1561.29,71,21.99,0.004711283741281412,93.93305470484603,2,493.0
753,LaBelle Winery Blueberry,C,1559.2199999999998,78,19.99,0.00470503739541072,93.93775974224144,2,850.0
7629,Barenjager Honey & Bourbon,C,1557.27,73,21.674210526315786,0.0046991531565470255,93.94245889539799,1,
2029,Springbank 10 Yr Scotch,C,1553.79,21,73.99,0.004688652053344123,93.94714754745134,1,214.0
34014,Hess Collection Cab S Mt Vee,C,1553.74,26,59.59,0.0046885011754245415,93.95183604862676,2,196.0
13454,Eden Heirloom Blnd Ice Cider,C,1553.3799999999999,62,25.04769230769231,0.004687414854403551,93.95652346348116,2,247.0
8579,Chi Chi's Orange Cream RTD,C,1552.24,176,8.882307692307693,0.004683974837837083,93.961207438319,1,
689,McManis Pnt Nr Cal,C,1551.59,141,11.016666666666667,0.004682013424882518,93.96588945174388,2,511.0
3778,Grey Goose Le Citron Vodka,C,1550.67,33,46.99,0.004679237271162211,93.97056868901504,1,12.0
19895,Skeleton Malbec,C,1549.59,141,10.99,0.0046759783080992405,93.97524466732314,2,357.0
16427,Yellow Tail Sweet Red Roo,C,1548.93,107,14.546962025316455,0.00467398671956076,93.9799186540427,2,378.0
18593,Barefoot Bubbly Red Moscato,C,1548.45,155,9.99,0.004672538291532773,93.98459119233424,2,527.0
17981,If You See Kay Red Blend,C,1547.1399999999999,86,17.99,0.004668585290039727,93.98925977762427,2,263.0
17906,Kim Crawford Chard Unoaked,C,1547.1299999999999,87,17.71549019607843,0.00466855511445581,93.99392833273872,2,539.0
3868,Skol Vodka,C,1544.62,238,6.49,0.004660981042892798,93.99858931378161,1,138.0
14386,Tarima Monastrell Jumilla,C,1541.29,171,9.037619047619048,0.004650932573448641,94.00324024635506,2,310.0
2182,McClelland Islay Single Mal,C,1541.1899999999998,81,19.03109589041096,0.004650630817609477,94.00789087717267,1,459.0
17867,Beringer Classic Wh Zin Mosc,C,1540.77,223,6.913076923076924,0.004649363443084989,94.01254024061575,2,543.0
12139,Silver Oak Cab Svgn Napa Vly,C,1539.93,7,219.99,0.004646828694036013,94.01718706930978,2,2.0
2923,Balvenie 12 Yr Single Barrel,C,1539.78,22,69.99,0.0046463760602772665,94.02183344537006,1,
19961,Dom du Pegau Chntf du Pape R,C,1539.78,22,69.99,0.0046463760602772665,94.02647982143034,2,68.0
25497,Triga Alicante Tinto 11,C,1539.23,77,19.99,0.004644716403161865,94.0311245378335,2,
29489,Hess Collection Chard Napa,C,1539.23,77,19.990000000000002,0.004644716403161865,94.03576925423667,2,273.0
1022,St Brendans Salted Caramel,C,1538.9,110,13.99,0.004643720608892625,94.04041297484557,1,
3702,Kinky Vodka,C,1538.46,1554,0.99,0.004642392883200303,94.04505536772876,1,150.0
34219,Simi Merlot,C,1538.1,90,17.045555555555556,0.004641306562179314,94.04969667429094,2,395.0
3629,Flag Hill White Rum,C,1536.4699999999998,53,28.99,0.004636387942000943,94.05433306223294,1,448.0
25181,Grahams 2000 Vintage Port,C,1535.84,16,95.99,0.00463448688021421,94.05896754911316,2,10.0
2543,Darnley's View Gin,C,1535.36,64,23.99,0.004633038452186224,94.06360058756535,1,147.0
8470,1800 Reposado Gold Tequila,C,1534.5,550,2.79,0.004630443351969415,94.06823103091732,1,2850.0
43801,C Y Toro Frontera Cab Svgn,C,1534.32,168,9.171818181818182,0.00462990019145892,94.07286093110878,2,216.0
1663,Jim Beam Maple,C,1533.51,1549,0.99,0.004627455969161693,94.07748838707793,1,362.0
17347,Ridge Lytton Petite Sirah,C,1529.49,51,29.99,0.004615325384427306,94.08210371246236,2,36.0
19740,Ch St Jean Alexander Cab Svg,C,1529.3899999999999,61,25.156666666666663,0.004615023628588142,94.08671873609094,2,101.0
10372,Hazlitt Red Cat Finger Lakes,C,1529.28,172,8.891098901098902,0.0046146916971650615,94.09133342778811,2,14.0
23974,Catena RSV Chard,C,1529.1,90,16.99,0.0046141485366545665,94.09594757632478,2,462.0
24398,Fleur de Pnt Nr California,C,1529.1,90,16.99,0.0046141485366545665,94.10056172486144,2,358.0
14471,De Loach Merlot Cal,C,1528.47,153,9.99,0.004612247474867834,94.1051739723363,2,328.0
29646,Hartley & Gibson Amontillad,C,1527.85,115,13.215,0.004610376588665018,94.10978434892496,2,159.0
860,Bols Orange Curacao,C,1527.61,139,10.99,0.004609652374651024,94.11439400129962,1,118.0
6881,Midnight Moon Cranberry,C,1521.73,77,19.889999999999997,0.004591909131308191,94.11898591043092,1,15.0
36061,Ch Lynch Bages 10,C,1519.92,8,189.99,0.004586447350619325,94.12357235778154,2,
2868,Mortlach Single Malt Scotch,C,1519.8400000000001,16,94.99,0.004586205945947994,94.12815856372748,1,212.0
18433,Bertani Amarone 04,C,1519.84,16,94.99,0.004586205945947993,94.13274476967342,2,5.0
8221,Grand Mayan Silver Agave,C,1519.81,19,79.99,0.0045861154191962445,94.13733088509262,1,124.0
2086,Jefferson's Rsv Groth Resrve,C,1519.81,19,79.99,0.0045861154191962445,94.14191700051182,1,2.0
36065,Ch Montrose 10,C,1517.94,6,252.99,0.004580472585003881,94.14649747309683,2,22.0
2242,Cles des Ducs Armagnac VSOP,C,1517.31,69,21.989999999999995,0.004578571523217148,94.15107604462004,1,
3533,Lidestri Pink Limoncello,C,1515.25,75,20.198955223880596,0.004572355352930372,94.15564839997297,1,238.0
37126,Girard Chard RRV,C,1513.24,76,19.850465116279068,0.004566290060563179,94.16021469003354,2,246.0
9129,Peychaud's Bitters,C,1511.97,303,4.99,0.004562457761405798,94.16477714779495,1,569.0
14096,Citation Chard,C,1511.58,42,35.99,0.004561280913633059,94.16933842870858,2,50.0
18881,Middle Sister Pnt Nr Goodie,C,1508.49,151,9.99,0.004551956658202896,94.17389038536679,2,287.0
6530,Meridian Santa Barbara Chard,C,1508.33,167,9.210338983050846,0.004551473848860232,94.17844185921565,2,839.0
22353,Dylan's Ghost Hell Hollow CS,C,1506.68,32,47.20428571428572,0.00454649487751403,94.18298835409317,2,27.0
43124,Gekkeikan Nigori Sake,C,1503.49,251,5.99,0.004536868866244702,94.18752522295941,2,256.0
29691,Hahn Merlot Central Coast,C,1501.75,125,12.02448275862069,0.004531618314643251,94.19205684127405,2,253.0
5268,Mr Boston Rock & Rye,C,1501.33,167,8.99,0.004530350940118763,94.19658719221417,1,531.0
1013,Kahlua Pumpkin Spice Liqueur,C,1500.21,79,18.99,0.004526971274720127,94.20111416348888,1,
27111,Masi Amarone Costasera Valp,C,1499.75,25,59.99,0.004525583197859975,94.20563974668674,2,140.0
2802,SW4 London Dry Gin,C,1499.3999999999999,60,24.99,0.0045245270524229,94.21016427373917,1,115.0
43489,Ken Forrester Petit Chenin B,C,1498.91,109,13.80818181818182,0.004523048448810998,94.21468732218798,2,280.0
24971,Hugel Gentil White,C,1498.8600000000001,114,13.095263157894738,0.004522897570891415,94.21921021975888,2,368.0
36153,Edna Valley Paragon Pnt Nr,C,1496.93,107,13.99,0.004517073683195553,94.22372729344207,2,347.0
19557,Zorvino Fragole Z Strawberry,C,1496.93,107,13.99,0.004517073683195553,94.22824436712526,2,743.0
29810,Fess Parker Chard,C,1496.07,93,16.09,0.004514478582978744,94.23275884570823,2,325.0
4846,Cruzan Estate Diamond Dark,C,1495.12,88,16.99,0.004511611902506687,94.23727045761073,1,147.0
23796,Mayu Pedro Ximenez,C,1493.85,115,12.99,0.004507779603349306,94.24177823721408,2,349.0
46489,Eppa Red Sangria Organic,C,1493.85,115,12.99,0.004507779603349306,94.24628601681742,2,619.0
19244,Trimbach Riesling,C,1493.1699999999998,83,17.99,0.004505727663642991,94.25079174448106,2,263.0
25704,Murphy-Goode Chard Sonoma,C,1487.97,103,14.379830508474576,0.004490036360006472,94.25528178084107,2,693.0
44292,Woop Woop Shiraz,C,1487.01,99,15.280909090909091,0.004487139503950499,94.25976892034502,2,233.0
18813,Sweet Baby Vyds Raspberry,C,1486.76,124,11.99,0.004486385114352589,94.26425530545937,2,614.0
19169,Anterra Chardonnay,C,1486.14,186,7.99,0.004484514228149773,94.26873981968753,2,18.0
10205,R Mondavi Pnt Nr Napa Vly,C,1484.4499999999998,55,26.99,0.004479414554467903,94.27321923424199,2,282.0
24020,Rosenblum Vntr Cve XXX Znfdl,C,1483.65,135,10.99,0.004477000507754593,94.27769623474974,2,355.0
29371,Merryvale Starmont Cab Svgn,C,1483.47,53,27.99,0.004476457347244098,94.28217269209698,2,145.0
23079,Bolla Torr'Alta Veronese Ros,C,1481.22,78,18.99,0.0044696678408629115,94.28664235993784,2,18.0
44916,Ferreira Dona Antonio RSV,C,1479.25,75,19.796451612903223,0.004463723250831383,94.29110608318868,2,242.0
27514,Clos du Bois RSV Cab Svgn,C,1479.25,75,19.70428571428571,0.004463723250831383,94.29556980643952,2,516.0
20395,Antico Colle Rosso di Montep,C,1478.52,148,9.99,0.004461520433205487,94.30003132687273,2,304.0
8630,Fontana Candida Frascati,C,1478.2,180,8.235283018867925,0.0044605548145201625,94.30449188168724,2,581.0
15401,Red Rock Pnt Nr,C,1477.3600000000001,164,9.01247191011236,0.004458020065471187,94.30894990175271,2,127.0
14631,Dom Serene Yamhill Cv Pnt Nr,C,1476.6000000000001,40,36.865,0.004455726721093541,94.3134056284738,2,372.0
13603,Folonari Pnt Nr Venezie,C,1475.1799999999998,82,17.99,0.0044514417881774135,94.31785707026198,2,175.0
18638,Waterstone Cab Svgn,C,1474.4099999999999,59,24.99,0.004449118268215852,94.32230618853019,2,286.0
2156,(RI) 1,C,1470.6000000000001,40,36.800810810810816,0.00443762137074371,94.32674380990093,1,289.0
21281,Rodney Strong Rsv Alex Vy CS,C,1469.7,30,48.99,0.004434905568191235,94.33117871546912,2,231.0
15205,Beringer Cab Svgn Napa Vly,C,1469.5800000000002,42,34.99,0.004434543461184238,94.33561325893031,2,466.0
4274,Dictador 12 Yr Rum,C,1469.57,43,34.18354838709678,0.004434513285600321,94.34004777221591,1,91.0
2808,Uisce Beatha Irish Whisky,C,1469.51,49,29.99,0.0044343322320968236,94.344482104448,1,262.0
2209,Pendleton 1910,C,1469.51,49,29.99,0.0044343322320968236,94.3489164366801,1,230.0
37217,Castano Solanera Yecla Mona,C,1468.95,105,13.990000000000002,0.004432642399397506,94.35334907907949,2,231.0
42735,Magnificent Wine Co House Re,C,1468.78,122,12.055217391304348,0.004432129414470926,94.35778120849396,2,321.0
15265,The Naked Grape Cab Svgn,C,1467.9,210,6.99,0.004429473963086285,94.36221068245705,2,330.0
31075,J Lohr Hilltop Cab Svgn,C,1466.46,54,27.220769230769232,0.004425128679002325,94.36663581113605,2,21.0
20912,Whitehall Tre Leoni Red Napa,C,1465.3899999999999,61,24.056666666666665,0.004421899891523272,94.37105771102758,2,364.0
37785,Lindemans Bin 40 Merlot,C,1462.91,109,13.72913043478261,0.004414416346712009,94.37547212737428,2,855.0
11414,Beringer Classic Moscato,C,1462.88,212,6.8828571428571435,0.00441432581996026,94.37988645319425,2,1425.0
22697,Girard Old Vine Znfdl,C,1462.36,64,22.772608695652174,0.004412756689596607,94.38429920988384,2,341.0
18875,Di Padrino Dry Vermouth,C,1462.17,183,7.990000000000001,0.004412183353502196,94.38871139323734,2,380.0
10422,Mirassou Pnt Grigio Cal,C,1458.54,146,9.99,0.004401229616540548,94.39311262285389,2,384.0
19635,Ch St Jean Pnt Nr Sonoma Cst,C,1457.28,72,20.336153846153845,0.004397427492967083,94.39751005034685,2,141.0
3539,MacGavin's Highland Scotch,C,1457.1899999999998,81,17.99,0.004397155912711836,94.40190720625957,1,
21813,Canyon Rd Chard,C,1456.1599999999999,304,4.79,0.004394047827568448,94.40630125408714,2,136.0
2815,Benromach 10Yr Single Malt,C,1455.74,26,55.989999999999995,0.00439278045304396,94.41069403454019,1,154.0
18535,Candia Vyds Ice Storm,C,1455.48,52,27.99,0.004391995887862134,94.41508603042804,2,187.0
45063,Cecchi Bonizio Red Blend,C,1455.41,159,9.169245283018869,0.004391784658774719,94.41947781508682,2,586.0
16315,24 Knots Pnt Nr,C,1454.96,104,13.99,0.004390426757498482,94.42386824184432,2,121.0
23797,Mayu Carmenere Syrah,C,1454.88,112,12.99,0.004390185352827151,94.42825842719715,2,225.0
32074,Warre's Kings Tawny Porto,C,1454.88,112,12.99,0.004390185352827151,94.43264861254998,2,295.0
2880,Bird Dog Chocolate Whiskey,C,1454.03,97,14.99,0.004387620428194258,94.43703623297817,1,5.0
7995,Patron Reposado Tequila,C,1453.76,224,6.49,0.004386805687428516,94.4414230386656,1,2104.0
10581,Fat Bastard Pnt Nr,C,1450.68,132,10.99,0.004377511607582269,94.44580055027319,2,338.0
13086,Armand De Brignac Brut,C,1449.95,5,289.99,0.0043753087899563725,94.45017585906315,2,38.0
25386,Champagne Pommerey 04 Gr Cru,C,1449.71,29,49.99,0.00437458457594238,94.45455044363909,2,65.0
6624,Poli Sarpa Grappa,C,1449.71,29,49.989999999999995,0.00437458457594238,94.45892502821503,2,35.0
19782,Marques de Caceres Gran RSV,C,1449.51,49,29.535454545454545,0.004373981064264051,94.4632990092793,2,335.0
5077,Malibu Red,C,1449.1399999999999,86,16.855671641791044,0.004372864567659145,94.46767187384695,1,
3930,Deep Eddy Vodka,C,1449.1,90,16.162413793103447,0.004372743865323479,94.47204461771227,1,40.0
8567,Cribari Chianti,C,1448.56,144,10.101111111111111,0.0043711143837919944,94.47641573209606,2,122.0
23403,La Merika Pnt Grigio Montery,C,1447.39,161,8.99,0.004367583840473778,94.48078331593653,2,
8543,Kringle Cream,C,1447.27,73,19.75470588235294,0.004367221733466781,94.48515053767,1,
13766,Yealands Svgn Bl Marlborough,C,1444.8799999999999,112,12.904285714285715,0.004360009768910764,94.48951054743891,2,265.0
22170,Bone Shaker Znfdl,C,1441.28,72,20.02846153846154,0.004349146558700866,94.4938596939976,2,272.0
23433,Bruno Colin Chass-Mont Morge,C,1439.84,16,89.99,0.004344801274616906,94.49820449527222,2,3.0
11891,Penfolds Bin 389 Cab/Shiraz,C,1439.76,24,59.99,0.004344559869945575,94.50254905514217,2,204.0
1050,Hudson Maple Cask Rye,C,1439.68,32,44.99,0.004344318465274244,94.50689337360744,1,5.0
5135,Ancho Reyes Chile Liqueur,C,1439.3999999999999,60,23.99,0.004343473548924584,94.51123684715637,1,22.0
6115,Midnight Moon Raspberry,C,1439.28,72,19.99,0.004343111441917589,94.51557995859828,1,389.0
5633,Flag Hill Cranberry Liqueur,C,1439.04,96,14.99,0.004342387227903595,94.51992234582619,1,557.0
818,Gordons London Dry Gin,C,1438.56,144,9.99,0.004340938799875608,94.52426328462606,1,41.0
12534,Ch Beaulieu Grand Vin Brdx,C,1438.56,144,9.99,0.004340938799875608,94.52860422342593,2,232.0
39598,R M Woodbridge Cab Svgn Cal,C,1432.18,182,7.874615384615385,0.004321686777336955,94.53292591020326,2,534.0
18860,Barefoot Refresh Summer Red,C,1431.6100000000001,239,5.99,0.004319966769053721,94.53724587697232,2,671.0
5536,St Brendans Irish Cream,C,1430.3999999999999,960,1.49,0.004316315523399837,94.54156219249572,1,5336.0
22336,EnRoute Pnt Nr,C,1429.74,26,54.99,0.004314323934861357,94.54587651643058,2,39.0
29621,Schmitt Sohne Spatlese,C,1428.83,117,12.243164556962025,0.004311577956724965,94.55018809438731,2,306.0
25984,C Y Toro Casa Diablo Svgn Bl,C,1428.57,143,9.99,0.004310793391543139,94.55449888777885,2,710.0
43379,Edna Valley San Luis Cab Svg,C,1426.98,102,13.99,0.004305995473700434,94.55880488325255,2,375.0
23379,Luiano Sangiovese,C,1426.81,119,11.99,0.004305482488773855,94.56311036574132,2,186.0
27176,Peter Vella Delicious Red B/,C,1424.05,95,14.99,0.004297154027612933,94.56740751976893,2,153.0
18369,Sequin Delicately Moscato,C,1422.22,178,7.99,0.004291631895756234,94.57169915166469,2,365.0
2733,GlenDronach Tawny Port 15 Yr,C,1421.82,18,78.99,0.004290424872399579,94.57598957653708,1,90.0
28238,Banfi Pnt Grigio Rime,C,1420.42,158,8.99,0.004286200290651285,94.58027577682773,2,257.0
5681,Josiah Bartlett Apple Brandy,C,1418.5700000000002,43,32.99,0.004280617807626754,94.58455639463536,1,360.0
15392,Cupcake Riesling,C,1418.31,169,8.4151968503937,0.004279833242444927,94.5888362278778,2,531.0
3395,Jeremiah Weed Sweet Tea Vdka,C,1418.03,97,14.818571428571428,0.004278988326095269,94.5931152162039,1,
15837,Ninety+Cellars Lot 37 Shiraz,C,1416.53,147,9.701538461538462,0.0042744619885078106,94.5973896781924,2,340.0
4897,Remy Martin VSOP Cognac,C,1414.3500000000001,315,4.49,0.004267883711214039,94.60165756190361,1,3270.0
7818,Andre Cold Duck,C,1412.6299999999999,237,5.962972972972973,0.00426269351078042,94.60592025541439,2,529.0
25689,Nisia 13 O V Verdejo Rueda,C,1411.43,157,8.99,0.004259072440710453,94.61017932785509,2,12.0
19174,Cavicchioli Sw Italian Spkln,C,1409.8,120,11.706666666666667,0.004254153820532083,94.61443348167562,2,358.0
14811,Primaterra Pnt Nr,C,1409.69,131,10.865,0.004253821889109002,94.61868730356473,2,336.0
3651,Belvedere Vodka,C,1408.47,353,3.99,0.004250140467871203,94.6229374440326,1,1661.0
26558,King Est Pnt Nr Ore,C,1408.4399999999998,56,25.204285714285714,0.004250049941119454,94.62718749397372,2,835.0
22318,Lecciaia Brunello M Reserve,C,1407.68,32,43.99,0.00424775659674181,94.63143525057046,2,145.0
31172,Luna di Luna Chard/Pnt Grig,C,1407.36,64,21.99,0.004246790978056485,94.63568204154852,2,400.0
16646,Cesari Jema Corvina Veronese,C,1405.6200000000001,38,36.99,0.004241540426455034,94.63992358197497,2,17.0
8907,Carlo Rossi Burgundy Calif,C,1404.99,201,6.99,0.0042396393646683015,94.64416322133964,2,246.0
41062,Martin Ray Cab Svgn Napa,C,1403.2199999999998,78,17.99,0.0042342982863151,94.64839751962596,2,259.0
22222,LaLuca Prosecco,C,1402.83,117,11.99,0.0042331214385423616,94.6526306410645,2,381.0
43922,Farnum Hill Farmhouse Cider,C,1402.44,156,8.99,0.004231944590769623,94.65686258565528,2,17.0
23389,Opici Fish Bottle Bianco,C,1401.83,117,11.978888888888887,0.004230103880150724,94.66109268953542,2,356.0
36579,Covey Run Rsl Columbia Vly,C,1401.66,234,5.99,0.004229590895224145,94.66532228043064,2,282.0
24312,Ch Clos Fourtet 12 St-Emilin,C,1399.8600000000001,14,99.99,0.004224159290119196,94.66954643972076,2,72.0
15161,Groth Rsv Cab Svgn Napa Vly,C,1399.86,14,99.99,0.004224159290119195,94.67377059901088,2,94.0
2714,Glenfiddich The Original,C,1399.86,14,99.99,0.004224159290119195,94.677994758301,1,78.0
3792,Jose Cuervo La Familia Rsv,C,1399.86,14,99.99,0.004224159290119195,94.68221891759111,1,10.0
15266,The Naked Grape Chard,C,1398.0,200,6.99,0.0042185466315107474,94.68643746422262,2,291.0
45876,Frei Bros RSV Svgn Bl RRV,C,1395.07,93,15.005873015873016,0.004209705185423246,94.69064716940804,2,344.0
32136,Warre's 20-Yr Tawny Port,C,1394.69,31,44.99,0.004208558513234424,94.69485572792128,2,59.0
16469,Menage a Trois Moscato,C,1394.42,158,8.801023622047245,0.004207743772468682,94.69906347169375,2,380.0
5223,Paul Masson Red Berry Brandy,C,1394.35,165,8.485652173913044,0.004207532543381266,94.70327100423712,1,
10715,C Y Toro Privada Rsv Casa Di,C,1394.07,93,14.99,0.004206687627031608,94.70747769186416,2,238.0
6481,Korbel Natural,C,1394.07,93,14.99,0.004206687627031608,94.71168437949119,2,201.0
13709,Jam Jar Sweet Shiraz,C,1392.78,122,11.49,0.004202794976706394,94.7158871744679,2,327.0
43129,Jelu Malbec San Juan,C,1392.05,95,14.671159420289856,0.004200592159080498,94.72008776662697,2,248.0
2262,Black Button Citrus Gin,C,1391.56,44,31.779473684210522,0.004199113555468595,94.72428688018245,1,44.0
3306,Hammer & Sickle Vodka,C,1391.52,48,28.990000000000002,0.004198992853132929,94.72848587303558,1,315.0
14329,Ty Ku Sake Junmai Ginjo,C,1391.04,96,14.496024096385543,0.004197544425104943,94.73268341746069,2,211.0
12140,Natura Valle Svgn Bl Casabla,C,1390.61,139,10.015974025974026,0.004196246874996538,94.73687966433569,2,462.0
283,Milagro Tequila Reposado SBR,C,1389.74,26,53.38130434782609,0.004193621599195813,94.74107328593489,1,147.0
12951,Purple Cowboy Red,C,1388.74,126,11.036511627906977,0.004190604040804174,94.74526388997569,2,312.0
1999,Old Forrester 1870 Craft,C,1388.69,31,44.76777777777778,0.004190453162884592,94.74945434313858,1,4.0
31847,Saintsbury Carneros Pnt Nr,C,1385.58,42,32.99,0.004181068556286596,94.75363541169487,2,227.0
9304,Arak Razzouk,C,1385.37,63,21.99,0.004180434869024352,94.7578158465639,1,224.0
2239,Rebel Yell American Whisky,C,1385.34,66,20.99,0.0041803443422726025,94.76199619090617,1,
25005,Volpaia Chianti Clsco,C,1385.23,77,17.99,0.004180012410849523,94.76617620331703,2,174.0
39491,Flag Hill Red Raspberry Fru,C,1385.01,99,13.99,0.004179348548003362,94.77035555186504,2,671.0
36573,Matanzas Creek Svgn Bl Sonom,C,1383.3,70,19.710930232558137,0.004174188523153661,94.77452974038819,2,628.0
11080,G Vigouroux Pigmentum Malbec,C,1382.55,145,9.736835443037975,0.004171925354359931,94.77870166574255,2,506.0
16878,Goosebump Velvety Red,C,1382.27,173,7.989999999999999,0.004171080438010273,94.78287274618056,2,374.0
3439,Broker's London Dry Gin,C,1380.34,66,20.775714285714283,0.0041652565503144095,94.78703800273087,1,249.0
7909,DeLeon Reposado Tequila,C,1379.77,23,59.989999999999995,0.004163536542031176,94.7912015392729,1,238.0
7780,Herradura Reposado Lot 598,C,1379.7,30,45.99,0.004163325312943762,94.79536486458585,1,0.0
10357,Gnarly Head Chard Cal,C,1379.54,146,9.798823529411765,0.004162842503601099,94.79952770708945,2,658.0
42886,Clos de Los Siete Mendoza,C,1379.31,69,19.99,0.004162148465171022,94.80368985555462,2,175.0
19822,Ch LaGrange 10 Brdx,C,1377.8700000000001,13,105.99,0.004157803181087063,94.80784765873571,2,20.0
46119,Phillips Lust Znfdl Lodi,C,1376.75,25,55.143846153846155,0.004154423515688428,94.8120020822514,2,58.0
17188,The Messenger Telegram Red 1,C,1376.19,81,16.99,0.00415273368298911,94.81615481593438,2,73.0
46189,Napa Cellars Chard,C,1376.1899999999998,81,16.99,0.00415273368298911,94.82030754961737,2,234.0
25204,Ch Rollan de By Medoc,C,1374.45,55,24.99,0.004147483131387659,94.82445503274876,2,47.0
5015,Arrow Creme de Banana,C,1374.28,172,7.99,0.00414697014646108,94.82860200289522,1,461.0
20509,Ch Mylord Cuvee Milady,C,1373.77,123,11.250869565217393,0.004145431191681344,94.83274743408691,2,115.0
2797,Wicked 87 Whiskey,C,1369.17,1383,0.9899999999999999,0.004131550423079808,94.83687898451,1,14.0
16782,Penner-Ash Willamette Pnt Nr,C,1368.63,37,36.99,0.004129920941548322,94.84100890545155,2,129.0
46298,Intorcia Marsala Sweet,C,1366.8600000000001,114,11.99,0.004124579863195122,94.84513348531475,2,309.0
6648,Marcus James Merlot Mendoza,C,1366.45,155,8.792083333333332,0.00412334266425455,94.849256827979,2,315.0
2920,Old Potrero 18th Century,C,1364.76,24,59.695882352941176,0.0041182429905726806,94.85337507096958,1,45.0
19336,Moletto Prosecco,C,1364.5800000000002,342,3.99,0.004117699830062186,94.85749277079964,2,587.0
18768,Cosentino The Franc,C,1363.95,105,12.99,0.004115798768275454,94.86160856956792,2,287.0
41899,Marietta Old Vine Cve Cal Rd,C,1363.95,105,12.99,0.004115798768275454,94.8657243683362,2,342.0
23345,Neyers Vyd Chard Carneros,C,1363.48,52,26.02846153846154,0.004114380515831384,94.86983874885203,2,328.0
33672,Toasted Head Merlot Cal,C,1362.8600000000001,114,11.94945945945946,0.004112509629628568,94.87395125848167,2,290.0
22593,The Divining Rod Red,C,1362.76,124,10.99,0.004112207873789403,94.87806346635546,2,348.0
11003,Klinker Brick Farrah Syrah,C,1359.1999999999998,80,16.99,0.00410146536591517,94.88216493172138,2,188.0
14381,LaBelle Winery Riesling,C,1359.15,85,15.990000000000002,0.004101314487995588,94.88626624620937,2,703.0
60,Canadian Club 1858 VAP,C,1358.76,124,10.96979797979798,0.00410013764022285,94.8903663838496,1,146.0
45921,Estancia Svgn Bl Pinnacles,C,1358.64,136,9.99,0.0040997755332158525,94.89446615938282,2,345.0
28690,Stonehedge Merlot Cal,C,1358.64,136,9.99,0.0040997755332158525,94.89856593491604,2,130.0
6361,Totts Extra Dry,C,1358.3,170,7.990000000000001,0.0040987495633626955,94.9026646844794,2,177.0
25622,Forest Glen Chard,C,1357.49,151,8.99,0.004096305341065468,94.90676098982047,2,177.0
24874,Benziger Merlot,C,1356.87,113,12.016315789473685,0.004094434454862652,94.91085542427533,2,172.0
46785,Oops Spicy Splendr Carmenere,C,1356.6100000000001,139,9.790000000000001,0.004093649889680827,94.91494907416501,2,322.0
11337,Freemark Abbey Merlot Napa,C,1355.57,43,31.418571428571425,0.004090511628953522,94.91903958579397,2,325.0
22027,Jacobs Crk Cab Svgn,C,1353.47,153,8.775714285714285,0.004084174756331081,94.9231237605503,2,625.0
2942,Glen Grant 10 Yr Single Malt,C,1352.65,35,38.91857142857143,0.004081700358449938,94.92720546090875,1,86.0
5707,Art in the Age Rhubarb Tea,C,1352.5900000000001,41,32.99,0.004081519304946439,94.9312869802137,1,286.0
14062,Shafer Red Shoulder Chard,C,1351.74,26,51.99,0.004078954380313546,94.93536593459402,2,77.0
16971,Angeline Rsv Cab Svgn,C,1351.1799999999998,82,16.473870967741934,0.004077264547614229,94.93944319914164,2,406.0
441,Caribou Crossing Canadian,C,1349.73,27,49.99,0.004072889087946353,94.94351608822959,1,1.0
19887,Guasti Clemente Barolo Rsva,C,1349.73,27,49.99,0.004072889087946353,94.94758897731754,2,
3681,OuterSpace Vodka,C,1349.55,45,29.99,0.004072345927435858,94.95166132324498,1,794.0
10254,Beringer Classic Chard,C,1349.05,195,6.891960784313726,0.004070837148240039,94.95573216039321,2,1461.0
13793,Yellow Tail Svgn Bl,C,1349.02,98,14.0525,0.00407074662148829,94.9598029070147,2,346.0
18747,Ca'Momi Rosso di Napa,C,1348.65,135,9.99,0.0040696301248833834,94.9638725371396,2,262.0
272,Juarez Silver Tequila,C,1348.65,135,9.99,0.0040696301248833834,94.96794216726448,1,106.0
25647,De Loach Russian River Chard,C,1345.33,67,20.13285714285714,0.004059611831023143,94.9720017790955,2,337.0
1893,Port Charlotte Scotch Barley,C,1344.79,21,64.20052631578947,0.004057982349491659,94.976059761445,1,270.0
22665,Trefethen Cab Svgn,C,1344.75,25,53.8321052631579,0.004057861647155992,94.98011762309216,2,302.0
8322,Chi Chi's Ruby Red Margarita,C,1344.48,152,8.873928571428571,0.004057046906390251,94.98417466999855,1,
21000,Bonpas Ch du Pape Rouge Rsv,C,1343.68,32,41.99,0.00405463285967694,94.98822930285823,2,94.0
10750,Gattinara Travaglini,C,1343.52,48,27.990000000000002,0.004054150050334278,94.99228345290857,2,133.0
3677,Shady Fruit Valencia Orange,C,1341.8600000000001,114,11.812222222222221,0.004049140903404158,94.99633259381197,1,
20204,Dibon Cava Brut Rsv,C,1339.93,107,12.468260869565219,0.004043317015708294,95.00037591082769,2,497.0
20800,Talamonti Moda Montepulciano,C,1339.51,149,8.99,0.004042049641183806,95.00441796046887,2,380.0
15334,Brotte La Griveliere CDR,C,1338.66,134,9.99,0.0040394847165509135,95.00845744518543,2,236.0
1065,DiSaronno Cavalli Collection,C,1337.97,103,12.989999999999998,0.0040374026012606834,95.01249484778668,1,242.0
24498,Cuvaison Chard,C,1337.5,50,26.67,0.004035984348816613,95.0165308321355,2,207.0
45525,Natura Colchagua Carmenere,C,1334.68,132,10.119032258064516,0.004027474834152192,95.02055830696965,2,372.0
5822,Ryans Irish Cream,C,1334.33,167,7.99,0.004026418688715118,95.02458472565836,1,651.0
18879,LaBelle Winery Seyval Blanc,C,1334.1100000000001,89,14.99,0.004025754825868959,95.02861048048423,2,423.0
6021,Jackson Morgan Pepmint Mocha,C,1333.4199999999998,58,22.990000000000002,0.004023672710578727,95.0326341531948,1,118.0
34763,Mas Donis Montsant Old Vines,C,1330.89,111,11.99,0.004016038287847882,95.03665019148265,2,387.0
21144,Cherry Tart Pnt Nr,C,1329.3,70,18.99,0.004011240370005177,95.04066143185266,2,306.0
8877,Latour Beaujolais Villages,C,1329.07,93,14.196896551724137,0.004010546331575099,95.04467197818423,2,190.0
15264,Bridlewood Cab Svgn,C,1329.05,95,13.99,0.004010485980407267,95.04868246416463,2,291.0
20400,Ilauri Le Pinciaie 10 Red,C,1329.05,95,13.99,0.004010485980407267,95.05269295014503,2,285.0
3831,Grey Goose L'Orange Vodka,C,1328.67,333,3.99,0.0040093393082184445,95.05670228945324,1,2656.0
976,McCormick Gold Label Bourbon,C,1328.6,140,9.49,0.00400912807913103,95.06071141753237,1,15.0
20160,F Coppola Sophia Chard,C,1328.16,84,15.823333333333332,0.004007800353438709,95.06471921788581,2,300.0
45831,Lake Sonoma Chard RRV,C,1327.2199999999998,78,17.026363636363634,0.004004963848550568,95.06872418173435,2,371.0
24782,Casa Silva Los Lingues Cab S,C,1327.17,83,15.99,0.004004812970630987,95.07272899470499,2,361.0
38473,Adelsheim Pnt Gris Ore,C,1327.17,83,15.99,0.004004812970630987,95.07673380767562,2,342.0
26390,Pepperwood Grove Cab Svgn,C,1326.34,166,7.99,0.0040023083971659264,95.08073611607279,2,284.0
2684,Wemyss The Hive,C,1324.75,25,52.99,0.003997510479323221,95.08473362655211,1,48.0
34951,Ch Ste Michelle Eroica Rsl W,C,1324.35,65,20.389999999999997,0.003996303455966565,95.08872993000807,2,646.0
17167,Kendall Jackson Vntr RSV Zin,C,1321.64,104,12.861176470588234,0.003988125872725226,95.0927180558808,2,494.0
32650,Beringer Fndrs Est Pnt Nr,C,1320.84,116,11.371578947368421,0.003985711826011914,95.09670376770681,2,670.0
36620,Talbott Kali Hart Mtry Chard,C,1320.32,68,19.275714285714283,0.003984142695648262,95.10068791040246,2,478.0
23284,Ch Les Carruades 11 Lafitte,C,1319.94,6,219.99,0.003982996023459439,95.10467090642591,2,26.0
29039,Aszu Royal Tokaji 5 Puttony,C,1319.7,30,43.99,0.003982271809445446,95.10865317823536,2,114.0
6378,Walnut Crest Merlot Rapel,C,1318.68,132,9.99,0.0039791938998859746,95.11263237213524,2,296.0
11227,Girard Svgn Bl Napa Vly,C,1315.1999999999998,80,16.62265306122449,0.003968692796683071,95.11660106493193,2,331.0
15314,Korbel Sweet Cuvee,C,1315.17,83,15.602903225806452,0.003968602269931324,95.12056966720186,2,406.0
18276,Cecchi Coevo Wood,C,1314.77,23,59.53545454545454,0.003967395246574668,95.12453706244844,2,40.0
13618,Terra d'Oro Znfdl Port,C,1313.27,73,17.99,0.00396286890898721,95.12849993135742,2,170.0
35048,Castell Del Remei Gotim Bru,C,1312.91,109,12.075714285714287,0.0039617825879662205,95.13246171394539,2,435.0
36101,Carpineto Brunello Montalci,C,1310.77,23,56.99,0.003955325013008114,95.1364170389584,2,50.0
13636,Charles Smith C Smith Cab Sv,C,1310.31,69,18.99,0.003953936936147959,95.14037097589454,2,702.0
45823,Masciarelli Trebbiano Abruzo,C,1308.69,131,9.99,0.0039490484915535055,95.14432002438609,2,331.0
2232,Sipsmith Gin,C,1307.67,33,39.78310344827587,0.003945970581994034,95.14826599496809,1,255.0
31501,Barefoot Wh Znfdl Cal,C,1306.83,117,11.16741935483871,0.003943435832945057,95.15220943080104,2,170.0
4379,Bacardi Coconut,C,1306.8,1320,0.99,0.0039433453061933086,95.15615277610723,1,503.0
6942,Southern Comfort Cherry,C,1303.3700000000001,113,11.545555555555554,0.003932995080909989,95.16008577118815,2,
24185,Conterno Fantino Barolo Mosc,C,1301.8600000000001,14,92.99,0.003928438567738614,95.16401420975589,2,9.0
16727,Bitch Grenache Aragon,C,1301.07,93,13.99,0.003926054696609219,95.1679402644525,2,364.0
1051,Woodford Reserve MC 1838,C,1299.87,13,99.99,0.003922433626539253,95.17186269807904,1,
24109,Beringer KVR Cab Svgn,C,1299.74,26,49.99,0.00392204134394834,95.175784739423,2,4.0
25838,Dry Creek Cab Svgn Sonoma,C,1299.35,65,19.99,0.003920864496175601,95.17970560391917,2,147.0
17837,Alverez de Toledo Mencia Rbl,C,1297.71,129,10.204285714285716,0.003915915700413313,95.18362151961959,2,70.0
17308,Novelty Hill Cab Svgn CV,C,1297.4099999999999,59,21.99,0.003915010432895822,95.18753653005248,2,231.0
3061,Absolut Grapevine Vodka,C,1296.12,88,14.75923076923077,0.003911117782570608,95.19144764783505,1,
24863,Double Canyon Heaven H Cab S,C,1295.46,54,23.99,0.003909126194032127,95.19535677402908,2,18.0
3138,Svedka 100 Vodka,C,1294.92,108,11.99,0.003907496712500642,95.19926427074158,1,
21861,Diseno Red Blend Mendoza,C,1294.9,110,11.444545454545455,0.003907436361332809,95.20317170710291,2,462.0
2502,Dewars Wh Label & Honey 2 Pk,C,1294.63,37,34.99,0.003906621620567067,95.20707832872348,1,
2512,The Macallan 12 Yr Old,C,1294.63,37,34.99,0.003906621620567067,95.21098495034406,1,305.0
19458,Ruffino Unoaked Chard Toscna,C,1294.38,162,7.99,0.0039058672309691574,95.21489081757503,2,377.0
36087,Ramey Russian River Chard,C,1291.66,34,37.99,0.0038976594721439,95.21878847704717,2,140.0
19855,Davis Bynum Jane's Vyd Pnt,C,1291.57,43,30.06407407407407,0.0038973878918886523,95.22268586493905,2,573.0
19356,C Y Toro Marques Cs Cab Svgn,C,1291.32,68,18.99,0.0038966335022907425,95.22658249844135,2,159.0
40658,Lemelson Theas Slctn Pnt Nr,C,1289.57,43,29.99,0.0038913527751053755,95.23047385121644,2,164.0
13505,C Y Toro Casillero Pnt Nr,C,1288.72,128,10.041282051282051,0.0038887878504724827,95.23436263906692,2,260.0
15466,Mirassou Moscato,C,1288.71,129,9.99,0.0038887576748885665,95.2382513967418,2,273.0
17350,Moonlight Meadery Sensual,C,1287.08,92,13.99,0.003883839054710195,95.24213523579651,2,703.0
31796,Gekkeikan Sake Haiku Prm Sel,C,1285.83,117,10.99,0.003880067106720647,95.24601530290323,2,202.0
9439,Cointreau VAP,C,1283.6200000000001,38,33.682307692307695,0.003873398302675126,95.2498887012059,1,
27331,Hahn Chard Monterey,C,1282.93,107,11.99,0.0038713161873848954,95.25376001739329,2,236.0
18304,Satellite Svgn Blanc Marlbor,C,1281.99,151,8.49,0.003868479682496755,95.25762849707579,2,19.0
24331,Ch Talbot St-Julien 12 GCC,C,1280.79,21,60.99,0.003864858612426788,95.26149335568822,2,36.0
2743,Linkwood 15 Yr Old Sngl Malt,C,1279.84,16,79.99,0.0038619919319547317,95.26535534762017,1,3.0
42456,Two Hands Angels Share Shira,C,1279.6,40,31.99,0.003861267717940739,95.26921661533811,2,131.0
13487,Brancaia Tre Rosso Toscana,C,1277.29,71,17.99,0.0038542971580560535,95.27307091249617,2,213.0
23239,Hay Maker Svgn Bl,C,1276.58,142,8.99,0.00385215469159799,95.27692306718777,2,380.0
5317,B & B Liqueur Dom,C,1276.52,388,3.29,0.0038519736380944916,95.28077504082586,1,2028.0
2119,Glendalough 13 Yr Sngle Malt,C,1274.85,15,84.99,0.003846934315580455,95.28462197514143,1,75.0
17001,Martinshof Gruner Veltliner,C,1273.0900000000001,91,13.990000000000002,0.003841623412811172,95.28846359855424,2,224.0
41912,Matua Pnt Nr Marlboro,C,1273.02,98,12.99,0.0038414121837237565,95.29230501073796,2,376.0
978,Ron Rio Silver Rum,C,1272.18,182,6.989999999999999,0.0038388774346747806,95.29614388817264,1,62.0
428,Sauza Giro Gold Tequila,C,1271.66,134,9.49,0.0038373083043111286,95.29998119647695,1,129.0
39716,Ravenswood Vntrs Blnd Shiraz,C,1271.26,154,8.877234042553193,0.0038361012809544725,95.3038172977579,2,521.0
46199,Man Chenin Blanc,C,1269.59,141,9.023898305084746,0.003831061958440436,95.30764835971634,2,250.0
1296,Tap 357 Maple Rye Whisky,C,1268.53,47,26.99,0.0038278633465452993,95.31147622306288,1,144.0
39518,J Lohr Riverstone Chard,C,1266.54,46,27.389999999999997,0.0038218584053459383,95.31529808146823,2,220.0
2793,Camus Elegance VS Cognac,C,1265.49,51,24.818571428571428,0.003818689969034718,95.31911677143727,1,93.0
25187,Ch Bruni Brdx Superieur,C,1264.01,99,12.599756097560977,0.0038142239826150933,95.32293099541988,2,7.0
18972,Schug Pnt Nr Carneros,C,1263.85,115,10.99,0.003813741173272431,95.32674473659316,2,3.0
17100,Z-52 Znfdl Lodi Old Vines,C,1262.42,158,7.99,0.0038094260647723883,95.33055416265793,2,
15251,Bota Mini Cab Svgn,C,1260.8400000000001,316,3.99,0.0038046583225135994,95.33435882098044,2,166.0
2535,Glenfiddich 21 Year Old,C,1259.93,7,179.99,0.003801912344377208,95.33816073332481,1,7.0
39461,Stags Leap SLV Cab Svgn,C,1259.8799999999999,12,104.99,0.0038017614664576254,95.34196249479128,2,4.0
22566,LaBelle Winery 2013 Dry Rsl,C,1259.1,90,13.99,0.0037994077709121474,95.34576190256219,2,934.0
8212,Krupnik Spiced Honey Liqueur,C,1258.49,51,24.617906976744184,0.0037975670602932478,95.34955946962248,1,286.0
5680,Barenjager Honey Liqueur,C,1257.68,632,1.99,0.003795122837996021,95.35335459246048,1,507.0
34971,Jermann Pinot Grigio Venezi,C,1256.53,47,26.561428571428568,0.0037916526458456365,95.35714624510632,2,152.0
9361,KAH Anejo Tequila,C,1254.82,18,69.71222222222222,0.003786492620995934,95.36093273772731,1,87.0
13602,Frescobaldi Mormoreto Cab Sv,C,1253.72,28,45.99,0.003783173306765132,95.36471591103408,2,59.0
25281,Ransom Dry Vermouth,C,1253.34,66,18.99,0.0037820266345763094,95.36849793766866,2,366.0
19419,Kendall Jackson Vnts RSV Cab,C,1252.75,125,10.05060606060606,0.0037802462751252426,95.37227818394379,2,324.0
27212,R Mondavi Cab Svgn Oakville,C,1249.79,21,58.87888888888889,0.0037713143022859922,95.37604949824608,2,115.0
4527,Camus Grand VSOP Elegance,C,1249.68,32,39.19,0.0037709823708629124,95.37982048061694,1,144.0
23851,Louis M Martini Cab Svgn,C,1248.31,119,10.49,0.003766848315866367,95.3835873289328,2,36.0
23406,The Naked Grape Box Merlot,C,1245.3,70,17.760491803278686,0.003757765465107535,95.38734509439792,2,178.0
24299,Rosemount Diamond Merlot,C,1243.75,125,9.95808510638298,0.003753088249600495,95.39109818264751,2,386.0
19668,Gnarly Head Malbec,C,1241.94,106,11.914528301886794,0.003747626468911629,95.39484580911642,2,374.0
26104,Spottswoode Cab Svgn Napa,C,1239.92,8,154.99,0.00374153100096052,95.39858734011737,2,39.0
6698,Clos du Bois Marlstone,C,1239.72,28,44.52333333333333,0.003740927489282192,95.40232826760665,2,102.0
37913,Pouilly Fume Minet Vls Vgns,C,1239.3799999999999,62,19.989999999999995,0.0037399015194290344,95.40606816912607,2,97.0
20921,Penfolds Bin 9 Cab Svgn,C,1239.3799999999999,62,19.99,0.0037399015194290344,95.4098080706455,2,266.0
34020,Champalou Vouvray Cuvee Fon,C,1239.3799999999999,62,19.99,0.0037399015194290344,95.41354797216492,2,169.0
41065,Martin Ray Chard RRV,C,1237.34,66,18.626363636363635,0.0037337457003100913,95.41728171786524,2,394.0
41605,Charles Heidsieck Brut RSV,C,1235.81,19,64.78999999999999,0.0037291288359708845,95.42101084670121,2,174.0
13895,Mohua Pinot Noir,C,1235.29,71,17.626363636363635,0.0037275597056072324,95.42473840640682,2,326.0
36570,Flora Springs Trilogy Cal,C,1234.81,19,64.99,0.0037261112775792463,95.42846451768439,2,272.0
36843,Frey Cab Svgn Organic Mendcn,C,1231.33,67,18.6478947368421,0.003715610174376344,95.43218012785877,2,190.0
4453,Pitu Brazilian Rum Cachaca,C,1231.12,88,13.989999999999998,0.003714976487114099,95.43589510434589,1,
40561,McManis Merlot Cal,C,1230.88,112,10.99,0.0037142522731001067,95.43960935661899,2,208.0
24603,Zeni 11 Amarone Classico,C,1229.59,41,29.99,0.0037103596227748927,95.44331971624176,2,89.0
36154,Frogs Leap Znfdl Napa,C,1229.59,41,29.99,0.0037103596227748927,95.44703007586453,2,129.0
856,Chinaco Blanco Tequila,C,1229.59,41,29.99,0.0037103596227748927,95.4507404354873,1,162.0
27146,Codice Sierra Cantabria Red,C,1228.77,123,9.99,0.003707885224893749,95.4544483207122,2,285.0
26947,Ferrari-Carano Merlot,C,1227.52,48,25.34483870967742,0.003704113276904201,95.45815243398911,2,303.0
23384,Dom Fouassier Sancerre 13,C,1223.32,68,17.99,0.0036914395316593185,95.46184387352078,2,
1895,Senators Club,C,1223.25,175,6.99,0.003691228302571904,95.46553510182335,1,177.0
25777,Ch Bonnet Red,C,1221.06,94,12.990000000000002,0.0036846198496942157,95.46921972167304,2,277.0
2790,High West American Prairie,C,1220.63,37,32.99,0.003683322299585811,95.47290304397262,1,402.0
855,Black Velvet,C,1219.89,111,10.99,0.003681089306375999,95.476584133279,1,95.0
37527,Redwood Creek Pnt Grigio,C,1219.89,111,10.99,0.003681089306375999,95.48026522258539,2,443.0
14632,Dom Serene Evenstad 11 Pnt N,C,1219.8,20,60.99,0.0036808177261207506,95.48394604031151,2,140.0
40965,Wente Wetmore Cab Svgn,C,1219.59,41,29.535454545454545,0.0036801840388585067,95.48762622435036,2,296.0
19001,Emblem Cab Svgn,C,1219.58,42,29.073333333333334,0.0036801538632745905,95.49130637821364,2,372.0
34525,Neyers Merlot Napa,C,1219.53,47,25.894761904761904,0.0036800029853550085,95.49498638119898,2,82.0
2467,Catskill Most Righteous Brbn,C,1219.4699999999998,53,23.02333333333333,0.00367982193185151,95.49866620313084,1,211.0
24787,Rodney Strong Chard Sonoma C,C,1219.3899999999999,61,19.99,0.0036795805271801784,95.50234578365801,2,445.0
4583,Perc Coffee Liqueur,C,1218.47,53,22.99,0.0036768043734598716,95.50602258803147,1,78.0
21982,Massolino Nebbiolo Langhe,C,1218.4699999999998,53,22.99,0.003676804373459871,95.50969939240493,2,
4748,Patron XO Cafe Incendio,C,1217.4199999999998,58,20.99,0.003673635937148651,95.51337302834207,1,
6357,Taylor Golden Sherry,C,1217.1299999999999,87,13.99,0.003672760845215075,95.51704578918729,2,98.0
7127,Mezcal De Amor Amaras,C,1213.75,25,49.037619047619046,0.0036625614978513374,95.52070835068514,2,165.0
18617,Picket Fence Chard RRV,C,1212.07,93,13.066923076923077,0.0036574919997533844,95.52436584268489,2,269.0
41412,Crios Rose of Malbec,C,1210.99,101,11.99,0.0036542330366904152,95.52802007572157,2,215.0
13994,Banfi Chianti Superiore,C,1210.81,119,10.275714285714285,0.00365368987617992,95.53167376559774,2,274.0
20152,La Cote Blanche Mcon V Chard,C,1209.23,77,15.561428571428573,0.0036489221339211313,95.53532268773166,2,325.0
25985,C Y Toro Casa Diablo Merlot,C,1208.79,121,9.989999999999998,0.00364759440822881,95.5389702821399,2,530.0
4705,Blue Chair Bay Banana Rum,C,1206.81,1219,0.99,0.0036416196426133658,95.54261190178251,1,88.0
13837,C Y Toro Frontera Pnt Grigio,C,1206.66,134,9.012222222222222,0.00364116700885462,95.54625306879136,2,232.0
6585,Kijafa Cherry,C,1206.49,151,7.99,0.003640654023928041,95.54989372281528,2,425.0
1252,Jim Beam Bonded Bourbon,C,1205.33,67,17.99,0.0036371536561937406,95.55353087647148,1,
38690,Ch Ste Michelle Indn Wl Merl,C,1205.32,68,17.745102040816327,0.003637123480609824,95.5571679999521,2,308.0
5286,Rosita Triple Sec,C,1204.98,302,3.9900000000000007,0.003636097510756667,95.56080409746285,1,429.0
6145,Marcus James Cab Svgn Mendza,C,1204.64,136,8.855168539325843,0.00363507154090351,95.56443916900375,2,332.0
29400,Ch D'Arcins Haut Medoc,C,1204.4299999999998,57,21.056666666666665,0.0036344378536412652,95.5680736068574,2,181.0
2615,Chivas Regal,C,1204.05,345,3.4899999999999998,0.0036332911814524428,95.57170689803885,1,3052.0
10676,W Hill RSV Cab Svgn,C,1203.72,28,42.99,0.003632295387183203,95.57533919342603,2,105.0
16189,Frescobaldi Tenuta Castglni,C,1203.57,43,27.99,0.0036318427534244566,95.57897103617945,2,647.0
19908,Ravenswood Besieged Red,C,1203.14,86,13.990000000000002,0.003630545203316052,95.58260158138278,2,234.0
41629,Heron Pnt Nr Cal,C,1203.14,86,13.99,0.003630545203316052,95.5862321265861,2,211.0
39282,Concannon Petite Sirah Cntrl,C,1202.9,110,10.932028985507248,0.0036298209893020593,95.5898619475754,2,3.0
2969,Laphroaig 32 Yr Old Scotch,C,1199.99,1,1199.99,0.0036210398943823906,95.59348298746978,1,16.0
2301,Glen Moray 25 Yr Portwood,C,1199.95,5,239.99,0.003620919192046725,95.59710390666183,1,18.0
2075,Jim Beam Distlrs Masterpiece,C,1199.94,6,199.99,0.003620889016462809,95.60072479567829,1,37.0
675,Mount Gay 1703 Old Cask Slct,C,1199.8899999999999,11,108.56142857142856,0.0036207381385432265,95.60434553381683,1,79.0
41588,Paul Hobbs Cab Svgn Napa,C,1199.8799999999999,12,99.99,0.0036207079629593103,95.60796624177979,2,236.0
21409,Mumm Cordon Rouge Brut,C,1199.8,20,59.99,0.0036204665582879794,95.61158670833808,2,52.0
22028,Gramercy Clrs Grenache,C,1199.76,24,49.99,0.0036203458559523134,95.61520705419403,2,57.0
22264,Cuttings Red,C,1199.76,24,49.99,0.0036203458559523134,95.61882740004998,2,159.0
37790,Merriam Merlot RRV,C,1199.54,46,26.085238095238093,0.0036196819931061533,95.62244708204308,2,281.0
20674,Tolaini Al Passo Toscana,C,1199.52,48,24.99,0.0036196216419383206,95.62606670368501,2,336.0
184,Hornitos Plata VAP,C,1199.5,50,23.99,0.0036195612907704874,95.62968626497579,1,1.0
8075,Sheffield Tawny Port,C,1198.8,120,9.99,0.0036174489998963403,95.63330371397568,2,232.0
16728,Pine Ridge Forefront Cab Svg,C,1198.37,63,19.042631578947365,0.0036161514497879354,95.63691986542547,2,28.0
24098,Gallo Copperidge Wh Znfdl,C,1195.29,171,6.99,0.003606857369941689,95.64052672279541,2,207.0
12270,Wente Louis Mel Svgn Bl,C,1195.23,77,14.99,0.0036066763164381913,95.64413339911185,2,275.0
806,DeKuyper Peachtree Schnapps,C,1195.08,92,12.99,0.003606223682679445,95.64773962279453,1,180.0
46096,Yellow Tail Bubbles White,C,1192.81,119,10.036153846153846,0.0035993738251304253,95.65133899661966,2,427.0
1012,Courvoisier VSOP VAP,C,1192.66,34,35.156666666666666,0.0035989211913716795,95.65493791781103,1,51.0
38263,Orleans Hill Syrah Lodi,C,1191.8,120,9.888305084745761,0.00359632609115487,95.65853424390218,2,238.0
1038,1800 Silver w/ Shot Glasses,C,1191.54,46,25.892439024390242,0.003595541525973044,95.66212978542815,1,88.0
8632,Arak-Gantous & Abouraad,C,1191.37,63,18.881891891891893,0.0035950285410464656,95.66572481396919,1,318.0
25260,Lavergne Brdx Rouge,C,1190.51,149,7.99,0.003592433440829657,95.66931724741002,2,72.0
8152,Skinnygirl Mojito RTD,C,1189.93,107,11.147303370786517,0.0035906832569625063,95.67290793066698,1,60.0
20339,Pol Roger Brut 2004,C,1189.85,15,77.99,0.003590441852291175,95.67649837251928,2,87.0
2922,Usquaebach 15 Yr Whisky,C,1189.83,17,69.99,0.003590381501123342,95.6800887540204,1,115.0
39764,Grahams 10-Yr Tawny Port,C,1189.61,39,31.022258064516127,0.0035897176382771816,95.68367847165868,2,147.0
45632,Fish Eye Chard Cal,C,1189.3,70,16.99,0.003588782195175774,95.68726725385386,2,117.0
20167,Plungerhead Lodi Cab Svgn,C,1189.15,85,13.99,0.0035883295614170282,95.69085558341528,2,596.0
35123,Terrabianca Campaccia,C,1187.6299999999999,37,32.06407407407408,0.0035837428726617376,95.69443932628795,2,223.0
555,Art In The Age Sage,C,1187.61,39,30.395405405405402,0.0035836825214939044,95.69802300880944,1,148.0
2098,Snake River Stampede Whisky,C,1187.46,54,21.99,0.003583229887735159,95.70160623869718,1,85.0
22475,MSH Cellars Svgn Bl Napa Vly,C,1187.01,99,11.99,0.003581871986458922,95.70518811068364,2,12.0
16460,Gerard Bertrand Pnt Nr Rsv,C,1185.02,98,12.093448275862068,0.003575867045259561,95.70876397772889,2,275.0
23241,14 Hands Svgn Bl,C,1184.8799999999999,112,10.348490566037736,0.003575444587084731,95.71233942231598,2,360.0
3785,Svedka Orange Cream Pop,C,1184.77,123,9.682307692307692,0.003575112655661651,95.71591453497165,1,
14280,Cupcake Shiraz,C,1184.1100000000001,139,8.541020408163265,0.00357312106712317,95.71948765603877,2,361.0
44922,Quinta do Crasto RSV Douro,C,1183.68,32,36.99,0.003571823517014765,95.72305947955579,2,178.0
13967,Villa Sandi Il Fresco Prosec,C,1182.09,91,12.99,0.0035670255991720593,95.72662650515495,2,412.0
2933,Aultmore 12 Yr Scotch,C,1181.77,23,51.739999999999995,0.0035660599804867355,95.73019256513544,1,12.0
16948,Rex Goliath Malbec,C,1180.04,196,6.047142857142857,0.0035608396044692005,95.73375340473991,2,205.0
24593,Bodegas La Cartuja Priorat,C,1179.3999999999999,60,19.60904761904762,0.003558908367098552,95.73731231310701,2,383.0
31910,Luna di Luna Merlot/Cab Ca'M,C,1178.82,118,9.99,0.0035571581832314013,95.74086947129024,2,232.0
22842,Corral De Peidra Cab Svgn,C,1177.93,107,11.027037037037038,0.0035544725562628434,95.7444239438465,2,395.0
21218,Heitz Znfdl Ink Grade Vyd,C,1175.58,42,27.99,0.0035473812940424922,95.74797132514054,2,168.0
1020,B & B Dom VAP,C,1174.53,47,24.99,0.003544212857731272,95.75151553799827,1,
46788,Oops Cheeky Little Svgn Bl,C,1170.81,119,9.790000000000001,0.0035329875405143768,95.75504852553878,2,394.0
1542,Bowen's American Whiskey,C,1169.61,39,29.99,0.00352936647044441,95.75857789200923,1,4.0
4326,Rumson's Coffee Rum,C,1169.61,39,29.99,0.00352936647044441,95.76210725847967,1,139.0
5325,Hornitos Spiced Honey Liquer,C,1169.35,65,17.99,0.003528581905262584,95.76563584038493,1,
12946,Middle Sister Smarty Pants C,C,1168.83,117,9.99,0.003527012774898932,95.76916285315983,2,338.0
14972,Nicolas Feuillatte Brut,C,1167.67,33,34.92333333333333,0.0035235124071646318,95.772686365567,2,363.0
24587,Woodbridge Harvest Spice Red,C,1165.49,151,7.792631578947368,0.0035169341298708595,95.77620329969687,2,
38011,Yellow Tail RSV Shiraz Ausl,C,1164.94,106,10.99,0.003515274472755458,95.77971857416964,2,379.0
23400,Pico & Vine Cab Svgn Napa,C,1164.39,111,10.49,0.003513614815640057,95.78323218898528,2,
11187,Phillips Rapture Cab Svgn,C,1162.79,21,55.21222222222222,0.0035087867222134347,95.78674097570749,2,112.0
25708,Schramsberg Blanc de Blancs,C,1160.67,33,35.27571428571429,0.0035023894984231615,95.79024336520591,2,163.0
24595,Greg Norman Svgn Blanc Marlb,C,1160.28,132,8.79,0.003501212650650422,95.79374457785656,2,
24703,Kenwood J London Cab Svgn,C,1159.63,37,30.906666666666666,0.0034992512376958575,95.79724382909426,2,142.0
33267,El Coto de Rioja RSV Coto d,C,1159.4199999999998,58,19.99,0.0034986175504336126,95.80074244664469,2,397.0
13932,Canyon Rd Pnt Nr,C,1159.18,242,4.79,0.0034978933364196198,95.8042403399811,2,101.0
6987,Rosemount Shiraz/Cab Svgn,C,1158.84,116,9.99,0.0034968673665664624,95.80773720734767,2,413.0
28919,Gallo Twin Valley Merlot Cal,C,1158.84,116,9.99,0.0034968673665664624,95.81123407471424,2,220.0
17937,Stark Raving Red,C,1158.84,116,9.99,0.0034968673665664624,95.8147309420808,2,44.0
2103,Coldcock American Herbal Whi,C,1158.3899999999999,61,18.99,0.0034955094652902247,95.8182264515461,1,45.0
18778,Once Upon A Vine Pnt Nr,C,1156.99,101,11.482957746478872,0.0034912848835419313,95.82171773642963,2,261.0
33075,Forest Glen Chard,C,1156.31,69,16.59,0.003489232943835617,95.82520696937347,2,132.0
34998,Luiano Chianti Clsc,C,1155.32,68,16.99,0.003486245561027895,95.82869321493449,2,289.0
23231,Stags Leap The Investor Red,C,1154.79,21,54.99,0.003484646255080326,95.83217786118956,2,4.0
15482,C Y Toro Frontera Carmenere,C,1154.74,126,9.236153846153847,0.0034844953771607443,95.83566235656673,2,228.0
27065,David Bruce Pnt Nr Sonoma,C,1154.67,33,34.99,0.0034842841480733303,95.8391466407148,2,157.0
3884,Bracero Blanco Tequila,C,1154.67,33,34.99,0.0034842841480733303,95.84263092486287,1,119.0
36138,Renzo Masi Chianti Rufina,C,1152.96,104,11.113076923076923,0.003479124123223628,95.84611004898609,2,426.0
10267,Klinker Brick Old Ghst Znfdl,C,1151.68,32,35.99,0.0034752616484823302,95.84958531063457,2,28.0
46429,Villa Pozzi Pnt Grigio Vnzie,C,1148.74,126,9.111621621621621,0.0034663900268109126,95.85305170066138,2,253.0
601,McCormick Vodka,C,1146.36,164,6.99,0.0034592082378388125,95.85651090889922,1,102.0
4391,Matusalem Gran Reserva Rum,C,1145.59,41,28.13705882352941,0.003456884717877251,95.8599677936171,1,129.0
38137,Lange RSV Willamette Pnt Nr,C,1144.62,38,30.1478947368421,0.0034539576862373613,95.86342175130333,2,58.0
5308,Paul Masson Red Berry Brandy,C,1144.44,1156,0.99,0.0034534145257268667,95.86687516582906,1,2911.0
3125,Pinnacle Strawbery Shortcake,C,1144.3,120,9.538543689320388,0.0034529920675520375,95.87032815789661,1,
4337,Rumson's Grand Rsv Rum,C,1143.74,26,43.99,0.0034513022348527196,95.87377946013146,1,
4353,AnestasiA Vodka,C,1143.68,32,36.13285714285714,0.003451121181349222,95.8772305813128,1,
17957,Bluebird Pinot Noir,C,1143.19,81,14.130350877192983,0.0034496425777373186,95.88068022389054,2,354.0
22524,Dry Creek Vyds Est Block 10,C,1141.62,38,30.13285714285714,0.003444905011062446,95.8841251289016,2,102.0
1181,Kahlua Peppermint Mocha,C,1141.3999999999999,60,19.029999999999998,0.003444241148216285,95.88756937004982,1,5.0
24182,Conterno Barolo Sori Gnestra,C,1139.88,12,94.99,0.0034396544594609956,95.89100902450927,2,12.0
22830,Beaux Freres Pnt Nr Will Vly,C,1139.81,19,59.99,0.00343944323037358,95.89444846773965,2,37.0
90080,Ch Cantenac Brown Margaux 11,C,1139.81,19,59.99,0.00343944323037358,95.89788791097003,2,8.0
200,Luxardo Maraschino Liqueur,C,1139.62,38,29.99,0.0034388698942791687,95.90132678086431,1,298.0
4160,Bacardi Gran Reserva Maestro,C,1139.53,47,23.955517241379308,0.003438598314023921,95.90476537917833,1,97.0
19552,Tenuta Alzatura Sagrantino,C,1139.43,57,19.99,0.0034382965581847575,95.90820367573652,2,1.0
14552,Dom de Dionysos Cairanne Cig,C,1139.43,57,19.99,0.0034382965581847575,95.9116419722947,2,287.0
344,Punt e Mes Sweet Vermouth,C,1139.4299999999998,57,19.99,0.003438296558184757,95.91508026885289,1,207.0
28983,Edmeades Mendocino Znfdl,C,1139.24,76,14.99,0.0034377232220903463,95.91851799207498,2,458.0
20030,Trivento Rsv Cab Malbec,C,1138.88,112,10.093896103896103,0.0034366369010693566,95.92195462897605,2,312.0
878,DeKuyper Green Creme de Ment,C,1138.8600000000001,114,9.99,0.003436576549901524,95.92539120552595,1,411.0
12450,Cellar No 8 Pnt Nr,C,1138.74,126,9.015316455696203,0.003436214442894527,95.92882741996885,2,248.0
19039,The Path Pnt Nr,C,1135.8700000000001,113,10.073333333333332,0.0034275540503105246,95.93225497401916,2,301.0
45298,Hall Cab Svgn Napa,C,1133.79,21,53.99,0.003421277528855916,95.93567625154802,2,205.0
775,Barton Light Rum,C,1132.2,180,6.29,0.003416479611013211,95.93909273115904,1,170.0
31790,Dominio de Eguren Protocolo,C,1128.59,141,8.018169014084506,0.003405586225219395,95.94249831738425,2,211.0
37827,Yellow Tail Shiraz/Cab Ausl,C,1126.59,141,7.989999999999999,0.0033995511084361184,95.94589786849268,2,506.0
82,Hundred Acre Ark Vy Cab Svgn,C,1124.97,3,374.99,0.0033946626638416636,95.94929253115652,2,
11775,Diamond Creek Red Rock Cab S,C,1124.95,5,224.99,0.003394602312673831,95.95268713346918,2,16.0
11776,Diamond Crk Gravelly Cab Svg,C,1124.95,5,224.99,0.003394602312673831,95.95608173578185,2,18.0
17134,Ch Ste Michelle Indn Wls Red,C,1123.37,63,17.85363636363636,0.003389834570415041,95.95947157035226,2,324.0
26501,Rodney Strong Knotty Vn Znfl,C,1121.44,56,20.022258064516127,0.0033840106827191796,95.96285558103499,2,1059.0
17101,Trimbach Gewurztraminer,C,1120.4099999999999,59,18.99,0.003380902597575791,95.96623648363256,2,257.0
100,Chivas Royal Salute,C,1119.93,7,159.99,0.0033794541695478055,95.9696159378021,1,59.0
25796,Grgich Hills Znfdl,C,1119.68,32,34.99,0.0033786997799498952,95.97299463758205,2,137.0
25158,M Lynch Bordeaux Rouge Medoc,C,1119.26,74,15.16391304347826,0.0033774324054254073,95.97637206998748,2,300.0
18134,Joel Gott Alakai Red,C,1119.2,80,13.989999999999998,0.003377251351921909,95.9797493213394,2,208.0
41759,Blue Fish Pfalz Rsl,C,1118.6,140,7.99,0.0033754408168869257,95.98312476215628,2,280.0
27932,Marc Bredif Vouvray,C,1116.4099999999999,59,18.920232558139535,0.003368832364009237,95.98649359452028,2,304.0
5033,Fireball Cinnamon Whisky,C,1115.3799999999999,62,17.99,0.0033657242788658493,95.98985931879915,1,1093.0
3943,Skyy Barcraft White Sangria,C,1115.07,93,11.99,0.0033647888357644417,95.99322410763492,1,8.0
3597,UV Sangria Vodka,C,1114.75,125,8.907525773195877,0.003363823217079117,95.996587930852,1,3.0
45526,Natura Chard Casablanca,C,1112.8899999999999,111,10.095263157894736,0.0033582105584706694,95.99994614141048,2,233.0
24558,Dom La Fage Cve Nicholas VdP,C,1111.99,101,11.040000000000001,0.003355494755918195,96.0033016361664,2,5.0
18337,Mile Marker Pnt Nr,C,1111.31,69,16.160212765957446,0.0033534428162118805,96.0066550789826,2,211.0
27528,Bertani Due Uve White Venet,C,1109.99,101,10.99,0.0033494596391349177,96.01000453862174,2,221.0
35962,Stags Leap Wine Petite Syrah,C,1109.75,25,44.22076923076923,0.0033487354251209244,96.01335327404686,2,128.0
23172,Castello Banfi Brun Montalcn,C,1109.6299999999999,37,29.99,0.003348373318113927,96.01670164736498,2,210.0
36123,Qupe Central Coast Syrah Cal,C,1109.4199999999998,58,19.12953488372093,0.003347739630851683,96.02004938699584,2,157.0
20781,Steele Clear Lake Merlot Cty,C,1109.26,74,14.989999999999998,0.0033472568215090217,96.02339664381735,2,341.0
21353,Smoking Loon Malbec Carancho,C,1108.89,111,9.99,0.003346140324904116,96.02674278414226,2,414.0
29081,Beringer Wh Znfdl/Chard LVS,C,1108.84,116,9.694918032786886,0.0033459894469845333,96.03008877358924,2,363.0
13143,F Coppola Directors Chard,C,1107.26,74,14.944545454545455,0.0033412217047257445,96.03342999529397,2,279.0
31195,Northstar Merlot Columbia,C,1106.6299999999999,37,29.82333333333333,0.0033393206429390113,96.03676931593691,2,220.0
18380,Antinori Tenuta Marchese,C,1105.73,27,40.89,0.0033366048403865372,96.0401059207773,2,284.0
1021,St Brendans Peppermint Bark,C,1105.21,79,13.99,0.003335035710022885,96.04344095648732,1,
25609,Wilson Winery Znfdl,C,1103.54,46,23.99,0.0033299963875088484,96.04677095287482,2,62.0
19127,Saracco Moscato d'Asti,C,1103.31,69,15.989999999999998,0.0033293023490787712,96.0501002552239,2,203.0
12116,Lindemans Bin 85 Pnt Grigio,C,1103.22,78,14.05896551724138,0.003329030768823524,96.05342928599272,2,687.0
38416,Acquese Moscato D'Asti Dolc,C,1103.08,92,11.989999999999998,0.003328608310648695,96.05675789430337,2,169.0
3565,Ultimat Vodka,C,1102.67,33,33.49,0.003327371111708123,96.06008526541508,1,59.0
2238,Aviation American Gin,C,1102.62,38,28.99,0.0033272202337885407,96.06341248564887,1,614.0
34580,Luce Della Vite Lucente Tosc,C,1101.62,38,28.99,0.003324202675396902,96.06673668832427,2,91.0
13956,Gouleyant Malbec Cahors,C,1101.21,79,13.937368421052632,0.003322965476456331,96.07005965380073,2,330.0
3230,Svedka Grapefruit Jalapeno,C,1100.84,116,9.49,0.003321848979851424,96.07338150278058,1,0.0
20932,Frey Vyds Organic Agrul Red,C,1100.15,85,12.914528301886794,0.0033197668645611944,96.07670126964514,2,139.0
1874,Bruichladdich Octomore 61,C,1099.8999999999999,10,109.98999999999998,0.0033190124749632836,96.0800202821201,1,3.0
2617,Yellow Spot Irish Whisky,C,1099.8899999999999,11,99.99,0.0033189822993793675,96.08333926441948,1,175.0
2711,Grant's Ale Cask Finish,C,1099.4499999999998,55,19.989999999999995,0.0033176545736870464,96.08665691899317,1,283.0
22297,Zorvino Vyds Pearz,C,1098.9,110,9.99,0.0033159949165716463,96.08997291390975,2,677.0
13745,W Hill Cab Svgn Central Cst,C,1098.9,110,9.99,0.0033159949165716463,96.09328890882632,2,107.0
10452,Line 39 Lk Cnty Petite Sirah,C,1098.9,110,9.99,0.0033159949165716463,96.0966049037429,2,260.0
2742,Aberfeldy 12 Yr Single Malt,C,1098.79,21,52.489999999999995,0.003315662985148565,96.09992056672804,1,240.0
32604,Kendall Jackson Vt RSV Syrah,C,1098.4,84,13.442203389830508,0.003314486137375826,96.10323505286541,2,371.0
35646,D'Arenberg Footbolt Shiraz,C,1095.4199999999998,58,18.915,0.0033054938133687426,96.10654054667879,2,282.0
3730,UV Ruby Red Grapefruit Vodka,C,1094.94,1106,0.99,0.003304045385340757,96.10984459206412,1,32.0
46217,Cono Sur Chard Cntrl Vly,C,1091.63,137,7.93,0.003294057267064433,96.11313864933119,2,141.0
17349,Moonlight Meadery Desire,C,1091.22,78,13.99,0.0032928200681238617,96.11643146939932,2,699.0
21151,Flight Song Svgn Bl,C,1091.16,84,12.990000000000002,0.003292639014620363,96.11972410841393,2,392.0
16891,The Seeker Svgn Bl,C,1089.2,80,13.57490566037736,0.0032867246001727513,96.1230108330141,2,298.0
7898,Tooters Mango Smash 15 Pk,C,1088.91,109,9.99,0.0032858495082391764,96.12629668252235,1,
13981,Alverdi Pnt Grigio,C,1087.79,121,8.99,0.0032824698428405405,96.1295791523652,2,337.0
5507,Arrow Blackberry Brandy,C,1084.62,138,7.777878787878788,0.003272904182739046,96.13285205654793,1,133.0
4959,Bacardi Tangerine,C,1084.05,1095,0.99,0.003271184174455812,96.13612324072238,1,2548.0
14437,Byron Santa Barbara Pnt Nr,C,1083.44,56,19.41857142857143,0.0032693434638369134,96.13939258418623,2,411.0
8895,Gloria Ferrer Brut,C,1081.47,53,20.545555555555552,0.003263398873805385,96.14265598306002,2,258.0
32900,Sandeman Tawny 40-Yr Port,C,1079.8799999999999,12,89.99,0.0032586009559626796,96.14591458401598,2,37.0
2897,Haig Club Scotch,C,1079.82,18,59.99,0.003258419902459181,96.14917300391845,1,199.0
4287,Dictador 20 Yr Rum,C,1079.82,18,59.99,0.003258419902459181,96.15243142382091,1,42.0
8100,Jefferson's Manhattan RTD,C,1079.73,27,39.99,0.003258148322203934,96.15568957214312,1,
21981,Massolino Barolo Serralunga,C,1079.73,27,39.99,0.003258148322203934,96.15894772046532,2,113.0
38105,Canyon Oaks Chard Cal,C,1079.1,90,11.99,0.0032562472604172016,96.16220396772574,2,33.0
37765,Castello Montauto Vernaccia,C,1078.8,120,8.99,0.0032553419928997096,96.16545930971864,2,1.0
3701,UV Sangria Vodka,C,1078.1100000000001,1089,0.9899999999999999,0.0032532598776094795,96.16871256959625,1,
2089,Bloom Gin,C,1077.51,49,21.99,0.0032514493425744957,96.17196401893882,1,
3648,UV Ruby Red Grapefruit Vodka,C,1076.76,124,8.731935483870968,0.003249186173780767,96.1752132051126,1,0.0
29696,J Lohr Arroyo Seco Chard,C,1075.44,56,19.06407407407407,0.0032452029967038045,96.17845840810931,2,15.0
3909,White Mountain Vodka,C,1074.57,43,24.99,0.0032425777209030785,96.1817009858302,1,356.0
971,Sauza Extra Gold Tequila,C,1071.33,67,15.99,0.0032328008317141694,96.18493378666192,1,219.0
17459,Skinnygirl Red Wine,C,1069.81,119,8.99,0.003228214142958879,96.18816200080488,2,207.0
540,Bacardi Pineapple Fusion,C,1069.2,1080,0.99,0.0032263734323399796,96.19138837423722,1,237.0
17918,Tenuta San Guido Sassacia,C,1067.97,3,355.99,0.0032226618355182643,96.19461103607274,2,1.0
3121,Pinnacle Rainbow Sherbet,C,1066.88,112,9.530229885057471,0.0032193726968713786,96.19783040876962,1,
16380,Duboeuf Bjls Nouveau 2014,C,1066.03,97,10.989999999999998,0.0032168077722384853,96.20104721654185,2,818.0
31347,Florio Sweet Marsala Italy,C,1066.03,97,10.99,0.0032168077722384853,96.20426402431409,2,228.0
23293,Ch Pavie Macquin St Emiln 11,C,1065.87,13,81.99,0.003216324962895823,96.20748034927698,2,20.0
5641,Flag Hill Raspberry Liqueur,C,1064.29,71,14.99,0.003211557220637034,96.21069190649762,1,453.0
22531,BV Coastal Estate Chard,C,1064.01,99,10.557567567567567,0.003210712304287375,96.2139026188019,2,1129.0
1049,Old New England Pumpkin Nog,C,1062.48,152,6.99,0.003206095439948168,96.21710871424185,1,
17471,Loukatos Mavrodaphne Patras,C,1059.49,101,10.49,0.003197072940357169,96.2203057871822,2,282.0
15745,Sandeman 10 Yr Tawny Port,C,1057.54,46,22.99,0.0031911887014934737,96.22349697588369,2,15.0
35318,Jewell Towne Marechal Foch,C,1057.08,92,11.49,0.0031898006246333195,96.22668677650833,2,565.0
25581,BV Coastal Estate Merlot,C,1057.0,100,10.59,0.0031895592199619885,96.22987633572829,2,542.0
7269,Gallo Fairbanks Wh Port,C,1054.68,132,7.99,0.0031825584844933875,96.23305889421279,2,260.0
2163,Sloane's Gin,C,1054.51,49,21.69731707317073,0.0031820454995668086,96.23624093971236,1,
33265,El Coto de Rioja Crianza Re,C,1054.11,89,11.830909090909092,0.003180838476210153,96.23942177818857,2,159.0
14433,F Coppola Rosso Bianco Chard,C,1054.07,93,11.267777777777779,0.0031807177738744875,96.24260249596244,2,491.0
7590,Stoli 80 VAP Lemonade Shaker,C,1052.4099999999999,59,17.827837837837837,0.0031757086269443673,96.24577820458939,1,
16555,Murrieta's Well The Whip Wh,C,1052.4099999999999,59,17.908918918918918,0.0031757086269443673,96.24895391321633,2,171.0
37158,Montes RSV Colchagua Malbec,C,1052.19,81,12.99,0.0031750447640982076,96.25212895798042,2,303.0
16494,Tenuta di Arceno Chianti Cls,C,1050.4199999999998,58,18.063170731707316,0.003169703685745006,96.25529866166616,2,235.0
7371,Placido Sangiovese Primever,C,1050.07,93,11.194081632653061,0.003168647540307933,96.25846730920647,2,189.0
5430,Grand Marnier Cuvee 1880,C,1049.97,3,349.99,0.0031683457844687694,96.26163565499094,1,168.0
42884,Beringer Cab Svgn Pvt RSV Np,C,1049.93,7,149.99,0.0031682250821331043,96.26480388007307,2,103.0
8676,Barterhouse Bourbon,C,1049.86,14,74.99,0.003168013853045689,96.26797189392612,1,
1045,Glenfiddich Trio 200ml Pack,C,1049.79,21,49.99,0.0031678026239582743,96.27113969655008,2,16.0
25339,Le Haut Medoc de Lascombes,C,1049.7,30,34.99,0.003167531043703027,96.27430722759378,2,18.0
19531,Claude Riffault Les Boucauds,C,1049.58,42,24.990000000000002,0.00316716893669603,96.27747439653048,2,165.0
38481,Canella Prosecco Di Conegli,C,1049.3899999999999,61,17.24,0.0031665956006016187,96.28064099213108,2,144.0
34907,Smoking Loon Viognier Cal,C,1048.95,105,9.99,0.0031652678749092985,96.28380626000599,2,
4304,Bacardi Mango Fusion,C,1047.42,1058,0.99,0.0031606510105700912,96.28696691101656,1,219.0
4025,Bacardi Oakheart Spiced Rum,C,1047.15,585,1.79,0.0031598362698043486,96.29012674728637,1,2843.0
10606,Parducci Cab Svgn,C,1047.05,95,11.033478260869567,0.003159534513965185,96.29328628180033,2,208.0
17202,Natura Malbec Ville de Rapel,C,1046.96,104,10.107647058823531,0.0031592629337099374,96.29644554473404,2,283.0
5277,Arrow Sloe Gin,C,1046.69,131,7.99,0.0031584481929441952,96.29960399292699,1,702.0
5339,Drambuie,C,1046.22,318,3.29,0.0031570299405001253,96.30276102286749,1,3965.0
14130,14 Hands Hot to Trot White,C,1046.03,97,10.859565217391305,0.003156456604405713,96.30591747947189,2,383.0
5381,E&J Peach Brandy,C,1045.44,1056,0.99,0.003154676244954647,96.30907215571685,1,702.0
6929,Marie Brizard Orange Curacao,C,1045.4199999999998,58,18.025714285714283,0.0031546158937868136,96.31222677161064,1,40.0
10576,Diseno Malbec Mendoza,C,1045.11,89,11.692127659574467,0.0031536804506854055,96.31538045206132,2,227.0
21076,Natura Pnt Nr,C,1044.96,104,10.11,0.00315322781692666,96.31853367987824,2,367.0
6563,Black Opal Cashmore Chard,C,1044.93,107,9.781666666666666,0.0031531372901749113,96.32168681716841,2,545.0
24265,Antinori Chianti Clsc Pepoli,C,1044.58,42,24.695882352941176,0.003152081144737837,96.32483889831315,2,210.0
37422,Stags Leap Fay Cab Svgn Napa,C,1043.9099999999999,9,115.99,0.0031500593806154395,96.32798895769376,2,51.0
21730,Ch Les Ormes Saint-Julien,C,1043.82,18,57.99,0.003149787800360192,96.33113874549412,2,42.0
32805,Truchard Carneros Pnt Nr,C,1043.65,35,29.717272727272725,0.003149274815433614,96.33428802030954,2,231.0
29433,Clos du Val Carneros Chard,C,1043.56,44,23.323333333333334,0.003149003235178366,96.33743702354472,2,194.0
25382,Drouhin Laforet Red Bourgog,C,1043.42,58,17.99,0.0031485807770035372,96.34058560432173,2,138.0
20162,Hess Select Pnt Nr,C,1043.4199999999998,58,17.99,0.0031485807770035364,96.34373418509874,2,303.0
35941,Rancho Zabaco Dncg Bul Znfdl,C,1042.84,116,8.99,0.0031468305931363857,96.34688101569188,2,341.0
38822,Castano Yecla Monastrell Red,C,1040.97,103,10.137058823529413,0.003141187758944022,96.35002220345082,2,373.0
25918,Hogue Cellars Rsl Wash,C,1040.96,104,10.032553191489363,0.0031411575833601058,96.35316336103418,2,202.0
45035,Hess Clctn 19 Block Cuvee,C,1040.71,29,35.88473684210527,0.003140403193762196,96.35630376422795,2,103.0
2638,Bowmore Islay 18-Yr Sgl Malt,C,1039.92,8,129.99,0.003138019322632802,96.35944178355058,1,127.0
2884,Comandon XO Cognac,C,1039.92,8,129.99,0.003138019322632802,96.36257980287321,1,16.0
1031,Avion Tasting Flight 3/375mL,C,1039.77,23,45.26777777777778,0.0031375666888740555,96.36571736956209,1,24.0
23195,Gary Farrell RRV Pnt Nr,C,1039.74,26,39.99,0.0031374761621223066,96.36885484572421,2,0.0
19769,Kismet Wine Papa's All-Black,C,1039.48,52,19.99,0.0031366915969404806,96.37199153732115,2,
17507,Rainstorm Pnt Nr,C,1039.35,65,15.989999999999998,0.0031362993143495676,96.3751278366355,2,152.0
8231,Folonari Valpolicella,C,1038.27,73,14.226363636363637,0.0031330403512865976,96.37826087698679,1,580.0
17351,Wine by Joe Pnt Nr,C,1036.3899999999999,61,16.99,0.0031273673415103172,96.38138824432829,2,163.0
4121,Tall Ship Appledore Rum,C,1035.6299999999999,37,27.99,0.003125073997132672,96.38451331832542,1,231.0
8437,Maestro Dobel Diamond Tequla,C,1034.76,24,43.56142857142858,0.0031224487213319463,96.38763576704675,1,501.0
11480,Candia Vyds Noiret Vault RSV,C,1034.31,69,14.99,0.003121090820055709,96.3907568578668,2,711.0
14191,Ch Fage Graves de Vayres,C,1031.14,86,11.99,0.003111525159954215,96.39386838302676,2,243.0
2839,Ardmore Legacy Single Malt,C,1030.74,26,39.615,0.003110318136597559,96.39697870116335,1,264.0
12416,Callia Alta Malbec,C,1028.84,116,8.826065573770492,0.0031045847756534456,96.400083285939,2,177.0
45752,Root 1 Svgn Bl,C,1026.14,86,11.910634920634921,0.003096437367996022,96.403179723307,2,216.0
33768,Sensi Sangiovese/Cab Svgn T,C,1025.62,38,26.99,0.0030948682376323697,96.40627459154464,2,318.0
18375,Antinori Villa Wh,C,1025.34,66,15.4275,0.0030940233212827105,96.40936861486593,2,469.0
35960,Stags Leap Winery Chard Napa,C,1024.7,30,34.03761904761905,0.003092092083912062,96.41246070694984,2,318.0
22675,For A Song  The Score,C,1022.72,128,7.99,0.003086117318296618,96.41554682426813,2,
24280,Mazzei Siepi,C,1019.8799999999999,12,84.99,0.003077547452464364,96.4186243717206,2,1.0
6783,Hawk Crest Cab Svgn,C,1018.32,68,15.10764705882353,0.0030728400613734084,96.42169721178198,2,299.0
11932,Castello Banfi Belnero Prop,C,1014.64,36,28.07695652173913,0.0030617354464921778,96.42475894722847,2,100.0
2115,Black Velvet,C,1014.46,154,6.571818181818181,0.0030611922859816836,96.42782013951445,1,
22338,Maison L'Envoye Two Messenge,C,1013.61,39,25.990000000000002,0.0030586273613487907,96.43087876687581,2,8.0
12212,Black Box Svgn Bl,C,1013.5799999999999,42,24.32333333333333,0.003058536834597041,96.43393730371041,2,935.0
24497,Killibinbin Seduction Cab Sv,C,1013.22,78,12.99,0.0030574505135760512,96.43699475422399,2,388.0
18278,Cecchi Nobile Montepulciano,C,1012.5799999999999,42,24.13285714285714,0.003055519276205402,96.44005027350019,2,61.0
32619,Schmitt Sohne Blue Rsl,C,1010.4699999999999,53,19.11121212121212,0.003049152227999045,96.44309942572819,2,152.0
4703,Blue Chair Bay Coconut Rum,C,1009.8,1020,0.99,0.003047130463876647,96.44614655619208,1,78.0
25375,Sella & Mosca Vermentino Ca,C,1008.99,101,9.99,0.00304468624157942,96.44919124243366,2,188.0
25427,Fattoire Barbi 10 Brunello,C,1007.7600000000001,24,41.99,0.003040974644757705,96.45223221707842,2,28.0
25417,Kunde Cab Svgn Sonoma Valley,C,1007.4699999999999,53,19.01631578947368,0.003040099552824129,96.45527231663124,2,164.0
44729,Kendall Jackson Sp Sel Chard,C,1007.16,84,11.99,0.0030391641097227214,96.45831148074096,2,36.0
23968,Santa Julia Malbec,C,1007.16,84,11.99,0.0030391641097227214,96.46135064485068,2,
20903,Delamotte Brut,C,1006.47,53,18.99,0.003037081994432491,96.46438772684512,2,
14920,Broadbent Gruner Veltliner,C,1004.33,67,14.989999999999998,0.0030306244194743845,96.4674183512646,2,285.0
10647,Fish Eye Cab Svgn,C,1002.4099999999999,59,16.99,0.0030248307073624378,96.47044318197196,2,111.0
2664,Firefly Moonshine,C,1002.3100000000001,69,14.533859649122808,0.0030245289515232745,96.47346771092349,1,
16968,Trentadue Znfdl Alex Vly,C,1001.41,59,16.96560975609756,0.0030218131489707996,96.47648952407246,2,343.0
21784,Grape Time Winery Rsl Granny,C,1000.23,77,12.990000000000002,0.003018252430068666,96.47950777650253,2,112.0
17297,Clos du Bois Rouge,C,1000.19,81,12.291587301587303,0.003018131727733001,96.48252590823026,2,410.0
23335,Ch Leoville Las Cases 11 Jul,C,999.95,5,199.99,0.003017407513719007,96.48554331574398,2,22.0
20516,Ch Le Gay Pomerol,C,999.9,10,99.99,0.003017256635799425,96.48856057237978,2,9.0
15139,Massimo Malbec Mendoza,C,999.2,80,12.434444444444445,0.0030151443449252784,96.49157571672471,2,231.0
21216,Il Poggione Monalcino Rsv 07,C,998.91,9,110.99,0.003014269252991703,96.4945899859777,2,5.0
17235,B & G Vouvray,C,998.21,79,12.642173913043477,0.003012156962117556,96.49760214293981,2,199.0
17882,Dewatsuru Kimoto Junmai Sake,C,997.5899999999999,41,24.368378378378377,0.00301028607591474,96.50061242901573,2,62.0
19037,Gunsight Rock Cab Svgn,C,995.43,57,17.27,0.0030037681497888007,96.50361619716553,2,310.0
2843,Calumet Farm Bourbon VAP,C,994.77,23,43.34294117647059,0.003001776561250319,96.50661797372678,1,40.0
44082,Wente Sandstone Mntry Merlot,C,993.38,62,16.418571428571425,0.002997582155085942,96.50961555588187,2,443.0
22230,Glam Prosecco,C,991.38,62,15.990000000000002,0.0029915470383026646,96.51260710292017,2,0.0
33307,Santa Rita Medalla Cab Svgn,C,991.38,62,15.99,0.0029915470383026646,96.51559864995848,2,225.0
18836,Coppa La Rocca Gavi,C,991.38,62,15.989999999999998,0.0029915470383026646,96.51859019699678,2,221.0
17219,Honoro Vera Garnacha Calatyd,C,991.15,85,11.528461538461539,0.0029908529998725875,96.52158104999666,2,284.0
39228,Eponymous Cab Svgn Napa,C,989.78,22,44.99,0.0029867189448760426,96.52456776894154,2,131.0
16568,Moonlight Meadery Sumptuous,C,987.24,76,12.99,0.0029790543465612806,96.5275468232881,2,698.0
23423,Santa Rita RSV Chard,C,986.02,98,10.075714285714287,0.0029753729253234815,96.53052219621343,2,192.0
16205,Sivas-Sonoma Cab Svgn,C,985.42,58,16.99,0.0029735623902884985,96.53349575860372,2,164.0
16400,Zum Rsl,C,981.02,98,10.023898305084746,0.0029602851333652884,96.53645604373709,2,242.0
23337,Ch Pichon Longevile 11 Comts,C,979.9300000000001,7,139.99,0.0029569959947184027,96.53941303973181,2,23.0
41868,Goldeneye Anderson Pnt Nr,C,979.82,18,54.22076923076923,0.0029566640632953224,96.5423697037951,2,134.0
26944,Jordan Chard Sonoma,C,979.65,35,27.99,0.002956151078368744,96.54532585487347,2,32.0
34138,Fat Bastard Shiraz,C,978.11,89,10.99,0.0029515040384456206,96.54827735891192,2,369.0
1033,Chivas Regal w/ 2 Glasses,C,977.6899999999999,31,31.507241379310344,0.0029502366639211322,96.55122759557584,1,6.0
23373,M D 20/20 Banana Red,C,977.5500000000001,245,3.9900000000000007,0.002949814205746303,96.55417740978159,2,142.0
8728,Blue Nun Authentic White,C,977.41,59,16.79,0.002949391747571473,96.55712680152917,2,361.0
43184,Writer's Block Cab Franc,C,975.39,61,15.990000000000002,0.0029432962796203635,96.56007009780879,2,162.0
20404,Tenuta Santo Pietro Pio Il C,C,975.19,81,12.07695652173913,0.0029426927679420357,96.56301279057674,2,352.0
20512,Lacoste Borie Pauillac,C,974.75,25,38.99,0.0029413650422497146,96.56595415561898,2,71.0
2650,Tanqueray Old Tom Gin,C,974.6099999999999,39,24.99,0.002940942584074885,96.56889509820306,1,
889,DeKuyper Sour Apple Pucker,C,974.25,75,12.99,0.0029398562630538957,96.57183495446611,1,168.0
41416,Rihaku Nigori Dreamy Clouds,C,974.25,75,12.989999999999998,0.0029398562630538957,96.57477481072917,2,194.0
19074,Roaring Meg Pnt Nr,C,972.52,48,20.247142857142858,0.0029346358870363607,96.5777094466162,2,348.0
33574,Morgan Winery Syrah G-17 Mon,C,971.4599999999999,54,17.99,0.0029314372751412235,96.58064088389133,2,140.0
24967,Terra d'Oro Ch Bl/Viognier,C,971.19,81,11.99,0.0029306225343754817,96.58357150642571,2,76.0
34635,Riunite Lambrusco Rose,C,970.8,120,8.15,0.0029294456866027422,96.58650095211232,2,94.0
23420,Dom D'Andezon CdRhone Red,C,969.26,74,13.135454545454547,0.002924798646679619,96.58942575075899,2,410.0
541,Juarez Gold Tequila,C,969.03,97,9.99,0.0029241046082495417,96.59234985536725,1,48.0
36625,Talbott Logan Slpy Hl Pnt Nr,C,968.61,39,24.44454545454545,0.002922837233725054,96.59527269260097,2,192.0
10021,Clayhouse Syrah Paso Robles,C,968.21,79,12.10764705882353,0.002921630210368398,96.59819432281134,2,205.0
16778,Lange Willamette Chard,C,963.4,60,16.06142857142857,0.002907115754504617,96.60110143856585,2,264.0
5838,Agave Loco Pepper Cured Teq,C,961.64,36,26.682307692307692,0.002901804851735333,96.60400324341758,1,96.0
35972,Cambas Mavrodafne of Patras,C,961.26,74,12.989999999999998,0.0029006581795465104,96.60690390159712,2,156.0
13948,Cade Cab Svgn Howell Mtn,C,959.88,12,79.99,0.002896493948966049,96.60980039554609,2,144.0
33961,Allegrini Amarone Clsc,C,959.88,12,79.99,0.002896493948966049,96.61269688949506,2,128.0
39456,Charles Heidsieck Brut Rose,C,959.88,12,79.99,0.002896493948966049,96.61559338344402,2,71.0
40136,Cakebread Merlot Napa,C,959.8000000000001,20,47.99,0.002896252544294718,96.61848963598831,2,176.0
25741,Cesari Recioto Valpolicella,C,959.76,24,39.99,0.002896131841959052,96.62138576783028,2,
22508,Blindfold White,C,959.68,32,29.99,0.002895890437287721,96.62428165826756,2,196.0
22339,Heartland Spice Trader Sh/CS,C,959.4,60,15.99,0.0028950455209380624,96.6271767037885,2,365.0
33879,Gallo Twin Valley Wh Merlot,C,959.04,96,9.99,0.0028939591999170727,96.63007066298843,2,209.0
453,Hornitos Reposado Tequila,C,958.67,33,29.04,0.002892842703312166,96.63296350569175,1,82.0
982,McCormick Long Island Iced,C,957.63,137,6.99,0.0028897044425848623,96.63585321013433,1,164.0
11396,Buried Cane Cab Svgn,C,957.32,68,14.106279069767442,0.0028887689994834542,96.63874197913381,2,154.0
23848,Dom Cherrier Sancerre,C,953.4699999999999,53,17.99,0.002877151399675645,96.64161913053348,2,718.0
32835,Mionetto Prosecco Superiore,C,953.4699999999999,53,17.99,0.002877151399675645,96.64449628193316,2,294.0
23650,Tom Gore Chardonnay CA,C,953.34,66,14.576206896551723,0.0028767591170847325,96.64737304105024,2,1077.0
29650,C Y Toro Frontera Shiraz,C,952.94,106,8.99,0.0028755520937280774,96.65024859314397,2,152.0
15876,3 Brooms Svgn Bl Marlborough,C,952.43,57,16.626363636363635,0.0028740131389483415,96.65312260628292,2,366.0
473,Ciroc Peach Vodka,C,951.72,28,33.99,0.002871870672490278,96.65599447695541,1,35.0
19382,Anew Rsl,C,951.24,76,12.369310344827586,0.002870422244462291,96.65886489919987,2,320.0
46599,Primaterra Primitivo,C,951.13,87,10.915925925925926,0.0028700903130392114,96.66173498951291,2,346.0
1598,Johnnie Walker Odyssey,C,949.99,1,949.99,0.002866650296472743,96.66460163980938,1,11.0
4627,Wiggly Bridge Gold Rum,C,949.8100000000001,19,49.99,0.0028661071359622485,96.66746774694533,1,10.0
269,Juarez Triple Sec,C,949.62,238,3.99,0.0028655337998678373,96.6703332807452,1,126.0
13433,C Y Toro Carmenere de Casa,C,949.4999999999999,50,18.99,0.00286517169286084,96.67319845243806,2,116.0
23249,Rosemount Gewurz/Rsl,C,949.05,95,9.99,0.002863813791584603,96.67606226622964,2,347.0
12235,Murrieta's Well The Spur,C,947.55,45,21.073333333333334,0.002859287453997145,96.67892155368364,2,212.0
21271,Kentia Albarino Rias Baixas,C,947.33,67,14.186078431372549,0.0028586235911509847,96.68178017727479,2,280.0
40538,Phillips Incognito Lodi Rd,C,946.41,59,16.05818181818182,0.002855847437430677,96.68463602471222,2,171.0
29461,Sandeman Character Sherry,C,945.14,86,10.99,0.002852015138273296,96.68748803985049,2,140.0
8228,Wild Turkey Diamond Annivsry,C,944.9300000000001,7,134.99,0.0028513814510110523,96.6903394213015,1,60.0
21058,Ayala Brut Majeur,C,944.79,21,44.99,0.0028509589928362223,96.69319038029434,2,273.0
3716,Don Eduardo Anejo Tequila,C,944.73,27,34.99,0.0028507779393327245,96.69604115823367,1,261.0
24575,Failla Pnt Nr Sonoma Cst,C,944.73,27,34.99,0.0028507779393327245,96.698891936173,2,
5643,Flag Hill Blueberry Liqueur,C,944.37,63,14.99,0.0028496916183117344,96.70174162779131,1,461.0
12589,Canyon Rd Pnt Grigio,C,943.63,197,4.79,0.002847458625101922,96.7045890864164,2,54.0
22291,Locations E Red Spanish,C,943.4699999999999,53,17.87235294117647,0.0028469758157592595,96.70743606223216,2,375.0
3732,Pinnacle Raspberry Vodka,C,943.41,59,15.989999999999998,0.0028467947622557613,96.71028285699441,1,6.0
5417,Bols Triple Sec,C,942.82,118,7.99,0.0028450144028046944,96.71312787139722,1,78.0
24757,Domain Drouhin Pnt Nr Ore,C,942.7700000000001,23,40.99,0.0028448635248851132,96.7159727349221,2,38.0
45330,Cono Sur Cab Svgn Cntrl Vly,C,939.81,119,7.839056603773585,0.0028359315520458625,96.71880866647415,2,215.0
12656,Merriam Vyds Miktos Red,C,939.8000000000001,20,47.13285714285714,0.0028359013764619463,96.7216445678506,2,228.0
29182,Cantele Salice Salentino Rsv,C,937.3299999999999,67,13.99,0.0028284480072345982,96.72447301585784,2,195.0
43737,Menage a Trois Rose Blend,C,937.11,89,10.45938775510204,0.002827784144388438,96.72730080000223,2,431.0
1158,Old New England Choc Egg Nog,C,936.66,134,6.99,0.002826426243112201,96.73012722624534,1,6.0
5831,DiSaronno Amaretto,C,936.66,134,6.99,0.002826426243112201,96.73295365248846,1,144.0
25188,Ch Les Granges Brdx,C,936.11,89,10.538387096774194,0.0028247665859967995,96.73577841907446,2,
22942,Clos de Marquis 09 St Julien,C,935.96,4,233.99,0.002824313952238054,96.7386027330267,2,24.0
10734,A Bichot Chablis Long Depaqt,C,935.4799999999999,52,17.99,0.002822865524210067,96.7414255985509,2,188.0
41633,Prinz Salm Two Princes Nahe,C,935.38,62,15.1775,0.0028225637683709035,96.74424816231928,2,373.0
15979,Moonlight Meadery Wild,C,935.28,72,12.99,0.0028222620125317394,96.74707042433181,2,725.0
11745,Colores del Sol Malbec Rsv,C,934.96,104,8.989999999999998,0.0028212963938464156,96.74989172072566,2,251.0
22340,Gerard Bertrand Languedoc Rg,C,934.15,85,10.99,0.0028188521715491878,96.7527105728972,2,
18014,Argyle Brut,C,932.5799999999999,42,22.086774193548386,0.002814114604874315,96.75552468750207,2,217.0
24303,Cupcake Black Forest,C,930.1899999999999,81,11.382857142857144,0.002806902640318299,96.75833159014239,2,996.0
5335,Beniotome Sesame Shochu,C,929.6899999999999,31,29.99,0.00280539386112248,96.76113698400351,1,5.0
32827,Rombauer Merlot Napa,C,929.6899999999999,31,29.99,0.00280539386112248,96.76394237786464,2,203.0
23197,Yellow Tail Sangria Blanco,C,929.35,65,14.401764705882353,0.0028043678912693226,96.76674674575591,2,299.0
6635,Gallo Twin Valley Hearty Bur,C,929.0699999999999,93,9.99,0.002803522974919664,96.76955026873082,2,181.0
1393,Jim Beam,C,928.1400000000001,186,4.99,0.0028007166456154404,96.77235098537643,1,
17458,Skinnygirl Rose Wine,C,925.97,103,8.99,0.0027941685439055843,96.77514515392033,2,242.0
5678,Skinnygirl Pina Colada,C,924.64,86,10.015,0.002790155191244705,96.77793530911158,1,
9116,KAH Tequila 3/50mLs Pak,C,924.63,37,24.99,0.0027901250156607887,96.78072543412725,1,1398.0
11199,Carpene Malvolti Prosecco,C,924.4499999999999,55,16.80818181818182,0.0027895818551502936,96.7835150159824,2,519.0
25125,Zorvino Vyds Mango Magnifico,C,924.26,74,12.49,0.0027890085190558824,96.78630402450146,2,481.0
16541,Atamisque Assemblage,C,923.72,28,32.99,0.0027873790375243976,96.78909140353899,2,100.0
4029,Tall Ship Cedar Island Spice,C,923.67,33,27.99,0.0027872281596048156,96.7918786316986,1,175.0
8425,Studebaker Manhattan RTD,C,923.5799999999999,42,21.99,0.002786956579349568,96.79466558827795,2,181.0
14799,A Bichot Pouilly-Fuisse,C,923.56,44,20.99,0.0027868962281817353,96.79745248450614,2,154.0
39689,Hahn Meritage Central Coast,C,923.4399999999999,56,16.49,0.0027865341211747384,96.80023901862731,2,12.0
23800,Boya Svgn Bl,C,923.34,66,13.99,0.0027862323653355748,96.80302525099265,2,398.0
10931,Bridlewood Chard Monterey,C,923.23,77,11.989999999999998,0.002785900433912495,96.80581115142655,2,176.0
6186,Rene Junot White,C,923.23,77,11.989999999999998,0.002785900433912495,96.80859705186046,2,192.0
19451,Souverain Svgn Bl No Coast,C,922.29,71,12.99,0.002783063929024354,96.81138011578949,2,369.0
21341,Essenciel Paradis Prvnc Rose,C,921.3000000000001,70,13.212222222222222,0.0027800765462166325,96.8141601923357,2,422.0
24736,Dumangin Champagne Cuvee 17,C,919.77,23,39.99,0.002775459681877425,96.81693565201758,2,133.0
11249,Joseph Carr Merlot Napa Vly,C,919.4899999999999,51,18.042631578947365,0.0027746147655277656,96.8197102667831,2,210.0
18001,Ruca Malen Malbec Rsv,C,917.4599999999999,54,16.99,0.0027684891219927395,96.8224787559051,2,132.0
15291,Flip Flop Cab Svgn,C,917.43,157,5.8667123287671235,0.0027683985952409907,96.82524715450033,2,267.0
8875,Freixenet Cordon Negro Brut,C,916.63,37,24.67,0.00276598454852768,96.82801313904886,2,93.0
39652,Sutter Home Pnt Grigio Cal,C,916.47,153,5.989999999999999,0.002765501739185018,96.83077864078805,2,66.0
17020,Maipe Malbec Mendoza,C,916.1700000000001,83,11.03,0.0027645964716675265,96.83354323725972,2,198.0
2597,Beefeater 24,C,914.6099999999999,39,23.875714285714285,0.0027598890805765695,96.8363031263403,1,
44780,Nicolis Valpo Seccal Ripasso,C,913.5799999999999,42,21.796451612903223,0.002756780995433182,96.83905990733572,2,185.0
19571,Mt Brave Cab Svgn Mt Veeder,C,911.8699999999999,13,70.21222222222222,0.0027516209705834797,96.84181152830631,2,46.0
35650,Penley Est Phoenix Cab Svgn,C,911.52,48,18.99,0.0027505648251464065,96.84456209313146,2,381.0
25282,Ransom Sweet Vermouth,C,911.5199999999999,48,18.99,0.002750564825146406,96.8473126579566,2,283.0
18618,Picket Fence Pnt Nr RRV,C,911.43,57,15.99,0.002750293244891159,96.8500629512015,2,225.0
35590,Tiziano Chianti,C,911.1800000000001,82,11.104285714285716,0.0027495388552932496,96.85281249005679,2,210.0
23591,Spottswoode Lyndenhurst Cab,C,909.8699999999999,13,69.99,0.002745585853800203,96.8555580759106,2,
18971,Tenuta Guado Al Tasso Bructo,C,908.65,35,25.99,0.0027419044325624037,96.85829998034316,2,187.0
5925,Pimms Blackberry & Elderflwr,C,906.03,47,19.402499999999996,0.002733998429576311,96.86103397877274,1,
28497,Warre's Fine Selected Ruby P,C,905.3000000000001,70,12.931176470588236,0.002731795611950415,96.86376577438469,2,235.0
25817,Guigal Chtnf du Pape,C,904.82,18,50.347142857142856,0.0027303471839224282,96.86649612156862,2,90.0
20552,Cafaggio Basilica Chianti Cl,C,903.42,58,15.648536585365854,0.002726122602174134,96.86922224417079,2,359.0
13711,Venta Morales Tempranillo,C,901.89,111,8.149420289855072,0.002721505737834927,96.87194374990862,2,174.0
23539,Vin Vault Chard,C,900.4999999999999,50,18.01325581395349,0.002717311331670549,96.87466106124029,2,191.0
24647,Dom Perignon P2 Blanc 1998,C,899.97,3,299.99,0.002715712025722981,96.87737677326601,2,67.0
23331,Ch Ducru Beaucaillou 11 Jul,C,899.94,6,149.99,0.002715621498971232,96.88009239476497,2,28.0
42052,Duckhorn Three Palms Merlot,C,899.9,10,89.99,0.0027155007966355666,96.88280789556161,2,0.0
20252,Round Pond Est Cab Rutherfrd,C,899.85,15,59.99,0.0027153499187159845,96.88552324548033,2,136.0
20517,Hauts de Smith Rouge Pessac,C,899.75,25,35.99,0.0027150481628768204,96.88823829364321,2,189.0
24540,Signo 11 Bobal de Manchuela,C,899.55,45,19.99,0.0027144446511984926,96.89095273829442,2,134.0
22087,Juxtapoz Red North Cst,C,897.56,44,20.468260869565217,0.0027084397099991315,96.89366117800442,2,138.0
3219,Svedka Grapefruit Jalapeno,C,895.95,905,0.99,0.0027035814409885938,96.8963647594454,1,
868,Tanqueray Ten Gin,C,895.7199999999999,28,31.99,0.002702887402558517,96.89906764684797,1,11.0
1416,Old Grand Dad,C,895.68,32,27.99,0.0027027667002228516,96.90177041354819,1,
3670,Kinky Vodka,C,895.44,56,15.99,0.0027020424862088583,96.9044724560344,1,150.0
6375,Christian Bros Dry Sherry,C,894.87,163,5.49,0.002700322477925624,96.90717277851232,2,185.0
42603,3 Blind Moose Merlot Cal,C,893.16,84,10.528461538461539,0.002695162453075922,96.9098679409654,2,66.0
17341,Lobster & Shrimp Muscadet,C,892.84,116,7.74,0.002694196834390598,96.9125621377998,2,291.0
2990,Bulldog Gin,C,891.64,36,24.74,0.0026905757643206317,96.91525271356412,1,221.0
17145,Honeymaker Blueberry Mead,C,891.4999999999999,50,17.82720930232558,0.0026901533061458017,96.91794286687026,2,267.0
6724,Black Opal Cashmore Cab Svgn,C,889.09,91,9.811428571428573,0.0026828809904219536,96.92062574786068,2,456.0
12310,Napa Cellars Pnt Nr Napa,C,887.53,47,18.875714285714285,0.0026781735993309966,96.92330392146002,2,225.0
7828,Bols Peach Schnapps,C,886.89,111,7.99,0.002676242361960348,96.92598016382198,1,
41222,C Krug Svgn Bl Napa,C,886.45,55,16.11121212121212,0.0026749146362680274,96.92865507845825,2,116.0
46783,Oops Voluptuous Beauty Valle,C,885.11,89,9.930298507462687,0.002670871108023232,96.93132594956627,2,269.0
4060,Sauza Cucumber Chili Tequila,C,884.41,59,14.99,0.0026687588171490843,96.93399470838342,1,
33441,Etude Carneros Pnt Nr,C,881.7900000000001,21,41.99,0.002660852814162992,96.93665556119758,2,298.0
13244,Garden Creek Meritage,C,879.89,11,79.99,0.0026551194532188783,96.9393106806508,2,31.0
23497,Ch Gruaud Larose 11 St Julin,C,879.89,11,79.99,0.0026551194532188783,96.94196580010403,2,7.0
25009,St Supery Dollarhide Cab Svg,C,879.8899999999999,11,79.99,0.002655119453218878,96.94462091955725,2,28.0
1860,Bruichladdich Islay Barley,C,879.8699999999999,13,68.32333333333332,0.002655059102051045,96.9472759786593,1,191.0
9140,Caffo Vecchio Amaro del Capo,C,879.5999999999999,40,21.99,0.0026542443612853025,96.94993022302059,1,22.0
18396,The Tractor Guy Pnt Nr,C,879.56,44,19.99,0.002654123658949637,96.95258434667954,2,0.0
7849,Tooters Apple-tini 15 Pk,C,879.12,88,9.99,0.0026527959332573164,96.9552371426128,1,461.0
17500,Hob Nob Wicked Red,C,879.12,88,9.99,0.0026527959332573164,96.95788993854606,2,225.0
44733,Casa Liliana Good Chianti,C,877.05,95,8.971132075471699,0.0026465495873866244,96.96053648813344,2,400.0
217,Absolut Vanilia,C,875.5999999999999,40,21.79,0.0026421741277187485,96.96317866226116,1,45.0
20180,Rosatello Sw Sparkling Rose,C,875.42,58,15.181489361702127,0.0026416309672082534,96.96582029322836,2,369.0
2863,The Deveron 12 Yr Scotch,C,874.82,18,48.066923076923075,0.002639820432173271,96.96846011366054,1,92.0
22294,The Calling Pnt Nr RRV,C,874.65,35,24.99,0.002639307447246692,96.9710994211078,2,83.0
27472,Secco-Bertani Verona,C,874.37,63,13.887435897435898,0.002638462530897033,96.97373788363869,2,272.0
25182,Grahams 2000 Vintage Port,C,873.8100000000001,19,45.99,0.0026367726981977157,96.97637465633689,2,
12478,Commanderie Bargmn Prov Rose,C,873.54,46,18.99,0.002635957957431973,96.97901061429432,2,172.0
45524,Natura Valle Cab Svgn Cntrl,C,873.13,87,10.076956521739131,0.0026347207584914013,96.98164533505282,2,224.0
10164,Andre Bourgogne Pnt Nr RSV,C,872.46,54,16.129534883720932,0.0026326989943690035,96.9842780340472,2,298.0
4355,Sea Hagg Spiced Rum,C,872.15,35,24.84483870967742,0.0026317635512675954,96.98690979759846,1,38.0
16990,Santa Cristina Antinori Wh,C,871.36,64,13.39,0.002629379680138201,96.9895391772786,2,229.0
585,1800 Reposado Gold Tequila,C,869.7099999999999,29,29.99,0.002624400708791997,96.9921635779874,1,108.0
1136,Malibu 50ml Sampler Pack,C,868.26,174,4.99,0.0026200252491241213,96.99478360323653,1,569.0
90014,Ch Giscours Margaux 12,C,867.86,14,61.99,0.002618818225767466,96.9974024214623,2,76.0
1425,Granite Lightning Whiskey,C,867.6899999999999,31,27.99,0.002618305240840887,97.00002072670314,1,365.0
1390,Makers Mark,C,864.76,24,36.04263157894737,0.0026094637947533866,97.0026301904979,1,67.0
43097,Merriam Jones Vyd Cab Franc,C,863.76,24,35.99,0.002606446236361748,97.00523663673425,2,80.0
5495,Ch Monet,C,863.46,54,15.99,0.002605540968844256,97.0078421777031,1,65.0
38103,Canyon Oaks Cab Svgn Cal,C,863.28,72,11.99,0.0026049978083337614,97.01044717551143,2,16.0
22757,Black Opal Cshmre Cab/Merlot,C,863.13,87,9.884736842105264,0.0026045451745750152,97.01305172068601,2,64.0
19360,Finca La Linda Cab Svgn,C,861.21,79,10.87888888888889,0.0025987514624630694,97.01565047214847,2,221.0
290,Aberlour A'Bunadh Sngle Malt,C,859.87,13,74.99,0.002594707934218274,97.01824518008269,1,380.0
19443,Cave de Tain St Joseph Red,C,859.6,40,21.49,0.0025938931934525312,97.02083907327614,2,
16440,Banshee Cab Svgn Napa Vly,C,857.74,26,32.99,0.0025882805348440836,97.02342735381097,2,44.0
23116,Patz & Hall Sonoma Cst Chard,C,857.74,26,32.99,0.0025882805348440836,97.02601563434581,2,120.0
29434,Clos du Val Merlot Napa,C,856.73,27,31.49,0.0025852328008685284,97.02860086714668,2,148.0
41070,Angeline Chard RRV,C,856.41,59,14.456666666666665,0.0025842671821832038,97.03118513432887,2,588.0
3903,Skinnygirl Wh Cherry Vodka,C,854.9100000000001,59,14.49,0.0025797408445957467,97.03376487517346,1,50.0
25163,Colavita Pnt Nr,C,853.29,171,4.99,0.0025748524000012915,97.03633972757346,2,
13567,Bila-Haut Cotes Roussillon,C,851.46,54,15.8025,0.002569330268144593,97.03890905784161,2,476.0
17990,Porta Vita Rosso,C,851.29,71,11.989999999999998,0.0025688172832180147,97.04147787512483,2,73.0
23107,Duckhorn Howell Mtn Cab Svgn,C,849.95,5,169.99,0.0025647737549732187,97.0440426488798,2,21.0
3292,GlenDronach 1995,C,849.95,5,169.99,0.0025647737549732187,97.04660742263476,1,83.0
21012,Arcanum Toscana Rosso,C,849.9,10,84.99,0.0025646228770536367,97.04917204551182,2,4.0
90012,Ch Malartic Lagravier 12 RG,C,849.83,17,49.99,0.0025644116479662223,97.05173645715979,2,22.0
25162,D.des Senechaux CdP,C,849.83,17,49.99,0.0025644116479662223,97.05430086880776,2,72.0
44529,Salmon Run Chard/Rsl,C,849.15,85,9.99,0.002562359708259908,97.05686322851602,2,197.0
3722,Finlandia Grapefruit Fusion,C,847.82,68,12.466190476190476,0.002558346355599029,97.05942157487162,1,133.0
24330,Ch Reserve de la Comtesse 12,C,845.82,18,46.99,0.0025523112388157517,97.06197388611044,2,95.0
21672,Peachy Canyon Westside Znfdl,C,845.53,47,17.99,0.0025514361468821764,97.06452532225732,2,347.0
14538,Ch St Michel Brdx Superur,C,845.53,47,17.99,0.0025514361468821764,97.06707675840421,2,137.0
14704,Rex Goliath Free Range Red,C,844.6,140,6.066923076923077,0.0025486298175779526,97.0696253882218,2,170.0
8446,Richards Wild Irish Rose Red,C,844.59,141,5.99,0.002548599641994036,97.07217398786379,1,263.0
778,Svedka Vodka,C,844.35,65,12.99,0.0025478754279800427,97.07472186329177,1,107.0
2162,Djinn Spirits Gin,C,843.75,25,33.656666666666666,0.0025460648929450593,97.07726792818471,1,250.0
43832,3 Blind Moose Pnt Grigio Cal,C,843.2,80,10.39,0.0025444052358296583,97.07981233342053,2,17.0
19814,Rodney Strong Charlottes Svg,C,842.4899999999999,51,16.60111111111111,0.0025422627693715946,97.0823545961899,2,454.0
14810,Primaterra Prosecco,C,841.42,58,14.52125,0.0025390339818925417,97.08489363017179,2,311.0
24888,Armand de Brignac Brut Rose,C,839.98,2,419.99,0.002534688697808582,97.0874283188696,2,3.0
7890,Barrow's Intense Ginger,C,839.7199999999999,28,29.99,0.002533904132626756,97.08996222300223,1,
2855,Master's London Dry Gin,C,839.7199999999999,28,29.99,0.002533904132626756,97.09249612713486,1,405.0
1505,Cleveland Christmas Bourbon,C,839.7,30,27.990000000000002,0.002533843781458923,97.09502997091633,1,585.0
14209,Dierberg Santa Maria Chard,C,839.65,35,23.99,0.002533692903539341,97.09756366381987,2,16.0
16824,Adissat Lirac,C,839.5799999999999,42,19.990000000000002,0.0025334816744519264,97.10009714549432,2,152.0
7284,Colombo Marsala Dry,C,839.16,84,9.99,0.0025322142999274384,97.10262935979425,2,229.0
6241,Sutter Home Chard,C,838.5999999999999,140,5.99,0.002530524467228121,97.10515988426148,2,248.0
21321,Rex Goliath Red Sangria,C,836.61,139,6.026697247706422,0.00252451952602876,97.10768440378752,2,339.0
23452,Santa Rita Secret Rsv Red,C,836.07,93,8.99,0.0025228900444972755,97.11020729383202,2,331.0
484,Absolut Mango,C,835.6200000000001,38,21.99,0.0025215321432210383,97.11272882597524,1,
19648,Dachshund Rsl,C,835.44,56,14.89909090909091,0.002520988982710543,97.11524981495795,2,19.0
6505,Lucano Limencello,C,835.24,76,10.99,0.0025203854710322154,97.11777020042898,1,
20650,Sho Chiku Bai Takara Sake,C,834.9,10,83.49,0.002519359501179058,97.12028955993016,2,3.0
21795,Canyon Rd Cab Svgn,C,833.4599999999999,174,4.79,0.0025150142170950983,97.12280457414725,2,73.0
14620,Bodega Elena de Mendoza Mlbc,C,831.8100000000001,119,6.99,0.002510035245748895,97.125314609393,2,0.0
2929,Dark Corner Moonshine,C,831.6800000000001,32,25.99,0.002509642963157982,97.12782425235616,1,8.0
17921,Raymond R Field Blend Lot 7,C,831.36,64,12.99,0.002508677344472658,97.13033292970063,2,188.0
22943,D'Armailhac Pauillac 05,C,830.97,3,276.99,0.002507500496699919,97.13284043019733,2,21.0
39473,Acorn Cve Alegria Russ Syrah,C,830.72,28,29.171818181818182,0.002506746107102009,97.13534717630444,2,61.0
16537,Root 1 Pnt Nr,C,829.3,70,11.891960784313726,0.002502461174185882,97.13784963747862,2,376.0
847,Glenfiddich 12 Year Old Sco,C,827.82,18,45.99,0.0024979951877662572,97.14034763266639,1,
38889,Justin Justification Paso R,C,827.82,18,45.99,0.0024979951877662572,97.14284562785416,2,273.0
5549,Don Ramon Reposado Tequila,C,827.7800000000001,22,37.56142857142858,0.0024978744854305917,97.14534350233959,1,
10591,J Lohr Fogs Ranch Pnt Nr,C,827.6999999999999,30,27.1478947368421,0.0024976330807592604,97.14784113542035,2,7.0
35490,Sierra Cantabria Rioja Tint,C,827.3100000000001,69,11.99,0.0024964562329865213,97.15033759165334,2,300.0
13933,Canyon Rd Pnt Grigio,C,827.0799999999999,92,8.99,0.002495762194556444,97.1528333538479,2,65.0
19249,Educated Guess Chard,C,826.51,49,16.878888888888888,0.0024940421862732105,97.15532739603417,2,235.0
11310,Beaulieu Tapestry 05 Rsv,C,825.86,14,58.99,0.0024920807733186455,97.15781947680749,2,231.0
5126,Marzadro Le Diciotto Lune,C,824.85,15,54.989999999999995,0.0024890330393430903,97.16030850984683,1,102.0
15079,Anna de Codorniu Brut Cava,C,824.36,64,12.928775510204082,0.002487554435731187,97.16279606428256,2,252.0
23951,Ch Moulin de Pillardot 10,C,824.25,75,10.99,0.0024872225043081073,97.16528328678687,2,
11200,Palagetto Vernaccia Gimigano,C,822.45,55,14.9275,0.002481790899203158,97.16776507768607,2,110.0
21369,Kendall Jackson Grand Pnt Nr,C,820.66,34,24.031666666666666,0.0024763894696821246,97.17024146715575,2,469.0
4921,Twenty Grand Cognac,C,819.5899999999999,41,19.99,0.002473160682203071,97.17271462783795,1,
23948,Ch La Croix Lartigue 09,C,818.79,21,38.99,0.0024707466354897604,97.17518537447344,2,31.0
15761,Cantine Maschio Prosecco Brt,C,818.64,216,3.79,0.0024702940017310143,97.17765566847517,2,90.0
18741,Ca'Momi Pinot Noir Napa Vall,C,818.54,46,17.818571428571428,0.0024699922458918506,97.18012566072106,2,355.0
35380,Liberty School Chard Cntrl C,C,818.37,63,12.99,0.002469479260965272,97.18259513998203,2,53.0
15900,Ch St Jean Svgn Bl Sonoma,C,817.39,61,13.21857142857143,0.002466522053741466,97.18506166203576,2,395.0
7211,Cocktail Time Strawberry Rtd,C,816.3,70,11.801320754716981,0.00246323291509458,97.18752489495085,1,
21731,Ch Moulin de la Rose St-Juln,C,815.88,12,67.99,0.002461965540570092,97.18998686049143,2,68.0
4629,Courvoisier C,C,815.76,24,33.99,0.0024616034335630953,97.19244846392499,1,200.0
23220,Parducci Pnt Nr,C,814.37,63,12.90111111111111,0.0024574090273987177,97.19490587295239,2,196.0
15820,Mont Redon CdP Red,C,813.7800000000001,22,36.99,0.0024556286679476512,97.19736150162034,2,41.0
41614,Ridge Pagoni Ranch Znfdl,C,813.7800000000001,22,36.99,0.0024556286679476512,97.19981713028828,2,83.0
19577,Forma de Art Red,C,813.46,54,15.15,0.0024546630492623266,97.20227179333754,2,356.0
17535,Ninety+Cellars Lot 66 Rsl Mo,C,813.26,74,10.99,0.002454059537583999,97.20472585287513,2,450.0
3815,Solid Granite Vodka,C,811.7099999999999,29,27.99,0.002449382322076959,97.20717523519721,1,461.0
13427,Liberty School Cab Svgn,C,811.7099999999999,29,27.99,0.002449382322076959,97.2096246175193,2,135.0
24138,Gaja Pieve Santa Restituta M,C,809.9100000000001,9,89.99,0.00244395071697201,97.21206856823626,2,
37542,Frogs Leap Chard Napa,C,809.7299999999999,27,29.99,0.0024434075564615148,97.21451197579272,2,761.0
24929,Corvo Nero d'Avola & Pnt Gr,C,809.66,34,23.49,0.0024431963273741,97.2169551721201,2,93.0
26646,Guenoc Petite Sirah N Cst,C,809.46,54,14.99,0.0024425928156957726,97.21939776493579,2,124.0
22361,Ecco Domani Prosecco,C,808.38,162,4.99,0.0024393338526328026,97.22183709878843,2,
39107,Antinori Bolgheri Guado,C,807.9200000000001,8,100.99,0.002437945775772649,97.2242750445642,2,27.0
17489,Ch St Pierre Rose,C,807.38,62,13.040000000000001,0.0024363162942411644,97.22671136085843,2,178.0
14415,Peter Lehmann Layers Red,C,806.99,101,7.99,0.002435139446468425,97.22914650030489,2,
23159,Champlain Orchards Ice Cider,C,805.6899999999999,31,25.990000000000002,0.0024312166205592944,97.23157771692546,2,152.0
33446,Takara Sake Sho Chiku Bai G,C,805.12,128,6.29,0.0024294966122760608,97.23400721353774,2,287.0
4230,Pumpkin Face Rum,C,804.77,23,34.99,0.002428440466838987,97.23643565400458,1,2.0
23917,Mionetto Prosecco DOC Brut,C,801.73,27,29.67,0.002419267089328406,97.2388549210939,2,182.0
11153,Canyon Rd Chard,C,800.11,89,8.99,0.0024143786447339516,97.24126929973863,2,110.0
11154,Canyon Rd Cab Svgn,C,800.1099999999999,89,8.99,0.002414378644733951,97.24368367838336,2,55.0
2118,The Glenturret 27 Yr Old,C,799.96,4,199.99,0.002413926010975206,97.24609760439434,1,1.0
44653,Nickel Rock Cairn Cab Svgn,C,799.9200000000001,8,99.99,0.0024138053086395408,97.24851140970297,2,2.0
2016,Ardbeg Perpetuum Single Malt,C,799.92,8,99.99,0.0024138053086395403,97.2509252150116,1,22.0
42785,Cakebread Benchland Cab Svgn,C,799.92,8,99.99,0.0024138053086395403,97.25333902032024,2,12.0
22438,Ch Fuisse Pouilly Fuisse 12,C,799.84,16,49.99,0.002413563903968209,97.25575258422421,2,
22568,Beringer The Waymaker Red,C,799.68,32,24.99,0.0024130810946255466,97.25816566531884,2,193.0
17325,The Calling Dutton Chard RRV,C,799.5999999999999,40,19.99,0.0024128396899542157,97.2605785050088,2,12.0
1672,Hpnotiq Sparkle,C,799.5999999999999,40,19.99,0.0024128396899542157,97.26299134469875,1,
15584,Ch Vrai Caillou Wh Brdx,C,799.2,80,9.99,0.0024116326665975605,97.26540297736534,2,303.0
24193,Ch Montaud Cotes de Provence,C,798.68,32,24.946521739130436,0.002410063536233908,97.26781304090157,2,239.0
17405,Ch Haut-Bailly 09 Pessac Brd,C,797.94,6,132.99,0.002407830543024096,97.2702208714446,2,
11055,Ramey Cab Svgn Napa,C,797.86,14,56.99,0.002407589138352765,97.27262846058295,2,252.0
27679,Henkell Brut,C,797.43,57,13.99,0.00240629158824436,97.2750347521712,2,203.0
7485,M D 20/20,C,794.01,199,3.9900000000000007,0.0023959715385449562,97.27743072370974,1,170.0
8787,Torresella Pinot Grigio Ven,C,793.4300000000001,57,13.89,0.002394221354677806,97.27982494506442,2,348.0
4723,Kinky Flame Whisky,C,792.99,801,0.99,0.002392893628985485,97.2822178386934,1,
8688,Paul Masson Chablis,C,791.21,79,10.030816326530612,0.0023875223750483682,97.28460536106844,2,154.0
2949,Lock Stock & Barrel Rye,C,790.93,7,112.49,0.002386677458698709,97.28699203852715,1,98.0
12191,M & R Sparkling Rose,C,790.21,79,10.009607843137255,0.0023845048166567296,97.2893765433438,2,126.0
32065,Rosemount Cab Svgn/Merlot,C,789.87,113,6.99,0.002383478846803572,97.29176002219062,2,3.0
2667,Damrak Amsterdam Gin,C,789.5999999999999,40,19.726842105263156,0.0023826641060378296,97.29414268629665,1,61.0
20343,Milbrandt Traditions Cab Svg,C,789.48,52,15.162413793103447,0.002382301999030833,97.29652498829569,2,262.0
13795,Yellow Tail Tree Free Chard,C,789.41,59,13.67421052631579,0.002382090769943419,97.29890707906563,2,232.0
42601,3 Blind Moose Cab Svgn Cal,C,789.24,76,10.434444444444445,0.0023815777850168403,97.30128865685064,2,67.0
42640,The Monterey Vyds Chard,C,789.21,79,9.99,0.002381487258265091,97.3036701441089,2,208.0
17147,Honeymaker Lavender Mead,C,786.47,53,14.837826086956522,0.002373219148272001,97.30604336325717,2,255.0
12494,M D 20/20 Electric Melon Red,C,786.0300000000001,197,3.9899999999999998,0.0023718914225796806,97.30841525467976,2,158.0
23522,13 Celsius Svgn Bl,C,782.86,74,11.042,0.002362325762478186,97.31077758044223,2,402.0
1878,Jim Beam White BBQ Sauce Pak,C,781.48,52,15.118571428571428,0.0023581615318977243,97.31313574197414,1,
5434,Southern Comfort Caramel,C,781.32,68,11.489999999999998,0.0023576787225550624,97.3154934206967,1,
31573,Martin/Weyrich Moscato Alleg,C,781.23,77,10.117659574468085,0.002357407142299815,97.317850827839,2,309.0
9109,Deep Eddy Ruby Red Vodka,C,781.11,789,0.9900000000000001,0.0023570450352928185,97.32020787287429,1,2930.0
2955,Auchentoshan 18 Yr Scotch,C,779.94,6,129.99,0.0023535144919746014,97.32256138736626,1,28.0
4605,Camus Elegance XO,C,779.94,6,129.99,0.0023535144919746014,97.32491490185824,1,
14974,Mantane Primitivo Puglio,C,779.4,60,12.99,0.002351885010443116,97.32726678686868,2,88.0
6547,Walnut Crest Cab Svgn Rapel,C,779.22,78,9.99,0.0023513418499326215,97.32961812871861,2,153.0
18565,Red Diamond Pnt Nr,C,776.33,67,11.076956521739131,0.002342621106180786,97.33196074982479,2,203.0
14457,Scagliola Mati Barbera,C,775.44,56,13.836153846153847,0.0023399354792122276,97.334300685304,2,231.0
21573,Casal Garcia Vinho Verde Ros,C,775.03,97,7.99,0.0023386982802716554,97.33663938358427,2,394.0
23535,Wente Pnt Nr Riva Ranch,C,774.6899999999999,31,24.99,0.0023376723104184985,97.33897705589469,2,116.0
4575,Brugal XV Rum,C,774.6899999999999,31,24.99,0.0023376723104184985,97.3413147282051,1,78.0
25467,Schug Cab Svgn,C,774.6899999999999,31,24.99,0.0023376723104184985,97.34365240051552,2,
38153,Lange Three Hills Cve Pnt Nr,C,773.8199999999999,18,42.99,0.002335047034617773,97.34598744755014,2,98.0
6280,Penfolds Koonunga Hill Chard,C,773.4,60,12.847142857142858,0.002333779660093285,97.34832122721023,2,405.0
42401,Grayson Cellars Chard N Cst,C,773.35,65,11.875714285714286,0.002333628782173703,97.3506548559924,2,219.0
16165,Garnet Pnt Nr Monterey Cnty,C,772.55,45,17.21222222222222,0.0023312147354603917,97.35298607072787,2,237.0
28162,Villa Maria Chard NZ,C,771.48,52,14.99,0.0023279859479813387,97.35531405667585,2,368.0
3530,Pinnacle Peach Vodka,C,770.19,81,9.505384615384616,0.002324093297656125,97.35763814997351,1,1.0
19684,Ch Magdelaine 10 St Emilion,C,769.9300000000001,7,109.99,0.002323308732474299,97.35996145870598,2,12.0
15971,Revana Cab Svgn Napa Vly,C,769.93,7,109.99,0.0023233087324742987,97.36228476743845,2,77.0
19264,Dom de Marcoux 12 Nerf Rouge,C,769.89,11,69.99,0.0023231880301386332,97.36460795546859,2,37.0
16889,The Seeker Malbec,C,769.4200000000001,58,13.418571428571429,0.0023217697776945633,97.36692972524628,2,216.0
8401,Bols Blue Curacao,C,769.3,70,10.99,0.0023214076706875664,97.36925113291697,1,150.0
47027,Marcus James Malbec Mendoza,C,769.13,87,8.786610169491524,0.0023208946857609884,97.37157202760274,2,194.0
24308,Twomey Pnt Nr RRV,C,767.84,16,47.99,0.0023170020354357744,97.37388902963818,2,23.0
25003,Tenuta Sette Cieli Indaco,C,767.84,16,47.99,0.0023170020354357744,97.37620603167362,2,30.0
43019,Krug Grande Cve Brut,C,764.91,9,84.99,0.002308160589348273,97.37851419226297,2,20.0
4899,Clement Mahina Coco Liqueur,C,762.68,32,23.83375,0.002301431434134919,97.3808156236971,1,220.0
38197,La Carraia Sangiovese Umbri,C,761.4300000000001,57,13.42478260869565,0.002297659486145371,97.38311328318325,2,253.0
22022,Lower East Side Cab Svgn,C,759.7800000000001,22,34.46368421052632,0.0022926805147991673,97.38540596369805,2,25.0
24024,Fulchino Vyds Barbera Red,C,759.62,38,19.99,0.002292197705456505,97.3876981614035,2,225.0
42275,Blackstone Merlot Cal,C,759.6199999999999,38,19.99,0.002292197705456505,97.38999035910896,2,73.0
24056,Honig Svgn Bl Rsv,C,759.5999999999999,40,18.99,0.002292137354288672,97.39228249646325,2,136.0
44084,Wente Riverbank Rsl Monterey,C,759.48,52,14.516315789473685,0.002291775247281676,97.39457427171054,2,259.0
7202,Cocktail Time Key Lime Rtd,C,759.34,66,11.678888888888888,0.0022913527891068462,97.39686562449964,1,9.0
12165,Clayhouse Petite Sirah,C,758.67,33,22.99,0.0022893310249844485,97.39915495552462,2,43.0
17596,Pink Flamingo Rose,C,755.4300000000001,57,13.019411764705882,0.00227955413579554,97.40143450966042,2,243.0
27911,Ruffino Chianti Clsc Santdam,C,754.53,47,16.078235294117647,0.002276838333243065,97.40371134799366,2,328.0
41984,Ridge Ponzo Vyds Znfdl,C,753.74,26,28.99,0.0022744544621136702,97.40598580245577,2,12.0
3408,Ketel One Oranje,C,753.63,37,20.49,0.00227412253069059,97.40825992498647,1,50.0
37943,Columbia Crest Twin Vns Merl,C,753.63,87,8.594166666666666,0.00227412253069059,97.41053404751716,2,361.0
913,Smirnoff Raspberry Vodka,C,753.48,52,14.49,0.002273669896931844,97.4128077174141,1,79.0
887,DeKuyper Razzmatazz,C,753.42,58,12.99,0.0022734888434283456,97.41508120625753,1,73.0
6240,Riunite Raspberry,C,753.09,91,8.262727272727272,0.002272493049159105,97.41735369930669,2,124.0
42663,Beringer Fndr Est Pnt Grigio,C,752.34,66,11.717272727272729,0.0022702298803653764,97.41962392918705,2,302.0
20424,Viberti Barolo Rsv 06 Volta,C,751.9200000000001,8,93.99,0.002268962505840888,97.42189289169289,2,4.0
11437,Schug Svgn Bl Sonoma Vly,C,751.53,47,15.989999999999998,0.0022677856580681486,97.42416067735095,2,166.0
21581,Epiphany Revelation,C,750.75,25,30.042631578947365,0.0022654319625226705,97.42642610931348,2,73.0
4697,Courvoisier 21 Yr Cognac,C,749.97,3,249.99,0.002263078266977193,97.42868918758046,1,54.0
1676,Wild Turkey Master Keepers,C,749.95,5,149.99,0.00226301791580936,97.43095220549627,1,13.0
8412,Tequila Ocho Plata Fresno,C,749.85,15,49.99,0.002262716159970196,97.43321492165624,1,148.0
13558,Merry Edwards Pinot Noir RRV,C,749.85,15,49.99,0.002262716159970196,97.43547763781622,2,173.0
7241,Glendalough Poitin Shry Cask,C,749.75,25,29.99,0.002262414404131032,97.43774005222035,2,
10531,Franciscan Est Svgn Bl Napa,C,749.5,50,14.99,0.0022616600145331225,97.44000171223489,2,170.0
18664,Corvo Moscato Siciliarvo,C,749.25,75,9.99,0.002260905624935213,97.44226261785983,2,160.0
2632,Partida Tequila Blanco,C,747.83,17,43.99,0.002256620692019086,97.44451923855185,1,
21595,Veuve du Vernay Sprklng Brut,C,746.64,136,5.489999999999999,0.002253029797533036,97.44677226834938,2,44.0
6042,Maurice's Mentholated Mint,C,745.26,74,10.080909090909092,0.002248865566952575,97.44902113391633,1,450.0
13081,Dom Ferret Pouilly Fuisse,C,743.76,24,30.989999999999995,0.002244339229365117,97.4512654731457,2,233.0
22326,Saved Red,C,743.67,33,22.275714285714283,0.00224406764910987,97.45350954079481,2,354.0
46829,Pacific Rim Yakima Gewurz,C,743.38,62,11.99,0.0022431925571762944,97.45575273335199,2,258.0
19055,Wolf Blass Yllw Lbl Cab Svgn,C,742.41,59,12.4275,0.0022402655255364047,97.45799299887753,2,395.0
18952,J Lohr Falcon's Perch Pnt Nr,C,741.95,55,13.49,0.0022388774486762513,97.4602318763262,2,34.0
18240,Renacer Enamore Red,C,741.73,27,28.49,0.0022382135858300908,97.46247008991203,2,32.0
24289,Thierry Delaunay Tour Svgn B,C,741.47,53,13.99,0.0022374290206482648,97.46470751893268,2,1039.0
4784,Presidente Solera Brandy,C,740.6099999999999,39,18.99,0.0022348339204314553,97.46694235285311,1,33.0
25285,A Bichot St-Amour Champlette,C,740.6099999999999,39,18.99,0.0022348339204314553,97.46917718677354,2,371.0
35999,Fanal Madeira Full Rich,C,740.4300000000001,57,12.99,0.0022342907599209607,97.47141147753345,2,227.0
72,No. 3 London Dry Gin,C,739.8100000000001,19,38.74,0.002232419873718145,97.47364389740717,1,139.0
16860,Tikal Natura Malbec,C,739.63,37,19.989999999999995,0.0022318767132076494,97.47587577412038,2,138.0
23780,La Chapelle Mission Haut Bri,C,737.91,9,81.99,0.0022266865127740314,97.47810246063315,2,6.0
23919,J J Vincent Pouilly Fuisse,C,736.7199999999999,28,26.228095238095236,0.002223095618287981,97.48032555625144,2,275.0
24699,Alfred Gratien Champagne Bru,C,735.84,16,45.99,0.0022204401669033394,97.48254599641835,2,256.0
2837,Girvan Patent Still #4 Apps,C,735.84,16,45.99,0.0022204401669033394,97.48476643658526,1,25.0
36376,Sebastiani Pnt Nr Sonoma,C,735.54,46,15.989999999999998,0.002219534899385848,97.48698597148464,2,177.0
26391,Pepperwood Grove Chard,C,735.08,92,7.99,0.0022181468225256945,97.48920411830717,2,361.0
16796,Delamotte Brut,C,734.7900000000001,21,34.99,0.002217271730592119,97.49142139003776,2,28.0
5959,Lucano Amaro,C,734.51,49,14.99,0.00221642681424246,97.493637816852,1,
42118,Jewell Towne Seyval NH,C,734.3,70,10.49,0.0022157931269802156,97.49585360997898,2,560.0
19329,Ca Del Monte Amarone Red,C,733.84,16,45.82333333333333,0.002214405050120062,97.4980680150291,2,347.0
3900,Bracero Reposado Tequila,C,731.8000000000001,20,38.45666666666667,0.00220824923100112,97.50027626426011,1,18.0
18909,Cryptic California Red,C,731.53,47,15.389999999999999,0.002207434490235377,97.50248369875034,2,202.0
31419,Sandeman Ruby Port,C,731.39,61,11.99,0.0022070120320605477,97.5046907107824,2,215.0
20377,Duval-Leroy Prestige Rose,C,730.83,17,42.99,0.0022053221993612302,97.50689603298176,2,
2369,Amrut Fusion Single Malt,C,729.8899999999999,11,66.49,0.0022024856944730894,97.50909851867623,1,5.0
18332,Ch Daqueria Tavel Rose,C,729.53,47,15.34483870967742,0.0022013993734520997,97.51129991804967,2,205.0
4012,Tall Ship White Island Rum,C,728.7299999999999,27,26.99,0.002198985326738789,97.51349890337642,1,229.0
877,DeKuyper Creme de Cassis,C,728.19,81,8.99,0.0021973558452073045,97.51569625922163,1,241.0
33035,Cape Indaba Chard S Africa,C,728.19,81,8.99,0.0021973558452073045,97.51789361506684,2,168.0
5014,Penn Dutch Pumpkin Cr Liquer,C,726.96,104,6.989999999999999,0.002193644248385589,97.52008725931522,1,4.0
21980,Massolino Barolo Parussi,C,725.89,11,65.99,0.0021904154609065354,97.52227767477612,2,
32055,Greg Norman Eden Vly Chard,C,725.51,49,14.729130434782608,0.002189268788717713,97.52446694356483,2,645.0
7344,Viniq Shimmery Liqueur,C,725.34,66,10.99,0.0021887558037911345,97.52665569936862,1,
26632,R Mondavi Pvt Sel Znfdl,C,725.2,80,9.095263157894738,0.002188333345616305,97.52884403271423,2,189.0
19293,Robert Sinskey Pnt Nr,C,724.75,25,28.99,0.002186975444340067,97.53103100815858,2,33.0
42117,Jewell Towne Chardonnay,C,724.5,50,14.49,0.0021862210547421578,97.53321722921332,2,512.0
36989,Duck Pond Chard Wash,C,724.48,52,13.865,0.002186160703574325,97.5354033899169,2,146.0
44818,Red Guitar Temp/Garnacha Nvr,C,723.28,72,10.071632653061224,0.0021825396335043586,97.5375859295504,2,199.0
4042,Bacardi Dragon Berry,C,722.7,730,0.9899999999999999,0.0021807894496372084,97.53976671900004,1,137.0
37152,Montes Alpha Apalta Cab Svgn,C,722.64,36,20.13285714285714,0.00218060839613371,97.54194732739617,2,94.0
14703,Casa Ferreirinha Esteva Doro,C,721.44,56,12.851111111111111,0.0021769873260637437,97.54412431472224,2,224.0
35709,Colosi Sicilia Dry Red,C,721.36,64,11.23390243902439,0.0021767459213924128,97.54630106064363,2,233.0
30713,Ferrari-Carano Siena Sonoma,C,720.66,34,23.10111111111111,0.0021746336305182657,97.54847569427415,2,141.0
22600,Jos Phelps Insignia 11,C,719.98,2,359.99,0.0021725816908119513,97.55064827596496,2,3.0
90025,Ch Lagrange St Julien 11 GC,C,719.88,12,59.99,0.0021722799349727876,97.55282055589993,2,3.0
11709,Dusky Goose Pnt Nr,C,719.88,12,59.99,0.0021722799349727876,97.5549928358349,2,
14425,Ch Musar Rouge,C,719.84,16,44.99,0.002172159232637122,97.55716499506754,2,162.0
44186,H Brunier Telegramme Pape,C,719.84,16,44.99,0.002172159232637122,97.55933715430018,2,192.0
1788,Knappogue Castle Irish 12 Yr,C,719.82,18,39.99,0.0021720988814692894,97.56150925318165,1,61.0
23752,Ch Gloria St Julien 12,C,719.8,20,35.99,0.0021720385303014562,97.56368129171196,2,
25482,J. Ordonez Victoria Moscatel,C,719.52,48,14.99,0.0021711936139517975,97.5658524853259,2,
26134,Clos du Bois Znfdl Sonoma,C,719.4,60,11.836153846153847,0.002170831506944801,97.56802331683285,2,453.0
10227,Due Torri Pnt Nr del Venezie,C,719.28,72,9.99,0.002170469399937804,97.57019378623279,2,189.0
23949,Ch Valfontaine 10,C,719.28,72,9.99,0.002170469399937804,97.57236425563273,2,15.0
21412,Cesari Bardolino Chiaretto,C,719.1,90,7.99,0.0021699262394273095,97.57453418187217,2,
3770,Miodula Honey Vodka,C,716.65,35,20.682307692307692,0.0021625332213677947,97.57669671509353,1,29.0
19646,JP Chenet Pnt Noir,C,715.37,63,11.49,0.0021586707466264977,97.57885538584016,2,350.0
972,Ciroc Snap Frost Vodka,C,713.7900000000001,21,33.99,0.002153903004367709,97.58100928884453,1,38.0
43615,Talbott Kali Hart Vyd Pnt Nr,C,713.67,33,21.24,0.002153540897360712,97.5831628297419,2,179.0
40296,Choya Plum Wine,C,713.66,34,20.990000000000002,0.0021535107217767954,97.58531634046368,2,120.0
37817,Frescobaldi Chianti Castigln,C,713.49,51,13.99,0.002152997736850217,97.58746933820053,2,205.0
21157,Huber Hugo Gruner Veltliner,C,713.49,51,13.989999999999998,0.002152997736850217,97.58962233593739,2,152.0
13595,Palagetto Brunello d Montlcn,C,712.86,14,50.878888888888895,0.0021510966750634846,97.59177343261246,2,133.0
2101,New Amsterdam Gin,C,712.8100000000001,119,5.99,0.002150945797143903,97.5939243784096,1,
5276,DeKuyper Triple Sec,C,712.8100000000001,119,5.99,0.002150945797143903,97.59607532420674,1,213.0
15171,Cecchi Litorale Vermentino,C,711.5,50,14.89,0.002146992795650856,97.59822231700238,2,85.0
36267,Montinore Pnt Gris Ore,C,711.5,50,14.215806451612902,0.002146992795650856,97.60036930979803,2,124.0
12963,Redtree Pnt Nr,C,710.21,79,8.99,0.0021431001453256424,97.60251240994336,2,71.0
10916,Piper Sonoma Bl de Bl Sonoma,C,709.55,45,15.704285714285716,0.0021411085567871607,97.60465351850014,2,218.0
10666,Clayhouse Adobe Cntrl Cst Wh,C,707.41,59,11.99,0.0021346509818290543,97.60678816948197,2,491.0
12681,The Crusher Pnt Nr,C,707.41,59,11.99,0.0021346509818290543,97.6089228204638,2,176.0
23801,Boya Pnt Nr,C,703.5600000000001,44,15.99,0.0021230333820212457,97.61104585384582,2,542.0
14382,LaBelle Winery Raspberry,C,703.5600000000001,44,15.99,0.0021230333820212457,97.61316888722784,2,495.0
43232,Fat Bastard Cab Svgn,C,703.36,64,10.99,0.0021224298703429183,97.61529131709818,2,162.0
24646,Pierre Dupond Renjardire CdR,C,703.1999999999999,80,8.79,0.002121947061000256,97.61741326415918,2,
24580,Mt Beautiful Pnt Nr,C,702.63,37,18.99,0.002120227052717022,97.6195334912119,2,383.0
8283,Korbel X Dry,C,701.75,25,28.089999999999996,0.00211757160133238,97.62165106281323,2,96.0
23514,Plantaze Vranac ProCorde Red,C,701.48,52,13.49,0.0021167568605666375,97.6237678196738,2,188.0
32809,Flag Hill Marechal Foch NH,C,701.46,54,12.99,0.0021166965093988048,97.6258845161832,2,338.0
6344,Walnut Crest Chard Central,C,701.3,70,10.040000000000001,0.0021162137000561424,97.62800072988327,2,128.0
15263,Bella Sera Moscato,C,700.89,61,11.49,0.0021149765011155707,97.63011570638439,2,152.0
23289,Ch Mouton Rothschild 11 Paui,C,699.99,1,699.99,0.0021122606985630957,97.63222796708295,2,29.0
2421,Highland Park Odin,C,699.98,2,349.99,0.0021122305229791796,97.63434019760594,1,5.0
21195,Paul Hobbs Las Piedras Cab S,C,699.96,4,174.99,0.002112170171811347,97.63645236777775,2,34.0
45128,Paul Hobbs Chard RRV,C,699.86,14,49.99,0.0021118684159721827,97.63856423619372,2,16.0
685,Caravan Cab Svgn,C,699.86,14,49.99,0.0021118684159721827,97.64067610460968,2,78.0
22968,Klinker Brick Marisa Znfdl,C,699.8,20,34.99,0.0021116873624686845,97.64278779197215,2,0.0
25340,Dom La Soumade Rast Prestige,C,699.7199999999999,28,24.99,0.002111445957797353,97.64489923792995,2,29.0
24999,Schramsberg Mirabelle B Rose,C,699.7199999999999,28,24.99,0.002111445957797353,97.64701068388774,2,20.0
12024,Terre Rouge Syrah Les Cotes,C,698.5899999999999,41,17.045555555555556,0.0021080361168148015,97.64911872000455,2,253.0
22941,Haut-Bailly Pessc Leognan 06,C,697.98,2,348.99,0.0021061954061959024,97.65122491541075,2,14.0
24390,O Lflv Bour Les Setilles,C,695.71,29,23.99,0.002099345548646883,97.6533242609594,2,12.0
25157,M Lynch Bordeaux Blanc Grave,C,695.54,46,15.290000000000001,0.002098832563720304,97.65542309352311,2,238.0
28223,Ch Ste Michelle Canoe Rdge C,C,693.64,36,19.14384615384615,0.002093099202776191,97.6575161927259,2,264.0
23858,Pezzi King Znfdl Dry Creek,C,692.67,33,20.99,0.0020901721711363013,97.65960636489703,2,242.0
20407,Riondo Blu Prosecco,C,692.51,49,14.1775,0.0020896893617936394,97.66169605425883,2,2.0
23245,Torres Altos Ibericos Rioja,C,692.51,49,14.019411764705882,0.0020896893617936394,97.66378574362062,2,262.0
31346,Florio Dry Marsala Italy,C,692.37,63,10.99,0.0020892669036188098,97.66587501052425,2,205.0
31318,Ch de la Ragotiere Muscadet,C,692.37,63,10.99,0.0020892669036188098,97.66796427742787,2,212.0
6245,Blossom Hill Chard,C,692.37,63,10.99,0.0020892669036188098,97.6700535443315,2,206.0
4424,Barbarossa Spiced Rum,C,692.37,63,10.99,0.0020892669036188098,97.67214281123512,1,
28039,Canyon Rd Merlot,C,692.23,77,8.99,0.0020888444454439806,97.67423165568056,2,56.0
16146,Sean Minor Red Napa Vly,C,691.65,35,19.88473684210526,0.0020870942615768304,97.67631874994214,2,165.0
39600,R M Woodbridge Merlot Cal,C,691.13,87,7.904893617021277,0.002085525131213178,97.67840427507335,2,227.0
2530,The Macallan 17Yr Old Scotch,C,689.97,3,229.99,0.0020820247634788774,97.68048629983683,1,51.0
21027,Kinsella Est Cab Svgn 10,C,689.94,6,114.99,0.0020819342367271285,97.68256823407356,2,17.0
13123,Colosi Nero D'Avola Sicilia,C,689.54,46,14.99,0.002080727213370473,97.68464896128692,2,232.0
28606,Cline Viognier Sonoma Count,C,689.3100000000001,69,9.99,0.002080033174940396,97.68672899446186,2,161.0
25126,Zorvino Vyds Peachez,C,689.3100000000001,69,9.99,0.002080033174940396,97.6888090276368,2,467.0
23101,Steelhead Red,C,689.31,69,9.99,0.0020800331749403957,97.69088906081173,2,
8409,Christian Bros Cream Sherry,C,688.0699999999999,83,8.29,0.002076291402534764,97.69296535221426,2,136.0
26392,Pepperwood Grove Pnt Nr,C,687.14,86,7.990000000000001,0.00207348507323054,97.69503883728748,2,401.0
14666,Raymond Family Clsc Cab Svgn,C,685.62,38,18.066923076923075,0.0020688983844752494,97.69710773567196,2,121.0
12086,Candia Vyds Classic Cab Svgn,C,685.51,49,13.99,0.002068566453052169,97.69917630212501,2,622.0
4219,Commander Quincy's Rum Toddy,C,685.51,49,13.99,0.002068566453052169,97.70124486857806,1,74.0
37923,Five Rivers Cab Svgn,C,684.4300000000001,57,12.010833333333332,0.0020653074899891996,97.70331017606804,2,465.0
22919,Complicated Pnt Nr,C,683.64,36,18.99,0.002062923618859805,97.70537309968691,2,268.0
8348,Cabrito Reposado,C,683.62,38,17.99,0.0020628632676919726,97.7074359629546,1,
19486,Franciscan Equilibrium White,C,683.6199999999999,38,17.99,0.002062863267691972,97.7094988262223,2,328.0
41348,Felino Vino Cobos Malbec,C,683.6199999999999,38,17.99,0.002062863267691972,97.71156168949,2,178.0
25831,Dry Creek Chenin Blanc Dry,C,683.4300000000001,57,11.99,0.002062289931597561,97.7136239794216,2,197.0
42797,Ricardo Santos Malbec Mendza,C,682.0899999999999,41,17.29,0.002058246403352765,97.71568222582495,2,0.0
23297,Fonterutoli Chianti Clsco,C,681.6899999999999,31,21.99,0.0020570393799961098,97.71773926520494,2,118.0
24798,The Pinot Project Pnt Nr,C,681.54,46,13.365,0.0020565867462373636,97.71979585195118,2,130.0
18175,Seven Falls Cab Svgn,C,681.38,62,10.99,0.0020561039368947017,97.72185195588807,2,54.0
22168,Tangent Pnt Gris,C,681.38,62,10.99,0.0020561039368947017,97.72390805982496,2,
13619,Quinta do Noval Black Port,C,680.64,36,18.889999999999997,0.002053870943684889,97.72596193076865,2,191.0
18432,Bertani Amarone 1993,C,679.96,4,169.99,0.002051819003978575,97.72801374977263,2,8.0
20108,Sassacaia,C,679.96,4,169.99,0.002051819003978575,97.73006556877661,2,20.0
2042,Amador Double Barrel Bourbon,C,679.83,17,39.99,0.002051426721387662,97.732116995498,1,158.0
23946,Ch La Cardone Medoc 09,C,679.66,34,19.99,0.0020509137364610832,97.73416790923446,2,27.0
20427,Fattoria Heba Marellino 11,C,679.5999999999999,40,16.99,0.002050732682957585,97.73621864191742,2,676.0
8958,Malibu Peach Sparkler RTD,C,679.34,66,10.398163265306122,0.0020499481177757594,97.73826859003519,1,1.0
16378,Hob Nob Malbec VDP D'Oc,C,679.32,68,9.99,0.0020498877666079262,97.7403184778018,2,262.0
36419,Castellani Biagio Chianti,C,679.32,68,9.99,0.0020498877666079262,97.7423683655684,2,137.0
32679,Pepperwood Grove Merlot Cal,C,679.15,85,7.99,0.0020493747816813478,97.74441774035007,2,327.0
46725,Broadbent Auction RSV,C,678.6899999999999,31,21.88285714285714,0.002047986704821194,97.7464657270549,2,87.0
11449,Cambridge & Sunset Pnt Nr,C,678.51,49,13.92103448275862,0.0020474435443106993,97.74851317059921,2,216.0
36370,McWilliams Hanwood Est Chard,C,678.03,97,6.99,0.0020459951162827127,97.75055916571549,2,2.0
37083,Jewell Towne Cayuga Wh NH,C,677.91,59,11.489999999999998,0.002045633009275716,97.75260479872476,2,538.0
39110,Gekkeikan Sake Horin,C,677.91,59,11.49,0.002045633009275716,97.75465043173404,2,216.0
11774,Diamond Crk Cab Svgn Volcanc,C,674.97,3,224.99,0.0020367613876042987,97.75668719312164,2,16.0
19694,Ch Pichon Longueville Rsv Co,C,674.91,9,74.99,0.0020365803341008,97.75872377345574,2,10.0
18774,Rob Stuart Vignette Pinot Nr,C,674.73,27,24.99,0.0020360371735903054,97.76075981062934,2,120.0
14657,The Shepherd Svgn Bl,C,674.5500000000001,45,14.99,0.0020354940130798108,97.76279530464242,2,297.0
3406,Skinnygirl Tangerine Vodka,C,674.55,45,14.99,0.0020354940130798103,97.76483079865551,1,
20409,NxNW Red Columbia Valley,C,674.55,45,14.99,0.0020354940130798103,97.7668662926686,2,370.0
18267,Caprai Montefalco Passito 06,C,671.79,21,31.99,0.002027165551918888,97.76889345822052,2,24.0
1259,St George Gin 3/200mls Combo,C,671.76,24,27.99,0.002027075025167139,97.77092053324569,1,73.0
4131,Sea Hagg Blueberry Rum,C,671.76,24,27.99,0.002027075025167139,97.77294760827085,1,171.0
16839,Le Gr Bouqueteau Chinon Roug,C,671.58,42,15.99,0.002026531864656644,97.77497414013551,2,175.0
36660,Campus Oaks Old Vines Znfdl,C,671.52,48,13.99,0.002026350811153145,97.77700049094666,2,12.0
13767,Catena Vista Flores Malbec,C,671.52,48,13.99,0.002026350811153145,97.77902684175781,2,62.0
356,Carolans Irish Cr Gift Set,C,671.48,52,13.080909090909092,0.0020262301088174797,97.78105307186662,1,39.0
18653,Fuki Plum Wine,C,671.4399999999999,56,11.990000000000002,0.0020261094064818142,97.78307918127311,2,192.0
42602,3 Blind Moose Chard Cal,C,671.3199999999999,68,10.215806451612902,0.0020257472994748174,97.78510492857258,2,141.0
21957,Cooks Spumante,C,671.13,87,7.69,0.002025173963380406,97.78713010253595,2,460.0
40219,Fat Bastard Merlot,C,670.39,61,10.99,0.0020229409701705936,97.78915304350612,2,269.0
1414,Bacardi 8 Gift Set,C,669.73,27,24.49,0.0020209493816321124,97.79117399288775,1,
21729,Santi Pinot Grigio Delle Ve,C,668.48,52,12.858421052631579,0.0020171774336425643,97.79319117032139,2,235.0
23149,Ch Fougere La Noble Rouge,C,667.48,52,12.790000000000001,0.0020141598752509257,97.79520533019664,2,181.0
41575,Neyers Conn Vly Cab Svgn,C,666.87,13,51.24,0.002012319164632026,97.79721764936127,2,25.0
13693,Toasted Head Untamed Red,C,666.44,56,11.911052631578947,0.0020110216145236216,97.7992286709758,2,200.0
18269,Masi Serego Alighieri Amaron,C,665.91,9,73.99,0.002009422308576053,97.80123809328437,2,25.0
21992,Art of Eart Montepulciano d',C,665.26,74,8.99,0.002007460895621488,97.80324555418,2,
17406,Ch La Chapelle La Mission 09,C,664.9300000000001,7,94.99,0.002006465101352247,97.80525201928134,2,
23754,Ch Haut Bailly 12 Pessac-Leo,C,664.9300000000001,7,94.99,0.002006465101352247,97.80725848438269,2,2.0
13978,Jos Phelps Chard,C,664.8100000000001,19,34.99,0.0020061029943452507,97.80926458737703,2,272.0
1987,White Mountain Moonshine,C,664.65,35,18.99,0.0020056201850025884,97.81127020756203,1,18.0
26497,Ch Ste Michelle Canoe Rdg Me,C,663.65,35,18.948333333333334,0.00200260262661095,97.81327281018865,2,172.0
31524,Rosemount Pnt Nr Ausl,C,663.33,67,9.87,0.0020016370079256256,97.81527444719657,2,338.0
23969,Bellafina Prosecco,C,663.17,83,7.99,0.0020011541985829632,97.81727560139515,2,
22951,Pierre Andre Meursault,C,662.87,13,50.99,0.0020002489310654717,97.81927585032622,2,238.0
23396,Montignana 09 Chianti Clsco,C,662.49,51,12.99,0.001999102258876649,97.8212749525851,2,
26163,Lindemans Cawarra Shiraz/Cab,C,661.01,49,13.49,0.0019946362724570237,97.82326958885756,2,94.0
20130,Pommerey Brut Rose Champagne,C,659.89,11,59.99,0.0019912566070583886,97.82526084546461,2,26.0
12192,Meander Cab Svgn Napa Vly,C,659.89,11,59.989999999999995,0.0019912566070583886,97.82725210207167,2,304.0
36483,Tommasi Amarone,C,659.89,11,59.99,0.0019912566070583886,97.82924335867872,2,69.0
23875,Inglenook 1882 Cab Svgn,C,659.88,12,54.99,0.001991226431474472,97.8312345851102,2,48.0
1920,Bowman Brothers Small Batch,C,659.78,22,29.99,0.001990924675635308,97.83322550978583,1,111.0
18740,Robert Sinskey Aries Pnt Nr,C,659.78,22,29.99,0.001990924675635308,97.83521643446147,2,60.0
3070,Peligroso Reposado Tequila,C,659.6999999999999,30,21.990000000000002,0.001990683270963977,97.83720711773243,1,
8447,Studebaker Old Fashioned RTD,C,659.6999999999999,30,21.990000000000002,0.001990683270963977,97.8391978010034,1,189.0
19549,Opici White Sangria,C,659.5600000000001,44,14.99,0.001990260812789148,97.84118806181618,2,285.0
17984,Volpaia Citto Toscana,C,659.5600000000001,44,14.99,0.001990260812789148,97.84317832262897,2,59.0
6257,Carlo Rossi Blush Calif,C,659.56,44,14.99,0.0019902608127891474,97.84516858344176,2,8.0
1029,Fulton's Harvest Apple Pie L,C,659.34,66,9.99,0.0019895969499429873,97.8471581803917,1,
19669,Murphy-Goode Homefront Red,C,659.25,75,8.79,0.00198932536968774,97.8491475057614,2,74.0
4073,Calico Jack Pin/Coc Rum,C,659.12,88,7.49,0.001988933087096827,97.85113643884848,1,
24119,Cecchi La Mora Vermentino,C,657.53,47,13.989999999999998,0.0019841351692541213,97.85312057401774,2,317.0
23278,Turnbull Cab Svgn 11,C,655.88,12,53.99,0.001979156197907918,97.85509973021564,2,
11771,Palagetto Sottobosco Rosso,C,655.78,22,29.767777777777773,0.001978854442068754,97.85707858465771,2,125.0
27807,Night Harvest Chard,C,655.71,129,5.006949152542373,0.0019786432129813396,97.8590572278707,2,164.0
25915,Hogue Cellars Chard Wash,C,655.49,101,6.489999999999999,0.001977979350135179,97.86103520722082,2,3.0
22939,Lynch Bages 09 Pauillac,C,654.99,1,654.99,0.0019764705709393593,97.86301167779176,2,3.0
20184,Charles & Charles Chard,C,654.27,113,5.79,0.00197429792889738,97.86498597572066,2,12.0
17146,Honeymaker Dry Mead,C,653.5600000000001,44,14.884736842105264,0.0019721554624393166,97.8669581311831,2,264.0
46554,Atteca Garnacha Old Vines,C,651.59,41,15.847142857142858,0.0019662108724077883,97.86892434205551,2,181.0
24672,Bolla Merlot,C,651.51,49,13.395405405405405,0.0019659694677364573,97.87089031152324,2,103.0
8366,Bolla Bardolino,C,650.28,72,9.030816326530612,0.0019622578709147416,97.87285256939415,2,209.0
9147,Green Spot Irish Whiskey,C,649.87,13,49.99,0.00196102067197417,97.87481359006613,1,292.0
22649,San Felice Campogiovanni Bru,C,649.87,13,49.99,0.00196102067197417,97.8767746107381,2,74.0
10470,Easton Amador Cnty Znfdl,C,649.6199999999999,38,17.11121212121212,0.00196026628237626,97.87873487702048,2,296.0
17294,Defesa Tinto Red Alentejo,C,649.5,50,12.99,0.0019599041753692635,97.88069478119584,2,187.0
3618,Pinnacle Mimosa Vodka,C,649.35,65,9.99,0.0019594515416105182,97.88265423273745,1,
16325,Smoking Loon Red Loonatic,C,649.35,65,9.99,0.0019594515416105182,97.88461368427906,2,253.0
20102,Julia James Pnt Nr,C,649.35,65,9.989999999999998,0.0019594515416105182,97.88657313582067,2,80.0
24297,Motto Cab Svgn Backbone,C,648.41,59,10.99,0.0019566150367223774,97.88852975085739,2,365.0
25043,Bully Hill Goat Wh Semi-Dry,C,647.28,72,8.99,0.0019532051957398258,97.89048295605312,2,160.0
19865,Clarendelle Brdx Rouge,C,645.66,34,18.99,0.0019483167511453712,97.89243127280426,2,24.0
25256,Ch St Louis Vieux Galvesse L,C,645.62,38,16.99,0.001948196048809706,97.89437946885307,2,29.0
15970,Alexana Revana Vyd Pnt Nr,C,644.85,15,42.99,0.0019458725288481443,97.89632534138192,2,177.0
10415,Le Pive Rose Gris,C,644.57,43,14.99,0.0019450276124984855,97.89827036899442,2,372.0
20253,Round Pond Est Cab Svgn K&K,C,643.77,23,27.99,0.0019426135657851745,97.9002129825602,2,285.0
3159,Sobieski Vodka,C,641.66,84,7.66857142857143,0.001936246517578817,97.90214922907778,1,
23147,Ch Floreal Laguens Brdx,C,641.53,47,13.513809523809524,0.001935854234987904,97.90408508331276,2,11.0
16526,Flaco Tempranillo,C,640.37,63,10.24,0.0019323538672536035,97.90601743718001,2,193.0
14332,Latour 07 Bonnes Mares AC,C,639.96,4,159.99,0.0019311166683130317,97.90794855384833,2,
2765,Laphroaig 18 Yr Single Malt,C,639.92,8,79.99,0.0019309959659773658,97.9098795498143,1,
31045,Presidential 20-Yr Tawny Dec,C,639.9,10,63.87888888888889,0.001930935614809533,97.91181048542911,2,64.0
2801,Tullamore Dew 10 Yr Old,C,639.84,16,39.99,0.001930754561306035,97.91374123999042,1,3.0
23386,Dom Roux Bourgogne Pnt Nr,C,639.68,32,19.990000000000002,0.0019302717519633723,97.91567151174237,2,127.0
12154,Cousino Macul RSV Cab Svgn,C,639.58,42,15.183548387096774,0.001929969996124209,97.9176014817385,2,213.0
24963,Ch Messile Aubert Montgne St,C,637.7099999999999,29,21.99,0.0019243271619318447,97.91952580890043,2,11.0
36510,Yalumba Y Series Shiraz Ausl,C,637.53,47,13.723333333333333,0.0019237840014213498,97.92144959290185,2,165.0
23950,Ch Haut-Robert 10,C,637.42,58,10.99,0.0019234520699982693,97.92337304497185,2,7.0
106,Mr Boston Peach Schnapps,C,633.09,141,4.49,0.0019103860421624743,97.92528343101402,1,128.0
4524,Smoky Quartz Granite Cst Rum,C,632.27,23,27.49,0.0019079116442813305,97.9271913426583,1,293.0
35319,Jewell Towne Rsl NH,C,632.07,43,14.726842105263158,0.0019073081326030032,97.9290986507909,2,663.0
22828,Beaux Freres Vyds Pnt Nr,C,629.93,7,89.99,0.0019008505576448963,97.93099950134855,2,2.0
2050,Tomatin 18 Yr Single Malt,C,629.92,8,78.74,0.00190082038206098,97.93290032173061,1,230.0
25562,Elvio Cogno Barolo Ravera,C,629.91,9,69.99,0.0019007902064770634,97.93480111193709,2,48.0
40605,Whitehall Lane RSV Cab Svgn,C,629.91,9,69.99,0.0019007902064770634,97.93670190214357,2,
2874,Hirsch 20 Yr American Whisky,C,629.91,9,69.99,0.0019007902064770634,97.93860269235005,1,
19231,Tasca D'Almerita Rosso 06,C,629.82,18,34.99,0.0019005186262218163,97.94050321097626,2,
4007,Averna Amaro,C,629.79,21,29.99,0.001900428099470067,97.94240363907574,1,263.0
40837,JJ Prum Graacher Himel Rsl K,C,629.79,21,29.99,0.001900428099470067,97.94430406717521,2,294.0
46826,LaBelle Winery Grnt St Apple,C,629.58,42,14.99,0.001899794412207823,97.94620386158742,2,571.0
24014,Au Contraire Chard RRV,C,629.55,45,13.99,0.0018997038854560737,97.94810356547288,2,276.0
21381,Barkan Clsc Cab Svgn,C,629.55,45,13.99,0.0018997038854560737,97.95000326935833,2,284.0
1035,Pinnacle Vodka Gift Pak,C,629.44,56,11.24,0.0018993719540329936,97.95190264131237,1,
8687,Paul Masson Ruby Burgundy,C,629.37,63,9.99,0.0018991607249455788,97.95380180203732,2,69.0
46475,Tilia Chard Mendoza,C,629.37,63,9.99,0.0018991607249455788,97.95570096276226,2,157.0
34906,Smoking Loon Syrah,C,629.37,63,9.99,0.0018991607249455788,97.95760012348721,2,254.0
24048,Ozeki Dry Sake,C,629.37,63,9.99,0.0018991607249455788,97.95949928421216,2,69.0
20905,Gekkeikan Suzaku Sake,C,629.3000000000001,70,8.99,0.0018989494958581642,97.96139823370801,2,216.0
21374,10 Span Chard CC,C,629.16,84,7.489999999999999,0.0018985270376833349,97.96329676074569,2,36.0
2200,Bonnie Rose Spiced Apple,C,628.6,40,16.105384615384615,0.0018968372049840171,97.96519359795067,1,138.0
36844,Frey Chard Organic Mendocino,C,628.6,40,15.561428571428573,0.0018968372049840171,97.96709043515565,2,199.0
24817,Mirassou Pnt Nr,C,626.67,33,18.99,0.0018910133172881547,97.96898144847295,2,142.0
8337,Marcati Limoncello,C,626.63,37,16.89625,0.0018908926149524892,97.9708723410879,1,
39472,Acorn Sangiovese Alegria RRV,C,625.79,21,29.682307692307692,0.0018883578659035125,97.9727606989538,2,119.0
24012,Bertani Secco 11 Orig V Ed,C,624.75,25,24.99,0.0018852196051762087,97.97464591855898,2,17.0
25283,Ransom Selection Pnt Nr,C,624.75,25,24.99,0.0018852196051762087,97.97653113816415,2,70.0
20439,Torremoron Tinto,C,624.68,92,6.789999999999999,0.0018850083760887937,97.97841614654024,2,11.0
23365,Elderton Barossa Shiraz,C,623.74,26,23.99,0.0018821718712006537,97.98029831841144,2,167.0
10732,A Bichot Pnt Nr Bourgogne,C,623.61,39,15.99,0.0018817795886097407,97.98218009800006,2,236.0
40240,Beringer Classic Wh Zin Spkl,C,623.35,65,9.378888888888888,0.0018809950234279147,97.98406109302348,2,216.0
20770,Chehalem Pnt Nr Three Vyd,C,623.21,29,21.49,0.0018805725652530853,97.98594166558874,2,4.0
19392,Dom Virginie Thunevin Brdx,C,622.63,37,16.779473684210522,0.0018788223813859346,97.98782048797013,2,46.0
16725,Moonstone Asian Pear Sake,C,622.11,89,6.99,0.0018772532510222826,97.98969774122115,2,179.0
44912,Broadbent Madeira Rainwater,C,621.63,37,16.828709677419354,0.001875804822994296,97.99157354604415,2,197.0
15057,Cono Sur Organic Cab Svgn,C,621.46,54,11.440000000000001,0.0018752918380677177,97.99344883788221,2,143.0
350,Courvoisier VS Gift Pak,C,620.7299999999999,27,22.99,0.001873089020441821,97.99532192690265,1,32.0
25621,Forest Glen Cab Svgn Cal,C,620.3100000000001,69,8.99,0.0018718216459173336,97.99719374854857,2,106.0
21338,Vincent Delaporte Sancerre,C,619.6899999999999,31,19.99,0.0018699507597145172,97.99906369930828,2,93.0
24876,Wine & Soul Manoela Douro,C,619.6899999999999,31,19.99,0.0018699507597145172,98.00093365006799,2,103.0
18629,Viberti Langhe Nebbolio,C,619.6899999999999,31,19.99,0.0018699507597145172,98.0028036008277,2,16.0
12079,F Coppola Votre Sante Chard,C,619.47,53,11.665675675675676,0.0018692868968683569,98.00467288772457,2,153.0
21750,Santos Sangria,C,619.38,62,9.99,0.0018690153166131093,98.00654190304118,2,158.0
22077,C Y Toro Casa Diablo Chard,C,619.38,62,9.989999999999998,0.0018690153166131093,98.0084109183578,2,211.0
33578,Tommasi Pinot Grigio Le Ros,C,618.59,41,15.115,0.001866631445483715,98.01027754980328,2,224.0
1004,Jim Beam w/2 Rocks Glasses,C,618.58,42,14.837826086956522,0.0018666012698997985,98.01214415107317,1,7.0
42167,Tempranillo Vente Mazzaron,C,618.53,47,13.064074074074075,0.0018664503919802163,98.01401060146516,2,172.0
16310,Mollydooker Scooter Merlot,C,617.76,24,25.767777777777777,0.0018641268720186548,98.01587472833718,2,58.0
994,Absolut Apeach,C,615.7199999999999,28,21.99,0.0018579710528997119,98.01773269939008,1,17.0
22632,Buil & Gine Montsant 17X1,C,615.62,38,16.4275,0.0018576692970605482,98.01959036868715,2,
17945,Ch St Jean Soiree Red,C,615.6,40,15.409354838709678,0.0018576089458927157,98.02144797763304,2,257.0
3615,Bacardi Anejo Mexican Rum,C,615.56,44,13.99,0.0018574882435570495,98.0233054658766,1,
3483,Kru 82 Vodka,C,614.59,41,14.99,0.0018545612119171607,98.02516002708852,1,713.0
998,Corralejo Blanco Tequila,C,612.8000000000001,20,30.640000000000004,0.0018491597823961277,98.02700918687091,1,156.0
602,McCormick Blended Whiskey,C,612.36,84,7.29,0.0018478320567038066,98.02885701892761,1,260.0
41409,Ben Marco Malbec,C,611.66,34,17.99,0.0018457197658296592,98.03070273869344,2,118.0
1214,Apple Orchard Liqueur,C,609.39,61,9.99,0.0018388699082806399,98.03254160860172,1,
12374,Zanetti Prosecco Frizzante,C,609.39,61,9.99,0.0018388699082806399,98.03438047851,2,85.0
33706,Canaletto Mntplcno Abruzzo,C,609.25,75,8.111212121212121,0.0018384474501058103,98.03621892596011,2,114.0
21410,Goose Bay Svgn Bl,C,607.68,32,18.99,0.0018337098834309376,98.03805263584354,2,271.0
25557,Kenwood Cab Svgn Sonoma,C,607.64,36,16.836153846153845,0.0018335891810952723,98.03988622502463,2,308.0
45185,Scagliola Moscato D'Asti Prm,C,607.62,38,15.99,0.0018335288299274398,98.04171975385457,2,43.0
15059,Cono Sur Organic Chard,C,605.46,54,11.605384615384615,0.0018270109038015002,98.04354676475836,2,152.0
35759,Ken Wright Shea Ore Pnt Nr,C,604.89,11,54.99,0.0018252908955182661,98.04537205565389,2,19.0
173,Hornitos Reposado VAP,C,604.7099999999999,29,20.80818181818182,0.0018247477350077708,98.0471968033889,1,
44269,Codorniu Original Spklg Cava,C,604.45,55,10.99,0.0018239631698259453,98.04902076655873,2,265.0
13393,Debauchery Carmenere,C,604.45,55,10.99,0.0018239631698259453,98.05084472972855,2,9.0
8943,Malibu Rum Sparkler RTD,C,604.41,59,10.347142857142856,0.0018238424674902796,98.05266857219604,1,4.0
658,Allens Triple Sec,C,603.98,202,2.99,0.001822544917381875,98.05449111711343,1,168.0
1037,JP Wiser's Rye w/ 2 Glasses,C,603.72,28,21.545555555555556,0.001821760352200049,98.05631287746563,1,8.0
46141,Spy Valley Pnt Nr Marlboro,C,602.6999999999999,30,20.189999999999998,0.0018186824426405773,98.05813155990828,2,142.0
16868,Don & Sons Pnt Nr Sonoma Cst,C,602.67,33,18.311428571428568,0.0018185919158888284,98.05995015182417,2,230.0
3978,Square One Bergamot Organic,C,601.77,23,26.189999999999998,0.0018158761133363539,98.06176602793751,1,29.0
18613,Juve Y Camp Rose Brut Pnt Nr,C,601.63,37,16.207391304347826,0.0018154536551615243,98.06358148159266,2,163.0
3236,Pinnacle Pecan Pie,C,601.37,63,9.564468085106384,0.0018146690899796985,98.06539615068264,1,218.0
33987,Cavit Cab Svgn,C,600.54,46,13.104285714285716,0.0018121645165146381,98.06720831519915,2,294.0
4164,Hennessey 250 Collectors Edi,C,599.99,1,599.99,0.0018105048593992372,98.06901882005855,1,
2088,The Glenlivet 25 Yr Old,C,599.98,2,299.99,0.0018104746838153208,98.07082929474237,1,3.0
2660,Jameson Rarest Vintage Rsv,C,599.98,2,299.99,0.0018104746838153208,98.07263976942619,1,
11321,BV GDL Private Rsv Cab Svgn,C,599.95,5,119.99,0.0018103841570635715,98.07445015358326,2,59.0
13064,Peter Michael MaBelleFille C,C,599.94,6,99.99,0.0018103539814796554,98.07626050756474,2,51.0
24166,Enzo Boglietti Barolo Fosati,C,599.92,8,74.99,0.0018102936303118222,98.07807080119505,2,13.0
13062,P Michael Apres Midi Svgn Bl,C,599.88,12,49.99,0.0018101729279761567,98.07988097412303,2,24.0
4820,Jack Daniel's Twin Smoke BTB,C,599.88,12,49.99,0.0018101729279761567,98.081691147051,1,
12607,Ravenswood Teldschi Znfdl,C,599.8000000000001,20,29.99,0.001809931523304826,98.08350107857432,2,40.0
25715,Grgich Hills Fume Bl Napa,C,599.8,20,29.99,0.0018099315233048256,98.08531101009763,2,143.0
20251,Round Pond Est Svgn Bl Napa,C,599.74,26,23.12333333333333,0.0018097504698013273,98.08712076056743,2,380.0
21363,Perez Cruz Carmenere Ltd Ed,C,599.6999999999999,30,19.99,0.0018096297674656617,98.0889303903349,2,28.0
18744,Ca'Momi Chard Napa Vly,C,599.64,36,16.656666666666666,0.0018094487139621637,98.09073983904885,2,1111.0
12429,F Coppola Diamnd Petite Sira,C,599.6,40,14.99,0.001809328011626498,98.09254916706048,2,0.0
18533,Candia Vyds Diamond,C,599.6,40,14.99,0.001809328011626498,98.09435849507211,2,565.0
19246,Hidden Crush Cab Svgn C Cst,C,599.4,60,9.99,0.0018087244999481702,98.09616721957207,2,3.0
17340,Chops & Burgers Bordeaux,C,599.25,75,7.99,0.0018082718661894246,98.09797549143826,2,220.0
7792,Herradura Reposado Lot 599,C,597.87,13,45.99,0.0018041076356089631,98.09977959907387,1,24.0
17866,James Mitchell Cab Svgn,C,597.54,46,12.989999999999998,0.0018031118413397225,98.10158271091521,2,229.0
24075,Bouvet Brut,C,596.88,72,8.29,0.0018011202528012411,98.10338383116802,2,
30638,San Quirico Vernaccia,C,595.62,38,15.275714285714287,0.0017973181292277765,98.10518114929725,2,
21849,Attems Pnt Grigio Ramato,C,594.65,35,16.99,0.001794391097587887,98.10697554039484,2,147.0
36850,Frey Svgn Bl Organic Mendcno,C,594.57,43,13.75,0.001794149692916556,98.10876969008775,2,186.0
1006,Jim Beam Candy Cane 4/50mLs,C,594.51,149,3.9899999999999998,0.0017939686394130576,98.11056365872717,1,
24728,Nardi Rosso di Montalcino 13,C,593.73,27,21.99,0.0017916149438675795,98.11235527367104,2,11.0
1262,Fitch's Goat Moonshine,C,593.7299999999999,27,21.99,0.0017916149438675791,98.11414688861491,1,70.0
35747,Zenato Lugana Doc San Bened,C,593.64,36,16.156666666666666,0.001791343363612332,98.11593823197852,2,203.0
2036,Jim Beam Signature Craft Ltd,C,591.84,16,36.99,0.0017859117585073826,98.11772414373702,1,51.0
39550,Aquinas Cab Svgn,C,591.66,34,18.839999999999996,0.0017853685979968878,98.11950951233501,2,
25253,Ch du Levant Sauternes,C,591.63,37,15.99,0.0017852780712451384,98.12129479040625,2,2.0
3737,Pinnacle Blueberry Vodka,C,591.63,37,15.99,0.0017852780712451384,98.12308006847749,1,11.0
40424,Mionetto Il Prosecco Veneto,C,591.26,74,7.99,0.0017841615746402324,98.12486423005213,2,67.0
4845,Arrow Cherry Brandy,C,591.26,74,7.99,0.0017841615746402324,98.12664839162676,1,194.0
36081,La Clarence Haut Brion 10,C,589.47,3,196.49,0.0017787601451191993,98.12842715177187,2,98.0
24993,Tardieu Laurent Le Becs Fins,C,588.6899999999999,31,18.99,0.001776406449573721,98.13020355822145,2,36.0
17216,Gerard Metz Pnt Gris,C,588.6899999999999,31,18.99,0.001776406449573721,98.13197996467103,2,197.0
16592,B & G Sauternes,C,588.67,33,17.84185185185185,0.001776346098405888,98.13375631076944,2,96.0
4868,Skyy Infusions Blueberry,C,588.0600000000001,594,0.99,0.001774505387786989,98.13553081615723,1,1258.0
2039,Herradura Reposado #14 BtB,C,587.88,12,48.99,0.0017739622272764937,98.1373047783845,1,
24526,Snowden Cab Svgn The Ranch,C,587.88,12,48.99,0.0017739622272764937,98.13907874061178,2,11.0
6862,Vecchia Romagna Nera Brandy,C,587.79,21,27.99,0.0017736906470212461,98.1408524312588,1,52.0
8565,Skinnygirl Sprklng Margarita,C,587.54,46,12.6775,0.0017729362574233365,98.14262536751623,1,
24290,Ch La Gr Metaine Entre Mers,C,587.51,49,11.99,0.0017728457306715876,98.1443982132469,2,340.0
23260,Penny Wise Svgn Bl,C,587.16,84,6.99,0.001771789585234514,98.14617000283214,2,
41974,Beringer Classic Wh Znfdl,C,587.16,84,6.99,0.001771789585234514,98.14794179241737,2,163.0
23943,Canella Bellini Fusion,C,587.02,98,5.99,0.0017713671270596846,98.14971315954443,2,540.0
10469,Easton Svgn Bl Sierra Foothl,C,586.67,33,17.689999999999998,0.0017703109816226109,98.15148347052606,2,217.0
16781,Mica Cab Svgn,C,584.91,9,64.99,0.001765000078853327,98.15324847060491,2,30.0
10863,Sea Smoke Southing Pnt Nr,C,584.91,9,64.99,0.001765000078853327,98.15501347068376,2,17.0
13941,Dom du Grand Tinel Ch d Pape,C,584.87,13,44.99,0.0017648793765176615,98.15677835006028,2,15.0
10175,Big House Birdman Pnt Grigio,C,583.27,73,7.99,0.0017600512830910399,98.15853840134336,2,176.0
3917,Smirnoff Peppermint Twist,C,581.13,587,0.99,0.0017535937081329333,98.1602919950515,1,
202,Ketel One Citroen Vodka,C,579.8,20,28.990000000000002,0.001749580355472054,98.16204157540696,1,59.0
28266,Nathanson Creek Wh Znfdl,C,579.4,60,9.389999999999999,0.0017483733321153987,98.16378994873908,2,226.0
38953,Aldial Naia Rueda White,C,578.61,39,14.704285714285716,0.0017459894609860042,98.16553593820007,2,166.0
45599,Luigi Bosca RSV Cab Svgn,C,577.66,34,16.99,0.0017431227805139475,98.16727906098058,2,325.0
13710,Stone Fruit Rsl,C,576.47,53,10.75,0.0017395318860278976,98.1690185928666,2,219.0
1392,Red Stag Hardcore Cider,C,576.11,39,14.637058823529413,0.0017384455650069075,98.17075703843162,1,20.0
25190,Sixto Chardonnay,C,575.84,16,35.99,0.0017376308242411651,98.17249466925585,2,59.0
20177,Robert Sinskey Abraxas,C,575.84,16,35.99,0.0017376308242411651,98.17423230008009,2,100.0
24392,Ch Fuisse Pouilly Fuisse Tet,C,575.84,16,35.99,0.0017376308242411651,98.17596993090433,2,16.0
39437,Columbia Crest Two Cab Svgn,C,575.82,68,8.34,0.0017375704730733326,98.1777075013774,2,304.0
21983,Massolino Barbera D'Alba,C,575.68,32,17.99,0.0017371480148985028,98.1794446493923,2,4.0
22007,Schmitt Sohne Auslese Michls,C,575.64,36,15.990000000000002,0.0017370273125628375,98.18118167670485,2,177.0
15362,Gaia Notios Red,C,575.64,36,15.99,0.0017370273125628375,98.18291870401741,2,9.0
42018,Falesco Vitiano Umbria Bian,C,575.61,39,14.49,0.0017369367858110884,98.18465564080323,2,122.0
15891,Farnum Hill Dooryard Cider,C,575.52,48,11.990000000000002,0.0017366652055558409,98.18639230600878,2,2.0
15529,Goose Ridge Red g3,C,575.28,72,7.99,0.0017359409915418474,98.18812824700032,2,
22883,Citra Trebbiano D'Abruzzo,C,573.48,52,11.085238095238095,0.001730509386436898,98.18985875638676,2,120.0
32670,Columbia Crest Vns Merlot/Ca,C,573.35,65,8.700526315789475,0.001730117103845985,98.1915888734906,2,244.0
21617,Querry Cider,C,573.1800000000001,82,6.989999999999999,0.0017296041189194065,98.19331847760952,2,
23366,DeWetshof Limestone Hl Chard,C,572.64,36,15.84,0.0017279746373879217,98.19504645224691,2,252.0
23768,Sociando Mallet 12 Haut-Medo,C,571.87,13,43.99,0.0017256511174263598,98.19677210336434,2,24.0
8918,Beat 3 Reserve,C,571.83,17,33.56142857142857,0.0017255304150906943,98.19849763377943,1,186.0
2250,Jack Daniels Family 4 Pk/50m,C,571.5600000000001,44,12.99,0.0017247156743249524,98.20022234945375,1,493.0
21442,Chapoutier Cotes du Rhone R,C,571.5600000000001,44,12.99,0.0017247156743249524,98.20194706512808,2,142.0
21105,Ken Volk Pnt Nr Cuvee St Mar,C,569.81,19,29.99,0.0017194349471395844,98.20366650007522,2,215.0
22075,Kesselstatt Piesporter Gold,C,569.81,19,29.99,0.0017194349471395844,98.20538593502235,2,
20519,La Croix de Carbonnieux Roug,C,569.6999999999999,30,18.99,0.0017191030157165039,98.20710503803807,2,3.0
21364,La Caplana Gavi di Gavi,C,569.66,34,16.704285714285714,0.0017189823133808386,98.20882402035144,2,111.0
5062,Southern Comfort Lime,C,566.01,49,11.535454545454545,0.001707968225251358,98.21053198857669,1,
2193,Donegal Irish Whiskey,C,565.76,24,23.717272727272725,0.0017072138356534483,98.21223920241235,1,
44761,Gekkeikan Sake Zipang Spklg,C,565.47,103,5.49,0.001706338743719873,98.21394554115606,2,205.0
16678,Neal Fifteen Forty Cab Svgn,C,563.9399999999999,6,93.99,0.0017017218793806657,98.21564726303545,2,6.0
2985,Gibsons 12YO Gold Canadian W,C,562.77,23,24.626363636363635,0.0016981913360624486,98.21734545437151,1,
25563,Elvio Cogno Barbera D'Alba B,C,560.83,17,32.99,0.0016923372727826703,98.2190377916443,2,9.0
17119,Zaccagnini Cerasuolo Rose,C,560.6999999999999,30,18.64384615384615,0.0016919449901917568,98.22072973663448,2,276.0
16538,Catalpa Malbec,C,560.68,32,17.49,0.0016918846390239239,98.22242162127351,2,125.0
31204,Beringer Fndrs Est Svgn Bl,C,560.52,48,11.413076923076924,0.001691401829681262,98.22411302310319,2,446.0
1864,1792 Port Finish Bourbon,C,559.86,14,39.99,0.0016894102411427806,98.22580243334433,1,
36907,Dom Tempier Bandol Rg,C,559.86,14,39.99,0.0016894102411427806,98.22749184358547,2,
22352,Terlato Fmly Vyd Angels Peak,C,559.84,16,34.99,0.0016893498899749476,98.22918119347544,2,4.0
24897,Carpineto Rosso di Montalcno,C,559.8,20,27.99,0.001689229187639282,98.23087042266307,2,131.0
23432,Perrusset Macon Villages,C,559.65,35,15.99,0.0016887765538805364,98.23255919921695,2,412.0
12387,Desert Wind Cab Svgn,C,559.65,35,15.99,0.0016887765538805364,98.23424797577083,2,389.0
7867,Tooters Red-diculous 15 Pk,C,559.44,56,9.99,0.0016881428666182922,98.23593611863744,1,546.0
36000,Fanal Madeira Rainwater,C,558.57,43,12.99,0.0016855175908175668,98.23762163622825,2,118.0
18837,Moonlight Meadery Red Dress,C,558.57,43,12.99,0.0016855175908175668,98.23930715381907,2,731.0
10972,L Einaudi Dolcetto Dogliani,C,557.69,31,17.99,0.001682862139432925,98.2409900159585,2,16.0
44715,Drouhin St Veran,C,557.6899999999999,31,17.99,0.0016828621394329247,98.24267287809793,2,116.0
19827,Pomino Chard,C,557.6899999999999,31,17.99,0.0016828621394329247,98.24435574023737,2,69.0
22901,Hermann J Wiemer Dry Rsl,C,557.6899999999999,31,17.99,0.0016828621394329247,98.2460386023768,2,139.0
22822,Corvo Pnt Nr,C,557.6,40,13.884736842105264,0.0016825905591776776,98.24772119293598,2,329.0
39841,Kenwood Yulupa Cab Svgn Cal,C,557.38,62,8.99,0.0016819266963315168,98.24940311963232,2,32.0
876,DeKuyper Creme de Cacao Whit,C,557.38,62,8.99,0.0016819266963315168,98.25108504632865,1,179.0
20324,The Peach Chenin Bl/Viognier,C,553.6,40,13.775714285714287,0.001670520325611123,98.25275556665427,2,128.0
19747,Van Ruiten Family Chard,C,553.2099999999999,49,11.29,0.0016693434778383834,98.25442491013212,2,9.0
4518,Remy Martin VS Cognac,C,551.88,12,45.99,0.0016653301251775047,98.2560902402573,1,
15043,Cuvee Aurora Rose Sparkling,C,551.76,24,22.99,0.001664968018170508,98.25775520827547,2,116.0
5502,RumChata Liqueur,C,551.43,557,0.99,0.001663972223901267,98.25941918049936,1,2852.0
12324,Conterno Fantino Barb Alba,C,550.81,19,28.99,0.001662101337698451,98.26108128183706,2,115.0
24293,G&P Ravaut Ladoix Lacorvee,C,549.89,11,49.99,0.0016593251839781436,98.26274060702104,2,
23039,Trombetta Family Wines Pnt N,C,549.89,11,49.99,0.0016593251839781436,98.26439993220502,2,38.0
15846,Merry Edwards Svgn Bl RRV,C,549.78,22,24.99,0.0016589932525550633,98.26605892545759,2,17.0
23273,Apothic Crush,C,549.45,55,9.99,0.0016579974582858232,98.26771692291587,2,1264.0
44207,Neil Ellis Sincerely Svgn Bl,C,548.45,55,9.95774193548387,0.0016549798998941846,98.26937190281576,2,121.0
28984,Kendall Jackson Grand RSV Me,C,545.76,24,22.717272727272725,0.0016468626678206764,98.27101876548359,2,211.0
21428,Verde Sole Petite Sirah,C,545.61,39,13.99,0.0016464100340619309,98.27266517551764,2,202.0
37387,Truchard Carneros Cab Svgn,C,543.84,16,33.99,0.0016410689557087303,98.27430624447335,2,130.0
3350,Ice Fox Vodka,C,543.66,34,15.99,0.001640525795198235,98.27594677026855,1,23.0
42801,Benton Lane Pnt Gris Willamt,C,543.66,34,15.99,0.001640525795198235,98.27758729606374,2,86.0
5911,Faretti Biscotti Liqueur,C,542.79,21,26.189999999999998,0.0016379005193975097,98.27922519658314,1,
45424,Gruet Blanc de Noir,C,540.7099999999999,29,18.535454545454545,0.0016316239979429013,98.28085682058108,2,166.0
2849,Tullibardine 20 YO Highland,C,539.97,3,179.99,0.0016293910047330891,98.2824862115858,1,20.0
2555,The GlenDronach Cask Strngth,C,539.9399999999999,6,89.99,0.0016293004779813398,98.28411551206379,1,20.0
10624,Querceto Il Querciolaia Tosc,C,539.91,9,59.99,0.0016292099512295905,98.28574472201502,2,111.0
23749,Ch Carbonnieux 12 Pess-Leogn,C,539.88,12,44.99,0.0016291194244778414,98.2873738414395,2,12.0
12507,Piazzo Barbaresco,C,539.8199999999999,18,29.99,0.0016289383709743427,98.28900277981047,2,99.0
41820,Cesari Sangioves Romagna RS,C,539.73,27,19.99,0.0016286667907190956,98.2906314466012,2,29.0
788,Skinnygirl Cucumber Vodka,C,539.64,36,14.99,0.0016283952104638483,98.29225984181166,1,3.0
19316,Lyric by Etude Pnt Nr,C,539.64,36,14.99,0.0016283952104638483,98.29388823702212,2,1.0
3572,Pinnacle Habanero Vodka,C,539.46,54,9.99,0.0016278520499533535,98.29551608907207,1,
254,DeKuyper Root Beer Schnapps,C,538.51,49,10.99,0.0016249853694812965,98.29714107444154,1,149.0
33767,Sensi Chianti DOCG,C,537.55,45,11.925483870967742,0.0016220885134253234,98.29876316295497,2,247.0
20410,Beringer Luminus Chard,C,536.82,14,38.23666666666667,0.0016198856957994276,98.30038304865077,2,420.0
17912,Thorny Rose Cab Svgn,C,536.49,51,10.503513513513514,0.0016188899015301867,98.30200193855231,2,212.0
13805,Neal Family Vyds Znfdl Napa,C,535.79,21,25.656666666666666,0.0016167776106560396,98.30361871616296,2,147.0
19000,L'Ardi Dolcetto D'Acqui,C,535.52,48,11.195128205128205,0.0016159628698902972,98.30523467903285,2,254.0
4259,Castillo Spiced Rum,C,533.55,45,11.80818181818182,0.001610018279858769,98.30684469731271,1,
2487,Catskill Otay,C,531.8100000000001,19,27.99,0.0016047677282573182,98.30844946504097,1,312.0
5698,P & J Cold Soaked Pineapples,C,531.72,28,18.99,0.0016044961480020706,98.31005396118897,1,347.0
1030,Ole Smoky Pumpkin Pie,C,531.72,28,18.99,0.0016044961480020706,98.31165845733697,1,87.0
33326,Jacobs Crk Shiraz,C,531.39,61,8.697317073170732,0.0016035003537328298,98.31326195769071,2,264.0
24991,Ch Behere Courtin Pauillac,C,530.91,9,58.99,0.0016020519257048432,98.31486400961641,2,
6446,Franzia Tap Wh Grenache Cal,C,530.65,35,15.101111111111111,0.0016012673605230174,98.31646527697694,2,83.0
23827,Fattoria di Basciano Chianti,C,529.68,32,16.619629629629628,0.0015983403288831277,98.31806361730582,2,117.0
23755,Ch Haut Brion 12 Pessac-Leog,C,528.99,1,528.99,0.0015962582135928974,98.31965987551942,2,57.0
25421,Pol Roger 06 Brut Vintage Ro,C,527.9399999999999,6,87.99,0.0015930897772816765,98.32125296529671,2,9.0
19267,Tom Eddy Manchster Ridge Pnt,C,527.89,11,47.99,0.0015929388993620947,98.32284590419607,2,228.0
19228,San Callisto Montepulcno 09,C,527.76,24,21.99,0.0015925466167711817,98.32443845081285,2,
6254,Tsilili Tsipouro,C,527.76,24,21.99,0.0015925466167711817,98.32603099742963,1,190.0
45300,Hall Svgn Bl Napa,C,527.76,24,21.99,0.0015925466167711817,98.3276235440464,2,119.0
17132,Murphy-Goode Cab Svgn Alex V,C,527.76,24,21.99,0.0015925466167711817,98.32921609066318,2,12.0
18095,Layer Cake Garnacha,C,527.67,33,15.99,0.0015922750365159341,98.3308083656997,2,215.0
39334,Michael David Chard,C,527.67,33,15.99,0.0015922750365159341,98.33240064073621,2,152.0
16684,Sokol Blosser Evolution Red,C,527.67,33,15.99,0.0015922750365159341,98.33399291577273,2,134.0
14300,Masi Passo Doble,C,527.56,44,11.99,0.001591943105092854,98.33558485887782,2,253.0
44238,B & G Pnt Nr Bistro,C,527.46,54,9.59,0.0015916413492536904,98.33717650022707,2,191.0
22902,Hermann J Wiemer Semi Dry Rs,C,526.6899999999999,31,16.99,0.0015893178292921285,98.33876581805636,2,173.0
36766,Ravenswood Znfdl Lodi,C,526.6899999999999,31,16.99,0.0015893178292921285,98.34035513588564,2,3.0
5737,Blue Chair Bay CocSpc Cream,C,526.6899999999999,31,16.99,0.0015893178292921285,98.34194445371493,1,0.0
804,Bacardi Limon Rum,C,526.66,34,15.490000000000002,0.0015892273025403792,98.34353368101748,1,132.0
31621,Novellum Chardonnay RSV VDP,C,526.59,41,12.894761904761905,0.0015890160734529648,98.34512269709093,2,268.0
995,Absolut Ruby Red,C,525.76,24,21.889999999999997,0.0015865114999879047,98.34670920859092,1,29.0
35967,Cloudy Bay Chard Marlboro,C,524.79,21,24.99,0.001583584468348015,98.34829279305927,2,272.0
24454,Convento Las Claras 12 Tinto,C,524.75,25,20.99,0.0015834637660123497,98.34987625682528,2,38.0
18788,Triton Avante Mencia,C,524.65,35,14.99,0.0015831620101731856,98.35145941883546,2,92.0
39219,Masi Masianco Pnt Grg/Verd,C,524.65,35,14.99,0.0015831620101731856,98.35304258084564,2,211.0
38165,Jaume Serra Cristalino Rose,C,523.55,45,11.573333333333332,0.0015798426959423833,98.35462242354158,2,216.0
19995,Ravenswood Barricia Znfdl,C,521.7099999999999,29,17.99,0.0015742903885017682,98.35619671393009,2,6.0
44106,Carmel Road Unoaked Chard Mo,C,521.7,30,17.04263157894737,0.001574260212917852,98.35777097414301,2,342.0
875,DeKuyper Creme de Cacao Dark,C,521.42,58,8.99,0.0015734152965681928,98.35934438943957,1,59.0
34674,Warre's Altano Douro Portuga,C,521.42,58,8.99,0.0015734152965681928,98.36091780473613,2,127.0
2106,Elijah Craig 18 Yr,C,519.96,4,129.99,0.001569009661316401,98.36248681439744,1,
24496,Luce Brunello Montalcino 10,C,519.95,5,103.99,0.0015689794857324845,98.36405579388318,2,
2832,Bushmills 21 Year Old Irish,C,519.95,5,103.99,0.0015689794857324845,98.36562477336892,1,13.0
22957,Guigal Cote Rotie Br et Blnd,C,519.92,8,64.99,0.0015688889589807352,98.3671936623279,2,15.0
17086,Harrison Clarke Syrah,C,519.87,13,39.99,0.0015687380810611533,98.36876240040897,2,53.0
6525,Du Peyrat Organic Cognac,C,519.87,13,39.99,0.0015687380810611533,98.37033113849003,1,157.0
18212,Pulenta Est Malbec Mendoza,C,519.8,20,25.99,0.0015685268519737387,98.371899665342,2,10.0
42124,Pieropan Soave Clsc,C,519.74,26,19.99,0.0015683457984702403,98.37346801114047,2,309.0
17024,Marques de Caceres Albarino,C,519.63,37,14.085238095238097,0.0015680138670471598,98.37503602500752,2,253.0
25200,Le Prelat CdR Rouge,C,519.6,40,12.99,0.001567923340295411,98.3766039483478,2,351.0
547,DeKuyper Buttershots,C,519.6,40,12.99,0.001567923340295411,98.3781718716881,1,48.0
7855,Tooters Tri Berry Punch 15Pk,C,519.48,52,9.99,0.0015675612332884143,98.37973943292138,1,0.0
35885,Due Torri Pinot Grigio Dell,C,519.48,52,9.99,0.0015675612332884143,98.38130699415467,2,201.0
8011,Pepe Lopez White,C,519.48,52,9.99,0.0015675612332884143,98.38287455538796,1,100.0
24621,Cline Chard Sonoma Cst,C,518.57,43,11.561428571428573,0.0015648152551520234,98.38443937064311,2,175.0
33213,Sycamore Lane Merlot Cal,C,518.42,98,5.29,0.0015643626213932772,98.3860037332645,2,22.0
18130,Castello Di Ama Chianti,C,517.86,14,36.99,0.0015626727886939597,98.3875664060532,2,26.0
22337,Maison L'Envoye The Attache,C,517.86,14,36.99,0.0015626727886939597,98.38912907884189,2,10.0
13395,Debauchery Svgn Bl,C,517.63,37,13.99,0.0015619787502638828,98.39069105759215,2,12.0
18945,Poggio Antico Rsv Montalcino,C,515.94,6,85.99,0.001556879076582014,98.39224793666874,2,
10935,Grgich Hills Merlot Napa,C,515.88,12,42.99,0.0015566980230785153,98.39380463469182,2,152.0
21439,Ch Talbot Saint Julien,C,515.88,12,42.99,0.0015566980230785153,98.3953613327149,2,
36371,McWilliams Hanwood Shiraz,C,515.56,44,11.561428571428573,0.001555732404393191,98.3969170651193,2,226.0
24208,R M Woodbridge Znfdl Cal,C,513.62,38,13.67,0.001549878341113412,98.3984669434604,2,136.0
21699,Terra de Touros White,C,513.58,142,3.594651162790698,0.0015497576387777468,98.40001670109919,2,
20024,Inglenook Rubicon 09,C,512.97,3,170.99,0.0015479169281588472,98.40156461802735,2,44.0
38241,Hendry Block 8 Cab Svgn Napa,C,512.9100000000001,9,56.99,0.0015477358746553492,98.403112353902,2,297.0
16692,Chartron Trebuchet Chard Bou,C,512.7299999999999,27,18.99,0.0015471927141448537,98.40465954661614,2,308.0
22517,J Lohr Cypress Cab Svgn,C,512.43,57,8.99,0.0015462874466273622,98.40620583406277,2,16.0
22800,Alexander Vly Wicked Weekend,C,511.68,32,15.989999999999998,0.0015440242778336332,98.40774985834061,2,
19850,Barefoot Cellars Malbec,C,511.54,46,11.14,0.0015436018196588039,98.40929346016027,2,144.0
981,McCormick Triple Sec,C,510.72,128,3.99,0.0015411274217776603,98.41083458758204,1,81.0
24165,Enzo Boglietti Brl Case Nere,C,509.93999999999994,6,84.99,0.001538773726232182,98.41237336130828,2,13.0
21367,KJ Est 12 Chard Camelot High,C,509.83,17,29.99,0.001538441794809102,98.41391180310309,2,14.0
31120,Groth Chard Napa,C,509.83,17,29.99,0.001538441794809102,98.4154502448979,2,134.0
12593,Ravenswood Belloni Znfdl,C,509.83,17,29.99,0.001538441794809102,98.4169886866927,2,35.0
17880,Manabito Ginjo Sake,C,509.81999999999994,18,28.365,0.0015384116192251852,98.41852709831193,2,93.0
10621,Righetti Campolieti Valpo,C,509.7,30,16.99,0.001538049512218189,98.42006514782415,2,100.0
17983,Coppo L'Avvocata,C,509.7,30,16.99,0.001538049512218189,98.42160319733637,2,23.0
18571,Sterling Vyd Aromatic White,C,509.49,51,9.99,0.0015374158249559448,98.42314061316132,2,52.0
20762,Lamole Chianti Clsco Racolto,C,507.71999999999997,28,18.171818181818182,0.0015320747466027443,98.42467268790793,2,367.0
15915,Simply Naked Cab Svgn,C,507.37,113,4.49,0.0015310186011656712,98.4262037065091,2,17.0
24416,Hidlago Morenita Crm Sherry,C,506.61,39,12.99,0.0015287252567880256,98.42773243176589,2,133.0
5065,Berentzen Apple Liqueur,C,505.71999999999997,28,18.066923076923075,0.0015260396298194673,98.42925847139571,1,164.0
10121,Columbia Crest 08 Cab Svgn,C,503.86,14,35.99,0.0015204269712110194,98.43077889836692,2,80.0
12149,Hobbs Crossbarn Pnt Nr RRV,C,503.86,14,35.99,0.0015204269712110194,98.43229932533814,2,11.0
21485,Ch Lynch Moussas Pauilac,C,503.86,14,35.99,0.0015204269712110194,98.43381975230935,2,3.0
21561,Talley Vyds Chard,C,503.78,22,22.836153846153845,0.0015201855665396883,98.43533993787588,2,133.0
19349,Trimbach Pnt Gris Rsv,C,503.76,24,20.99,0.0015201252153718558,98.43686006309126,2,12.0
6764,El Jimador Silver Tequila,C,503.71999999999997,28,17.99,0.00152000451303619,98.4383800676043,1,24.0
24418,Hidlago Panesa Fino Sherry,C,503.64,36,13.99,0.001519763108364859,98.43989983071266,2,124.0
17378,Terrazas Torrontes Rsv 10,C,503.58,42,11.99,0.0015195820548613607,98.44141941276753,2,137.0
23148,Jekel Rsl Monterey,C,503.58,42,11.99,0.0015195820548613607,98.4429389948224,2,158.0
20745,Kono Svgn Bl,C,503.58,42,11.99,0.0015195820548613607,98.44445857687727,2,38.0
10235,Sheffield Marsala Silver Lne,C,503.52,48,10.49,0.0015194010013578625,98.44597797787863,2,50.0
2851,Mother's Apple Pie Liqueur,C,503.44,56,8.99,0.0015191595966865313,98.44749713747531,1,178.0
36209,Big House White,C,503.37,63,7.99,0.0015189483675991167,98.44901608584291,2,230.0
25255,Calera Ctrl Coast Chard,C,502.77,23,21.8025,0.0015171378325641333,98.45053322367548,2,99.0
42751,Five Oaks Cab Svgn Cal,C,500.28000000000003,132,3.79,0.0015096241121689534,98.45204284778765,2,
883,Patron Burdeos Anejo Tequila,C,499.99,1,499.99,0.0015087490202353782,98.45355159680788,1,43.0
25279,Pommery Cuvee Louise 2002,C,499.96,4,124.99,0.001508658493483629,98.45506025530136,2,10.0
23156,Bertani Amarone Valpolicell,C,499.95000000000005,5,99.99,0.0015086283178997128,98.45656888361925,2,42.0
15193,Billecart-Salmon Brut Rsv,C,499.90000000000003,10,49.99,0.001508477439980131,98.45807736105924,2,160.0
14174,Chalk Hill Estate Red,C,499.9,10,49.99,0.0015084774399801307,98.45958583849922,2,86.0
26663,Benziger Pnt Nr Sonoma,C,499.75,25,19.99,0.001508024806221385,98.46109386330545,2,
8544,Baileys Coffee,C,498.69,31,16.204285714285714,0.001504826194326248,98.46259868949977,1,
15076,Cigar Box Cab Svgn Valle Cen,C,497.64,36,13.775714285714287,0.0015016577580150275,98.46410034725778,2,176.0
20598,Perez Cruz Cab Svgn Rsva,C,495.69,31,15.99,0.0014957735191513323,98.46559612077694,2,327.0
1889,El Toro Gold Tequila,C,495.38,62,7.99,0.0014948380760499242,98.46709095885299,1,121.0
24483,Daou Rsv Cab Svgn,C,494.91,9,54.99,0.0014934198236058543,98.4685843786766,2,40.0
13245,Garden Creek Chard,C,494.91,9,54.99,0.0014934198236058543,98.4700777985002,2,29.0
45605,Bex Rsl Mosel,C,494.45,55,8.99,0.0014920317467457004,98.47156983024695,2,175.0
779,Svedka Raspberry Vodka,C,493.62,38,12.99,0.0014895271732806403,98.47305935742023,1,113.0
23145,Ch de Chantegrive Graves Rou,C,492.83,17,28.99,0.0014871433021512459,98.47454650072238,2,59.0
24305,Marquis d Gelida Brut Rsv,C,492.71,29,16.99,0.0014867811951442492,98.47603328191752,2,
41032,Folie A Deux Amador Znfdl,C,492.71,29,16.99,0.0014867811951442492,98.47752006311266,2,262.0
39798,R M Woodbridge Pnt Grigio,C,492.38,62,7.913076923076924,0.0014857854008750086,98.47900584851354,2,132.0
18167,Lyrarakis Okto Syrah Blend,C,491.69,31,15.836153846153847,0.001483703285584778,98.48048955179912,2,197.0
18098,Shafer Hillside Cab Svgn,C,489.98,2,244.99,0.001478543260735076,98.48196809505986,2,71.0
43134,Two Hands Bella Gardn Shiraz,C,489.92999999999995,7,69.99,0.0014783923828154937,98.48344648744268,2,43.0
975,Drambuie,C,489.86,14,34.99,0.0014781811537280792,98.4849246685964,1,16.0
15981,Verde Sole Znfdl,C,489.65000000000003,35,13.989999999999998,0.0014775474664658352,98.48640221606287,2,305.0
38731,Hogue Lt Harvest Clmb Wh Rsl,C,489.51,49,9.99,0.0014771250082910056,98.48787934107116,2,93.0
22696,Delish Svgn Bl,C,488.58,42,12.19,0.0014743186789867818,98.48935365975015,2,278.0
18822,Sterling Carneros Pnt Nr,C,487.78,22,22.107647058823527,0.001471904632273471,98.49082556438242,2,26.0
17617,Nostor Tinto Priorat,C,487.71,29,16.865,0.0014716934031860562,98.49229725778561,2,212.0
564,DeKuyper Blue Curacao,C,485.46000000000004,54,8.99,0.0014649038968048696,98.49376216168241,1,78.0
25623,Forest Glen Merlot Cal,C,485.46,54,8.99,0.0014649038968048693,98.49522706557921,2,106.0
12913,J Drouhin Vosne Romanee 13,C,484.95,5,96.99,0.0014633649420251337,98.49669043052124,2,39.0
22389,Villa Cornaro Prosecco,C,484.03000000000003,97,4.99,0.0014605887883048264,98.49815101930955,2,458.0
1000,Goslings Dark'n Stormy VAP,C,483.71,29,16.72076923076923,0.0014596231696195018,98.49961064247917,1,
13491,Barefoot Cellars Rsl,C,483.56,44,10.99,0.001459170535860756,98.50106981301504,2,474.0
7193,Woodstock Killer Bee,C,482.58,42,11.49,0.0014562133286369502,98.50252602634367,1,2.0
16757,Cardamaro Vino Amaro,C,481.74999999999994,25,19.281666666666666,0.00145370875517189,98.50397973509885,2,129.0
23246,Torres Celeste Crianza,C,481.74,26,18.06692307692308,0.001453678579587974,98.50543341367845,2,110.0
22413,Harthill Farms Cab Svgn,C,481.33,127,3.79,0.001452441380647402,98.5068858550591,2,
18193,Joseph Phelps Insignia 09,C,479.97,3,159.99,0.0014483375012347738,98.50833419256033,2,1.0
25061,Jadot Vosne Romanee 13,C,479.92,8,59.99,0.0014481866233151917,98.50978237918365,2,5.0
25108,Miner Cab Svgn Napa Vly,C,479.90000000000003,10,47.99,0.001448126272147359,98.5112305054558,2,
21732,Terre du Lion Saint-Julien,C,479.88000000000005,12,39.99,0.0014480659209795263,98.51267857137678,2,9.0
23334,Ch Lalande Borie 11 Julien,C,479.84999999999997,15,31.99,0.0014479753942277767,98.51412654677101,2,3.0
2186,Label 5 Scotch 12 Yr,C,479.84999999999997,15,31.99,0.0014479753942277767,98.51557452216524,1,175.0
25287,A Bichot Fixin Pnt Nr,C,479.84,16,29.99,0.0014479452186438606,98.51702246738388,2,12.0
1267,Fitch's Goat 100% Corn Whsky,C,479.84,16,29.99,0.0014479452186438606,98.51847041260253,1,66.0
15643,Poseidons Vyd Molnar Pnt Nr,C,479.76,24,19.99,0.0014477038139725296,98.51991811641649,2,30.0
34703,Valley of the Moon Znfdl,C,479.76,24,19.99,0.0014477038139725296,98.52136582023046,2,4.0
5953,Barrow's Intense Ginger,C,479.76,24,19.99,0.0014477038139725296,98.52281352404442,1,27.0
12097,Felino Vina Cobos Cab Svgn,C,479.76,24,19.99,0.0014477038139725296,98.52426122785839,2,
21270,Kendall Jackson AVANT Svgn B,C,479.6,40,11.99,0.0014472210046298675,98.52570844886301,2,481.0
5414,Bols Amaretto Liqueur,C,479.40000000000003,60,7.989999999999999,0.0014466174929515397,98.52715506635596,1,133.0
2087,Uncle Val's Peppered Gin,C,475.86,14,33.99,0.001435935336245139,98.5285910016922,1,42.0
22645,Gaston & Ravaut Bourgog Vlg,C,475.86,14,33.99,0.001435935336245139,98.53002693702845,2,140.0
23188,Jean Dauvissat Chablis St Pi,C,475.83,17,27.99,0.0014358448094933898,98.53146278183794,2,148.0
823,Johnnie Walker Red Label,C,475.83,17,27.99,0.0014358448094933898,98.53289862664744,1,64.0
6366,Duboeuf Pouilly Fuisse,C,475.78,22,21.323333333333334,0.001435693931573808,98.534334320579,2,18.0
24001,Lee Family Farm Rio Tinto S,C,475.71999999999997,28,16.99,0.0014355128780703095,98.53576983345708,2,1.0
31873,Peter Vella Cab Svgn Cal B/B,C,475.7199999999999,28,16.99,0.0014355128780703093,98.53720534633516,2,15.0
15089,Mont Redon Cotes du Rhone,C,475.59000000000003,41,12.035454545454547,0.0014351205954793967,98.53864046693063,2,456.0
8402,Spud Pumpkin Spice Vodka,C,474.81,19,24.99,0.0014327668999339186,98.54007323383057,1,34.0
23944,Ch du Courlat 10,C,474.80999999999995,19,24.99,0.0014327668999339184,98.54150600073051,2,54.0
3414,New Amsterdam Citron Vodka,C,474.05,95,4.99,0.001430473555556273,98.54293647428607,1,11.0
10792,Perrier Jouet Fleur Rose,C,473.97,3,157.99,0.0014302321508849422,98.54436670643695,2,7.0
33581,Masi Modello Delle Venezie,C,473.56,44,10.808181818181819,0.0014289949519443704,98.5457957013889,2,334.0
2024,Black Velvet Toasted Caramel,C,473.21000000000004,79,5.99,0.0014279388065072968,98.5472236401954,1,45.0
22624,A Bichot Merc Champs M,C,472.89,11,42.99,0.0014269731878219724,98.54865061338322,2,0.0
838,Bols Cherry Flavored Brandy,C,472.57,43,10.99,0.001426007569136648,98.55007662095235,1,72.0
652,Frangelico Gift Pack-Candle,C,471.80999999999995,19,24.832105263157892,0.0014237142247590026,98.55150033517711,1,124.0
18734,Little Black Dress Divalicio,C,471.48,52,9.095263157894736,0.001422718430489762,98.5529230536076,2,198.0
44704,J Lohr Riverstone Chard,C,471.09000000000003,41,11.49,0.001421541582717023,98.55434459519032,2,42.0
90087,Ch Mouton Rothschild 12 Paui,C,469.99,1,469.99,0.0014182222684862207,98.5557628174588,2,45.0
14306,Dom les Pallieres Gigondas,C,469.90000000000003,10,46.99,0.0014179506882309731,98.55718076814703,2,49.0
43662,L'Ecole No 41 Cab Svgn Clmba,C,469.86,14,33.656666666666666,0.0014178299858953077,98.55859859813293,2,337.0
4698,Metaxa 5 Star,C,467.71000000000004,29,16.212222222222223,0.0014113422353532845,98.56000994036829,2,
27488,Stival Pnt Grigio,C,467.64,36,12.99,0.0014111310062658697,98.56142107137455,2,
46590,Merieau 13 Bois Jacou Gamay,C,467.64,36,12.99,0.0014111310062658697,98.56283220238082,2,77.0
24812,Tortoise Creek Cal Pnt Nr,C,467.64,36,12.99,0.0014111310062658697,98.56424333338708,2,12.0
21260,Benvolio Toscana Rosso,C,467.64,36,12.99,0.0014111310062658697,98.56565446439335,2,10.0
24557,Dom La Fage Tess Carignan VV,C,467.64,36,12.99,0.0014111310062658697,98.56706559539961,2,25.0
21975,Trim Cabernet Sauvignon,C,467.64,36,12.99,0.0014111310062658697,98.56847672640588,2,4.0
45090,Norton Malbec Mendoza,C,467.61,39,11.990000000000002,0.0014110404795141208,98.56988776688539,2,119.0
25643,Kunde Magnolia Lane Svgn Bl,C,466.64,36,12.95,0.001408113447874231,98.57129588033327,2,172.0
6426,Schmitt Sohne Liebfraumilch,C,465.7,30,15.555217391304348,0.001405276942986091,98.57270115727626,2,149.0
42423,Firesteed Willamette Pnt Nr,C,464.85,15,30.99,0.001402712018353198,98.5741038692946,2,25.0
3416,Danziger Gold Vodka,C,464.69,31,14.99,0.001402229209010536,98.57550609850361,1,1501.0
16989,Red Diamond Malbec,C,464.59000000000003,41,11.27,0.0014019274531713723,98.57690802595678,2,247.0
42410,Acorn Medley Alegria RRV,C,464.21999999999997,18,25.790000000000003,0.0014008109565664657,98.57830883691335,2,
20682,A Bichot Chablis Vaucopins,C,463.84,16,28.989999999999995,0.001399664284377643,98.57970850119773,2,1.0
24997,W Hill Merlot Napa,C,463.84,16,28.99,0.001399664284377643,98.5811081654821,2,20.0
39974,Loimer Lois Gruner Veltliner,C,463.69,31,14.9275,0.0013992116506188975,98.58250737713273,2,125.0
38355,MacMurray Ranch Selct Pnt Nr,C,463.68,32,14.49,0.001399181475034981,98.58390655860777,2,32.0
41215,Flag Hill Wild Blueberry Fr,C,463.68,32,14.49,0.001399181475034981,98.5853057400828,2,2.0
36845,Frey Natural Red Organic Ca,C,463.58,42,11.190000000000001,0.001398879719195817,98.58670461980199,2,77.0
15247,Juve y Camps Brut Nature,C,462.75,25,18.389999999999997,0.0013963751457307572,98.58810099494772,2,95.0
19397,Thunevin Calvet Cuvee Constn,C,462.73999999999995,26,17.847142857142856,0.0013963449701468406,98.58949733991787,2,506.0
22765,Renacer Red Mendoza,C,461.93,7,65.99,0.0013939007478496134,98.59089124066571,2,9.0
21977,Massolino Barolo Margheria,C,461.92999999999995,7,65.99,0.0013939007478496132,98.59228514141356,2,
6156,Cinnabon Cinnamon Liqueur,C,461.78999999999996,21,21.99,0.001393478289674784,98.59367861970323,1,260.0
15552,Senda 66 Tempranillo,C,461.62,38,12.156666666666666,0.0013929653047482055,98.59507158500797,2,220.0
4421,Cruzan Vanilla Flavored Rum,C,461.58,42,10.99,0.0013928446024125398,98.59646442961038,1,91.0
13724,Big House White,C,461.56,44,10.49,0.001392784251244707,98.59785721386163,2,
861,Barton Gin,C,460.79,71,6.49,0.0013904607312831456,98.59924767459292,1,160.0
14962,Stone Barn Chard,C,459.84,96,4.79,0.0013875940508110887,98.60063526864373,2,14.0
15739,Vina Borgia Garnacha,C,459.77,23,19.990000000000002,0.001387382821723674,98.60202265146545,2,48.0
3239,Seagram's Red Berry Vodka,C,459.54,46,9.99,0.0013866887832935974,98.60340934024875,1,201.0
32338,Stags Leap Svgn Bl Napa,C,458.83,17,26.99,0.0013845463168355337,98.60479388656559,2,149.0
13122,La Cana Albarino,C,458.72999999999996,27,16.99,0.0013842445609963698,98.60617813112658,2,29.0
35358,Cataldi Madonna Malandrino,C,458.66,34,13.49,0.0013840333319089554,98.60756216445849,2,12.0
43193,Dancing Bull Zabaco Cab Svgn,C,458.49,51,8.99,0.0013835203469823767,98.60894568480546,2,189.0
19881,Pravis Pnt Grigio Vignetti,C,458.49,51,8.99,0.0013835203469823767,98.61032920515244,2,4.0
22648,San Felice Il Grigio Gr Sel,C,455.88000000000005,12,37.99,0.0013756445195802001,98.61170484967202,2,117.0
377,Hendrick's Gin,C,455.88,12,37.99,0.0013756445195802001,98.6130804941916,1,406.0
36849,Frey Pnt Nr Organic Mendocno,C,455.76,24,18.99,0.0013752824125732033,98.61445577660417,2,12.0
21002,Bonpas Blanc Rhone Vly,C,455.62,38,11.99,0.0013748599543983741,98.61583063655857,2,140.0
897,Montezuma Blue,C,454.93,67,6.79,0.0013727778391081434,98.61720341439768,1,87.0
1215,Tullibardine Sherry Finish,C,454.92999999999995,7,64.99,0.0013727778391081432,98.61857619223679,1,113.0
21010,La Jota Cab Svgn Howell Mtn,C,454.92999999999995,7,64.99,0.0013727778391081432,98.6199489700759,2,8.0
117,Vermont Gold Vodka,C,454.87,13,34.99,0.001372596785604645,98.6213215668615,1,
23493,Ch Bouscaut Rouge 11 GCG,C,454.87,13,34.99,0.001372596785604645,98.6226941636471,2,45.0
24576,Failla Chard Sonoma Cst,C,454.87,13,34.99,0.001372596785604645,98.6240667604327,2,163.0
1591,Carstairs White Seal,C,454.65,35,12.99,0.0013719329227584844,98.62543869335546,1,14.0
13594,Bliss Chard,C,453.62,38,11.92939393939394,0.0013688248376150967,98.62680751819308,2,156.0
15675,Six Hats Shiraz,C,452.59,41,11.047142857142859,0.001365716752471709,98.62817323494555,2,190.0
36493,Dom Tempier Bandol Rose Pro,C,450.89,11,40.99,0.0013605869032059235,98.62953382184875,2,0.0
5517,Tippy Cow Shamrock Mint,C,450.74999999999994,25,18.085238095238093,0.0013601644450310939,98.63089398629378,1,
17431,Rhiannon Proprietor's Red,C,450.59000000000003,41,10.99,0.001359681635688432,98.63225366792948,2,24.0
16657,Dom Bousquet Chardonnay,C,450.59,41,10.99,0.0013596816356884318,98.63361334956517,2,282.0
37712,Sterling Vintners Cltn Syrah,C,450.59,41,10.99,0.0013596816356884318,98.63497303120086,2,0.0
281,Kamora Coffee Gift Pack,C,450.55,45,10.013255813953489,0.0013595609333527663,98.63633259213421,1,67.0
15688,Cheval Blanc St Emilion 08,C,449.99,1,449.99,0.0013578711006534488,98.63769046323486,2,12.0
25461,Piper Heidsieck Rare 2002,C,449.97,3,149.99,0.001357810749485616,98.63904827398434,2,
20316,Smith & Hook Cab Svgn,C,449.95,5,89.99,0.0013577503983177833,98.64040602438266,2,
2104,Westland American Sngle Malt,C,449.94,6,74.99,0.0013577202227338667,98.64176374460538,1,189.0
41589,Paul Hobbs Cross Cab Svgn,C,449.91,9,49.99,0.0013576296959821178,98.64312137430137,2,94.0
18237,M Abbona Dogliani Papa Celso,C,449.82000000000005,18,24.99,0.0013573581157268703,98.6444787324171,2,180.0
15085,Franzia Tap Pnt Grigio,C,449.74999999999994,25,17.99,0.0013571468866394553,98.64583587930373,2,71.0
24022,Fulchino Vyds 603 Red,C,449.7,30,14.99,0.0013569960087198734,98.64719287531246,2,198.0
43143,Valle de la Puerta Torrontes,C,449.5,50,8.99,0.0013563924970415458,98.6485492678095,2,113.0
19513,SakeMoto Junmai Sake,C,449.5,50,8.99,0.0013563924970415458,98.64990566030654,2,50.0
8254,Mateus Rose,C,449.19,31,14.49,0.001355457053940138,98.65126111736049,2,25.0
24759,Sokol Blosser Evolution Sprk,C,448.74999999999994,25,17.89909090909091,0.0013541293282478167,98.65261524668874,2,72.0
23769,Ch Pape Clement 12 Pess-Leog,C,447.96000000000004,4,111.99,0.0013517454571184224,98.65396699214585,2,19.0
18438,The Creator K Vintners Walla,C,447.92,8,55.99,0.001351624754782757,98.65531861690064,2,23.0
39471,Acorn Dolcetto Alegria RRV,C,447.85999999999996,14,31.99,0.0013514437012792585,98.65667006060193,2,111.0
4138,Sea Hagg Amber Rum,C,447.84,16,27.99,0.0013513833501114258,98.65802144395204,1,42.0
40456,Moschofilero Boutari Mantnia,C,447.68,32,13.99,0.0013509005407687637,98.65937234449281,2,197.0
16468,Gerard Bertrand Chard Rsv Sp,C,445.63,37,12.064074074074075,0.0013447145460659044,98.66071705903887,2,159.0
22854,Vega Sindoa Cab Svgn Navarra,C,443.63,37,11.990000000000002,0.0013386794292826274,98.66205573846815,2,341.0
7404,New Amsterdam Mango Vodka,C,443.52,448,0.99,0.0013383474978595471,98.66339408596602,1,943.0
25423,Pol Roger 02 Sir W Churchill,C,441.98,2,220.99,0.0013337004579364235,98.66472778642395,2,2.0
15504,Mollydooker The Boxer Shiraz,C,441.83,17,25.99,0.0013332478241776778,98.66606103424813,2,25.0
13899,Hogue Genesis Meritage,C,441.75,25,17.67421052631579,0.0013330064195063468,98.66739404066763,2,355.0
21979,Massolino Dolcetto D'Alba,C,441.73999999999995,26,16.99,0.0013329762439224303,98.66872701691155,2,0.0
24050,Choyomusubi Ryo Junmai Sake,C,441.66,34,12.99,0.0013327348392510993,98.6700597517508,2,148.0
20000,Soter Vyds Planet Oregon Pnt,C,440.58000000000004,42,10.49,0.0013294758761881297,98.67138922762699,2,
23292,Ch La Mission Haut Brion 11,C,439.99,1,439.99,0.001327695516737063,98.67271692314372,2,29.0
8010,Wild Turkey Forgiven,C,439.92,8,54.99,0.0013274842876496481,98.67404440743137,1,24.0
3009,Barr Hill Vodka,C,439.92,8,54.99,0.0013274842876496481,98.67537189171901,1,64.0
25416,Gaston Chiquet Trad Brut 1er,C,439.89000000000004,11,39.99,0.001327393760897899,98.67669928547991,2,347.0
24662,Silver Totem Cab Svgn,C,439.78,22,19.99,0.0013270618294748185,98.67802634730938,2,439.0
18232,Shatter Grenache VdP Catalan,C,439.78,22,19.99,0.0013270618294748185,98.67935340913886,2,41.0
23146,Ch Dupray St-Emilion,C,439.78,22,19.99,0.0013270618294748185,98.68068047096833,2,44.0
23394,Couleurs Du Sud Viognier,C,439.56,44,9.99,0.0013263979666286582,98.68200686893495,2,
46816,Alexander Vly Vyds Gewurz,C,439.56,44,9.989999999999998,0.0013263979666286582,98.68333326690157,2,83.0
29129,Sutter Home Wh Merlot Cal,C,439.56,44,9.99,0.0013263979666286582,98.68465966486819,2,104.0
24377,Bon Affair Svgn Bl Spritzer,C,439.12,88,4.99,0.001325070240936337,98.68598473510913,2,0.0
1236,Southern Comfort & Egg Nog,C,438.81,19,22.99,0.0013241347978349294,98.68730886990697,1,1.0
18901,Anderra Svgn Bl,C,438.57,43,10.253157894736843,0.0013234105838209362,98.6886322804908,2,252.0
17186,Columna Albarino,C,437.73999999999995,26,16.779473684210522,0.0013209060103558758,98.68995318650114,2,338.0
25258,Ch Maine d'Arman Cote Bourg,C,437.25,35,12.359565217391303,0.001319427406743973,98.69127261390788,2,21.0
24406,St Mayhem White Aged/Peppers,C,436.80999999999995,19,22.99,0.0013180996810516518,98.69259071358894,2,23.0
1733,Ole Smoky Moonshine Peaches,C,436.77,23,18.99,0.0013179789787159865,98.69390869256766,1,54.0
2184,Bonnie Rose Orange Peel,C,435.72,28,15.790000000000001,0.001314810542404766,98.69522350311007,1,149.0
18102,Ruffino Greppone Mazzi Bru,C,434.92,8,53.989999999999995,0.0013123964956914553,98.69653589960576,2,112.0
12511,Angelini Sangiovese Pesaresi,C,434.71000000000004,29,14.99,0.0013117628084292113,98.69784766241419,2,78.0
38242,Hendry Ranch Barrel Chard,C,433.86,14,30.99,0.0013091978837963183,98.69915686029799,2,38.0
21464,Sociando Mallet Haut-Medoc,C,431.88,12,35.99,0.001303223118180874,98.70046008341617,2,
25198,Ch Fombrauge Le Cadran de Fo,C,431.84,16,26.990000000000002,0.001303102415845208,98.70176318583202,2,145.0
20947,Catalpa Cab Svgn,C,431.76,24,17.99,0.0013028610111738771,98.70306604684319,2,9.0
18599,Bocelli Sangiovese,C,431.76,24,17.99,0.0013028610111738771,98.70436890785436,2,
45061,Punto Final Perdriel Malbec,C,431.73,27,15.99,0.001302770484422128,98.70567167833879,2,
10650,Gaia Notios Nemea Wh,C,431.73,27,15.99,0.001302770484422128,98.70697444882322,2,7.0
21832,Dom Bousquet Cab Svgn Rsv,C,431.72999999999996,27,15.990000000000002,0.0013027704844221278,98.70827721930765,2,111.0
21783,Grape Time Winery Amarone,C,431.68,32,13.49,0.0013026196065025462,98.70957983891415,2,190.0
21252,Renwood BBQ Zinfandel,C,431.64,36,11.99,0.0013024989041668807,98.71088233781832,2,15.0
15235,Common Man Pnt Grigio,C,431.52,48,8.99,0.0013021367971598839,98.71218447461548,2,96.0
28038,Andre Spumante Calif,C,431.28,72,5.989999999999999,0.0013014125831458906,98.71348588719863,2,23.0
3285,Svedka Strawberry Colada,C,429.57,43,9.99,0.0012962525582961887,98.71478213975692,1,1.0
831,Bols Green Creme De Menthe,C,429.57,43,9.99,0.0012962525582961887,98.71607839231521,1,183.0
12271,Caposaldo Prosecco Brut,C,428.71000000000004,29,14.39,0.0012936574580793797,98.71737204977329,2,207.0
39209,Barefoot Syrah Cal,C,428.61,39,10.99,0.0012933557022402158,98.71866540547553,2,109.0
15357,Greystone Cellars Cab Svgn,C,428.61,39,10.99,0.0012933557022402158,98.71995876117778,2,138.0
18174,Seven Falls Merlot,C,428.61,39,10.99,0.0012933557022402158,98.72125211688002,2,37.0
10400,Rodney Strong Symmetry,C,427.92,8,53.656666666666666,0.001291273586949985,98.72254339046697,2,54.0
2812,Hudson Manhattan Rye,C,424.90000000000003,10,43.115,0.0012821605606072367,98.72382555102757,1,22.0
15721,Vincent Marie Antoinette,C,424.83000000000004,17,24.99,0.001281949331519822,98.72510750035909,2,
39285,Dow LBV Port,C,424.83,17,24.99,0.0012819493315198217,98.7263894496906,2,150.0
2727,Grand Macnish Black Edition,C,424.83,17,24.99,0.0012819493315198217,98.72767139902211,1,37.0
17375,Legacy Red Alexander Valley,C,423.92,8,52.989999999999995,0.0012792033533834308,98.72895060237549,2,
18584,Heidsieck Monopole Rose Top,C,423.90000000000003,10,42.27571428571429,0.001279143002215598,98.73022974537771,2,153.0
23267,Siduri Pnt Nr 13 Clos Pepe,C,422.91,9,46.99,0.0012761556194078759,98.73150590099712,2,159.0
22798,Elk Cove La Boheme Pnt Nr,C,422.90999999999997,9,46.99,0.0012761556194078756,98.73278205661653,2,57.0
39981,Little Penguin Merlot Ausl,C,422.71,29,14.656666666666668,0.0012755521077295478,98.73405760872426,2,198.0
24047,Kikkoman Plum Wine,C,422.53000000000003,47,8.99,0.001275008947219053,98.73533261767147,2,130.0
26811,Canyon Rd Merlot Cal,C,421.52,88,4.79,0.001271961213243498,98.73660457888472,2,103.0
16560,Badenhorst Secateurs Chen Bl,C,420.71000000000004,29,14.468260869565217,0.001269516990946271,98.73787409587567,2,164.0
21463,Chateau Pontet Canet Pauilac,C,419.97,3,139.99,0.0012672839977364585,98.7391413798734,2,54.0
19826,Ch Talbot 10 Brdx,C,419.96,4,104.99,0.0012672538221525419,98.74040863369555,2,16.0
2294,Yellow Stone Ltd Edition 15,C,419.96,4,104.99,0.0012672538221525419,98.7416758875177,1,
10625,Querceto Il Sole Alessandro,C,419.94,6,69.99,0.0012671934709847091,98.74294308098868,2,120.0
24670,Freemark Abbey Cab Svgn Ruth,C,419.94,6,69.99,0.0012671934709847091,98.74421027445966,2,9.0
16991,Ch Bellevue St-Emil 09 Gr Cr,C,419.94,6,69.99,0.0012671934709847091,98.74547746793064,2,4.0
45980,Cheval des Andes Mendoza,C,419.93,7,59.99,0.0012671632954007928,98.74674463122604,2,32.0
19584,Ciacci 07 Piccolomino Brunlo,C,419.93,7,59.989999999999995,0.0012671632954007928,98.74801179452143,2,
24668,Darioush Merlot Napa Valley,C,419.93,7,59.99,0.0012671632954007928,98.74927895781683,2,12.0
22703,Carne Humana Red,C,419.88,12,34.99,0.0012670124174812107,98.75054597023431,2,17.0
911,Yukon Jack,C,419.79999999999995,20,20.99,0.0012667710128098795,98.75181274124712,1,
23385,Dom Roux Bourgogne Chard,C,419.78999999999996,21,19.99,0.0012667408372259632,98.75307948208435,2,152.0
1790,Morrigan Irish Whiskey,C,419.78999999999996,21,19.990000000000002,0.0012667408372259632,98.75434622292157,1,5.0
24884,Muxagat Barroca Tinto Doura,C,419.78999999999996,21,19.99,0.0012667408372259632,98.7556129637588,2,
21789,Carpene Malvolti Sprklg Rose,C,419.78999999999996,21,19.990000000000002,0.0012667408372259632,98.75687970459602,2,116.0
120,Tarantula Azul Tequila Gift,C,419.7,30,13.99,0.0012664692569707159,98.75814617385299,1,56.0
22671,Round Hill Chard,C,419.7,30,13.99,0.0012664692569707159,98.75941264310997,2,14.0
45334,Cono Sur Vision Svgn Bl Csbl,C,419.65,35,11.99,0.0012663183790511338,98.76067896148902,2,38.0
20944,Valdivieso Cab Franc Rsva,C,418.79999999999995,20,20.918571428571425,0.001263753454418241,98.76194271494344,2,192.0
23633,Chateau Simon Bordeaux Blanc,C,418.75,25,16.528461538461535,0.0012636025764986593,98.76320631751994,2,35.0
38952,Nora Albarino Rias Baixas,C,418.75,25,16.528461538461535,0.0012636025764986593,98.76446992009645,2,137.0
12803,Ravenswood Vntrs Blend Znfdl,C,417.78,22,18.99,0.0012606755448587696,98.7657305956413,2,146.0
20096,Milestone Red,C,417.61,39,10.799523809523809,0.0012601625599321913,98.76699075820123,2,300.0
20507,Ch la Pointe Pomerol,C,415.87,13,31.99,0.0012549120083307401,98.76824567020957,2,57.0
18046,Ch La Louviere Pssc-Leg Roug,C,415.84,16,25.99,0.0012548214815789908,98.76950049169115,2,
25211,Ch de Carles Brdx,C,415.68,32,12.99,0.001254338672236329,98.77075483036339,2,
12234,Beringer Classic Svgn Bl,C,415.40000000000003,60,6.906666666666667,0.00125349375588667,98.77200832411927,2,271.0
23434,Bruno Colin Chass-Mont Rouge,C,413.94,6,68.99,0.0012490881206348775,98.7732574122399,2,23.0
44025,Churchills 20 Yr Tawny Port,C,413.91,9,45.99,0.0012489975938831286,98.77450640983378,2,20.0
23071,Rombauer Vyds Chard Carneros,C,413.77,23,17.99,0.001248575135708299,98.77575498496948,2,48.0
13124,Shaya Verdejo Old Vines Whit,C,413.72,28,14.59,0.0012484242577887172,98.77700340922728,2,126.0
8272,Paul Masson Rose Carafe,C,413.08000000000004,92,4.49,0.0012464930204180685,98.7782499022477,2,94.0
24594,Torresella Prosecco Xtra Dry,C,412.73999999999995,26,15.601111111111111,0.001245467050564911,98.77949536929826,2,203.0
12067,Casalini Pnt Grigio,C,412.40999999999997,59,6.99,0.0012444712562956705,98.78073984055456,2,43.0
702,Skyy Vodka,C,412.24999999999994,25,16.49,0.0012439884469530081,98.78198382900152,1,60.0
22298,Zorvino Vyds Sangiovese,C,412.17,33,12.49,0.0012437470422816774,98.7832275760438,2,684.0
190,Christian Bros Ruby Port,C,411.84,96,4.29,0.0012427512480124366,98.78447032729181,1,20.0
24799,The Chard Project Chard,C,409.74,26,13.99,0.0012364143753899955,98.7857067416672,2,219.0
19566,Contratto 08 Milesimato Brut,C,408.30999999999995,19,21.49,0.0012320992668899522,98.78693884093408,2,9.0
3860,Jose Cuervo Cinge,C,407.76,24,16.99,0.001230439609774551,98.78816928054385,1,0.0
23898,Dr Konstantin Frank Rose,C,407.76,24,16.99,0.001230439609774551,98.78939972015363,2,53.0
36139,Renzo Masi Chiant Rufina RS,C,407.75,25,16.34294117647059,0.0012304094341906346,98.79063012958781,2,176.0
25415,Schlosskellerei Gobelsburg,C,407.74,26,15.67,0.0012303792586067185,98.79186050884641,2,19.0
19031,Novy Four Mile Creek Red,C,407.66,34,11.99,0.0012301378539353873,98.79309064670035,2,26.0
18800,Haunting Whisper DeChaunac,C,407.66,34,11.99,0.0012301378539353873,98.79432078455429,2,192.0
38245,Hendry Block 7 Znfdl Napa,C,406.89,11,36.99,0.0012278143339738256,98.79554859888826,2,
22435,O Leflaive Pulgny Montrcht12,C,405.93,7,57.99,0.0012249174779178525,98.79677351636617,2,
20513,Petit Caillou St Julien,C,405.85999999999996,14,28.99,0.0012247062488304377,98.797998222615,2,94.0
10932,Bridlewood Blend 175 C C,C,405.71,29,13.99,0.001224253615071692,98.79922247623009,2,123.0
27579,Zenato Amarone,C,404.93999999999994,6,67.49,0.00122193009511013,98.8004444063252,2,33.0
18431,Bertani Villa Arvedi Amarone,C,404.91,9,44.99,0.0012218395683583814,98.80166624589356,2,
19034,Nicholson Ranch Pnt Nr Sonom,C,404.90999999999997,9,44.99,0.0012218395683583811,98.80288808546192,2,184.0
23853,Matrix Pnt Nr RRV,C,404.84999999999997,15,26.99,0.0012216585148548827,98.80410974397677,2,124.0
22367,Ch Massiac Viognier,C,404.73,27,14.99,0.0012212964078478863,98.80533104038462,2,14.0
12415,Callia Alta Pnt Grigio,C,404.55,45,8.99,0.0012207532473373912,98.80655179363195,2,117.0
1003,Crown Royal +2 Reusable Cups,C,403.82,18,22.275714285714283,0.0012185504297114952,98.80777034406167,1,2683.0
27798,Casa Lapostolle Svgn Bl,C,403.6,40,10.107647058823531,0.0012178865668653347,98.80898823062853,2,204.0
8438,Capt Morgan White Grapefruit,C,402.93,407,0.99,0.0012158648027429367,98.81020409543127,1,22.0
11209,Pezzi King Svgn Bl Dry Creek,C,402.69,31,12.990000000000002,0.0012151405887289434,98.81141923602,2,148.0
24530,Joseph Drouhin Puligny-Montr,C,401.94,6,66.99,0.0012128774199352144,98.81263211343993,2,65.0
21583,The Big Easy Red,C,401.84,16,25.12333333333333,0.0012125756640960505,98.81384468910403,2,77.0
17915,Thorny Rose Svgn Bl NZ,C,401.6,40,10.19,0.0012118514500820575,98.81505654055411,2,384.0
19806,Exem Brdx,C,400.73,27,14.704285714285716,0.0012092261742813319,98.81626576672839,2,179.0
4041,Gran Patron Piedra,C,399.99,1,399.99,0.0012069931810715193,98.81747275990946,1,6.0
19077,Ornellaia Bolgheri 10,C,399.98,2,199.99,0.001206963005487603,98.81867972291495,2,19.0
44650,Nickel Branding Irn Cab Svgn,C,399.96,4,99.99,0.0012069026543197702,98.81988662556927,2,1.0
13229,Cakebread Vine Hill Cab,C,399.96,4,99.99,0.0012069026543197702,98.82109352822359,2,10.0
22841,Banfi Poggio Alle Mura Rsva,C,399.96,4,99.99,0.0012069026543197702,98.8223004308779,2,23.0
17315,Damilano Cannubi Barolo,C,399.95,5,79.99,0.0012068724787358536,98.82350730335664,2,17.0
24169,Monsanto 09 Il Poggio Chiant,C,399.92,8,49.99,0.0012067819519841045,98.82471408530861,2,1.0
21008,Cenyth Sonoma Red,C,399.92,8,49.99,0.0012067819519841045,98.82592086726059,2,
437,Rock Hills Farm Bourbon,C,399.92,8,49.99,0.0012067819519841045,98.82712764921257,1,
44716,Drouhin Chorey Les Beaune,C,399.84,16,24.99,0.0012065405473127733,98.82833418975989,2,93.0
13605,Neal Family Svgn Bl Napa Vly,C,399.8,20,19.99,0.001206419844977108,98.82954060960486,2,191.0
18637,Iris Vineyard Pnt Nr,C,399.79999999999995,20,19.99,0.0012064198449771078,98.83074702944984,2,165.0
21734,Gr Montmirail Muscat Venise,C,399.79999999999995,20,19.99,0.0012064198449771078,98.83195344929482,2,68.0
18589,Banshee Mordecai Proprietary,C,399.79999999999995,20,19.990000000000002,0.0012064198449771078,98.83315986913979,2,13.0
34735,Lake Sonoma Znfdl Dry Creek,C,399.79999999999995,20,19.99,0.0012064198449771078,98.83436628898477,2,
3962,Vikingfjord Vodka,C,399.75,25,15.99,0.001206268967057526,98.83557255795182,1,
15209,Writer's Block Pnt Nr,C,399.75,25,15.99,0.001206268967057526,98.83677882691887,2,33.0
15832,Sunday Mtn Svgn Bl,C,399.75,25,15.99,0.001206268967057526,98.83798509588593,2,76.0
20706,A Proper Claret,C,399.75,25,15.989999999999998,0.001206268967057526,98.83919136485298,2,70.0
19935,Cielo Pnt Grigio,C,399.5,50,7.99,0.0012055145774596163,98.84039687943044,2,38.0
24882,Boones Strawberry Hill,C,397.67,133,2.9899999999999998,0.0011999924456029178,98.84159687187605,2,62.0
5760,Grand Marnier Rasp-Peach,C,396.01,199,1.99,0.0011949832986727976,98.84279185517472,1,
2618,Glenmorangie Milsean Scotch,C,395.96,4,98.99,0.0011948324207532157,98.84398668759547,1,
45837,R Stemmler Nugent Pnt Nr,C,395.89,11,35.99,0.001194621191665801,98.84518130878715,2,131.0
23341,Les Fiefs de Lagrange 11 Jul,C,395.88,12,32.99,0.0011945910160818848,98.84637589980323,2,7.0
19406,Dow's 10 Yr Old Tawny Port,C,395.88,12,32.99,0.0011945910160818848,98.84757049081932,2,137.0
899,Absolut Mandrin,C,395.82,18,21.99,0.0011944099625783861,98.8487649007819,1,72.0
32303,Dynamite Merlot N Cst,C,395.67,33,11.99,0.0011939573288196406,98.84995885811072,2,109.0
24292,Olivier & Lafont Ventx Rouge,C,395.64,36,10.99,0.0011938668020678913,98.8511527249128,2,259.0
1492,The Glenlivet Oloroso Nadu,C,394.95,5,78.99,0.0011917846867776608,98.85234450959958,1,
2814,Hudson Bay Bourbon,C,394.91,9,43.878888888888895,0.0011916639844419953,98.85353617358402,1,4.0
41394,Four Vines Biker Znfdl,C,393.84,16,24.656666666666666,0.0011884351969629419,98.85472460878098,2,35.0
216,Absolut Raspberri,C,393.82,18,21.49,0.0011883748457951092,98.85591298362678,1,17.0
22004,Smashberry Red,C,393.71999999999997,68,5.79,0.0011880730899559452,98.85710105671673,2,
4065,Pink Pigeon Rum,C,391.85999999999996,14,27.99,0.0011824604313474974,98.85828351714808,1,12.0
44703,J Lohr Seven Rst Cv Cab Svgn,C,391.21000000000004,29,13.49,0.0011804990183929326,98.85946401616647,2,27.0
33206,Bodegas Faustino V RSV Rioj,C,390.77,23,16.99,0.0011791712927006115,98.86064318745917,2,103.0
25194,Ch Beaulieu Lalande de Pomer,C,390.77,23,16.99,0.0011791712927006115,98.86182235875188,2,32.0
14681,Shafer Hillside Cab Svgn 06,C,389.99,1,389.99,0.0011768175971551334,98.86299917634904,2,3.0
25011,St Supery Rutherford Merlot,C,389.90000000000003,10,38.99,0.001176546016899886,98.86417572236593,2,3.0
39400,Claret Ramey Napa Valley,C,389.9,10,38.99,0.0011765460168998859,98.86535226838282,2,333.0
1474,George Dickel #12 Sour Mash,C,389.84999999999997,15,25.99,0.0011763951389803038,98.8665286635218,1,20.0
18585,James L'Escargot Svgn Blanc,C,389.74,26,14.99,0.0011760632075572238,98.86770472672936,2,234.0
24775,J Bouchon Canto Sur,C,389.7,30,12.99,0.001175942505221558,98.86888066923458,2,135.0
24153,Grape Time Wh Cranbery Pnt G,C,389.7,30,12.989999999999998,0.001175942505221558,98.87005661173981,2,141.0
25917,Hogue Cellars WA Svgn Bl,C,389.61,39,9.99,0.0011756709249663108,98.87123228266478,2,154.0
14655,Arrogant Frog Pnt Nr,C,389.61,39,9.99,0.0011756709249663108,98.87240795358974,2,24.0
19242,Copain Tous Ensemble Chard,C,388.13,37,10.49,0.0011712049385466856,98.87357915852829,2,
46947,Murphy-Goode Merlot Alexandr,C,387.73,27,14.323333333333334,0.0011699979151900302,98.87474915644347,2,206.0
6472,Richards Wild Irish Rose Red,C,387.03000000000003,97,3.99,0.0011678856243158833,98.87591704206778,2,65.0
44102,Provenance To Kalon Cab Svgn,C,384.93,7,54.99,0.0011615487516934422,98.87707859081948,2,15.0
35755,Ken Wright Canary Hill Pnt N,C,384.93,7,54.99,0.0011615487516934422,98.87824013957118,2,29.0
19160,Tommasi Tenuta Filo Prosecco,C,384.76,24,16.04263157894737,0.0011610357667668635,98.87940117533795,2,160.0
19977,Hideyoshi Namacho Honjozo Sa,C,384.68,32,12.045555555555556,0.0011607943620955323,98.88056196970004,2,152.0
25259,Ch Martinon Brdx Rouge,C,384.65000000000003,35,10.99,0.0011607038353437834,98.88172267353538,2,6.0
23295,Ch Giscours Margaux 11 Gr Cr,C,383.94,6,63.99,0.00115856136888572,98.88288123490426,2,5.0
34082,Dom du Dupeuble Bjls,C,383.76,24,15.99,0.001158018208375225,98.88403925311263,2,11.0
15137,Black Stallion Chard Napa Vy,C,383.76,24,15.99,0.001158018208375225,98.885197271321,2,61.0
27432,Emilio Lustau Amontillado S,C,383.76,24,15.990000000000002,0.001158018208375225,98.88635528952938,2,126.0
27138,Korbel Brut,C,383.76,24,15.99,0.001158018208375225,98.88751330773775,2,53.0
15426,Voga Moscato Italia,C,383.68,32,11.99,0.001157776803703894,98.88867108454146,2,17.0
29955,Lindemans Bin 99 Pnt Nr,C,383.52,48,7.990000000000001,0.0011572939943612318,98.88982837853582,2,219.0
5954,Fireball Cinnamon Whisky,C,383.04,96,3.99,0.0011558455663332452,98.89098422410216,1,
4751,Capt Morgan Cannon Blast,C,381.15,385,0.9900000000000001,0.001150142380973048,98.89213436648313,1,
23308,Ch Canon St Emilion Gr Cr 11,C,380.97,3,126.99,0.0011495992204625534,98.8932839657036,2,27.0
24588,Boundary Breaks OLN Rsl,C,380.75,25,15.30578947368421,0.001148935357616393,98.89443290106122,2,197.0
2610,Glenmorangie Signet Sng Malt,C,379.98,2,189.99,0.0011466118376548312,98.89557951289888,1,55.0
22174,QM Alvarinho White,C,379.81,19,19.99,0.0011460988527282525,98.8967256117516,2,109.0
2910,Full Throttle Vanila Whiskey,C,379.81,19,19.99,0.0011460988527282525,98.89787171060433,1,148.0
16996,LaBelle Winery Americus,C,379.80999999999995,19,19.99,0.0011460988527282525,98.89901780945706,2,369.0
24527,Scott Family Est Chard Arroy,C,379.80999999999995,19,19.99,0.0011460988527282525,98.90016390830979,2,12.0
4834,Ole Smoky Shine Nog,C,379.79999999999995,20,18.99,0.001146068677144336,98.90130997698694,1,2.0
22860,Graham's Six Grapes Gift Pk,C,379.79999999999995,20,18.99,0.001146068677144336,98.90245604566408,2,13.0
45331,Cono Sur Vision Cab Svgn,C,379.68,32,11.8025,0.0011457065701373395,98.90360175223422,2,78.0
22617,Viberti Barbera D'Alba Gemel,C,379.62,38,9.99,0.001145525516633841,98.90474727775086,2,
7917,Tooters Ala-Bama Slama 15 Pk,C,379.62,38,9.99,0.001145525516633841,98.90589280326749,1,560.0
26939,Ramos Pinto 10-Yr Tawny Red,C,378.91,9,41.656666666666666,0.0011433830501757778,98.90703618631767,2,38.0
21449,Chateau d'Issan Margaux,C,377.93,7,53.99,0.001140425842951972,98.90817661216062,2,3.0
5487,Fire Water Hot Cinnamon,C,377.73,27,13.99,0.0011398223312736443,98.90931643449188,1,24.0
10735,Ch Beauchene Rose,C,377.73,27,13.99,0.0011398223312736443,98.91045625682315,2,91.0
13651,Fontanafredda Briccotondo,C,377.73,27,13.99,0.0011398223312736443,98.91159607915442,2,127.0
1048,Mother's Holiday Nog,C,377.58,42,8.99,0.0011393696975148984,98.91273544885193,1,1.0
6762,Paul Masson Chablis,C,377.46,54,6.99,0.001139007590507902,98.91387445644244,2,29.0
24386,O Leflv Ruly Cr Ls Cloux,C,376.87,13,28.989999999999995,0.0011372272310568351,98.9150116836735,2,1.0
915,Smirnoff Citrus Vodka,C,376.74,26,14.49,0.001136834948465922,98.91614851862197,1,34.0
693,Svedka Vanilla Vodka,C,376.71000000000004,29,12.990000000000002,0.001136744421714173,98.91728526304368,1,131.0
32807,Flag Hill De Chaunac Red NH,C,376.71,29,12.990000000000002,0.0011367444217141728,98.9184220074654,2,88.0
11443,Ravenswood Petite Sirah Vnts,C,376.19,41,9.44,0.001135175291350521,98.91955718275675,2,164.0
21286,Elk Cove Five Mtn Pnt Nr,C,375.92,8,46.99,0.0011343605505847783,98.92069154330733,2,53.0
33717,Domaine Pallieres Gigondas R,C,375.92,8,46.99,0.0011343605505847783,98.92182590385791,2,313.0
39575,Morgan Winery Double L Pnt N,C,375.92,8,46.99,0.0011343605505847783,98.92296026440849,2,161.0
40454,Yellow Tail Cab/Merlot Ausl,C,375.53000000000003,47,7.989999999999999,0.0011331837028120395,98.9240934481113,2,6.0
37342,Dunn Vyds Cab Svgn Napa Vly,C,374.95,5,74.99,0.001131433518944889,98.92522488163024,2,4.0
19786,Warre's Vintage Port 2011,C,374.95,5,74.99,0.001131433518944889,98.92635631514919,2,
23045,El Enemigo 11 Cab Franc Mend,C,374.84999999999997,15,24.99,0.001131131763105725,98.9274874469123,2,60.0
11819,Pacific Rim Vin de Glaci Rsl,C,374.75,25,14.99,0.0011308300072665613,98.92861827691956,2,112.0
5145,Malibu Island Spiced Rum,C,374.7,30,12.49,0.0011306791293469792,98.92974895604891,1,5.0
8616,Olmeca Altos Reposado,C,373.86,14,26.589999999999996,0.001128144380298003,98.93087710042921,1,7.0
41003,Yaegaki Nigori Sake,C,373.83,17,21.99,0.0011280538535462538,98.93200515428276,2,92.0
21502,Cambridge Chard Carneros,C,373.78,22,16.99,0.0011279029756266718,98.93313305725839,2,33.0
19003,Lange Pnt Gris Willamette,C,373.78,22,16.99,0.0011279029756266718,98.93426096023401,2,21.0
38198,La Carraia Orvieto Clsc,C,373.7,30,12.656666666666668,0.0011276615709553408,98.93538862180498,2,96.0
23510,Plantaze Vranac Montenegro,C,373.66,34,10.99,0.0011275408686196753,98.9365161626736,2,130.0
23877,Love Lane Carmenere,C,373.65999999999997,34,10.99,0.0011275408686196751,98.93764370354222,2,219.0
21534,Broadbent Vinho Verde Rose,C,371.69,31,11.99,0.0011215962785881472,98.93876529982082,2,410.0
34123,Freixenet Cordon Negro Brut,C,371.07000000000005,93,3.99,0.0011197253923853315,98.9398850252132,2,307.0
45059,Falesco Sangiovese Umbria,C,370.76,24,15.49,0.0011187899492839232,98.94100381516249,2,0.0
276,Bushmills Black Bush,C,369.90000000000003,10,36.99,0.0011161948490671142,98.94212001001155,1,19.0
18891,Churchill's Vintage Port 11,C,368.95,5,73.78999999999999,0.0011133281685950574,98.94323333818015,2,61.0
90010,Ch Smith Haut Lafitte 12,C,367.96,4,91.99,0.0011103407857873352,98.94434367896594,2,135.0
25512,Sbragia Cab Svgn Monte Rosse,C,367.92,8,45.99,0.0011102200834516697,98.94545389904938,2,36.0
27370,Sierra Cantabria Crianza,C,367.77,23,15.99,0.001109767449692924,98.94656366649907,2,33.0
24937,NH Winter Warmer Red,C,367.28999999999996,21,17.49,0.0011083190216649372,98.94767198552074,2,186.0
24118,Cecchi La Mora Morellino,C,366.77,23,15.918571428571429,0.0011067498913012854,98.94877873541205,2,120.0
4857,Skyy Infusions Grapefuit,C,366.3,370,0.99,0.0011053316388572152,98.9498840670509,1,791.0
44083,Wente Reliz Crk Pnt Nr,C,365.84999999999997,15,24.561428571428568,0.0011039737375809777,98.95098804078849,2,345.0
6768,Sutter Home Merlot Cal,C,365.39,61,5.99,0.001102585660720824,98.9520906264492,2,16.0
24246,Marco Barbanera Chianti DOCG,C,365.39,61,5.99,0.001102585660720824,98.95319321210992,2,
19834,Sauska Tokaji Aszu,C,364.95,5,72.99,0.001101257935028503,98.95429447004496,2,10.0
15037,Banfi Poggio Alle Mura Montl,C,364.95,5,72.24,0.001101257935028503,98.95539572797999,2,35.0
22819,Rozes Infanta Isabel 10 Yr,C,364.84999999999997,15,24.374615384615385,0.001100956179189339,98.95649668415918,2,28.0
21382,Barkan Clsc Merlot,C,363.74,26,13.990000000000002,0.0010976066893746204,98.95759429084855,2,300.0
16923,Ch Fonroque 09 Brdx St Emill,C,362.89000000000004,11,32.99,0.0010950417647417278,98.95868933261329,2,12.0
20515,Lions de Suduiraut Sauternes,C,360.80999999999995,19,18.99,0.0010887652432871192,98.95977809785657,2,100.0
25055,Jadot Echezeaux 13,C,359.98,2,179.99,0.0010862606698220593,98.9608643585264,2,5.0
2295,Balvenie 15 Yr Single Malt,C,359.96,4,89.99,0.0010862003186542265,98.96195055884505,1,0.0
3613,Bacardi Reserva Limitada,C,359.96,4,89.99,0.0010862003186542265,98.9630367591637,1,43.0
21478,Chateau Lascombes Margaux,C,359.95,5,71.99,0.0010861701430703102,98.96412292930677,2,1.0
24731,Masi Rsvra di Costasera Amar,C,359.94,6,59.989999999999995,0.0010861399674863938,98.96520906927425,2,2.0
2680,Tomatin Scotch 14Yr Portwood,C,359.94,6,59.99,0.0010861399674863938,98.96629520924174,1,295.0
23348,Neyers Vyds Chard Novillero,C,359.92,8,44.99,0.001086079616318561,98.96738128885805,2,
35896,Catena Alta Historic Rows CS,C,359.92,8,44.99,0.001086079616318561,98.96846736847436,2,101.0
14193,Veuve Clicquot Ylw Ice Lettr,C,359.92,8,44.99,0.001086079616318561,98.96955344809068,2,
23921,Landmark 12 Overlook Chard S,C,359.88,12,29.99,0.0010859589139828954,98.97063940700467,2,
41983,Ridge Znfdl Paso Robles,C,359.88,12,29.99,0.0010859589139828954,98.97172536591866,2,23.0
24528,Scott Family Est Pnt Nr Arro,C,359.84999999999997,15,23.99,0.001085868387231146,98.9728112343059,2,5.0
24243,Tenet Syrah The Pundit,C,359.82,18,19.99,0.0010857778604793972,98.97389701216638,2,29.0
18851,Atalon Pauline's Cuvee Red N,C,359.82,18,19.99,0.0010857778604793972,98.97498279002686,2,
16694,Adissat Cotes du Rhone,C,359.76,24,14.99,0.0010855968069758987,98.97606838683383,2,36.0
44783,Scagliola Dolcetto Sempre,C,359.76,24,14.99,0.0010855968069758987,98.9771539836408,2,13.0
20425,Fattoria Pagliaatura Verm 11,C,359.7,30,11.99,0.0010854157534724005,98.97823939939428,2,
19831,Cesari Boscarel,C,359.64,36,9.99,0.001085234699968902,98.97932463409425,2,122.0
24049,Ozeki Hana Awaka Sprkl Sake,C,359.6,40,8.989999999999998,0.0010851139976332368,98.98040974809189,2,156.0
35801,Penfolds Rawsons Shiraz/Cab,C,359.6,40,8.99,0.0010851139976332368,98.98149486208952,2,107.0
14929,Yellow Tail Moscato,C,359.54999999999995,45,7.989999999999999,0.0010849631197136546,98.98257982520923,2,30.0
38104,Canyon Oaks Chard Cal,C,359.4,60,5.99,0.0010845104859549088,98.98366433569518,2,54.0
38106,Canyon Oaks Merlot Cal,C,359.4,60,5.99,0.0010845104859549088,98.98474884618113,2,15.0
18748,Ca'Momi Bianco di Napa,C,356.46999999999997,43,8.29,0.0010756690398674078,98.985824515221,2,103.0
25789,Ch Pitot Brdx,C,355.69,31,11.51,0.0010733153443219297,98.98689783056533,2,49.0
45203,MezzaCorona Pnt Nr Dolomiti,C,355.25,45,7.896896551724137,0.0010719876186296089,98.98796981818396,2,348.0
11366,Two Oceans WestrnCape Shiraz,C,354.64,36,9.823333333333332,0.0010701469080107093,98.98903996509196,2,189.0
3147,Stolichnaya Chocolat Kokonut,C,354.42,358,0.99,0.0010694830451645487,98.99010944813713,1,69.0
23748,Ch Cantenac 12 Brown Margaux,C,353.94,6,58.989999999999995,0.0010680346171365622,98.99117748275427,2,36.0
25090,Jadot Ch des Jacques Fleurie,C,351.84,16,21.99,0.0010616977445141213,98.99223918049879,2,11.0
36541,Liberty Crk Prm RSV Wh Znfdl,C,351.56,44,7.99,0.0010608528281644623,98.99330003332695,2,17.0
11037,Beringer Classic Cab Svgn,C,351.48,52,6.813529411764706,0.0010606114234931313,98.99436064475044,2,655.0
22057,Le Macchiole Bolgheri Rosso,C,350.87,13,26.99,0.0010587707128742318,98.99541941546332,2,
17292,Defesa Rose Alentejo,C,350.73,27,12.99,0.0010583482546994024,98.99647776371802,2,182.0
5370,DiSaronno Rsva Ltd Edition,C,349.99,1,349.99,0.0010561152614895898,98.99753387897951,1,52.0
23750,Ch Clerc Milon 12 Pauillac,C,349.95,5,69.99,0.001055994559153924,98.99858987353866,2,3.0
6532,LeCompte Calvados 12 Yr Old,C,349.95,5,69.99,0.001055994559153924,98.99964586809782,1,
18317,Ch LaCroix Taillefer 09 Rom,C,349.95,5,69.99,0.001055994559153924,99.00070186265697,2,3.0
2230,Egan's Single Malt Irish Wh,C,349.93,7,49.99,0.0010559342079860914,99.00175779686495,1,58.0
90081,La Croix Beaucaillou 11 St J,C,349.93,7,49.99,0.0010559342079860914,99.00281373107293,2,18.0
10623,Querceto La Corte Toscana,C,349.93,7,49.99,0.0010559342079860914,99.00386966528092,2,135.0
18739,Robert Sinskey POV Napa Red,C,349.90000000000003,10,34.99,0.0010558436812343425,99.00492550896215,2,144.0
27556,Querceto Chianti Clsc RSV,C,349.86,14,24.99,0.0010557229788986768,99.00598123194105,2,1853.0
25014,Dom Tabordet Pouilly Fume,C,349.86,14,24.99,0.0010557229788986768,99.00703695491995,2,19.0
4545,Capel Premium Pisco,C,349.75,25,13.99,0.0010553910474755965,99.00809234596743,1,21.0
16178,Lobstah White,C,349.65,35,9.99,0.0010550892916364326,99.00914743525907,2,0.0
44413,Spasso Pnt Grigio Veneto,C,349.3,70,4.99,0.0010540331461993593,99.01020146840527,2,
2218,Glen Moray 16 Yr Old Scotch,C,347.94,6,57.99,0.0010499292667867307,99.01125139767205,1,6.0
14105,Cakebread Dancing Bear Cab S,C,344.96999999999997,3,114.99,0.001040967118363564,99.01229236479041,2,
14688,Ferrari-Carano RSV Chard,C,344.90999999999997,9,36.24,0.0010407860648600656,99.01333315085527,2,36.0
24033,Canyon Rd Svgn Bl,C,344.88,72,4.79,0.0010406955381083167,99.01437384639338,2,48.0
34388,Kesselstatt Rsl RK QbA Mosel,C,344.77,23,14.99,0.0010403636066852364,99.01541421000007,2,178.0
17503,Montes Twins Red,C,344.77,23,14.99,0.0010403636066852364,99.01645457360677,2,218.0
38945,Franzia Sangria Fruity Red,C,344.77,23,14.990000000000002,0.0010403636066852364,99.01749493721346,2,20.0
17932,Camp Meeting Ridge Chard,C,343.96,4,85.99,0.001037919384388009,99.01853285659784,2,17.0
25265,Brittan Vyds Chard Wlmete Vy,C,343.92,8,42.99,0.0010377986820523436,99.01957065527989,2,9.0
36572,Matanzas Creek Merlot Sonoma,C,343.84,16,21.49,0.0010375572773810124,99.02060821255728,2,10.0
21323,Rosatello Sweet Moscato,C,343.68,32,10.626363636363637,0.0010370744680383503,99.02164528702532,2,21.0
13565,Sartori Ferdi Bianco,C,343.57000000000005,43,7.99,0.0010367425366152702,99.02268202956193,2,
36852,Frey Znfdl Organic Mendocino,C,342.77,23,15.212222222222222,0.0010343284899019592,99.02371635805184,2,204.0
3564,Ciroc Amaretto Vodka,C,341.94,6,56.99,0.0010318239164368993,99.02474818196828,1,587.0
26247,Roederer Brut Premier,C,341.94,6,56.989999999999995,0.0010318239164368993,99.02578000588471,2,96.0
5685,P & J Cold Soaked Peaches,C,341.82,18,18.99,0.0010314618094299025,99.02681146769415,1,281.0
1762,Ole Smoky Blue Flame,C,341.82,18,18.99,0.0010314618094299025,99.02784292950358,1,2.0
25122,Kumeu River Village Chard,C,341.81,19,17.99,0.0010314316338459863,99.02887436113743,2,36.0
25418,Malamatina Retsina,C,341.43,57,5.989999999999999,0.0010302849616571634,99.02990464609908,2,129.0
15729,Copa di Vino Pnt Grigio,C,341.13,137,2.49,0.001029379694139672,99.03093402579323,2,0.0
14348,De Martino Carmenere Estate,C,340.69,31,10.99,0.0010280519684473508,99.03196207776168,2,131.0
27160,Vieux Telegraphe Chtnf Bl,C,339.95,5,67.99,0.0010258189752375383,99.03298789673691,2,10.0
2916,Royal Brackla 12 Yr Scotch,C,339.95,5,67.99,0.0010258189752375383,99.03401371571215,1,125.0
44714,Buehler Znfdl Napa,C,339.83,17,19.99,0.0010254568682305416,99.03503917258038,2,542.0
2813,Full Throttle Peach Whiskey,C,339.83,17,19.99,0.0010254568682305416,99.03606462944862,1,40.0
16583,Pali Huntington Pnt Nr,C,339.83,17,19.99,0.0010254568682305416,99.03709008631685,2,17.0
37798,Dr Frank Johannisberg Rsl,C,339.82,18,18.656666666666666,0.0010254266926466252,99.0381155130095,2,122.0
22905,Mercer Canyons Chard,C,339.5,50,6.79,0.001024461073961301,99.03913997408347,2,10.0
21121,Line 39 Cab Franc Cntrl Cst,C,338.69,31,10.847142857142858,0.0010220168516640738,99.04016199093513,2,6.0
41141,Ruffino Modus Toscana,C,337.87,13,25.99,0.00101954245378293,99.04118153338892,2,4.0
34022,Marcel Lapierre Morgon,C,337.87,13,25.99,0.00101954245378293,99.04220107584271,2,
24520,I Lauri Spumante Brut Rose,C,337.74,26,12.99,0.001019150171192017,99.0432202260139,2,243.0
24705,Kenwood Merlot Sonoma,C,337.74,26,12.99,0.001019150171192017,99.04423937618509,2,154.0
906,DeKuyper Watermelon Pucker,C,337.74,26,12.99,0.001019150171192017,99.04525852635628,1,62.0
17473,Loukatos Retsina,C,337.64,36,9.374615384615385,0.0010188484153528532,99.04627737477163,2,83.0
18529,Cupcake Moscato,C,337.59999999999997,40,8.406666666666666,0.0010187277130171877,99.04729610248465,2,101.0
24152,Grape Time Super Tuscan,C,337.25,25,13.49,0.0010176715675801141,99.04831377405223,2,166.0
3193,Absolut Wild Tea,C,336.77,23,14.684444444444445,0.0010162231395521276,99.04932999719179,1,
11397,Buried Cane Chard,C,336.72,28,12.037619047619048,0.0010160722616325457,99.05034606945343,2,199.0
23783,Pavillon du Ch Margaux 12 Ma,C,335.98,2,167.99,0.0010138392684227331,99.05135990872185,2,42.0
6520,LeCompte Calvados 5 Yr Old,C,335.94,6,55.99,0.0010137185660870677,99.05237362728793,1,33.0
42685,Alto Moncayo Garnacha,C,335.93,7,47.99,0.0010136883905031513,99.05338731567844,2,82.0
39234,Vidal Jackson-Triggs RSV Icw,C,335.84999999999997,15,22.389999999999997,0.0010134469858318201,99.05440076266427,2,43.0
4148,Fattoria de Limone,C,335.79,21,15.99,0.001013265932328322,99.0554140285966,1,285.0
22831,Grady Family Vyds Znfdl,C,335.76,24,13.99,0.0010131754055765726,99.05642720400218,2,
23891,Cycles Gladiator Cab Svgn,C,335.76,24,13.99,0.0010131754055765726,99.05744037940775,2,400.0
61,Margaritaville Silver,C,335.76,24,13.99,0.0010131754055765726,99.05845355481333,1,12.0
23966,Nortico Alvarinho,C,335.76,24,13.99,0.0010131754055765726,99.0594667302189,2,15.0
13867,Borealis Northern Whites,C,335.76,24,13.99,0.0010131754055765726,99.06047990562448,2,22.0
23126,Giorgio Carnevale Barbr Asti,C,335.72,28,11.99,0.0010130547032409071,99.06149296032771,2,233.0
4978,Jacquin Peach Brandy,C,335.68,32,10.49,0.0010129340009052417,99.06250589432862,1,63.0
16246,Domino Chard,C,335.58,42,7.99,0.0010126322450660775,99.06351852657369,2,53.0
17487,The Naked Grape Harvest Red,C,335.52,48,6.99,0.0010124511915625793,99.06453097776524,2,188.0
35905,Catena Alta Historic Malbec,C,334.93,7,47.59,0.0010106708321115127,99.06554164859736,2,25.0
23512,Plantaze Krstac Montenegro W,C,333.21,29,11.49,0.0010054806316778942,99.06654712922904,2,197.0
24180,Boscarelli Vino Nobile Monte,C,332.91,9,36.99,0.0010045753641604027,99.0675517045932,2,105.0
36859,Brancott Pnt Nr Marlboro,C,332.74,26,12.726842105263158,0.0010040623792338243,99.06855576697244,2,339.0
41144,Red Diamond Chard Wash,C,332.71,29,11.132857142857144,0.001003971852482075,99.06955973882492,2,246.0
24432,Tintero Langhe Arneis,C,332.63,37,8.99,0.001003730447810744,99.07056346927273,2,16.0
33216,Sycamore Lane Wh Znfdl Cal,C,331.11,39,8.49,0.0009991437590554531,99.07156261303179,2,132.0
19318,Ch Leoville-Barton Gr Cru 09,C,329.98,2,164.99,0.0009957339180729017,99.07255834694986,2,46.0
24281,Col D'Orcia Brunello Montalc,C,329.96999999999997,3,109.99,0.0009957037424889851,99.07355405069235,2,32.0
20465,Pali Wine Co Pnt Nr Durell,C,329.94,6,54.99,0.000995613215737236,99.07454966390809,2,62.0
35756,Ken Wright Freedom Hill Pnt,C,329.94,6,54.99,0.000995613215737236,99.07554527712382,2,27.0
24187,Mirafiore Nebbiolo Langhe,C,329.90000000000003,10,32.99,0.0009954925134015706,99.07654076963722,2,4.0
14141,Finca Decero Amano,C,329.9,10,32.99,0.0009954925134015706,99.07753626215062,2,
32803,Truchard Carneros Chard,C,329.89,11,29.99,0.000995462337817654,99.07853172448843,2,79.0
12388,Cecchi Chianti Clsc Rsv Fami,C,329.89,11,29.99,0.000995462337817654,99.07952718682624,2,10.0
22789,Bolla Prosecco 3pk/187mls,C,329.78000000000003,22,14.99,0.000995130406394574,99.08052231723264,2,
41372,Fleur Petite Sirah Californa,C,329.78000000000003,22,14.990000000000002,0.000995130406394574,99.08151744763903,2,106.0
973,Bacardi 1873 Solera Rum,C,329.78000000000003,22,14.99,0.000995130406394574,99.08251257804542,1,
34694,Valley of the Moon Pnt Bl,C,329.78,22,14.99,0.0009951304063945737,99.08350770845182,2,138.0
28146,Kris Heart Rosso,C,329.74,26,12.74,0.0009950097040589084,99.08450271815587,2,197.0
46299,Grayson Cellars Znfdl Cntl C,C,329.72,28,11.74,0.0009949493528910757,99.08549766750876,2,238.0
20429,Carpineto Montepulciano 11,C,329.7,30,10.99,0.0009948890017232427,99.08649255651048,2,0.0
39977,Little Penguin Cab Svgn Ausl,C,329.67,33,9.99,0.0009947984749714936,99.08748735498546,2,88.0
24361,JJ Prum Graacher Him Rsl Aus,C,328.93,7,46.99,0.000992565481761681,99.08847992046722,2,4.0
36079,Ch Giscours 10,C,327.96,4,81.99,0.0009896384501217916,99.08946955891734,2,2.0
39681,Jaume Serra Cristalino Brut,C,327.18,82,3.99,0.0009872847545763137,99.09045684367192,2,403.0
19798,Jadot Beaujolais Villages,C,327.18,82,3.9900000000000007,0.0009872847545763137,99.09144412842649,2,51.0
35075,Clos LaChance Chard,C,325.73,27,11.934444444444445,0.0009829092949084376,99.0924270377214,2,376.0
15951,Tenuta Sette Ponti Oreno,C,323.94000000000005,6,53.99,0.0009775078653874046,99.09340454558678,2,
2292,Glenrothes Single Malt Scot,C,323.93,7,46.27571428571429,0.0009774776898034882,99.09438202327658,1,20.0
20594,Fritz Pnt Nr RRV,C,323.88,12,26.99,0.0009773268118839062,99.09535935008846,2,
11749,Almaden Pnt Grigio B/B,C,323.82,18,17.99,0.000977145758380408,99.09633649584684,2,33.0
42934,Valckenberg Dornfelder,C,323.73,27,11.99,0.0009768741781251604,99.09731337002496,2,21.0
884,DeKuyper Orange Curacao,C,323.64,36,8.99,0.0009766025978699129,99.09828997262284,1,34.0
23832,Manon Rose de Provence,C,323.64,36,8.99,0.0009766025978699129,99.09926657522071,2,
38102,Canyon Oaks Cab Svgn Cal,C,323.46,54,5.99,0.0009760594373594179,99.10024263465807,2,46.0
25383,Von Winning Riesling Pfalz,C,322.83,17,18.99,0.0009741583755726856,99.10121679303364,2,24.0
18615,Ruca Malen Cab Svgn Rsv,C,322.80999999999995,19,16.99,0.0009740980244048528,99.10219089105804,2,78.0
14724,Tozai Blossom of Peace,C,322.80999999999995,19,16.99,0.0009740980244048528,99.10316498908244,2,79.0
26219,Gloria Ferrer Carneros Chard,C,322.80999999999995,19,16.99,0.0009740980244048528,99.10413908710684,2,87.0
1173,Woodford Rsv Cotton Restrant,C,321.93,7,45.99,0.0009714425730202109,99.10511052967986,1,
24451,Llopart Rose Cava Brut Rsva,C,321.86,14,22.99,0.0009712313439327964,99.1060817610238,2,234.0
24684,F Coppola Vendetta Cab/Malbc,C,321.86,14,22.99,0.0009712313439327964,99.10705299236774,2,115.0
23957,Angels & Cowboys Rose,C,321.77,23,13.99,0.0009709597636775488,99.10802395213142,2,5.0
11333,Herzog Kosher Cab Svgn,C,321.77,23,13.99,0.0009709597636775488,99.1089949118951,2,328.0
6394,Taylor Dry Sherry,C,321.77,23,13.990000000000002,0.0009709597636775488,99.10996587165877,2,45.0
18192,Joseph Phelps Insignia 09,C,319.99,1,319.99,0.0009655885097404321,99.11093146016852,2,
16155,Joseph Phelps Insignia 08,C,319.98,2,159.99,0.0009655583341565159,99.11189701850267,2,14.0
14333,Latour 07 Echezeaux Rouge,C,319.98,2,159.99,0.0009655583341565159,99.11286257683683,2,
15505,Mollydooker Carnival of Love,C,319.96,4,79.99,0.0009654979829886829,99.11382807481982,2,89.0
24933,Lancaster Est Cab Svgn,C,319.92,8,39.99,0.0009653772806530175,99.11479345210047,2,
19395,Adissat Gabrielle Ch du Pape,C,319.92,8,39.99,0.0009653772806530175,99.11575882938112,2,
44785,Scagliola Barbera D'Asti Frm,C,319.84,16,19.99,0.0009651358759816862,99.11672396525711,2,96.0
23902,Dom St Andrieu Rose CdP,C,319.8,20,15.99,0.0009650151736460208,99.11768898043076,2,94.0
8717,Sandeman Rainwater Madeira,C,319.8,20,15.99,0.0009650151736460208,99.1186539956044,2,149.0
44972,Mitolo Jester McLaren Shiraz,C,319.8,20,15.989999999999998,0.0009650151736460208,99.11961901077805,2,
22937,Tranzind Red Blend,C,319.8,20,15.99,0.0009650151736460208,99.1205840259517,2,60.0
20954,Moonlight Meadery Last Apple,C,319.8,20,15.99,0.0009650151736460208,99.12154904112535,2,6.0
6477,Avion Tequila 3/50ml Sampler,C,319.68,32,9.99,0.0009646530666390243,99.122513694192,1,395.0
43430,Mont Gras RSV Colch Carmener,C,319.68,32,9.99,0.0009646530666390243,99.12347834725864,2,98.0
18357,Cavit Alta Luna Phases Rosso,C,319.68,32,9.99,0.0009646530666390243,99.12444300032529,2,
46111,Meeker Mendocino Cab Svgn,C,319.68,32,9.99,0.0009646530666390243,99.12540765339193,2,
834,Bols Brown Creme de Cacao,C,319.68,32,9.99,0.0009646530666390243,99.12637230645858,1,69.0
35577,Laboure-Roi Pouilly Fuisse,C,319.68,32,9.99,0.0009646530666390243,99.12733695952522,2,
12690,Gramona Imperial Cava Gr Rsv,C,318.89,11,28.99,0.0009622691955096296,99.12829922872073,2,26.0
18628,Viberti Bricco Airoli,C,318.89,11,28.989999999999995,0.0009622691955096296,99.12926149791625,2,5.0
11207,Livon Pnt Grigio,C,318.8,20,15.913076923076924,0.0009619976152543822,99.1302234955315,2,135.0
13718,Redwood Creek Malbec,C,318.71000000000004,29,10.99,0.0009617260349991349,99.1311852215665,2,166.0
23963,Chiroubles Clos Les Farges,C,317.85999999999996,14,22.323333333333334,0.0009591611103662418,99.13214438267687,2,51.0
42789,Greg Norman Pnt Nr Cal Est,C,317.81,19,16.49,0.00095901023244666,99.13310339290932,2,45.0
24181,Constanti Brunello Montalcno,C,315.96,4,78.99,0.0009534277494221285,99.13405682065874,2,17.0
21041,Alexander Vly Vyds Merlot,C,315.79,21,15.073333333333332,0.0009529147644955501,99.13500973542324,2,154.0
11856,Albola Chianti,C,315.75,25,12.418571428571429,0.0009527940621598845,99.1359625294854,2,142.0
24725,Nozzole Vineto Il Pareto,C,314.95,5,62.99,0.0009503800154465737,99.13691290950085,2,25.0
22448,Jam Cab Svgn,C,314.84999999999997,15,20.99,0.0009500782596074096,99.13786298776046,2,384.0
20049,Tenuta Sant'Alfonso Chianti,C,314.79,21,14.99,0.0009498972061039115,99.13881288496655,2,
23196,Yellow Tail Sangria Bubbles,C,314.37,63,4.99,0.0009486298315794233,99.13976151479814,2,
16773,Hartford Court Pnt Nr RRV,C,312.91,9,34.74,0.0009442241963276309,99.14070573899447,2,31.0
3740,Kru Peach Mango Vodka,C,312.25,25,12.49,0.0009422326077891494,99.14164797160225,1,69.0
23288,Ch La Dame de Montrose 11 Es,C,311.94,6,51.99,0.0009412971646877415,99.14258926876694,2,
23773,Ch Prieure Lichine 12 Mrgx,C,311.94,6,51.99,0.0009412971646877415,99.14353056593163,2,19.0
2474,The Glenrothes Triple Pack,C,311.92,8,38.99,0.0009412368135199088,99.14447180274514,1,586.0
3203,Magellan Gin,C,311.88,12,25.99,0.0009411161111842431,99.14541291885632,1,1.0
8467,Capt Morgan White Coconut,C,311.85,315,0.99,0.0009410255844324941,99.14635394444076,1,44.0
23123,Federico Ferrero Chard Langh,C,311.76,24,12.99,0.0009407540041772466,99.14729469844494,2,225.0
12924,Cartlidge & Browne Pnt Nr,C,311.76,24,12.99,0.0009407540041772466,99.14823545244911,2,224.0
18450,Concannon Crimson & Clover,C,311.76,24,12.99,0.0009407540041772466,99.14917620645329,2,
14097,Bonny Doon Clos de Gilroy Rd,C,311.76,24,12.99,0.0009407540041772466,99.15011696045747,2,24.0
41377,Torres Sangre de Toro Catal,C,311.72,28,11.290000000000001,0.0009406333018415811,99.1510575937593,2,197.0
865,Montezuma Tequila White,C,311.61,39,7.99,0.0009403013704185008,99.15199789512972,1,43.0
833,Bols White Creme De Cacao,C,309.69,31,9.99,0.0009345076583065547,99.15293240278803,1,65.0
21427,Verde Sole Chard,C,309.69,31,9.99,0.0009345076583065547,99.15386691044633,2,22.0
12224,Banfi Centine Bianco Toscana,C,309.69,31,9.99,0.0009345076583065547,99.15480141810463,2,248.0
1025,Fulton's Harvest Pumpkin Liq,C,309.69,31,9.99,0.0009345076583065547,99.15573592576293,1,8.0
21429,Chateau Gazin Pomerol 11,C,307.96,4,76.99,0.0009292872822890198,99.15666521304522,2,12.0
2913,Spring 44 Gin,C,307.89,11,27.99,0.000929076053201605,99.15759428909841,1,12.0
2596,McIvor 12 Yr Old Scotch,C,307.78000000000003,22,13.99,0.000928744121778525,99.15852303322019,1,
23022,Jarhead Chard,C,307.78,22,13.99,0.0009287441217785248,99.15945177734197,2,148.0
40583,M Chiarlo Gavi Wh,C,307.72,28,10.99,0.0009285630682750267,99.16038034041024,2,54.0
38726,McWilliams Hanwood Cab Svgn,C,307.56,44,6.99,0.0009280802589323646,99.16130842066917,2,19.0
13550,Z Znfdl Tom Eddy,C,305.94,6,50.99,0.00092319181433791,99.16223161248351,2,92.0
19061,Ch Olivier Pessac-Leognan 10,C,305.94,6,50.99,0.00092319181433791,99.16315480429785,2,22.0
19247,Schug Sonoma Cnty Chard,C,305.83,17,17.99,0.0009228598829148296,99.16407766418077,2,26.0
20963,Stags Leap Hands of Time Chr,C,305.82,18,16.99,0.0009228297073309133,99.1650004938881,2,43.0
20788,Mt Tabor Galilee Chard,C,305.82,18,16.99,0.0009228297073309133,99.16592332359544,2,311.0
46555,Portillo Pnt Nr,C,305.66,34,8.99,0.0009223468979882512,99.16684567049343,2,64.0
18109,Clos du Bois Unoaked Chard,C,305.03,47,6.49,0.0009204458362015188,99.16776611632963,2,388.0
40926,Taylor Madeira NY,C,304.39,61,4.99,0.0009185145988308701,99.16868463092847,2,145.0
1066,DiSaronno Cavalli Glass Pack,C,303.85999999999996,14,21.682307692307692,0.0009169152928833015,99.16960154622134,1,
2584,JP Wiser's Spiced Vanilla,C,303.84,16,18.99,0.0009168549417154688,99.17051840116306,1,103.0
12477,Ch Lancyre Languedoc Rose,C,303.84,16,18.99,0.0009168549417154688,99.17143525610479,2,89.0
23799,Casa Silva Svgn Gris,C,303.81,19,15.99,0.0009167644149637199,99.17235202051975,2,71.0
10731,A Bichot Chard Bourgogne,C,303.81,19,15.99,0.0009167644149637199,99.17326878493472,2,241.0
1997,Charles Goodnight Bourbon,C,300.93,7,42.99,0.0009080738467958007,99.17417685878152,1,52.0
24930,L'Ecole No 41 Cab 12 Walla W,C,300.93,7,42.99,0.0009080738467958007,99.17508493262832,2,58.0
2458,Catskill Wicked White Whisky,C,300.8,20,15.042631578947368,0.0009076815642048877,99.17599261419252,1,209.0
2873,Tullibardine 25 YO Highland,C,299.99,1,299.99,0.0009052373419076604,99.17689785153443,1,36.0
86,Don Julio Real Tequila,C,299.99,1,299.99,0.0009052373419076604,99.17780308887635,1,18.0
2303,Glenfiddich Age of Discovery,C,299.98,2,149.99,0.0009052071663237439,99.17870829604267,1,
1891,Oban 18 Yr Single Malt,C,299.96999999999997,3,99.99,0.0009051769907398276,99.17961347303341,1,52.0
3573,Stoli Elite Vodka,C,299.96999999999997,3,99.99,0.0009051769907398276,99.18051865002415,1,65.0
21340,Flowers Sonoma Cst Pnt Nr,C,299.96999999999997,3,99.99,0.0009051769907398276,99.1814238270149,2,3.0
2670,Metze's Slct Indiana Bourbon,C,299.96,4,74.99,0.0009051468151559111,99.18232897383005,1,168.0
2637,The Feathery Blended Scotch,C,299.95,5,59.989999999999995,0.0009051166395719948,99.18323409046963,1,60.0
22398,Allegrini Sondraia,C,299.94,6,49.99,0.0009050864639880784,99.18413917693361,2,175.0
2577,Jack Daniels 2 Yr Rested Rye,C,299.94,6,49.99,0.0009050864639880784,99.1850442633976,1,
38632,Carpineto Cab Svgn Farnito,C,299.9,10,29.99,0.0009049657616524128,99.18594922915925,2,
21562,Talley Vyds Pnt Nr,C,299.9,10,29.99,0.0009049657616524128,99.1868541949209,2,60.0
46942,Atalon Cab Svgn Napa,C,299.9,10,29.99,0.0009049657616524128,99.18775916068255,2,28.0
8434,1800 Select Silver Tequila,C,299.9,10,29.99,0.0009049657616524128,99.1886641264442,1,0.0
956,Jose Cuervo Tradicional,C,299.9,10,29.99,0.0009049657616524128,99.18956909220584,1,14.0
45840,White Oak Merlot Napa,C,299.88,12,24.99,0.0009049054104845801,99.19047399761632,2,
44666,San Guido Sassicaia Guildal,C,299.88,12,24.99,0.0009049054104845801,99.1913789030268,2,
25016,Roger et Didier Raimbault Rs,C,299.88,12,24.99,0.0009049054104845801,99.19228380843728,2,
25154,Vina Cobos Cocodrilo Corte,C,299.88,12,24.99,0.0009049054104845801,99.19318871384776,2,72.0
14935,J Lohr Tower Road Petite Sir,C,299.85,15,19.99,0.0009048148837328309,99.1940935287315,2,3.0
2809,Full Throttle Blackberry,C,299.84999999999997,15,19.99,0.0009048148837328308,99.19499834361524,1,54.0
41304,Craggy Range Svgn Bl Marlbro,C,299.84999999999997,15,19.99,0.0009048148837328308,99.19590315849898,2,166.0
6416,La Fee NV Absinthe,C,299.84999999999997,15,19.99,0.0009048148837328308,99.19680797338272,1,
308,Barsol Primero Quebranta Pso,C,299.84999999999997,15,19.99,0.0009048148837328308,99.19771278826646,1,10.0
23991,Martin Ray 14 Rose of Pnt Nr,C,299.8,20,14.99,0.000904664005813249,99.19861745227227,2,31.0
20254,Avancia Cuvee De O Valdeoras,C,299.8,20,14.99,0.000904664005813249,99.19952211627809,2,16.0
323,Tequila Rose Strawberry Gift,C,299.79,21,14.290000000000001,0.0009046338302293327,99.20042675010832,1,16.0
15333,Maso Canali Pnt Grigio Coll,C,299.75,25,11.99,0.0009045131278936671,99.20133126323621,2,13.0
16753,Pennywise Pnt Nr,C,299.75,25,11.99,0.0009045131278936671,99.2022357763641,2,191.0
5056,Hiram Walker Pumpkin Spice,C,299.7,30,9.99,0.0009043622499740851,99.20314013861407,1,1.0
23793,Les Embruns Rose,C,298.77,23,12.99,0.0009015559206698613,99.20404169453474,2,14.0
929,DeKuyper Island Punch Pucker,C,298.77,23,12.99,0.0009015559206698613,99.2049432504554,1,89.0
7205,Woodstock Hot Licks,C,298.74,26,11.489999999999998,0.0009014653939181122,99.20584471584932,1,69.0
5384,Widow's Migaki Shochu,C,296.91,9,32.99,0.0008959432620614135,99.20674065911139,1,
23757,Ch Labegorce 12 Margaux,C,296.91,9,32.99,0.0008959432620614135,99.20763660237346,2,
2491,Catskill Defiant Rye,C,296.91,9,32.99,0.0008959432620614135,99.20853254563552,1,319.0
15367,Almirez 07 Tinta de Toro,C,296.89,11,26.99,0.0008958829108935807,99.20942842854642,2,42.0
23662,Dom Cachot Monot Ct Nuits,C,296.89,11,26.99,0.0008958829108935807,99.21032431145731,2,28.0
21078,Justin Obtuse,C,296.73,27,10.99,0.0008954001015509186,99.21121971155887,2,12.0
11156,Canyon Rd Wh Znfdl,C,296.66999999999996,33,8.99,0.0008952190480474202,99.21211493060692,2,57.0
24394,Dom Ch Moreau Chablis Les Cl,C,295.96,4,73.99,0.0008930765815893569,99.2130080071885,2,
16553,Zestos Garnacha,C,295.74,26,11.381304347826086,0.0008924127187431964,99.21390041990725,2,205.0
24097,Gallo Copperidge Chard Cal,C,295.26,74,3.99,0.0008909642907152099,99.21479138419797,2,35.0
34950,Ch Ste Michelle Col Solare R,C,294.95,5,58.99,0.0008900288476138018,99.21568141304557,2,18.0
25254,Ch des Perligues Graves,C,294.77,23,12.779473684210526,0.0008894856871033068,99.21657089873267,2,127.0
23661,Bouvier Morey St Denis Rue d,C,293.94,6,48.99,0.0008869811136382468,99.21745787984631,2,14.0
2978,Dark Corner Peach Shine,C,293.86,14,20.99,0.0008867397089669159,99.21834461955527,1,11.0
370,Finlandia Vodka,C,293.79,21,13.99,0.0008865284798795011,99.21923114803515,1,22.0
19189,Castello di Meleto Chianti,C,291.82,18,16.12333333333333,0.000880583889847973,99.220111731925,2,187.0
23474,Anew Rose,C,291.75,25,12.042631578947368,0.0008803726607605584,99.22099210458576,2,294.0
23351,Renwood California Znfdl,C,291.6,40,7.29,0.0008799200270018128,99.22187202461276,2,
16653,Quintessa Rutherford Red,C,289.98,2,144.99,0.0008750315824073581,99.22274705619517,2,38.0
22107,Emmolo Merlot,C,289.95,5,57.989999999999995,0.0008749410556556089,99.22362199725083,2,23.0
7931,Tooters Blu-D Kamikazi 15 Pk,C,289.71000000000004,29,9.99,0.0008742168416416157,99.22449621409247,1,481.0
43673,Blackstone Montry Pnt Grigio,C,288.73,27,10.723333333333333,0.0008712596344178098,99.22536747372689,2,116.0
13620,Columbia Winery Cab Svgn,C,288.59000000000003,21,13.590000000000002,0.0008708371762429806,99.22623831090313,2,108.0
19229,Capanna Brllo di Montalcino,C,287.96,4,71.99,0.0008689361144562481,99.22710724701759,2,
6411,Avion Reposado Tequila,C,287.94,6,47.99,0.0008688757632884153,99.22797612278087,1,268.0
7278,Mapple Jack Liquer,C,287.92,8,35.99,0.0008688154121205826,99.22884493819299,1,160.0
22768,Stags Leap Hand of Time Red,C,287.88,12,23.99,0.000868694709784917,99.22971363290277,2,6.0
403,Kahlua Midnight,C,287.88,12,23.99,0.000868694709784917,99.23058232761255,1,
43747,Terra D'Oro Pnt Grigio,C,287.76,24,11.99,0.0008683326027779204,99.23145066021533,2,12.0
16808,Flip Flop Cab Svgn,C,287.76,24,11.99,0.0008683326027779204,99.23231899281811,2,
39842,Kenwood Yulupa Chard Cal,C,287.67999999999995,32,8.99,0.0008680911981065891,99.23318708401621,2,26.0
21420,Round Hill Common Man Chard,C,287.64,36,7.989999999999999,0.0008679704957709237,99.23405505451198,2,60.0
8720,Arrow Blue Curacao,C,287.64,36,7.989999999999999,0.0008679704957709237,99.23492302500776,1,64.0
21419,Round Hill Comm Man Cab Svgn,C,287.64,36,7.989999999999999,0.0008679704957709237,99.23579099550354,2,36.0
19989,Querceto Sangiovese,C,287.64,36,7.99,0.0008679704957709237,99.23665896599931,2,124.0
20600,Felino Vino Cobos Chard,C,287.25,25,11.49,0.0008667936479981847,99.23752575964731,2,
25444,Calera Mt Harlan Chard,C,286.93,7,40.99,0.0008658280293128604,99.23839158767663,2,31.0
1042,Benchmark Egg Nog,C,286.59000000000003,41,6.99,0.0008648020594597032,99.23925638973608,1,
604,McCormick Silver Rum,C,286.59000000000003,41,6.99,0.0008648020594597032,99.24012119179554,1,110.0
15509,Mollydooker Maitre D Cab Svg,C,285.89,11,25.99,0.0008626897685855561,99.24098388156412,2,73.0
274,Old Bushmills,C,285.89,11,25.99,0.0008626897685855561,99.2418465713327,1,5.0
21196,Paul Hobbs Crossbarn Chard,C,285.89,11,25.99,0.0008626897685855561,99.24270926110128,2,72.0
2915,Pendleton Limited Edition,C,285.87,13,21.99,0.0008626294174177234,99.2435718905187,1,5.0
313,Rothman & Winter Violette,C,285.87,13,21.99,0.0008626294174177234,99.2444345199361,1,11.0
19150,Esclans Whispering Angel Ros,C,285.87,13,21.99,0.0008626294174177234,99.24529714935352,2,230.0
20008,Steele Out Kaste Lke Cty Red,C,285.87,13,21.99,0.0008626294174177234,99.24615977877093,2,34.0
39104,Olivier Chablis Savary,C,285.78,22,12.99,0.000862357837162476,99.2470221366081,2,1.0
17263,Lincourt Courtney's Chard,C,285.74,26,10.99,0.0008622371348268104,99.24788437374292,2,
898,Robert Sinskey Cab Svgn Stag,C,284.96999999999997,3,94.99,0.0008599136148652487,99.24874428735778,2,11.0
18424,Poggio Altero Antico Brunllo,C,284.95,5,56.99,0.000859853263697416,99.24960414062147,2,
37046,Truchard Znfdl,C,284.81,19,14.99,0.0008594308055225866,99.25046357142699,2,
18561,Carlo Rossi Moscato Sangria,C,284.81,19,14.990000000000002,0.0008594308055225866,99.25132300223251,2,15.0
16959,Ornellaia Bolgheri 09,C,283.98,2,141.99,0.0008569262320575266,99.25217992846457,2,
24578,Jean Laurent Blanc de Noirs,C,283.43,7,40.49,0.0008552665749421253,99.25303519503952,2,83.0
25104,Nickel&Nickel Truchard Chard,C,281.94,6,46.99,0.0008507704129385839,99.25388596545245,2,
25105,EnRoute Chard Brumaire RRV,C,281.94,6,46.99,0.0008507704129385839,99.2547367358654,2,72.0
1483,DeKuyper Cane Trial Pack,C,281.06,94,2.99,0.0008481149615539419,99.25558485082695,1,42.0
25341,Bollinger R.D. 2002,C,279.99,1,279.99,0.0008448861740748886,99.25642973700103,2,12.0
22935,Adelsheim Bryan Creek Pnt Nr,C,279.96,4,69.99,0.0008447956473231393,99.25727453264835,2,51.0
23130,Alexanders Crown Cab Svgn,C,279.96,4,69.99,0.0008447956473231393,99.25811932829568,2,63.0
2741,Scapa 10 Yr Old Single Malt,C,279.96,4,69.99,0.0008447956473231393,99.258964123943,1,10.0
23114,Patz & Hall Pnt Nr Sonoma Cs,C,279.93,7,39.99,0.0008447051205713903,99.25980882906357,2,129.0
21015,WindRacer RRV Chard,C,279.91999999999996,8,34.99,0.0008446749449874737,99.26065350400856,2,65.0
24387,Steph Avrn Julienas Vielles,C,279.86,14,19.99,0.0008444938914839756,99.26149799790004,2,65.0
5653,Kahlua Cinnamon Spice,C,279.85999999999996,14,19.99,0.0008444938914839754,99.26234249179151,1,119.0
12662,Castillo Monastrell Red,C,279.8,20,13.99,0.0008443128379804773,99.2631868046295,2,175.0
24335,Gran Passione Gavi,C,279.8,20,13.990000000000002,0.0008443128379804773,99.26403111746748,2,157.0
751,Sobieski Espresso Vodka,C,279.72,28,9.99,0.0008440714333091461,99.26487518890079,1,6.0
17019,Riebeek Cellars Cab Svgn,C,279.71999999999997,28,9.99,0.000844071433309146,99.2657192603341,2,11.0
45860,Canella Prosecco,C,279.44,56,4.99,0.0008432265169594872,99.26656248685106,2,68.0
22725,Adelsheim Chard Willmete Vly,C,275.88,12,22.99,0.000832484009085254,99.26739497086014,2,105.0
910,Goldschlager Cinnamon Schnps,C,275.88,12,22.99,0.000832484009085254,99.26822745486922,1,32.0
25161,Baron La Rose Bordeaux Blanc,C,275.77,23,11.99,0.0008321520776621737,99.26905960694688,2,138.0
46765,Tom Eddy Cab Svgn Napa,C,274.95000000000005,5,54.99,0.0008296776797810302,99.26988928462666,2,6.0
23338,Ch Talbot St Julien 11 GC,C,274.95,5,54.99,0.00082967767978103,99.27071896230643,2,1.0
24349,Fess Parker Pnt Nr Bien Naci,C,274.95,5,54.99,0.00082967767978103,99.27154863998621,2,4.0
21520,Merriam Cuvee Pnt Nr RRV,C,274.89,11,24.99,0.0008294966262775317,99.27237813661249,2,
18962,Clos du Bois Chard Calcaire,C,274.75,25,10.99,0.0008290741681027023,99.2732072107806,2,
22000,Cooks Brut,C,274.75,25,10.99,0.0008290741681027023,99.2740362849487,2,21.0
40366,Rochioli Svgn Bl RRV,C,272.93,7,38.99,0.0008235822118299201,99.27485986716054,2,19.0
23959,Thorn Napa Valley Merlot,C,272.93,7,38.99,0.0008235822118299201,99.27568344937238,2,123.0
25411,Artesa Rsv Chard,C,272.93,7,38.99,0.0008235822118299201,99.27650703158422,2,17.0
11703,Macchia Mischievous Znfdl Lo,C,272.87,13,20.99,0.0008234011583264219,99.27733043274254,2,64.0
24774,J Bouchon Canto Norte,C,272.79,21,12.99,0.0008231597536550908,99.2781535924962,2,149.0
4408,Screech Spiced Rum,C,272.79,21,12.99,0.0008231597536550908,99.27897675224985,1,127.0
2840,Revel Stoke Roasted Pecan,C,272.78999999999996,21,12.99,0.0008231597536550905,99.2797999120035,1,
24534,Joseph Drouhin Nuits St Geo,C,271.96,4,67.99,0.0008206551801900305,99.28062056718369,2,74.0
46371,Carlo Rossi RSV Cab Svgn Cal,C,271.84,16,16.99,0.000820293073183034,99.28144086025688,2,16.0
28252,Steele Pacini Mendocno Znfdl,C,271.84,16,16.99,0.000820293073183034,99.28226115333007,2,7.0
10870,Bouza Tannat Las Violetas,C,271.83,17,15.99,0.0008202628975991175,99.28308141622767,2,136.0
24938,NH Barnett Hill Dry White,C,271.83,17,15.989999999999998,0.0008202628975991175,99.28390167912528,2,200.0
18783,Herencia Altes Garnacha Negr,C,271.68,32,8.49,0.0008198102638403719,99.28472148938911,2,2.0
15888,R M Woodbridge Malbec,C,271.65999999999997,34,7.99,0.000819749912672539,99.28554123930179,2,7.0
21737,Paul Hobbs Beckstoffer Cab S,C,269.99,1,269.99,0.0008147105901585028,99.28635594989196,2,18.0
23746,Ch Brannon 12 Pessac-Leognan,C,269.97,3,89.99,0.00081465023899067,99.28717060013095,2,32.0
25018,L'Enclos de Viaud Lalande Po,C,269.90999999999997,9,29.99,0.0008144691854871714,99.28798506931643,2,35.0
25015,Ch Graves de Pez St Estephe,C,269.90999999999997,9,29.989999999999995,0.0008144691854871714,99.28879953850192,2,12.0
21441,Goulee Cos d'Estournel Medoc,C,269.9,10,26.99,0.0008144390099032551,99.28961397751182,2,2.0
25185,Black Pearl Oro,C,269.84999999999997,15,17.99,0.0008142881319836732,99.2904282656438,2,114.0
21284,Elk Cove Pinot Bl,C,269.84999999999997,15,17.99,0.0008142881319836732,99.29124255377577,2,30.0
17838,Alverez de Toledo Godello,C,269.73,27,9.99,0.0008139260249766767,99.29205647980075,2,92.0
6743,Antinori Orvieto Clsc Campo,C,266.79,21,12.3025,0.0008050544033052593,99.29286153420405,2,215.0
565,Bombay Dry Gin,C,266.37,13,20.49,0.000803787028780771,99.29366532123284,1,89.0
8976,Beat 3 White Kosher Whiskey,C,265.90999999999997,9,29.189999999999998,0.0008023989519206172,99.29446772018476,1,237.0
19233,Tasca D'Almerita Leone 11,C,265.86,14,18.99,0.0008022480740010353,99.29526996825875,2,14.0
43652,Barbera d'Alba Alessandria,C,265.85999999999996,14,18.99,0.0008022480740010351,99.29607221633275,2,94.0
39577,Aquinas Napa Chard,C,265.81,19,13.99,0.0008020971960814533,99.29687431352883,2,
24301,Mija Sangria,C,265.67,33,8.132857142857143,0.0008016747379066241,99.29767598826673,2,425.0
23763,Ch Marquis de Terme 12 Mrgx,C,264.95,5,52.99,0.0007995020958646441,99.29847549036259,2,24.0
3688,Bowman's Light Vodka,C,264.47,53,4.99,0.0007980536678366578,99.29927354403043,1,
8708,Kamchatka Vodka,C,264.18,42,6.29,0.0007971785759030824,99.30007072260634,1,51.0
33719,Dom Le Sang des Cailloux Va,C,263.92,8,32.99,0.0007963940107212564,99.30086711661706,2,202.0
11029,M Molitor Spatlese Mosel,C,263.9,10,26.434444444444445,0.0007963336595534236,99.3016634502766,2,25.0
16000,Drouhin Pouilly Fuisse,C,263.89,11,23.99,0.0007963034839695073,99.30245975376057,2,180.0
37008,Due Torri Pinot Grigio Dell,C,263.88,12,21.99,0.0007962733083855908,99.30325602706895,2,
24512,Tin Barn Cab Svgn Sonoma Cty,C,263.88,12,21.99,0.0007962733083855908,99.30405230037734,2,32.0
25748,Duca di Salaparuta Paso Mule,C,263.88,12,21.99,0.0007962733083855908,99.30484857368572,2,
5688,P & J Cold Soaked Peaches,C,263.8,20,13.190000000000001,0.0007960319037142599,99.30564460558944,1,27.0
19996,Inspired Red Blend CA,C,263.79,21,12.24,0.0007960017281303435,99.30644060731757,2,7.0
12536,La Garenne Entre Mer Wh,C,263.76,24,10.99,0.0007959112013785942,99.30723651851895,2,39.0
19653,Alias Cab Svgn,C,263.76,24,10.99,0.0007959112013785942,99.30803242972033,2,23.0
20730,Villa Jolanda Pineap Moscato,C,263.76,24,10.99,0.0007959112013785942,99.3088283409217,2,97.0
16539,Catalpa Chard,C,262.84999999999997,15,17.573333333333334,0.000793165223242203,99.30962150614495,2,312.0
25159,L'Eglise Saint-Hilaire Borde,C,261.78000000000003,22,11.823333333333332,0.0007899364357631499,99.31041144258072,2,79.0
21276,Silver Oak 05 Library Rls CS,C,259.98,2,129.99,0.0007845048306582005,99.31119594741138,2,
1248,Tullibardine Sauterne Finish,C,259.96,4,64.99,0.0007844444794903676,99.31198039189087,1,138.0
21434,Les Pagodes d Cos St Estephe,C,259.96,4,64.99,0.0007844444794903676,99.31276483637036,2,39.0
23680,A Bichot Cremant Brut Rose,C,259.87,13,19.99,0.0007841728992351201,99.3135490092696,2,83.0
1156,Old New England Egg Nog,C,259.8,20,12.99,0.0007839616701477055,99.31433297093974,1,2.0
39308,Rozes LBV 00 Porto,C,259.8,20,12.99,0.0007839616701477055,99.3151169326099,2,
24203,Vega Sindoa 14 Garnacha Nava,C,259.8,20,12.99,0.0007839616701477055,99.31590089428005,2,102.0
1007,12 Days of Pearls Gift Set,C,259.74,26,9.99,0.0007837806166442071,99.31668467489669,1,
41778,Stoneleigh Pnt Nr Marlboro,C,259.74,26,9.99,0.0007837806166442071,99.31746845551334,2,6.0
41612,Ridge Geyserville Znfdl,C,258.93,7,36.99,0.0007813363943469799,99.31824979190769,2,85.0
1148,Old New England Egg Nog,C,258.63,37,6.99,0.0007804311268294884,99.31903022303452,1,5.0
23194,Gary Farrell RRV Chard,C,255.92,8,31.99,0.0007722535435881478,99.3198024765781,2,114.0
27433,Emilio Lustau Fino Sherry,C,255.84,16,15.99,0.0007720121389168166,99.32057448871701,2,106.0
11306,Clos LaChance Cab Svgn,C,255.84,16,15.99,0.0007720121389168166,99.32134650085592,2,32.0
1328,Ole Smoky Peach Moonshine,C,255.84,16,15.99,0.0007720121389168166,99.32211851299483,1,
21117,Wicked Bright Pnt Gr Veneto,C,255.68,32,7.99,0.0007715293295741545,99.3228900423244,2,155.0
22944,Talbot St Julien 10,C,254.99,1,254.99,0.0007694472142839239,99.32365948953868,2,24.0
25062,Jadot Nuit St George 13,C,254.95,5,50.99,0.0007693265119482584,99.32442881605063,2,23.0
21384,Ch Ste Michelle Cold Ck Cab,C,254.91,9,28.589999999999996,0.0007692058096125928,99.32519802186025,2,16.0
13442,Puydeval VDP D'Oc Red Blend,C,254.85,15,16.99,0.0007690247561090945,99.32596704661636,2,32.0
3163,Three Olives Dude Vodka,C,254.83,17,14.99,0.0007689644049412617,99.3267360110213,1,
24700,Cavas Hill 1887 Brut Cava,C,254.82999999999998,17,14.99,0.0007689644049412616,99.32750497542624,2,97.0
11699,Lamberti Rose Sparkling,C,254.82999999999998,17,14.99,0.0007689644049412616,99.32827393983118,2,80.0
3707,Smirnoff Ruby Red Grapefruit,C,254.43,257,0.9899999999999999,0.0007677573815846061,99.32904169721276,1,
2498,Catskill Fearless Whiskey,C,253.93,7,36.27571428571429,0.0007662486023887869,99.32980794581515,1,289.0
42949,Kuentz Bas Alsace White,C,253.82,18,14.275714285714287,0.0007659166709657066,99.33057386248612,2,81.0
24791,St Mayhem Red Coffee & Peppe,C,252.89,11,22.99,0.0007631103416614827,99.33133697282778,2,
16140,Ravines Meritage,C,252.89,11,22.99,0.0007631103416614827,99.33210008316945,2,20.0
22456,L'Ecole No 41 Red Columbia V,C,252.89,11,22.99,0.0007631103416614827,99.33286319351112,2,39.0
45839,White Oak Chard RRV,C,252.89,11,22.99,0.0007631103416614827,99.33362630385278,2,109.0
18419,Mark West Pnt Nr Santa Lucia,C,252.81,19,13.99,0.0007628689369901517,99.33438917278977,2,
23469,Hugel Les Amours Pnt Bl,C,252.8,20,13.132857142857144,0.0007628387614062353,99.33515201155117,2,106.0
44992,R Mondavi RSV Cab Svgn,C,251.98,2,125.99,0.0007603643635250917,99.3359123759147,2,13.0
24732,Masi Serego Alighieri Vaio A,C,251.96,4,62.99,0.0007603040123572589,99.33667267992706,2,2.0
17323,Stonestreet Est Cab Svgn,C,251.94,6,41.99,0.0007602436611894261,99.33743292358825,2,21.0
25925,Bonny Doon Le Cigare Volant,C,251.92,8,31.49,0.0007601833100215934,99.33819310689827,2,
19157,Inman Family Endless Crush,C,251.90999999999997,9,27.99,0.0007601531344376769,99.33895326003271,2,
12684,Kim Crawford Pnt Gr Marlboro,C,251.85999999999999,14,17.99,0.000760002256518095,99.33971326228922,2,216.0
23823,Round Hill Cab Svgn,C,251.82,18,13.99,0.0007598815541824294,99.34047314384341,2,36.0
29469,Round Hill Merlot Cal,C,251.82,18,13.99,0.0007598815541824294,99.3412330253976,2,30.0
25017,Ch Tertre de Viaud C d Bourg,C,251.79,21,11.99,0.0007597910274306803,99.34199281642503,2,20.0
19746,Van Ruiten Family Cab Svgn,C,251.76,24,10.49,0.0007597005006789312,99.34275251692571,2,
6483,Fetzer Wh Znfdl Cal,C,251.72,28,8.99,0.0007595797983432657,99.34351209672406,2,139.0
16869,Cupcake Chianti,C,251.64,36,6.99,0.0007593383936719346,99.34427143511773,2,
6754,Livingston Chablis Cal,C,251.64,36,6.989999999999999,0.0007593383936719346,99.34503077351141,2,44.0
37156,Gekkeikan Sake Kobai Plm Cal,C,251.58,42,5.99,0.0007591573401684363,99.34578993085158,2,93.0
1667,Redbreast 21 Yr Old Irish,C,249.99,1,249.99,0.0007543594223257309,99.34654429027391,1,15.0
17598,Ch Ducru-Beaucalliou 09 Gr C,C,249.99,1,249.99,0.0007543594223257309,99.34729864969624,2,7.0
1106,Aberfeldy Single Cask,C,249.99,1,249.99,0.0007543594223257309,99.34805300911857,1,268.0
23294,Ch Echo de Lynch Bages Pa 11,C,249.95000000000002,5,49.99,0.0007542387199900655,99.34880724783856,2,1.0
23339,La Croix de Beaucaillou 11 S,C,249.95000000000002,5,49.99,0.0007542387199900655,99.34956148655856,2,13.0
13887,Nicolis Amarone Valpo Clsc,C,249.95000000000002,5,49.99,0.0007542387199900655,99.35031572527855,2,132.0
19988,Querceto Il Picchio Chianti,C,249.95000000000002,5,49.99,0.0007542387199900655,99.35106996399854,2,24.0
24322,Ch Phelan Segur St-Estphe 12,C,249.95,5,49.99,0.0007542387199900654,99.35182420271853,2,10.0
25140,Nicole Chanrion Cote de Brou,C,249.89999999999998,10,24.99,0.0007540878420704833,99.3525782905606,2,14.0
2779,Wicked 87 Whiskey,C,249.88,12,20.823333333333334,0.0007540274909026507,99.3533323180515,1,363.0
46923,Torrontes Jelu San Juan,C,249.82,18,13.656666666666666,0.0007538464373991523,99.3540861644889,2,131.0
7361,Bolla Soave,C,249.81,19,13.220769230769232,0.000753816261815236,99.35483998075073,2,107.0
23347,The Auctor Red Blend,C,249.75,25,9.99,0.0007536352083117377,99.35559361595904,2,
879,DeKuyper White Creme de Ment,C,249.75,25,9.99,0.0007536352083117377,99.35634725116735,1,26.0
1364,Bols Pumpkin Spice,C,249.75,25,9.99,0.0007536352083117377,99.35710088637566,1,1.0
24195,Casa E Mirafiori Barb d'Alba,C,248.91,9,27.24,0.0007511004592627612,99.35785198683493,2,22.0
12910,Drouhin Gevrey-Chambertin 13,C,247.96,4,61.99,0.0007482337787907045,99.35860022061372,2,72.0
16634,Cuvaison Carneros Pnt Nr,C,247.92,8,30.99,0.0007481130764550389,99.35934833369018,2,
600,McCormick Gin,C,247.86,34,7.29,0.0007479320229515407,99.36009626571312,1,113.0
36539,Liberty Creek Prem RSV Chard,C,247.69,31,7.99,0.0007474190380249621,99.36084368475115,2,293.0
18601,Bocelli Prosecco,C,246.86999999999998,13,18.99,0.0007449446401438184,99.36158862939129,2,197.0
41415,Crios Cab Svgn,C,246.81,19,12.99,0.0007447635866403202,99.36233339297793,2,74.0
29620,Schmitt Sohne Kabinett,C,246.81,19,12.99,0.0007447635866403202,99.36307815656457,2,141.0
18668,G Bertrand T Jeffrsn Cremant,C,246.81,19,12.99,0.0007447635866403202,99.36382292015121,2,
23660,Chapoutier Bel Cotes Rhn Ros,C,246.81,19,12.99,0.0007447635866403202,99.36456768373785,2,15.0
18583,Heidsieck Monopole Gold Top,C,244.95000000000002,5,48.99,0.0007391509280318724,99.36530683466587,2,112.0
20001,Soter Vyds North Vly Pnt Nr,C,244.93,7,34.99,0.0007390905768640396,99.36604592524273,2,30.0
21960,Le Grande Courtage Rose,C,244.44,36,6.79,0.0007376119732521366,99.36678353721598,2,59.0
2137,Glen Moray 10 Yr Chard Cask,C,242.94000000000003,6,40.49,0.000733085635664679,99.36751662285164,1,35.0
731,Black & White Scotch,C,242.90999999999997,9,26.99,0.0007329951089129296,99.36824961796056,1,11.0
25696,Bonny Doon Vin Gris de Cigar,C,242.73,27,8.99,0.0007324519484024347,99.36898206990897,2,94.0
41408,Tikal Patriota Mendoza Red,C,241.89000000000001,11,21.99,0.0007299171993534584,99.36971198710832,2,
4902,Ron Virgin Bold Coconut Rum,C,241.77999999999997,22,10.99,0.000729585267930378,99.37044157237625,1,99.0
18550,Merry Edwards Olivet Lane,C,239.97,3,79.99,0.0007241234872415122,99.3711656958635,2,4.0
24825,Anakota 11 Helena Montana CS,C,239.97,3,79.99,0.0007241234872415122,99.37188981935074,2,5.0
950,Mastersons 10 Yr Old Rye,C,239.96999999999997,3,79.99,0.0007241234872415121,99.37261394283799,1,4.0
2909,Lot No 40 Canadian Rye,C,239.96,4,59.99,0.0007240933116575959,99.37333803614965,1,92.0
21854,Signorello's Cab Svgn Napa,C,239.96,4,59.99,0.0007240933116575959,99.37406212946131,2,3.0
1225,Jack Daniels Holiday Slct 13,C,239.96,4,59.99,0.0007240933116575959,99.37478622277297,1,
17346,Ridge Estate Merlot,C,239.95000000000002,5,47.99,0.0007240631360736795,99.37551028590904,2,47.0
41978,Ridge Santa Cruz Mt Chard,C,239.95000000000002,5,47.99,0.0007240631360736795,99.37623434904512,2,36.0
22596,Erath Leland Pnt Nr,C,239.94,6,39.99,0.000724032960489763,99.37695838200561,2,11.0
27907,Sonoma-Cutrer Pierres Chard,C,239.94,6,39.99,0.000724032960489763,99.3776824149661,2,
25130,Stratus Cab Franc VQA,C,239.92,8,29.99,0.0007239726093219303,99.37840638757542,2,9.0
543,Berkshire Mtn Ethereal Gin,C,239.92,8,29.99,0.0007239726093219303,99.37913036018475,1,38.0
43237,Acorn Alegria Vyds Cab Franc,C,239.92,8,29.99,0.0007239726093219303,99.37985433279407,2,25.0
35714,Miner Chard Napa,C,239.92,8,29.99,0.0007239726093219303,99.38057830540339,2,
18573,Mulderbosch Faithful Hound,C,239.88,12,19.99,0.0007238519069862648,99.38130215731037,2,
14661,Dom Serene Evenstad Pnt Nr,C,239.88,12,19.99,0.0007238519069862648,99.38202600921736,2,
23926,St Paul's Pnt Nr Alto Aldige,C,239.88,12,19.99,0.0007238519069862648,99.38274986112434,2,
24559,Dom Janasse Terre d'Argile,C,239.87999999999997,12,19.99,0.0007238519069862646,99.38347371303132,2,
17063,Ch Tanunda Gr Barossa Cab Sv,C,239.85999999999999,14,17.171818181818182,0.000723791555818432,99.38419750458714,2,194.0
13181,Alpataco Pnt Nr,C,239.85,15,15.99,0.0007237613802345156,99.38492126596736,2,1.0
23632,Firesteed Wines Rose Pnt Nr,C,239.85,15,15.99,0.0007237613802345156,99.38564502734759,2,98.0
35392,Tohu Chard Marlborough NZ,C,239.85,15,15.99,0.0007237613802345156,99.38636878872782,2,151.0
21413,Ch de Berne Rose,C,239.84,16,14.99,0.0007237312046505992,99.38709251993247,2,
21103,Farnum Hill Dooryard Still,C,239.8,20,11.990000000000002,0.0007236105023149338,99.38781613043479,2,21.0
43380,Edna Valley San Luis Obs Mer,C,239.8,20,11.99,0.0007236105023149338,99.3885397409371,2,28.0
837,Bols Creme de Banana,C,239.76000000000002,24,9.99,0.0007234897999792683,99.38926323073709,1,59.0
25919,Hogue Clrs Merlot Wash,C,239.76,24,9.99,0.0007234897999792682,99.38998672053707,2,7.0
12757,Graffigna Centenario Pnt Gri,C,239.76,24,9.99,0.0007234897999792682,99.39071021033705,2,92.0
45866,Jose Maria de Fonseca Periq,C,239.76,24,9.99,0.0007234897999792682,99.39143370013703,2,92.0
11433,Undone Pnt Nr,C,239.76,24,9.99,0.0007234897999792682,99.39215718993701,2,4.0
14654,Arrogant Frog Chardonnay,C,239.76,24,9.99,0.0007234897999792682,99.39288067973699,2,
39997,Tisdale Merlot Cal,C,239.4,60,3.9900000000000007,0.0007224034789582782,99.39360308321595,2,
13784,Churchills 10 Yr Tawny Port,C,238.91,9,25.99,0.0007209248753463753,99.3943240080913,2,17.0
24261,Red Car Chard Sonoma Cst,C,237.93000000000004,7,33.99,0.0007179676681225695,99.39504197575943,2,31.0
258,Ciroc Coconut Vodka,C,237.93,7,33.99,0.0007179676681225695,99.39575994342755,1,21.0
38407,Simi RSV Chard RRV,C,237.83,17,13.99,0.0007176659122834058,99.39647760933984,2,
19489,Heavyweight Cab Svgn,C,237.82999999999998,17,13.99,0.0007176659122834056,99.39719527525213,2,31.0
21169,Honoro Vera Organic Jumilla,C,237.72,28,8.49,0.0007173339808603255,99.39791260923299,2,28.0
15605,La Mondotte 08 St Emilion,C,235.99,1,235.99,0.0007121136048427907,99.39862472283784,2,13.0
24027,Hess Coll Small Block Malbec,C,235.96,4,58.99,0.0007120230780910416,99.39933674591593,2,26.0
19265,Tom Eddy Mt Veeder Cab S Rsv,C,233.96999999999997,3,77.99,0.0007060181368916806,99.40004276405283,2,0.0
41485,Newton Unfiltered Chard,C,233.94,6,38.99,0.0007059276101399315,99.40074869166297,2,1.0
25183,Brewer-Clifton Sta. Rita Pnt,C,233.94,6,38.99,0.0007059276101399315,99.40145461927311,2,34.0
21081,Martinelli Belle Vigna Pnt N,C,233.94,6,38.99,0.0007059276101399315,99.40216054688325,2,50.0
25020,Ch de Pierreux Brouilly Rsv,C,233.91,9,25.99,0.0007058370833881824,99.40286638396664,2,37.0
14195,Twomey Svgn Bl Napa,C,233.90999999999997,9,25.99,0.0007058370833881823,99.40357222105003,2,223.0
13669,Folk Machine Pnt Nr,C,233.88,12,19.49,0.0007057465566364332,99.40427796760666,2,19.0
17361,Grateful Red Redhawk Pnt Nr,C,233.86999999999998,13,17.99,0.0007057163810525168,99.40498368398771,2,84.0
23987,Gerard Bertrand 14 Gris Bl,C,233.82,18,12.99,0.0007055655031329348,99.40568924949085,2,566.0
3186,Smirnoff Mango Vodka,C,233.82,18,12.99,0.0007055655031329348,99.40639481499399,1,
882,DeKuyper Hot Damn Cinnamon,C,233.82,18,12.99,0.0007055655031329348,99.40710038049713,1,44.0
21517,Riunite Lambrusco Cuties,C,233.70000000000002,30,7.79,0.0007052033961259383,99.40780558389325,2,73.0
16232,Blackstone Delectable Red,C,232.78,22,10.5525,0.0007024272424056308,99.40850801113565,2,124.0
21533,10 Span Pnt Nr CC,C,232.19,31,7.489999999999999,0.000700646882954564,99.40920865801861,2,35.0
21461,Ch Rayne Vigneau Sauternes,C,231.96,4,57.99,0.0006999528445244871,99.40990861086314,2,87.0
21166,La Crema Pnt Nr Williamette,C,231.92,8,28.99,0.0006998321421888215,99.41060844300533,2,11.0
18900,Anderra Cab Svgn,C,231.78,22,10.519411764705882,0.0006994096840139923,99.41130785268935,2,267.0
12253,Cecchi Natio Organic Chianti,C,231.71,29,7.99,0.0006991984549265775,99.41200705114427,2,
18963,Ruca Malen Yauquen Bonarda,C,231.71,29,7.99,0.0006991984549265775,99.4127062495992,2,
24452,Vega Sindoa 14 Chard Navarra,C,230.79000000000002,21,10.99,0.00069642230120627,99.4134026719004,2,89.0
41627,Heron Chard Cal,C,230.78,22,10.49,0.0006963921256223536,99.41409906402602,2,1.0
23694,Dom Perignon Rose,C,229.99,1,229.99,0.0006940082544929591,99.41479307228052,2,
22073,Opus One 11,C,229.99,1,229.99,0.0006940082544929591,99.41548708053502,2,
23938,Alphonse Dolly Pouilly-Fume,C,229.89999999999998,10,22.99,0.0006937366742377116,99.41618081720925,2,76.0
42691,Las Brisas Rueda Wh,C,229.82,18,12.80818181818182,0.0006934952695663805,99.41687431247883,2,145.0
24408,Chapelle de Bastion Picpoul,C,229.77,23,9.99,0.0006933443916467987,99.41756765687047,2,149.0
17372,Mionetto Il Spriz,C,229.77,23,9.99,0.0006933443916467987,99.41826100126212,2,
10030,Pacifico Sur Pnt Nr Rsv,C,229.74,26,8.720769230769232,0.0006932538648950495,99.41895425512702,2,149.0
33586,Fattoria Del Cerro Vino Nob,C,229.33,17,13.49,0.0006920166659544777,99.41964627179297,2,
33966,Prunotto Barbaresco,C,227.96,4,56.99,0.0006878826109579328,99.42033415440393,2,69.0
44764,Poggio Amorelli Chianti Clsc,C,227.88,12,18.99,0.0006876412062866016,99.42102179561022,2,
2213,King Robert II Scotch Whisky,C,227.87999999999997,12,18.99,0.0006876412062866015,99.4217094368165,1,
45647,Masciarelli Rose d'Abruzzo,C,227.81,19,11.99,0.0006874299771991871,99.4223968667937,2,181.0
28578,Stella Pinot Grigio Umbria,C,227.81,19,11.99,0.0006874299771991871,99.42308429677091,2,36.0
607,Schmitt Sohne Funf Rsl,C,227.78,22,10.253157894736843,0.0006873394504474378,99.42377163622136,2,184.0
529,Desert Island Iced Tea,C,225.99,31,7.29,0.0006819380209264048,99.42445357424229,1,51.0
24819,Brancaia Blu Rosso Toscana,C,224.97,3,74.99,0.0006788601113669334,99.42513243435366,2,32.0
11279,Cabreo Il Borgo Toscana,C,224.95000000000002,5,44.99,0.0006787997601991006,99.42581123411385,2,5.0
21634,Estancia Rsv Meritage Paso R,C,224.95000000000002,5,44.99,0.0006787997601991006,99.42649003387405,2,
10359,Adelsheim Elizbth RSV Pnt Nr,C,224.95,5,44.99,0.0006787997601991006,99.42716883363424,2,39.0
23326,Ch Bernadotte Haut-Medoc 11,C,224.90999999999997,9,24.99,0.000678679057863435,99.42784751269211,2,75.0
23069,Delamotte Bl de Bl Brut,C,224.90999999999997,9,24.99,0.000678679057863435,99.42852619174998,2,64.0
19946,Dolin Sweet White Vermouth,C,224.85000000000002,15,14.99,0.0006784980043599368,99.42920468975434,2,12.0
37249,Nova Norma Jeane Merlot,C,224.85,15,14.99,0.0006784980043599367,99.4298831877587,2,558.0
21814,Hartford OV Znfdl RRV,C,223.92999999999998,7,31.99,0.0006757218506396293,99.43055890960935,2,70.0
37940,Staglin Salus Rthfd Chard,C,223.92999999999998,7,31.99,0.0006757218506396293,99.43123463145999,2,
25257,Ch Boston Margaux,C,223.92999999999998,7,31.99,0.0006757218506396293,99.43191035331063,2,65.0
13287,Ferrer Bobet Priorat,C,223.92999999999998,7,31.99,0.0006757218506396293,99.43258607516127,2,
15651,Villa d Anges Old Vines Rose,C,223.84,16,13.99,0.0006754502703843818,99.43326152543165,2,160.0
31978,Casa Lapostolle Merlot Chile,C,223.84,16,13.99,0.0006754502703843818,99.43393697570203,2,
634,Cruzan Aged Light Rum,C,223.84,16,13.99,0.0006754502703843818,99.4346124259724,1,83.0
10722,R M Woodbridge Chard,C,223.72,28,7.989999999999999,0.0006750881633773852,99.43528751413578,2,225.0
43785,Newton Merlot Napa Unfilterd,C,221.94,6,36.99,0.0006697169094402684,99.43595723104522,2,
12204,Dragani Mntplcno d'Abruzzo,C,221.63,37,5.99,0.0006687814663388606,99.43662601251157,2,34.0
20192,Byrrh Apertif,C,220.87,13,16.99,0.0006664881219612151,99.43729250063353,2,
24998,Royal Tokaji Mad Cuvee,C,220.86999999999998,13,16.99,0.0006664881219612151,99.4379589887555,2,22.0
605,Alate Kosher Wine,C,220.86999999999998,13,16.99,0.0006664881219612151,99.43862547687746,2,216.0
25381,Selbach-Oster Riesling,C,220.86999999999998,13,16.99,0.0006664881219612151,99.43929196499943,2,1.0
4399,Screech Honey Rum,C,220.83,17,12.99,0.0006663674196255497,99.43995833241905,1,63.0
17293,Defesa Branco White Alentejo,C,220.83,17,12.990000000000002,0.0006663674196255497,99.44062469983868,2,129.0
24178,Ch Alie d'Argent Mout-Rth 12,C,219.98,2,109.99,0.0006638024949926568,99.44128850233368,2,48.0
16896,Nicolas Catena Zapata Mendza,C,219.98,2,109.99,0.0006638024949926568,99.44195230482867,2,74.0
20075,Rampolla Sammarco Toscna IGT,C,219.96,4,54.99,0.0006637421438248241,99.4426160469725,2,1.0
2058,Booth's Cask Mellowed Gin,C,219.95000000000002,5,43.99,0.0006637119682409078,99.44327975894075,1,17.0
21160,Nyers Vyds Vista Luna Znfdl,C,219.89999999999998,10,21.99,0.0006635610903213256,99.44394332003107,2,223.0
24288,Olivier & Lafont Ventoux Bl,C,219.8,20,10.99,0.0006632593344821618,99.44460657936555,2,296.0
17863,Tommasi Poggio Tufo Cab Svgn,C,219.78,22,9.99,0.0006631989833143291,99.44526977834887,2,
635,Sobieski Raspberry Vodka,C,219.78,22,9.99,0.0006631989833143291,99.44593297733219,1,6.0
41532,Yellow Tail Shiraz/Grenache,C,219.65,23,9.55,0.0006628067007234161,99.44659578403291,2,8.0
17069,Tangent Albarino,C,218.31,19,11.49,0.0006587631724786204,99.44725454720539,2,23.0
2611,Dewar's 15 Yr Old Rsv,C,217.96,4,54.49,0.0006577070270415468,99.44791225423243,1,160.0
46583,Errazuriz Max Fndrs RSV,C,215.96999999999997,3,71.99,0.000651702085842186,99.44856395631828,2,42.0
23193,Martinelli Vellu Ranch Znfdl,C,215.96,4,53.99,0.0006516719102582697,99.44921562822854,2,77.0
18645,Michael David Inkblot Tannat,C,215.94,6,35.99,0.000651611559090437,99.44986723978764,2,
24167,Giacomo Borgogno & Figli Neb,C,215.94,6,35.99,0.000651611559090437,99.45051885134673,2,
45710,Ferrari-Carano Terre Chard,C,215.94,6,35.99,0.000651611559090437,99.45117046290582,2,
46147,Calandray RSV Cotes Roussiln,C,215.88,12,17.99,0.0006514305055869386,99.4518218934114,2,
23934,Talmard Macon Chard,C,215.88,12,17.99,0.0006514305055869386,99.45247332391699,2,24.0
21822,Tenuta S Anna Ex Dry Prsecco,C,215.88,12,17.99,0.0006514305055869386,99.45312475442257,2,
14834,White Elephant Vinum Cellars,C,215.88,12,17.99,0.0006514305055869386,99.45377618492816,2,30.0
16529,Naveran Cava Brut,C,215.88,12,17.99,0.0006514305055869386,99.45442761543374,2,43.0
22262,Meinklang Pnt Nr,C,215.88,12,17.99,0.0006514305055869386,99.45507904593933,2,
46394,Hullabaloo Znfdl Napa,C,215.88,12,17.99,0.0006514305055869386,99.45573047644491,2,
22821,Corvo Pnt Grigio,C,215.82,18,11.99,0.0006512494520834404,99.456381725897,2,126.0
45745,Fess Parker Frontier Red Cal,C,215.82,18,11.99,0.0006512494520834404,99.4570329753491,2,46.0
19700,Heinrich Vollmer Riesling,C,215.82,18,11.99,0.0006512494520834404,99.45768422480118,2,6.0
10706,Brownstone Merlot Cal,C,215.76,24,8.99,0.0006510683985799419,99.45833529319977,2,8.0
23861,Concannon Founder Chard,C,215.76,24,8.99,0.0006510683985799419,99.45898636159835,2,72.0
8501,Mother's Pumpkn Spice Liquer,C,215.76,24,8.99,0.0006510683985799419,99.45963742999693,1,66.0
39843,Kenwood Yulupa Merlot Cal,C,215.76,24,8.99,0.0006510683985799419,99.46028849839551,2,4.0
24752,A Bichot Petit Chablis,C,215.76,24,8.99,0.0006510683985799419,99.4609395667941,2,0.0
28753,Round Hill Common Man Merlot,C,215.76,24,8.99,0.0006510683985799419,99.46159063519268,2,36.0
7874,Sutter Home Cab Svgn,C,215.64,36,5.99,0.0006507062915729453,99.46224134148424,2,11.0
16290,Canyon Rd Moscato,C,215.54999999999998,45,4.79,0.0006504347113176978,99.46289177619556,2,41.0
694,Hiram Walker Creme de Cassis,C,215.54,26,8.29,0.0006504045357337815,99.4635421807313,1,35.0
8422,Paul Masson Carafe Wh Znfdl,C,215.51999999999998,48,4.49,0.0006503441845659486,99.46419252491586,2,12.0
22820,Rozes Vintage 2000 Old Port,C,214.95000000000002,5,42.99,0.0006486241762827148,99.46484114909214,2,99.0
16200,Gramona Lustros Gr Rsva Cava,C,214.95000000000002,5,42.99,0.0006486241762827148,99.46548977326842,2,17.0
18044,Ch Dauzac Margaux,C,214.95,5,42.99,0.0006486241762827147,99.4661383974447,2,
23965,Dom le Clos des Lumieres CdR,C,214.86999999999998,13,16.626363636363635,0.0006483827716113836,99.46678678021631,2,105.0
2027,Mayfair London Dry Gin,C,213.91,9,23.767777777777777,0.0006454859155554106,99.46743226613187,1,
20002,Soter Vyds Mineral Springs P,C,211.96,4,52.99,0.0006396016766917154,99.46807186780856,2,10.0
24567,Ravenswood Mendocino OV Znfd,C,211.86999999999998,13,16.24,0.0006393300964364678,99.468711197905,2,245.0
20056,Ch Rauzan-Segla 10 Brdx,C,209.99,1,209.99,0.0006336570866601873,99.46934485499166,2,107.0
23391,Trombetta Family Pnt Nr Gaps,C,209.96999999999997,3,69.99,0.0006335967354923545,99.46997845172716,2,9.0
31176,Penfld Bin 407 Cab Svgn Ausl,C,209.96999999999997,3,69.99,0.0006335967354923545,99.47061204846266,2,11.0
23410,Trinchero Clouds Nest Cab Sv,C,209.96999999999997,3,69.99,0.0006335967354923545,99.47124564519815,2,
2776,Brenne French Sng Mlt Whisky,C,209.95000000000002,5,41.99,0.0006335363843245218,99.47187918158248,1,
22012,Vieux Clocher Chateauneuf Du,C,209.94,6,34.99,0.0006335062087406054,99.47251268779122,2,6.0
12592,Ravenswood Big River Znfdl,C,209.93,7,29.99,0.0006334760331566891,99.47314616382438,2,18.0
165,Gentleman Jack Gift Pack,C,209.92999999999998,7,29.99,0.000633476033156689,99.47377963985754,1,
15838,Ravines Finger Rsl Lakes,C,209.87,13,16.171818181818182,0.0006332949796531907,99.47441293483719,2,44.0
18844,Alberto Furque Malbec Mendoz,C,209.85999999999999,14,14.99,0.0006332648040692742,99.47504619964126,2,
22422,Stephanie-Aviron Bjls Vlg 12,C,209.85,15,13.99,0.0006332346284853579,99.47567943426974,2,32.0
21615,Moonstone Coc Lemongras Sake,C,209.70000000000002,30,6.99,0.0006327819947266122,99.47631221626446,2,112.0
8909,Carlo Rossi Chablis Calif,C,209.7,30,6.99,0.0006327819947266121,99.47694499825919,2,28.0
1972,Admiral Nelson Egg Nog,C,209.7,30,6.99,0.0006327819947266121,99.47757778025391,1,
8043,Bols Triple Sec,C,209.65,35,5.99,0.0006326311168070302,99.47821041137071,1,14.0
34841,Hopler Pnt Bl,C,208.89,11,18.99,0.0006303377724293848,99.47884074914315,2,106.0
24486,Farmstead Long Meadow Chard,C,208.89,11,18.99,0.0006303377724293848,99.47947108691558,2,210.0
1026,Ole Smoky Apple Pie Pour Pak,C,208.89,11,18.99,0.0006303377724293848,99.48010142468802,1,5.0
23945,Ch Haut Piquat 09,C,208.89,11,18.99,0.0006303377724293848,99.48073176246045,2,
23513,Plantaze Merlot Montenegro W,C,208.81,19,10.99,0.0006300963677580538,99.48136185882821,2,176.0
8618,Olmeca Altos Plata Blanco,C,207.92,8,25.99,0.0006274107407894954,99.481989269569,1,14.0
20520,La Croix de Carbonnieux Blnc,C,207.92,8,25.99,0.0006274107407894954,99.48261668030979,2,49.0
24554,Merieau L'Arpent des Vaudons,C,207.84,16,12.99,0.0006271693361181645,99.4832438496459,2,53.0
25203,Aveleda Follies,C,207.84,16,12.99,0.0006271693361181645,99.48387101898201,2,79.0
19763,M D 20/20 Coco Loco,C,207.48000000000002,52,3.99,0.0006260830150971745,99.4844971019971,2,205.0
18265,Gianni Gagliardo Barolo S 07,C,206.96999999999997,3,68.99,0.0006245440603174386,99.48512164605742,2,9.0
18838,Ty Ku Coconut Nigori,C,206.81,19,10.872352941176471,0.0006240612509747766,99.4857457073084,2,136.0
44613,Bodegas Borsao 14 Rose,C,206.77,23,8.99,0.0006239405486391112,99.48636964785703,2,41.0
19832,Altadonna Vermentino,C,206.77,23,8.99,0.0006239405486391112,99.48699358840567,2,
19158,Dom de La Petite Cassagne,C,205.83,17,12.275714285714287,0.0006211040437509709,99.48761469244941,2,28.0
22228,Luiano Ottantuno Chianti,C,204.95000000000002,5,40.99,0.0006184485923663289,99.48823314104177,2,54.0
451,Hiram Walker Triple Sec,C,204.59,41,4.99,0.000617362271345339,99.48885050331312,1,25.0
18636,Castello di Cacchiano Rosso,C,203.88,12,16.99,0.0006152198048872755,99.489465723118,2,373.0
20488,Abadia de la Oliva Blanca,C,203.88,12,16.99,0.0006152198048872755,99.49008094292289,2,
4043,Calico Jack Cherry Rum,C,203.88,12,16.99,0.0006152198048872755,99.49069616272777,1,
19251,Bonterra Pnt Nr,C,203.88,12,16.99,0.0006152198048872755,99.49131138253266,2,3.0
11078,Chenin Bl K Forrester Stlnbh,C,203.88,12,16.99,0.0006152198048872755,99.49192660233754,2,
8327,Jose Cuervo Silver w/Marg Mx,C,203.88,12,16.99,0.0006152198048872755,99.49254182214243,1,19.0
16172,Ch Lamothe de Haux Brdx Red,C,203.88,12,16.99,0.0006152198048872755,99.49315704194731,2,35.0
24556,Mas Alta Black Slate Priorat,C,203.88,12,16.99,0.0006152198048872755,99.4937722617522,2,
44895,Rain Svgn Bl Marlboro,C,203.88,12,16.99,0.0006152198048872755,99.49438748155708,2,
19345,Jip Jip Rocks Shiraz/CabSvgn,C,203.88,12,16.99,0.0006152198048872755,99.49500270136197,2,
22471,Dom Specht Rsl Alsace,C,203.88,12,16.99,0.0006152198048872755,99.49561792116685,2,8.0
21359,Stephen Vincent Pnt Nr,C,203.88,12,16.99,0.0006152198048872755,99.49623314097174,2,9.0
36894,Chambers Rosewood Muscat,C,203.83,17,11.99,0.0006150689269676937,99.4968482098987,2,
20506,Citran Haut-Medoc,C,202.92999999999998,7,28.99,0.0006123531244152188,99.49746056302311,2,48.0
22950,Pierre Andre Chablis,C,202.92999999999998,7,28.99,0.0006123531244152188,99.49807291614752,2,55.0
5912,Yeni Raki,C,202.85999999999999,14,14.49,0.0006121418953278042,99.49868505804285,1,18.0
25065,Jadot Beaune Clos des Ursule,C,200.96999999999997,3,66.99,0.0006064387099676072,99.49929149675282,2,
19315,Rombauer Cab Svgn Diamond,C,200.96999999999997,3,66.99,0.0006064387099676072,99.49989793546278,2,8.0
21172,Ornellaia Bolgheri 11,C,199.99,1,199.99,0.0006034815027438015,99.50050141696553,2,8.0
23286,Ch Pape Clement Bl Gr Cru 11,C,199.99,1,199.99,0.0006034815027438015,99.50110489846828,2,16.0
932,Robert Sinskey Marcien Red,C,199.98,2,99.99,0.0006034513271598851,99.50170834979545,2,33.0
25564,Elvio Cogno Barolo Vignaelen,C,199.98,2,99.99,0.0006034513271598851,99.50231180112262,2,
2074,Ardbeg Auriverdes Scotch,C,199.98,2,99.99,0.0006034513271598851,99.50291525244978,1,
25180,Grahams 1983 Vintage Port,C,199.98,2,99.99,0.0006034513271598851,99.50351870377695,2,
21454,Croix de Beaucaillau St-Juli,C,199.96,4,49.99,0.0006033909759920522,99.50412209475294,2,
2739,Bruichladdich Rocks Sngl Mlt,C,199.96,4,49.99,0.0006033909759920522,99.50472548572894,1,0.0
19672,Ladera Stile Blocks Cab Napa,C,199.96,4,49.99,0.0006033909759920522,99.50532887670494,2,24.0
18595,Delamotte Bl de Bl Champagne,C,199.96,4,49.99,0.0006033909759920522,99.50593226768093,2,
2384,Old Tahoe Straight Rye,C,199.95000000000002,5,39.99,0.0006033608004081359,99.50653562848134,1,345.0
46367,Campo Al Mare Bolgheri,C,199.92,8,24.99,0.0006032702736563867,99.507138898755,2,28.0
20767,Chehalem Inox Chard Wlmt Vly,C,199.9,10,19.99,0.000603209922488554,99.50774210867749,2,63.0
38900,L Martini Fndrs Sig Cab Svgn,C,199.9,10,19.99,0.000603209922488554,99.50834531859998,2,
23785,Pink Pegau Rose,C,199.89999999999998,10,19.99,0.0006032099224885539,99.50894852852247,2,116.0
35266,Vieux Telegraphe Pigeoulet,C,199.89999999999998,10,19.99,0.0006032099224885539,99.50955173844496,2,52.0
19661,Red Sox Club Series Chard Rs,C,199.89999999999998,10,19.99,0.0006032099224885539,99.51015494836744,2,
34507,Trinity Oaks Cab Svgn Cal,C,199.75,25,7.99,0.0006027572887298082,99.51075770565618,2,38.0
25335,George Wine Co Pnt Nr Sonoma,C,197.96999999999997,3,65.99,0.0005973860347926914,99.51135509169097,2,38.0
25057,Jadot Marsannay Clos Roy 13,C,197.94,6,32.99,0.0005972955080409424,99.51195238719902,2,11.0
44756,Duck Pond Syrah Columbia,C,197.91,9,21.99,0.0005972049812891931,99.5125495921803,2,40.0
989,Absolut Pears,C,197.91,9,21.99,0.0005972049812891931,99.5131467971616,1,46.0
42403,Hendry Chard Napa Unoaked,C,197.90999999999997,9,21.99,0.0005972049812891931,99.51374400214289,2,222.0
34802,Dom Diochon Moulin-a-Vent,C,197.89,11,17.99,0.0005971446301213603,99.514341146773,2,143.0
23511,Plantaze Cab Montenegro,C,197.82000000000002,18,10.99,0.0005969334010339458,99.51493808017403,2,169.0
46074,Turning Leaf Pnt Nr RSV VDP,C,197.82,18,10.99,0.0005969334010339456,99.51553501357506,2,10.0
13504,New Age Valentin Bianchi Whi,C,197.82,18,10.99,0.0005969334010339456,99.51613194697609,2,197.0
12389,Volpe Rossa Pnt Grigio,C,197.82,18,10.99,0.0005969334010339456,99.51672888037712,2,6.0
40560,McManis River Jct Chard Cal,C,197.82,18,10.99,0.0005969334010339456,99.51732581377814,2,
21273,Arindo Verdejo Rueda,C,197.82,18,10.99,0.0005969334010339456,99.51792274717917,2,12.0
4398,Capt Morgan ParrotBay Pineap,C,197.79,21,9.365,0.0005968428742821964,99.51851959005346,1,
18125,Laya Tinto Almansa,C,197.78,22,8.99,0.0005968126986982802,99.51911640275216,2,129.0
23460,Marilyn Meritage Red,C,195.96,4,48.99,0.0005913207424254979,99.51970772349459,2,158.0
36077,Ch Haut-Marbuzet 10,C,195.96,4,48.99,0.0005913207424254979,99.52029904423702,2,
24720,Tenuta Sette Ponti Crognolo,C,195.93,7,27.99,0.0005912302156737488,99.5208902744527,2,8.0
25428,Luigi Bosca Los Miradores Ma,C,195.93,7,27.99,0.0005912302156737488,99.52148150466837,2,
24722,Feudo Saia Nero d'Avola 13,C,195.92999999999998,7,27.99,0.0005912302156737487,99.52207273488405,2,19.0
24285,Dom Clavel Languedoc,C,195.86,14,13.99,0.0005910189865863341,99.52266375387063,2,199.0
20382,Fabrizio Dionisio Rose Syrah,C,195.85999999999999,14,13.99,0.000591018986586334,99.52325477285721,2,20.0
42385,Sycamore Lane Pnt Grigio Cal,C,195.73,37,5.29,0.000590626703995421,99.52384539956121,2,24.0
1061,Christian Bros Holiday Nog,C,195.72,28,6.99,0.0005905965284115046,99.52443599608962,1,
3560,Ciroc Amaretto Vodka,C,195.34,16,12.690000000000001,0.000589449856222682,99.52502544594584,1,142.0
4052,Goslings Family Rsv Rum,C,194.96999999999997,3,64.99,0.0005883333596177756,99.52561377930546,1,
90082,Ch Brane Cantenac Margaux 11,C,194.96999999999997,3,64.99,0.0005883333596177756,99.52620211266508,2,7.0
21045,Eden Ice Cider Honey Crisp,C,194.92999999999998,7,27.847142857142853,0.0005882126572821101,99.52679032532235,2,22.0
20426,Fattoria Illario Rose,C,194.87,13,14.99,0.0005880316037786119,99.52737835692614,2,49.0
22008,Schmitt Sohne Kabinett Mchls,C,194.85,15,12.99,0.000587971252610779,99.52796632817875,2,122.0
2071,Bird Dog Maple Whiskey,C,192.39,11,17.49,0.0005805480589673481,99.52854687623771,1,2.0
5789,Tomahawk Maple Cream Liqueur,C,192.39,11,17.49,0.0005805480589673481,99.52912742429668,1,
22058,Le Macchiole Paleo Rosso,C,191.98,2,95.99,0.0005793108600267762,99.52970673515671,2,
24715,Banfi Summus Tuscany Red,C,191.97,3,63.99,0.00057928068444286,99.53028601584116,2,
23775,Ch Siran 12 Margaux,C,191.92,8,23.99,0.000579129806523278,99.53086514564768,2,
44290,Woop Woop Cab Svgn,C,191.88,12,15.99,0.0005790091041876125,99.53144415475187,2,
23982,Earthshaker La Quete Lirac C,C,191.88,12,15.99,0.0005790091041876125,99.53202316385605,2,
1120,Jesse James Spiced Bourbon,C,191.88,12,15.99,0.0005790091041876125,99.53260217296024,1,
45239,J Vineyards Chard RRV,C,191.88,12,15.99,0.0005790091041876125,99.53318118206442,2,
15977,Quattro Mani Barbera,C,191.88,12,15.99,0.0005790091041876125,99.53376019116861,2,
28943,Round Hill Common Man Chard,C,191.88,12,15.99,0.0005790091041876125,99.5343392002728,2,34.0
2938,Kennedy's Original Irish,C,191.88,12,15.990000000000002,0.0005790091041876125,99.53491820937698,1,
13183,Alpataco Malbec,C,191.88,12,15.99,0.0005790091041876125,99.53549721848117,2,
24751,Lugny Macon Vllgs Vielle Rsv,C,191.88,12,15.99,0.0005790091041876125,99.53607622758535,2,
44221,Vinedo de Los Vientos Estiv,C,191.88,12,15.99,0.0005790091041876125,99.53665523668954,2,4.0
3301,Triple Crown Blended Whiskey,C,191.88,12,15.99,0.0005790091041876125,99.53723424579373,1,69.0
20088,Camp Merlot Sonoma Cnty,C,191.88,12,15.99,0.0005790091041876125,99.53781325489791,2,
19346,Mt Monster Cab Svgn,C,191.88,12,15.99,0.0005790091041876125,99.5383922640021,2,
22355,Wairau River Svgn Bl,C,191.88,12,15.99,0.0005790091041876125,99.53897127310628,2,10.0
19636,Ch St Jean Chard Sonoma Cst,C,191.84,16,11.99,0.000578888401851947,99.53955016150813,2,1170.0
13985,Luiano Chianti Clsc,C,191.84,16,11.99,0.000578888401851947,99.54012904990998,2,25.0
13993,Sartori Family Pnt Grigio,C,191.76,24,7.99,0.0005786469971806159,99.54070769690716,2,10.0
16248,Domino Pnt Grigio,C,191.76,24,7.99,0.0005786469971806159,99.54128634390435,2,18.0
20534,Cielo Pnt Nr,C,191.76,24,7.99,0.0005786469971806159,99.54186499090153,2,180.0
34509,Trinity Oaks Merlot Cal,C,191.76,24,7.99,0.0005786469971806159,99.54244363789871,2,
38128,Trinity Oaks Pnt Grigio Cal,C,191.76,24,7.99,0.0005786469971806159,99.5430222848959,2,
1059,Old St Nick's Egg Nog,C,191.68,32,5.99,0.0005784055925092847,99.5436006904884,1,1.0
20626,Les Dauphins Cotes du Rhone,C,191.51999999999998,48,3.99,0.0005779227831666225,99.54417861327157,2,3.0
21006,Ch Lassegue 05 GC St Emilion,C,189.98,2,94.99,0.0005732757432434991,99.54475188901482,2,1.0
21435,Ch Phelan Segur St Estephe,C,189.95000000000002,5,37.99,0.0005731852164917501,99.54532507423131,2,
43152,Ramey Chard Sonoma Coast,C,189.95000000000002,5,37.99,0.0005731852164917501,99.54589825944781,2,81.0
25707,Schramsberg Brut Rose,C,189.95,5,37.99,0.00057318521649175,99.5464714446643,2,21.0
3467,El Jimador Reposado Tequila,C,189.89999999999998,10,18.99,0.000573034338572168,99.54704447900288,1,8.0
34153,Capanna Rosso di Montalcino,C,189.89999999999998,10,18.99,0.000573034338572168,99.54761751334145,2,35.0
25879,Firestone Santa Ynez Rsl,C,189.81,19,9.99,0.0005727627583169205,99.54819027609976,2,109.0
6892,Vendange Cab Svgn,C,189.61999999999998,38,4.99,0.0005721894222225092,99.54876246552199,2,31.0
24262,Red Car Fort Ross Pnt Nr Sea,C,188.97,3,62.99,0.0005702280092679443,99.54933269353126,2,27.0
20200,Sea Smoke Chard,C,188.97,3,62.99,0.0005702280092679443,99.54990292154052,2,18.0
13150,Cadaretta Cab Svgn Clmbia Vy,C,188.92999999999998,7,26.99,0.0005701073069322786,99.55047302884745,2,
240,Capt Morgan Tattoo,C,188.91,9,20.99,0.0005700469557644458,99.55104307580321,1,20.0
42158,Mulderbosch Rose Cab Svgn,C,188.82999999999998,17,11.39,0.0005698055510931147,99.5516128813543,2,22.0
40566,Pascual Toso Cab Svgn Argn,C,188.82,18,10.49,0.0005697753755091984,99.55218265672981,2,
548,DeKuyper Amaretto,C,188.79,21,8.99,0.0005696848487574492,99.55275234157857,1,18.0
109,Mr Boston Blue Curacao,C,188.21,29,6.49,0.0005679346648902988,99.55332027624345,1,50.0
13061,P Michael Les Pavots Est Brd,C,187.99,1,187.99,0.0005672708020441384,99.5538875470455,2,124.0
22397,Allegrini Solosole Vermentin,C,186.89,11,16.99,0.0005639514878133359,99.55445149853333,2,71.0
15350,Kitaya Ai No Hime Sprkl Sake,C,186.83,17,10.99,0.0005637704343098377,99.55501526896764,2,116.0
18126,Monte Velho White Alentejo,C,186.82999999999998,17,10.99,0.0005637704343098376,99.55557903940195,2,168.0
45246,Shoofly Shiraz,C,186.82999999999998,17,10.99,0.0005637704343098376,99.55614280983626,2,21.0
13045,Double Decker Red,C,186.69,31,6.59,0.0005633479761350082,99.5567061578124,2,
21447,Ch Leoville Barton St Julien,C,185.98,2,92.99,0.0005612055096769448,99.55726736332208,2,15.0
1352,Patron Anejo Clsc Gift Set,C,185.97,3,61.99,0.0005611753340930284,99.55782853865618,1,2.0
22227,Gifft Red Blend,C,185.85,15,12.39,0.0005608132270860318,99.55838935188326,2,54.0
21431,Ch Pape Clement Pess leognan,C,183.98,2,91.99,0.0005551703928936676,99.55894452227616,2,28.0
39574,Morgan Winery Double L Chard,C,183.95000000000002,5,36.49,0.0005550798661419185,99.55949960214231,2,150.0
23070,Nicolas Perrin St Joseph,C,181.92999999999998,7,25.99,0.0005489843981908084,99.5600485865405,2,8.0
20383,Fabrizio Dionisio Cast Syrah,C,181.87,13,13.990000000000002,0.0005488033446873102,99.56059738988519,2,242.0
17494,Finca Villacreces Pruno Tnto,C,181.86,14,12.99,0.0005487731691033938,99.56114616305429,2,
27797,Casa Lapostolle Merlot,C,181.85999999999999,14,12.99,0.0005487731691033938,99.56169493622339,2,65.0
39470,Barefoot Syrah Cal,C,180.9,30,6.145555555555556,0.0005458763130474208,99.56224081253643,2,160.0
22396,Allegrini Dedicato A Walter,C,179.98,2,89.99,0.0005431001593271133,99.56278391269576,2,8.0
21179,Amapola Creek 09 Cab Svgn,C,179.97,3,59.99,0.0005430699837431969,99.56332698267951,2,8.0
20801,Catena Historic Rows Chard,C,179.94,6,29.99,0.0005429794569914477,99.56386996213651,2,98.0
25077,Jadot Mercurey 13,C,179.94,6,29.99,0.0005429794569914477,99.5644129415935,2,7.0
19685,Ch Puy Blanquette 10 St Emil,C,179.94,6,29.99,0.0005429794569914477,99.5649559210505,2,
8767,Metcalfe's Raspberry Liqueur,C,179.94,6,29.99,0.0005429794569914477,99.56549890050749,1,
2921,Full Throttle Strwbry Whisky,C,179.91,9,19.99,0.0005428889302396986,99.56604178943773,1,73.0
15720,Clos Rochette Faiveley 09,C,179.91,9,19.99,0.0005428889302396986,99.56658467836797,2,26.0
25012,Virtu St Supery White Blend,C,179.91,9,19.99,0.0005428889302396986,99.56712756729821,2,
43777,Ben Marco Cab Svgn,C,179.89999999999998,10,17.99,0.0005428587546557821,99.56767042605287,2,288.0
23784,Zolo Malbec Rsv,C,179.89999999999998,10,17.99,0.0005428587546557821,99.56821328480753,2,12.0
21408,Ramon Cardova Garnacha,C,179.89999999999998,10,17.99,0.0005428587546557821,99.56875614356218,2,131.0
24734,Dom Piquemal Cotes du Roussi,C,179.88,12,14.99,0.0005427984034879494,99.56929894196567,2,
187,Capt Morgan ParrotBay Pineap,C,179.88,12,14.99,0.0005427984034879494,99.56984174036916,1,
3187,Three Olives Cake Vodka,C,179.88,12,14.99,0.0005427984034879494,99.57038453877264,1,
188,Capt Morgan Parrot Bay Mango,C,179.88,12,14.99,0.0005427984034879494,99.57092733717613,1,
23349,Guigal Cotes du Rhone Rose,C,179.88,12,14.99,0.0005427984034879494,99.57147013557962,2,6.0
3765,Three Olives Citrus Vodka,C,179.88,12,14.990000000000002,0.0005427984034879494,99.5720129339831,1,530.0
3120,Absolut Cilantro,C,179.88,12,14.99,0.0005427984034879494,99.57255573238659,1,2.0
38314,Momokawa Silver Sake,C,179.88,12,14.99,0.0005427984034879494,99.57309853079008,2,
23025,Carlo Rossi Red Sangria Cal,C,179.88,12,14.99,0.0005427984034879494,99.57364132919356,2,7.0
24701,Gratien & Meyer Cremant Brut,C,179.88,12,14.99,0.0005427984034879494,99.57418412759705,2,17.0
20814,Tarkettle Chard RRV,C,179.88,12,14.99,0.0005427984034879494,99.57472692600054,2,23.0
39434,Cambas Nemea RSV Attica Rd,C,179.88,12,14.99,0.0005427984034879494,99.57526972440402,2,
18859,Mercat Brut Nature,C,179.88,12,14.99,0.0005427984034879494,99.57581252280751,2,18.0
21250,Bodega Garzon Albarino,C,179.88,12,14.99,0.0005427984034879494,99.576355321211,2,
25120,Foxglove Chard,C,179.88,12,14.99,0.0005427984034879494,99.57689811961448,2,13.0
46402,Tamari RSV Malbec Mendoza,C,179.88,12,14.99,0.0005427984034879494,99.57744091801797,2,244.0
22481,Maison Bouachon Les Barianne,C,179.82,18,9.99,0.000542617349984451,99.57798353536795,2,
21375,10 Span Cab Svgn CC,C,179.76,24,7.49,0.0005424362964809527,99.57852597166443,2,70.0
38853,Salmon Creek Chard Cal,C,179.64000000000001,36,4.99,0.0005420741894739562,99.5790680458539,2,20.0
6891,Gallo Twin Vly Chard Cal,C,179.64000000000001,36,4.99,0.0005420741894739562,99.57961012004337,2,39.0
38852,Salmon Creek Cab Svgn,C,179.64000000000001,36,4.99,0.0005420741894739562,99.58015219423284,2,41.0
23468,Il Poggione di Montalcino,C,178.99,1,178.99,0.0005401127765193911,99.58069230700936,2,1.0
41918,Jacobs Crk Rsl,C,178.8,20,8.823333333333332,0.0005395394404249797,99.58123184644978,2,84.0
15211,Arrowood Chard Sonoma Cty,C,178.32999999999998,17,10.49,0.0005381211879809096,99.58176996763777,2,
20098,Milestone Chard,C,177.85,15,11.847142857142858,0.000536672759952923,99.58230664039772,2,283.0
13251,Apaltagua Envero Gran Rsv,C,177.37,13,14.49,0.0005352243319249366,99.58284186472964,2,24.0
23282,Ch Le Petit Lion Marquis 11,C,176.97,3,58.99,0.0005340173085682811,99.58337588203821,2,15.0
24314,Ch Pez 12 St-Estephe,C,175.96,4,43.99,0.0005309695745927262,99.58390685161281,2,28.0
363,4 Orange Vodka,C,175.92000000000002,8,21.99,0.0005308488722570606,99.58443770048507,1,
3008,Pinnacle Red Liquorice,C,175.89,11,16.275714285714287,0.0005307583455053114,99.58496845883057,1,
24868,Ch St Sulpice Brdx Blanc,C,175.84,16,10.99,0.0005306074675857296,99.58549906629815,2,117.0
20187,Steele 10 Goodchild Vyd Pnt,C,175.40999999999997,9,19.49,0.0005293099174773247,99.58602837621564,2,
25727,Chappellet Cab Svgn Pritchrd,C,174.99,1,174.99,0.0005280425429528367,99.58655641875859,2,14.0
20259,Muga Seleccion Esp Rioja,C,174.95000000000002,5,34.99,0.0005279218406171712,99.5870843405992,2,
25070,Jadot Savigny les Beaune 13,C,174.95000000000002,5,34.99,0.0005279218406171712,99.58761226243982,2,15.0
3341,Bombay Sapphire & East 2 Pak,C,174.95000000000002,5,34.99,0.0005279218406171712,99.58814018428043,1,
787,Cherry Heering Liqueur,C,174.95000000000002,5,34.99,0.0005279218406171712,99.58866810612105,1,1.0
21288,Autard Chntf du Pape,C,174.95000000000002,5,34.99,0.0005279218406171712,99.58919602796166,2,
1210,Elmer T Lee Bourbon,C,174.95,5,34.99,0.0005279218406171711,99.58972394980228,1,
16792,Gallo Signature Series Chard,C,174.93,7,24.99,0.0005278614894493384,99.59025181129172,2,86.0
23014,Marietta Clrs Angeli Cuvee,C,174.93,7,24.99,0.0005278614894493384,99.59077967278117,2,116.0
3355,Truuli Peak Vodka,C,174.92999999999998,7,24.99,0.0005278614894493383,99.59130753427061,1,
33967,Prunotto Bric Touro Barbesco,C,173.96,4,43.49,0.000524934457809449,99.59183246872843,2,21.0
764,Smirnoff Blueberry Vodka,C,173.88,12,14.49,0.0005246930531381178,99.59235716178156,1,35.0
24148,Roncolato Valpo Super S Barb,C,173.88,12,14.49,0.0005246930531381178,99.5928818548347,2,
912,Smirnoff Vanilla Vodka,C,173.88,12,14.49,0.0005246930531381178,99.59340654788784,1,15.0
914,Smirnoff Orange Vodka,C,173.88,12,14.49,0.0005246930531381178,99.59393124094098,1,18.0
19603,Ch Jean De Gue Lalande 10,C,171.96,4,42.99,0.0005188993410261718,99.594450140282,2,3.0
23285,Ch Meyney Saint-Estephe 11,C,171.96,4,42.99,0.0005188993410261718,99.59496903962304,2,31.0
20189,Steele 09 Bien Nacido Pnt Nr,C,171.43,7,24.49,0.0005173000350786034,99.59548633965812,2,
23151,Ch La Bouree Castillion Brdx,C,170.91,9,18.99,0.0005157309047149512,99.59600207056283,2,48.0
6877,Original Wondermint Schnapps,C,170.91,9,18.99,0.0005157309047149512,99.59651780146754,1,66.0
24952,Jackhammer Chard Monterey,C,170.88,12,14.24,0.0005156403779632021,99.59703344184551,2,88.0
23110,Duckhorn Estates Merlot,C,169.99,1,169.99,0.0005129547509946438,99.5975463965965,2,11.0
29470,Pahlmeyer Napa Red,C,169.99,1,169.99,0.0005129547509946438,99.59805935134749,2,14.0
36076,Ch Haut-Bailly 10,C,169.99,1,169.99,0.0005129547509946438,99.59857230609848,2,14.0
17677,Penner-Ash Dussin Pnt Nr,C,169.95,5,33.99,0.0005128340486589782,99.59908514014714,2,
586,Malibu Passion Fruit Rum,C,169.89999999999998,10,16.99,0.0005126831707393963,99.59959782331788,1,10.0
17026,Pares Balta Brut Cava Pendes,C,169.89999999999998,10,16.99,0.0005126831707393963,99.60011050648862,2,85.0
6568,Gallo Twin Valley Wh Znfdl C,C,169.66,34,4.99,0.0005119589567254031,99.60062246544534,2,135.0
24790,Ridge Monte Bello 12,C,168.99,1,168.99,0.0005099371926030052,99.60113240263794,2,3.0
23990,Moncigale Rose Cd Provnce 14,C,168.87,13,12.99,0.0005095750855960085,99.60164197772355,2,33.0
10057,Rocca delle Macie Sasyr Tscn,C,168.87,13,12.99,0.0005095750855960085,99.60215155280915,2,2.0
46165,Barefoot Pnt Grigio Cal,C,168.74,26,6.49,0.0005091828030050955,99.60266073561215,2,51.0
8038,Livingston Clrs Rhine Calif,C,168.74,26,6.49,0.0005091828030050955,99.60316991841515,2,
24529,Joseph Drouhin Mersault,C,167.97,3,55.99,0.0005068592830435338,99.6036767776982,2,83.0
23105,DeLille Cellars D2,C,167.96,4,41.99,0.0005068291074596175,99.60418360680566,2,114.0
2903,White Horse Scotch,C,167.94,6,27.99,0.0005067687562917847,99.60469037556196,1,2.0
16708,Bolla Valpo Ripasso Cls Sup,C,167.88,12,13.99,0.0005065877027882863,99.60519696326475,2,
22086,Queens Peak Cab Svgn Sonoma,C,167.88,12,13.99,0.0005065877027882863,99.60570355096753,2,24.0
10708,Howling Moon Pnt Nr N Cst,C,167.88,12,13.99,0.0005065877027882863,99.60621013867032,2,24.0
18338,Mile Marker Pnt Gris,C,167.88,12,13.99,0.0005065877027882863,99.60671672637311,2,
44394,Oak Ridge OZV Znfdl Lodi,C,167.88,12,13.99,0.0005065877027882863,99.6072233140759,2,12.0
23635,Tortoise Creek Rose le Charm,C,167.88,12,13.99,0.0005065877027882863,99.60772990177868,2,498.0
24055,La Volpe Pnt Grigio,C,167.88,12,13.99,0.0005065877027882863,99.60823648948147,2,
38471,Ch Pesquie Cotes du Ventoux,C,167.88,12,13.99,0.0005065877027882863,99.60874307718426,2,45.0
19444,Cave de Tain Syrah,C,167.88,12,13.99,0.0005065877027882863,99.60924966488705,2,
19253,Camp Chard Sonoma Cnty,C,167.88,12,13.99,0.0005065877027882863,99.60975625258983,2,20.0
18811,Haunting Whisper Vyds Vignol,C,167.86,14,11.99,0.0005065273516204536,99.61026277994145,2,208.0
16245,Domino Cab Svgn,C,167.79,21,7.989999999999999,0.0005063161225330388,99.61076909606399,2,20.0
21313,Kedem Concord Grape Kosher,C,167.76,24,6.99,0.0005062255957812897,99.61127532165978,2,293.0
104,Mr Boston Wild Cherry Brandy,C,167.01,19,8.79,0.0005039624269875607,99.61177928408677,1,53.0
23122,Innocenti Vignalsole Rosso,C,165.94,6,27.656666666666666,0.0005007336395085075,99.61228001772628,2,207.0
5855,Kahlua Salted Caramel,C,165.92,8,20.656666666666666,0.0005006732883406747,99.61278069101462,1,53.0
24579,Mt Beautiful Svgn Bl,C,165.89999999999998,10,16.74,0.0005006129371728419,99.6132813039518,2,223.0
22048,Maggy Hawk Afleet Pnt Nr,C,164.97,3,54.99,0.000497806607868618,99.61377911055966,2,2.0
22050,Maggy Hawk Stormin Pnt Nr,C,164.97,3,54.99,0.000497806607868618,99.61427691716753,2,29.0
21034,Cyrus Cab Svgn Alex Vly,C,164.97,3,54.99,0.000497806607868618,99.6147747237754,2,62.0
2329,Craigellachie 13 Yr Scotch,C,164.97,3,54.99,0.000497806607868618,99.61527253038327,1,150.0
23189,Walt La Brisa Chard,C,164.95000000000002,5,32.99,0.0004977462567007853,99.61577027663996,2,101.0
27033,Penfolds B28 Shiraz/Kalimna,C,164.95000000000002,5,32.99,0.0004977462567007853,99.61626802289666,2,0.0
3468,Three Olives Watermeln Vodka,C,164.89000000000001,11,14.99,0.000497565203197287,99.61676558809985,1,
4556,Austin Cocktails Vodkarita,C,164.89000000000001,11,14.99,0.000497565203197287,99.61726315330304,1,62.0
25006,Volpaia Prelius Vermentino,C,164.89000000000001,11,14.99,0.000497565203197287,99.61776071850623,2,5.0
3152,Three Olives Jacked Apple,C,164.85,15,10.99,0.0004974445008616214,99.6182581630071,1,
10124,Tormaresca Neprica Puglia,C,164.85,15,10.99,0.0004974445008616214,99.61875560750796,2,16.0
516,Kamora Coffee Liqueur,C,164.85,15,10.99,0.0004974445008616214,99.61925305200883,1,42.0
4104,Flipflop Spiced Rum,C,164.82,18,9.49,0.0004973539741098723,99.61975040598294,1,
23962,Enzo Boglietti Dolcetto Alba,C,163.92,8,20.418571428571425,0.0004946381715573975,99.6202450441545,2,18.0
5693,P & J Cold Soaked Berries,C,163.88,12,13.656666666666666,0.000494517469221732,99.62073956162372,1,34.0
44033,Zardetto Pros di Coneg Brut,C,163.20000000000002,30,5.423333333333334,0.0004924655295154177,99.62123202715324,2,
19588,Ch Lafaurie-Peyragey Saut 10,C,161.98,2,80.99,0.0004887841082776186,99.62172081126151,2,41.0
2308,Wild Turkey Honey VAP,C,161.91,9,17.99,0.000488572879190204,99.6222093841407,1,
38392,Ch de Lascaux Rouge Langued,C,161.91,9,17.99,0.000488572879190204,99.6226979570199,2,165.0
22923,Patricius Tokaj Harslevelu,C,161.91,9,17.99,0.000488572879190204,99.62318652989909,2,
44705,J Lohr Osos Rest Cve Merlot,C,161.88,12,13.49,0.0004884823524384549,99.62367501225152,2,3.0
36197,Cavit Pinot Noir Delle Vene,C,161.82,18,8.99,0.0004883012989349564,99.62416331355045,2,30.0
16998,Ch Rauzan Segla Margaux 09,C,159.99,1,159.99,0.00048277916707825793,99.62464609271753,2,8.0
15508,Mollydooker Enchanted Path,C,159.98,2,79.99,0.00048274899149434146,99.62512884170901,2,18.0
21352,C Y Toro Don Melchr Cab Svgn,C,159.98,2,79.99,0.00048274899149434146,99.6256115907005,2,92.0
21475,Ch St Jean Cinq Cep Cab Svgn,C,159.98,2,79.99,0.00048274899149434146,99.62609433969199,2,1.0
24384,Dom Faiv Nuits-St Geo Poret,C,159.98,2,79.99,0.00048274899149434146,99.62657708868348,2,
11164,Ame Neyers Cab Svgn Napa,C,159.98,2,79.99,0.00048274899149434146,99.62705983767496,2,32.0
18209,Pulenta Est Gran Corte Lujan,C,159.96,4,39.99,0.0004826886403265088,99.6275425263153,2,5.0
23873,Cloudy Bay 12 Te Koko,C,159.96,4,39.99,0.0004826886403265088,99.62802521495563,2,69.0
24964,Ch Jean de Gue Lalande de Po,C,159.96,4,39.99,0.0004826886403265088,99.62850790359596,2,19.0
4574,Remy Martin VS Cognac,C,159.95,5,31.99,0.00048265846474259235,99.62899056206071,1,13.0
22813,Angels Landing Cab Svgn,C,159.92,8,19.99,0.0004825679379908431,99.6294731299987,2,113.0
12476,Ch Donjon Minervois Rose,C,159.9,10,15.99,0.0004825075868230104,99.62995563758552,2,0.0
24216,Dom Ste Michelle Extra Dry,C,159.9,10,15.99,0.0004825075868230104,99.63043814517235,2,58.0
3424,Peligroso Cinnamon Tequila,C,159.9,10,15.99,0.0004825075868230104,99.63092065275917,1,25.0
36851,Frey Syrah Organic Mendocino,C,159.89999999999998,10,15.99,0.0004825075868230103,99.631403160346,2,20.0
21115,Wicked Smooth Merlot,C,159.8,20,7.99,0.00048220583098384655,99.63188536617697,2,94.0
21700,Ram Island Lavender Lemonade,C,159.77,23,6.923333333333334,0.0004821153042320974,99.63236748148121,2,102.0
16242,Domino Pnt Grigio,C,159.68,32,4.99,0.0004818437239768499,99.63284932520519,2,45.0
1230,Booker's Bourbon,C,159.6,40,3.99,0.00048160231930551885,99.6333309275245,1,
12646,Blackbird Vyds Arise Red,C,158.97,3,52.99,0.0004797012575187865,99.63381062878202,2,66.0
21959,Le Grande Courtage Brut,C,158.75,25,6.567777777777778,0.00047903739467262604,99.63428966617668,2,136.0
21468,La Chapelle de la Mission Ha,C,157.98,2,78.99,0.00047671387471106424,99.63476638005139,2,13.0
14119,Zonin Prosecco Brut,C,157.92,48,3.29,0.000476532821207566,99.6352429128726,2,86.0
26889,Jaboulet Crozes Hermitage L,C,157.92,8,19.656666666666666,0.000476532821207566,99.63571944569381,2,70.0
18275,Sartori Valpolicella Cls,C,157.88,12,13.323333333333332,0.0004764121188719004,99.63619585781268,2,35.0
10762,Pacifico Sur Svgn Bl,C,157.75,25,6.325714285714286,0.0004760198362809874,99.63667187764896,2,82.0
2484,Tatoosh Bourbon,C,156.97,3,52.32333333333333,0.0004736661407355093,99.6371455437897,1,90.0
20555,Red Newt Clrs Rsl Finger Lak,C,156.87,13,12.49,0.00047336438489634547,99.6376189081746,2,28.0
22016,Foss Marai Prosecco,C,156.17000000000002,23,6.79,0.00047125209402219847,99.63809016026862,2,37.0
23190,Walt La Brisa Pnt Nr,C,155.96,4,38.99,0.0004706184067599544,99.63856077867538,2,7.0
22535,Jadot Vosne Romanee 12,C,155.96,4,38.99,0.0004706184067599544,99.63903139708215,2,
14444,Blackbird Vyds Arrivste Rose,C,155.94,6,25.99,0.00047055805559212155,99.63950195513775,2,17.0
4215,Kingfish Silver Rum,C,155.94,6,25.99,0.00047055805559212155,99.63997251319334,1,95.0
24013,Heritance Cab Svgn,C,155.94,6,25.99,0.00047055805559212155,99.64044307124894,2,
20743,Churchill's Late Bottled 05,C,155.94,6,25.99,0.00047055805559212155,99.64091362930453,2,
24531,Joseph Drouhin Cote de Beaun,C,155.94,6,25.99,0.00047055805559212155,99.64138418736013,2,17.0
21380,Bartenura Asti Spumante,C,155.92,8,19.49,0.00047049770442428876,99.64185468506456,2,85.0
23663,Higher Ground Pinot Noir,C,155.88,12,12.99,0.0004703770020886233,99.64232506206665,2,24.0
24685,Calera Central Chard,C,155.88,12,12.99,0.0004703770020886233,99.64279543906873,2,
4948,Ron Virgin Black Spiced Rum,C,155.88,12,12.99,0.0004703770020886233,99.64326581607082,1,20.0
14432,Bully Hill NY Rsl,C,155.88,12,12.99,0.0004703770020886233,99.64373619307291,2,
24704,Kenwood Chard Sonoma,C,155.88,12,12.99,0.0004703770020886233,99.644206570075,2,165.0
43433,SA Prum Rsl Essence Mosel,C,155.88,12,12.99,0.0004703770020886233,99.64467694707709,2,11.0
261,Svedka Citron Vodka,C,155.88,12,12.99,0.0004703770020886233,99.64514732407918,1,117.0
12378,Pacific Rim Organic Riesling,C,155.88,12,12.99,0.0004703770020886233,99.64561770108126,2,22.0
21333,Mas Carlot Marsanne Roussann,C,155.88,12,12.99,0.0004703770020886233,99.64608807808335,2,25.0
24334,Sea Pearl Svgn Bl,C,155.88,12,12.99,0.0004703770020886233,99.64655845508544,2,8.0
38622,Canella Bellini Cocktail Vnz,C,155.88,12,12.99,0.0004703770020886233,99.64702883208753,2,51.0
22556,Piccini Chianti,C,155.88,12,12.99,0.0004703770020886233,99.64749920908962,2,
18732,Anarkos Puglia,C,155.88,12,12.99,0.0004703770020886233,99.6479695860917,2,
21733,Dom Fond Croze CdR Serra Grd,C,155.88,12,12.99,0.0004703770020886233,99.6484399630938,2,72.0
24040,Merieau 12 Les Hex PN VdP,C,155.88,12,12.99,0.0004703770020886233,99.64891034009588,2,23.0
36386,Kenwood Pnt Nr RRV,C,155.88,12,12.99,0.0004703770020886233,99.64938071709797,2,248.0
11744,Parducci Sustainable Red,C,155.88,12,12.99,0.0004703770020886233,99.64985109410006,2,
12625,Tiamo Pnt Grigio,C,155.88,12,12.99,0.0004703770020886233,99.65032147110215,2,
23765,Ch Moulin Rouge 12 Haut-Medo,C,155.87,13,11.99,0.0004703468265047069,99.65079181792865,2,
22809,Opici Toscano Twist Neck 12,C,155.87,13,11.99,0.0004703468265047069,99.65126216475515,2,135.0
41087,Wrongo Dongo Jumilla,C,155.76,24,6.49,0.0004700148950816266,99.65173217965024,2,56.0
114,Mr Boston Creme de Banana,C,155.76,24,6.49,0.0004700148950816266,99.65220219454532,1,83.0
26828,Citra Sangiovese Red,C,155.74,26,5.99,0.0004699545439137939,99.65267214908924,2,
28980,Far Niente Cab Svgn Napa,C,154.99,1,154.99,0.000467691375120065,99.65313984046436,2,182.0
18761,Eden Vermont Ice Cider,C,154.9,10,15.49,0.00046741979486481747,99.65360726025922,2,85.0
6383,Gallo Twin Vly Cab Svgn Cal,C,154.69,31,4.99,0.00046678610760257335,99.65407404636683,2,6.0
14236,Copa di Vino Chard,C,154.38,62,2.49,0.00046585066450116543,99.65453989703133,2,15.0
3628,Montanya Platino Rum,C,153.92999999999998,7,21.99,0.00046449276322492797,99.65500438979456,1,20.0
10414,Le Cirque Rose,C,153.89000000000001,11,13.99,0.0004643720608892625,99.65546876185545,2,284.0
19526,Rhone Roger Sabon 13 CDR Rou,C,153.89000000000001,11,13.99,0.0004643720608892625,99.65593313391634,2,83.0
22838,Vinchio Vaglio Barbera,C,153.86,14,10.99,0.00046428153413751334,99.65639741545047,2,82.0
15812,Diseno Torrontes Salta,C,153.78,22,6.99,0.0004640401294661823,99.65686145557994,2,
23831,Manon Rose de Provence,C,152.90999999999997,9,16.99,0.0004614148536654565,99.6573228704336,2,23.0
18284,Michele Chiarlo Arneis,C,152.90999999999997,9,16.99,0.0004614148536654565,99.65778428528726,2,40.0
25537,R Stemmler 13 Pnt Nr,C,152.90999999999997,9,16.99,0.0004614148536654565,99.65824570014092,2,870.0
36069,Ch Lagrange 10,C,151.98,2,75.99,0.00045860852436123276,99.65870430866528,2,4.0
20889,La Lecciaia Brunello di Mont,C,151.96,4,37.99,0.0004585481731934001,99.65916285683848,2,36.0
21837,Gerard Bertrand Gr Teroir Rd,C,151.92000000000002,8,18.99,0.0004584274708577345,99.65962128430934,2,4.0
12218,R M Woodbridge Moscato,C,151.81,19,7.99,0.0004580955394346542,99.66007937984877,2,12.0
8114,Arrow Creme de Strawberry,C,151.81,19,7.99,0.0004580955394346542,99.6605374753882,1,81.0
24099,Gallo Copperidge Wh Znfdl,C,151.62,38,3.99,0.0004575222033402429,99.66099499759153,2,48.0
18000,Vendange Sweet White,C,151.62,38,3.99,0.0004575222033402429,99.66145251979486,2,
5361,Grind Espresso Shot,C,151.47,153,0.99,0.00045706956958149704,99.66190958936444,1,
31502,Barefoot Znfdl Cal,C,150.96,24,6.29,0.0004555306148017614,99.66236511997924,2,14.0
20744,Banshee Chard,C,150.9,10,13.99,0.00045534956129826315,99.66282046954053,2,1.0
14120,Antica Cab Svgn Napa Valley,C,149.97,3,49.99,0.0004525432319940392,99.66327301277254,2,26.0
43667,L'Ecole No 41 Apogee Pepper,C,149.97,3,49.99,0.0004525432319940392,99.66372555600454,2,97.0
11274,Nardi Brunello di Montalcino,C,149.97,3,49.99,0.0004525432319940392,99.66417809923654,2,
39765,Grahams 20-Yr Tawny Port,C,149.97,3,49.99,0.0004525432319940392,99.66463064246854,2,4.0
24574,Galerie Pleinair Cab Svgn NV,C,149.97,3,49.99,0.0004525432319940392,99.66508318570054,2,8.0
24572,Galerie Latro Cab S Knights,C,149.97,3,49.99,0.0004525432319940392,99.66553572893254,2,16.0
13860,Calera de Villiers Pnt Nr,C,149.97,3,49.99,0.0004525432319940392,99.66598827216454,2,1.0
2427,13th Colony Sthrn Corn Whsky,C,149.95,5,29.99,0.0004524828808262064,99.66644075504537,1,
43387,Landmark Grand Detour Pnt Nr,C,149.95,5,29.99,0.0004524828808262064,99.6668932379262,2,
25252,Hauts de Smith Rouge P-Le 12,C,149.95,5,29.99,0.0004524828808262064,99.66734572080703,2,40.0
5645,Pallini Raspicello Liqueur,C,149.94,6,24.99,0.0004524527052422901,99.66779817351228,1,3.0
13530,Home Ranch Sbragia Chard,C,149.94,6,24.99,0.0004524527052422901,99.66825062621753,2,1563.0
3599,Bakon Vodka,C,149.94,6,24.99,0.0004524527052422901,99.66870307892277,1,
7838,Piehole Pecan Pie,C,149.9,10,14.99,0.0004523320029066245,99.66915541092568,1,16.0
20639,Antigal Uno Cab Mendza,C,149.9,10,14.99,0.0004523320029066245,99.66960774292859,2,6.0
46070,Carpineto Dogajolo Rose,C,149.9,10,14.99,0.0004523320029066245,99.6700600749315,2,98.0
17138,Steele Red Hills Cab Svgn,C,149.88,12,12.49,0.0004522716517387917,99.67051234658324,2,5.0
880,Sobieski Vanilla Vodka,C,149.85,15,9.99,0.00045218112498704254,99.67096452770822,1,21.0
17059,Murai Nigori Genshu Sake,C,149.85,15,9.99,0.00045218112498704254,99.6714167088332,2,132.0
38190,Argiola Costera Isola dei N,C,149.85,15,9.99,0.00045218112498704254,99.67186888995819,2,
890,Sobieski Cytron Vodka,C,149.85,15,9.99,0.00045218112498704254,99.67232107108318,1,16.0
20091,Dos Minas Malbec,C,149.85,15,9.99,0.00045218112498704254,99.67277325220816,2,96.0
920,Sobieski Vodka,C,149.85,15,9.99,0.00045218112498704254,99.67322543333314,1,20.0
640,Sobieski Orange Vodka,C,149.85,15,9.99,0.00045218112498704254,99.67367761445813,1,14.0
3508,Llord's Orange Curacao,C,149.75,25,5.989999999999999,0.0004518793691478787,99.67412949382728,1,12.0
8079,Gallo Fairbanks Red Port,C,149.70000000000002,30,4.99,0.00045172849122829685,99.67458122231851,2,23.0
112,Mr Boston Cr de Cacao White,C,149.27,23,6.49,0.00045043094111989223,99.67503165325962,1,66.0
13696,Barefoot Cellars Pnt Nr,C,149.26999999999998,23,6.489999999999999,0.0004504309411198921,99.67548208420074,2,53.0
46163,Barefoot Chard Cal,C,149.26999999999998,23,6.489999999999999,0.0004504309411198921,99.67593251514185,2,18.0
19595,Ch Doisy Daene Sauternes 10,C,147.98,2,73.99,0.00044653829079467844,99.67637905343264,2,15.0
24724,Nozzole La Forra Chianti Gra,C,147.96,4,36.99,0.00044647793962684565,99.67682553137227,2,9.0
25084,Calera Ctrl Coast Pnt Nr,C,147.95,5,29.49,0.0004464477640429292,99.67727197913632,2,60.0
6159,Lepanto Solera Gran Reserva,C,146.97,3,48.99,0.0004434905568191234,99.67771546969314,2,3.0
18784,Clos Erasmus Laurel Priorat,C,146.97,3,48.99,0.0004434905568191234,99.67815896024996,2,2.0
14235,Copa di Vino Cab Svgn,C,146.91,59,2.4899999999999998,0.00044330950331562515,99.67860226975327,2,6.0
23542,Vin Vault Pnt Nr,C,146.86,14,10.49,0.0004431586253960432,99.67904542837867,2,
39581,Capostrano Montepulciano Abr,C,146.79000000000002,21,6.99,0.00044294739630862856,99.67948837577498,2,15.0
21280,Rodney Strong Bros Ridge Cab,C,145.98,2,72.99,0.0004405031740114012,99.67992887894899,2,14.0
11389,R Strong Rockaway Cab Svgn,C,145.98,2,72.99,0.0004405031740114012,99.68036938212299,2,
18624,Donnafugata Mille una Notte,C,145.98,2,72.99,0.0004405031740114012,99.680809885297,2,
1240,Remy Martin VSOP Gift Pack,C,145.96,4,37.99,0.0004404428228435685,99.68125032811984,1,71.0
5691,P & J Cold Soaked Pineapples,C,145.89000000000001,11,13.190000000000001,0.0004402315937561538,99.6816905597136,1,69.0
24144,Ozeki Junmai Reishu Sake,C,144.98,2,72.49,0.0004374856156197626,99.68212804532922,2,5.0
19045,San Polo Mezzopane 06 Toscan,C,144.95,5,28.99,0.0004373950888680135,99.68256544041809,2,74.0
21645,Foxen Chard Block UU,C,144.95,5,28.99,0.0004373950888680135,99.68300283550695,2,8.0
40213,Gramona Gessami Penedes,C,144.91,9,16.656666666666666,0.00043727438653234793,99.68344010989348,2,197.0
10122,Columbia Crest Walter Clore,C,143.94,6,23.99,0.0004343473548924585,99.68387445724838,2,
20554,Franzia Moscato,C,143.92,8,17.99,0.0004342870037246257,99.6843087442521,2,15.0
22922,Patricius Tokaj Furmint,C,143.92,8,17.99,0.0004342870037246257,99.68474303125583,2,15.0
23953,Rainstorm Pnt Nr Rose,C,143.92,8,17.99,0.0004342870037246257,99.68517731825956,2,
24273,von Buhl Jazz Rsl,C,143.91,9,15.99,0.0004342568281407094,99.6856115750877,2,18.0
23205,M & R Prosecco Frizzante,C,143.91,9,15.99,0.0004342568281407094,99.68604583191585,2,15.0
22629,Ryan Patrick Ryan's Rsl,C,143.88,12,11.99,0.0004341663013889602,99.68647999821724,2,28.0
13808,Tiziano Pnt Gr Delle Venezie,C,143.88,12,11.99,0.0004341663013889602,99.68691416451863,2,12.0
38107,Canyon Oaks Merlot Cal,C,143.88,12,11.99,0.0004341663013889602,99.68734833082002,2,16.0
26826,Pellegrino Marsala Sweet,C,143.88,12,11.99,0.0004341663013889602,99.6877824971214,2,19.0
6258,Livingston Chablis Blush Ca,C,143.88,12,11.99,0.0004341663013889602,99.68821666342279,2,6.0
24513,R8 Cab Svgn,C,143.88,12,11.99,0.0004341663013889602,99.68865082972418,2,43.0
24717,Merum Monastrell Jumilla,C,143.88,12,11.99,0.0004341663013889602,99.68908499602557,2,10.0
19736,Sledgehammer Zinfandel,C,143.88,12,11.99,0.0004341663013889602,99.68951916232696,2,20.0
7428,New Amsterdam Pineapple,C,143.88,12,11.99,0.0004341663013889602,99.68995332862835,1,
18131,Tortoise Creek Chard,C,143.88,12,11.99,0.0004341663013889602,99.69038749492974,2,26.0
18976,Evolucio Fermint Tokaj,C,143.88,12,11.99,0.0004341663013889602,99.69082166123113,2,26.0
15319,Angoves Nine Vines Moscato,C,143.88,12,11.99,0.0004341663013889602,99.69125582753252,2,16.0
6592,Almaden Chard Cal,C,143.84,16,8.99,0.00043404559905329464,99.69168987313157,2,74.0
40766,Casa Julia Svgn Bl Manta,C,143.84,16,8.99,0.00043404559905329464,99.69212391873062,2,101.0
6140,R M Woodbridge Wh Znfdl Cal,C,143.82,18,7.99,0.00043398524788546184,99.6925579039785,2,30.0
21416,Round Hill Comm Man Wh Znfdl,C,143.76,24,5.99,0.0004338041943819636,99.69299170817288,2,36.0
14670,Sutter Home Moscato,C,143.76,24,5.99,0.0004338041943819636,99.69342551236727,2,17.0
901,Creta Olympia White,C,143.76,24,5.99,0.0004338041943819636,99.69385931656166,2,
17040,Sutter Home Pink Moscato,C,143.76,24,5.99,0.0004338041943819636,99.69429312075604,2,22.0
16257,Sutter Home Pink Moscato,C,143.76,24,5.99,0.0004338041943819636,99.69472692495043,2,17.0
7215,Lancers Rose,C,143.76,24,5.99,0.0004338041943819636,99.69516072914482,2,31.0
10724,Canyon Rd Wh Znfdl,C,143.7,30,4.79,0.0004336231408784652,99.6955943522857,2,52.0
14413,Tisdale Vyds Pnt Grigio,C,143.64000000000001,36,3.99,0.000433442087374967,99.69602779437307,2,
12188,Oak Leaf Svgn Bl Cal,C,143.52,48,2.99,0.00043307998036797035,99.69646087435343,2,
5463,Aguardiente Cristal Liqueur,C,142.89,11,12.99,0.000431178918581238,99.69689205327201,1,27.0
840,Bols Peach Flavored Brandy,C,142.87,13,10.99,0.0004311185674134052,99.69732317183943,1,56.0
21320,Zion Dolev Muscato,C,142.87,13,10.99,0.0004311185674134052,99.69775429040685,2,21.0
18017,Verde Sole Pnt Grigio,C,142.87,13,10.99,0.0004311185674134052,99.69818540897427,2,
37708,EOS Cab Svgn Paso Robles,C,142.87,13,10.99,0.0004311185674134052,99.69861652754169,2,20.0
1242,Jeremiah Weed Cinnamon Whsky,C,142.87,13,10.99,0.0004311185674134052,99.69904764610911,1,
38412,Excelsior S Afr Chard,C,141.86,14,9.99,0.00042807083343785027,99.69947571694254,2,136.0
7851,Piehole Pecan Pie,C,141.57,143,0.99,0.0004271957415042751,99.69990291268405,1,
3892,Zhenka Vodka 80 Proof,C,140.64,36,3.808181818181818,0.0004243894122000511,99.70032730209626,1,
25054,Jadot Clos Vougeot 13,C,139.99,1,139.99,0.00042242799924548617,99.7007497300955,2,5.0
25000,Schramsberg Blanc de Blancs,C,139.98,2,69.99,0.00042239782366156964,99.70117212791915,2,
22429,Chrstian Moreau 13 Valmur,C,139.98,2,69.99,0.00042239782366156964,99.7015945257428,2,
24341,Dom Henri Boillot Mersault,C,139.98,2,69.99,0.00042239782366156964,99.70201692356646,2,
1927,Jack Daniels Barrel Proof,C,139.98,2,69.99,0.00042239782366156964,99.70243932139012,1,451.0
38244,Hendry Pnt Nr Napa,C,139.96,4,34.99,0.0004223374724937369,99.70286165886262,2,123.0
22533,Jadot Marsannay Clos Roy 12,C,139.96,4,34.99,0.0004223374724937369,99.70328399633512,2,
24495,Ch Giscours Margaux 06,C,139.96,4,34.99,0.0004223374724937369,99.70370633380762,2,9.0
3440,VanGogh Acai Blueberry Vodka,C,139.95,5,27.99,0.0004223072969098205,99.70412864110453,1,0.0
7750,Cynar Liqueur,C,139.95,5,27.99,0.0004223072969098205,99.70455094840145,1,17.0
12351,Mercer Cab Svgn,C,139.93,7,19.99,0.0004222469457419878,99.7049731953472,2,26.0
20659,The Culprit Red,C,139.92999999999998,7,19.99,0.0004222469457419877,99.70539544229294,2,23.0
11296,Herzog Kosher Merlot,C,139.9,10,13.99,0.00042215641899023864,99.70581759871193,2,221.0
16947,Altadonna Nero D'Avola,C,139.9,10,13.99,0.00042215641899023864,99.70623975513092,2,44.0
869,DeKuyper Anisette,C,139.86,14,9.99,0.00042203571665457305,99.70666179084758,1,28.0
844,Bols Melon Liqueur,C,139.86,14,9.99,0.00042203571665457305,99.70708382656423,1,36.0
3160,Little Black Dress Vodka,C,139.86,14,9.99,0.00042203571665457305,99.70750586228088,1,
14341,Grooner Gruner Veltliner,C,139.86,14,9.99,0.00042203571665457305,99.70792789799754,2,9.0
23496,Ch Reserve d La Cometesse 11,C,137.97,3,45.99,0.00041633253129437617,99.70834423052882,2,
41081,Gramona Grand Cve Cava Spklg,C,137.93,7,19.656666666666666,0.00041621182895871064,99.70876044235779,2,62.0
6952,Marie Brizard Cassis d Dijon,C,137.92999999999998,7,19.70428571428571,0.0004162118289587106,99.70917665418675,1,239.0
20532,Bread & Butter Pnt Nr,C,137.9,10,13.656666666666666,0.0004161213022069614,99.70959277548896,2,470.0
42256,Duboeuf Bjls Rd,C,137.54,26,5.29,0.0004150349811859715,99.71000781047015,2,3.0
5515,Grand Marnier Flask,C,137.06,14,9.79,0.000413586553157985,99.7104213970233,1,54.0
21769,Eden Sparkling Cider,C,137.06,14,9.79,0.000413586553157985,99.71083498357645,2,96.0
22043,Five Oaks Wh Moscato,C,136.44,36,3.79,0.0004117156669551691,99.7112466992434,2,1.0
42753,Five Oaks Merlot Cal,C,136.44,36,3.79,0.0004117156669551691,99.71165841491036,2,12.0
18619,Merry Edwards RRV Pnt Nr,C,135.96,4,33.99,0.0004102672389271826,99.7120686821493,2,1.0
304,Ciroc Red Berry Vodka,C,135.96,4,33.99,0.0004102672389271826,99.71247894938823,1,12.0
46374,Carlo Rossi RSV Wh Znfdl Cal,C,135.92,8,16.99,0.000410146536591517,99.71288909592482,2,
44993,Red Truck Pnt Nr Cal,C,135.84,16,8.49,0.00040990513192018594,99.71329900105674,2,56.0
16426,Yellow Tail Sweet Red Roo,C,135.83,17,7.99,0.0004098749563362696,99.71370887601307,2,26.0
21674,Villa di Capezzana Carmignan,C,134.95,5,26.99,0.00040721950495162755,99.71411609551802,2,12.0
23332,Ch Haut Beausejour 11 Esteph,C,134.95,5,26.99,0.00040721950495162755,99.71452331502297,2,2.0
372,44* North Magic Valley Vodka,C,134.94,6,22.49,0.00040718932936771124,99.71493050435234,1,
20118,Love Oregon Rsl,C,134.91,9,14.99,0.0004070988026159621,99.71533760315495,2,15.0
116,Voli Lyte French Vodka,C,134.91,9,14.99,0.0004070988026159621,99.71574470195756,1,
18344,Gnarly Head Authentic White,C,134.85,15,8.99,0.0004069177491124637,99.71615161970668,2,4.0
881,DeKuyper Hazelnut,C,134.85,15,8.99,0.0004069177491124637,99.7165585374558,1,50.0
16239,Domino Cab Svgn,C,134.73000000000002,27,4.99,0.00040655564210546717,99.7169650930979,2,39.0
36198,Condesa De Leganza Crianza,C,134.73,27,4.99,0.00040655564210546706,99.71737164874,2,
23414,Barefoot Cellars Rosa Red,C,134.45999999999998,54,2.49,0.0004057409013397247,99.71777738964134,2,
23781,Le Clarence de Haut Brion 12,C,133.99,1,133.99,0.0004043226488956546,99.71818171229023,2,42.0
23772,Ch Pontet Canet 12 Pauillac,C,133.99,1,133.99,0.0004043226488956546,99.71858603493912,2,45.0
18093,Ch La Dom St Emil Gr Cru 09,C,133.98,2,66.99,0.00040429247331173816,99.71899032741243,2,1.0
23121,Steele Stymie Merlot Lake Cy,C,132.95,5,25.24,0.00040118438816835034,99.7193915118006,2,2.0
24939,NH 1761 Walpole Rose,C,132.93,7,18.99,0.00040112403700051766,99.71979263583759,2,205.0
25535,Ch de Reynaud Cotes du Bourg,C,132.92999999999998,7,18.99,0.00040112403700051755,99.72019375987459,2,137.0
21086,Bright Light White,C,132.81,19,6.99,0.000400761929993521,99.72059452180459,2,
21884,St Julien Rose CDR,C,132.62,38,3.49,0.00040018859389910974,99.72099471039849,2,
19951,Warre's Vintage Port 2000,C,131.98,2,65.99,0.00039825735652846095,99.72139296775501,2,1.0
25064,Jadot Beaune Bressandes 13,C,131.97,3,43.99,0.0003982271809445446,99.72179119493595,2,
17529,Dom Serene Evenstad Chard,C,131.97,3,43.99,0.0003982271809445446,99.72218942211688,2,60.0
19308,Januik Cab Franc,C,131.96,4,32.99,0.0003981970053606282,99.72258761912225,2,
22966,Adelsheim Auxerrois Ribbon S,C,131.94,6,21.99,0.0003981366541927954,99.72298575577645,2,8.0
249,Massenez Creme de Cassis,C,131.94,6,21.99,0.0003981366541927954,99.72338389243065,1,15.0
25082,Jadot Bouzeron 13,C,131.94,6,21.99,0.0003981366541927954,99.72378202908484,2,16.0
866,Absolut Hibiskus,C,131.94,6,21.99,0.0003981366541927954,99.72418016573904,1,
37921,C Y Toro Carmenere Terrunyo,C,131.94,6,21.99,0.0003981366541927954,99.72457830239324,2,
16127,Lindemans Bin 90 Moscato,C,131.9,10,13.49,0.00039801595185712994,99.7249763183451,2,64.0
21424,Tons de Durum Douro Red,C,131.89000000000001,11,11.99,0.0003979857762732136,99.72537430412137,2,
41864,Elvio Tintero Moscato D'Asti,C,131.88,12,10.99,0.0003979556006892971,99.72577225972206,2,31.0
19807,Mont Gravet Colombard,C,131.88,12,10.99,0.0003979556006892971,99.72617021532275,2,17.0
37794,Blackstone Znfdl Cal,C,131.88,12,10.99,0.0003979556006892971,99.72656817092344,2,221.0
13921,Live-A-Little Wicked White,C,131.88,12,10.99,0.0003979556006892971,99.72696612652413,2,
12768,Castle Rock Pnt Nr Cal Cuvee,C,131.88,12,10.99,0.0003979556006892971,99.72736408212482,2,32.0
18173,Seven Falls Chard,C,131.88,12,10.99,0.0003979556006892971,99.72776203772551,2,39.0
19936,Prendo Pnt Grigio,C,131.88,12,10.99,0.0003979556006892971,99.7281599933262,2,19.0
8017,Pepe Lopez Premium Tequila,C,131.88,12,10.99,0.0003979556006892971,99.72855794892689,1,12.0
13920,Live-A-Little Ravishing Red,C,131.88,12,10.99,0.0003979556006892971,99.72895590452758,2,
21268,Henry Fessy 09 Pouily-Fuisse,C,131.88,12,10.99,0.0003979556006892971,99.72935386012827,2,
19275,Stones Currant Ginger Flavor,C,131.88,12,10.99,0.0003979556006892971,99.72975181572896,2,13.0
226,DeKuyper Red Apple Schnapps,C,131.88,12,10.99,0.0003979556006892971,99.73014977132965,1,56.0
43789,Oakhurst Happy Camp Cab Svgn,C,131.88,12,10.99,0.0003979556006892971,99.73054772693034,2,17.0
22918,Blossom Hill Merlot,C,131.88,12,10.99,0.0003979556006892971,99.73094568253103,2,12.0
6365,Fetzer Svgn Bl Cal,C,131.88,12,10.99,0.0003979556006892971,99.73134363813172,2,30.0
37166,Snoqualmie Rsl Winemkrs Slct,C,131.88,12,10.99,0.0003979556006892971,99.73174159373241,2,35.0
17332,Sean Minor 4B Cntl Cst Chard,C,131.88,12,10.99,0.0003979556006892971,99.7321395493331,2,39.0
19497,Tintonegro Mendocino Malbec,C,131.88,12,10.99,0.0003979556006892971,99.73253750493379,2,18.0
15572,Seven Daughters Moscato IGT,C,131.88,12,10.99,0.0003979556006892971,99.73293546053448,2,12.0
19543,Caves de Charmelieu St Bris,C,131.88,12,10.99,0.0003979556006892971,99.73333341613517,2,
19652,Alias Chard,C,131.88,12,10.99,0.0003979556006892971,99.73373137173586,2,27.0
41132,McManis Petite Sirah Cal,C,131.88,12,10.99,0.0003979556006892971,99.73412932733655,2,6.0
6545,LeCompte Calvados 18 Yr Old,C,129.99,1,129.99,0.00039225241532910027,99.73452157975187,1,5.0
1253,Tullibardine Burgundy Finish,C,129.98,2,64.99,0.0003922222397451838,99.73491380199161,1,129.0
23425,La Jota Howell Mtn Merlot,C,129.98,2,64.99,0.0003922222397451838,99.73530602423135,2,9.0
17758,Il Poggione Rosso Montalcino,C,129.95,5,25.99,0.0003921317129934347,99.73569815594435,2,97.0
713,Capt Morgan Black Spiced Rum,C,129.95,5,25.99,0.0003921317129934347,99.73609028765735,1,
46132,Fruitier Gneiss Abord Muscdt,C,129.9,10,12.99,0.00039198083507385273,99.73648226849242,2,94.0
22808,Honeymaker Spiced Mead,C,129.9,10,12.99,0.00039198083507385273,99.7368742493275,2,
4340,Cruzan Black Strap Rum,C,129.9,10,12.99,0.00039198083507385273,99.73726623016258,1,466.0
13823,Vistamar Svgn Bl,C,129.87,13,9.99,0.00039189030832210357,99.7376581204709,2,
24926,Herzog Kosher Znfdl,C,129.87,13,9.99,0.00039189030832210357,99.73805001077922,2,
23201,Sterling Vntnr Coll Rose Ltd,C,129.87,13,9.99,0.00039189030832210357,99.73844190108754,2,11.0
21300,Clos LaChance Meritage,C,129.87,13,9.99,0.00039189030832210357,99.73883379139586,2,3.0
46164,Barefoot Merlot Cal,C,129.8,20,6.49,0.0003916790792346889,99.73922547047509,2,40.0
2750,Henry DuYore's Strgt Bourbon,C,128.97,3,42.99,0.0003891745057696288,99.73961464498086,1,48.0
19488,Ram Island Mead Iced Tea,C,128.81,19,6.808181818181819,0.00038869169642696664,99.74000333667729,2,100.0
3705,Smirnoff Sours Watermelon,C,128.7,130,0.9899999999999999,0.00038835976500388637,99.74039169644229,1,70.0
21017,Estancia Monterey County GSM,C,127.94,6,21.323333333333334,0.0003860664206262411,99.74077776286292,2,100.0
28155,Sauvion Muscadet Ch de Cler,C,127.92,8,15.99,0.0003860060694584083,99.74116376893238,2,116.0
23798,Aquitania Cab Svgn,C,127.92,8,15.99,0.0003860060694584083,99.74154977500184,2,79.0
14652,Cambria Katherine Vyd Chard,C,127.92,8,15.99,0.0003860060694584083,99.7419357810713,2,25.0
8460,Berentzen Icemint Schnapps,C,127.92,8,15.99,0.0003860060694584083,99.74232178714077,1,
11640,F Coppola Emerald Pnt Grigio,C,127.92,8,15.99,0.0003860060694584083,99.74270779321023,2,266.0
21411,Segal's Fusion Chard/Colombd,C,127.92,8,15.99,0.0003860060694584083,99.74309379927969,2,158.0
21753,Dom Taumassou CdR 12,C,127.84,16,7.99,0.00038576466478707725,99.74347956394448,2,
24546,Selini Nano Svgn Bl,C,127.68,32,3.99,0.0003852818554444151,99.74386484579992,2,345.0
18271,Masi Campolongo di Torbe Ama,C,126.99,1,126.99,0.00038319974015418444,99.74424804554008,2,3.0
33209,Sycamore Lane Cab Svgn Cal,C,126.96,24,5.29,0.00038310921340243523,99.74463115475348,2,13.0
19968,Ch Clerc Milon 10,C,125.99,1,125.99,0.00038018218176254584,99.74501133693524,2,38.0
19967,Ch Branaire Ducru 10 Brdx,C,125.99,1,125.99,0.00038018218176254584,99.74539151911699,2,42.0
22643,Chartron Trebuchet Puligny,C,125.98,2,62.99,0.00038015200617862947,99.74577167112317,2,9.0
23192,Martinelli Bondi Home Pnt Nr,C,125.98,2,62.99,0.00038015200617862947,99.74615182312934,2,45.0
20041,Ramey Chard Hyde Vyd,C,125.98,2,62.99,0.00038015200617862947,99.74653197513551,2,
24477,Coffinet-Duvernay Chass-Mon,C,125.98,2,62.99,0.00038015200617862947,99.74691212714168,2,
19502,Nostor Templari Priorat Red,C,125.97,3,41.99,0.00038012183059471305,99.74729224897227,2,73.0
405,Jack Daniels & Coke,C,125.97,3,41.99,0.00038012183059471305,99.74767237080286,1,
19586,Ch Godeau St Emilion 10 Cru,C,125.97,3,41.99,0.00038012183059471305,99.74805249263345,2,3.0
18385,B Side Napa Vly Red,C,125.94,6,20.99,0.00038003130384296394,99.7484325239373,2,7.0
21386,Segal's Cab Svgn Spcl Rsv Ga,C,125.93999999999998,6,20.99,0.0003800313038429639,99.74881255524114,2,22.0
17528,Dom Serene Roadblock Syrah,C,125.93,7,17.99,0.00038000112825904757,99.74919255636941,2,
45565,F Coppola Diamond Malbec,C,125.93,7,17.99,0.00038000112825904757,99.74957255749767,2,28.0
24754,Girl & Dragon Malbec,C,125.91,9,13.99,0.0003799407770912147,99.74995249827477,2,
23021,Jarhead Red,C,125.91,9,13.99,0.0003799407770912147,99.75033243905186,2,166.0
24124,Tarima 14 Blanco Alicante,C,125.86,14,8.99,0.00037978989917163283,99.75071222895103,2,104.0
8908,Carlo Rossi Rhine Calif,C,125.82,18,6.99,0.0003796691968359673,99.75109189814786,2,6.0
6919,Paul Masson Rose,C,125.82,18,6.99,0.0003796691968359673,99.7514715673447,2,27.0
19610,Ch Rieussec Gr Cru 10 Sauter,C,124.99,1,124.99,0.00037716462337090723,99.75184873196807,2,24.0
19971,Ch Le Bon Pasteur 10 Brdx,C,124.99,1,124.99,0.00037716462337090723,99.75222589659144,2,10.0
11918,Ch de Beaucastel Pape Blanc,C,124.99,1,124.99,0.00037716462337090723,99.75260306121481,2,
25184,Riglos Gran Cab Svgn,C,124.94999999999999,5,24.99,0.00037704392103524165,99.75298010513585,2,38.0
24706,Kenwood J London Znfdl,C,124.94999999999999,5,24.99,0.00037704392103524165,99.75335714905688,2,147.0
18797,Hess Shirttail Crk Vyd Chard,C,124.9,10,12.49,0.0003768930431156598,99.75373404209999,2,60.0
23242,Columbia Crest H3 Svgn Bl,C,124.37,13,8.615,0.00037529373716809134,99.75410933583716,2,23.0
35290,Vampire Transylvania Merlot,C,123.31,19,6.49,0.0003720951252729544,99.75448143096243,2,
23747,Ch Cantemerie 12 Haut-Medoc,C,122.97,3,40.99,0.00037106915541979733,99.75485250011785,2,31.0
22928,Desert Wind Ruah Red,C,120.94,6,20.156666666666666,0.00036494351188477096,99.75521744362973,2,61.0
45992,Casa Liliana Good Chard,C,120.89,11,10.99,0.000364792633965189,99.75558223626369,2,24.0
44859,Man Cab Svgn Western Cape,C,120.89,11,10.99,0.000364792633965189,99.75594702889765,2,525.0
24696,Black Stallion 10 Trans Cab,C,119.99,1,119.99,0.0003620768314127143,99.75630910572906,2,5.0
2943,The Macallan 18 Yr Old,C,119.99,1,119.99,0.0003620768314127143,99.75667118256047,1,0.0
25528,Masi Campo Torbe Amarone 00,C,119.99,1,119.99,0.0003620768314127143,99.75703325939187,2,14.0
4010,Armorik Single Malt Whiskey,C,119.98,2,59.99,0.00036204665582879794,99.7573953060477,1,53.0
18199,Valandraud 09 St Emilion Cru,C,119.98,2,59.99,0.00036204665582879794,99.75775735270352,2,
4354,Casa Noble Anejo,C,119.98,2,59.99,0.00036204665582879794,99.75811939935934,1,6.0
24723,Tenuta di Biserno Il Pino,C,119.98,2,59.99,0.00036204665582879794,99.75848144601517,2,13.0
25067,Jadot Pommard 13 Clos Commar,C,119.98,2,59.99,0.00036204665582879794,99.75884349267099,2,3.0
20661,Pali Pnt Nr Cargasacchi Vyd,C,119.98,2,59.99,0.00036204665582879794,99.75920553932681,2,5.0
23291,Ch Cantenac Brown Margx 11,C,119.98,2,59.99,0.00036204665582879794,99.75956758598264,2,7.0
10910,Marcarini Barolo Brunate,C,119.98,2,59.99,0.00036204665582879794,99.75992963263846,2,23.0
22105,Castello Di Cacchiano Chiant,C,119.97,3,39.99,0.0003620164802448815,99.7602916491187,2,10.0
24411,Marques de Grinon 10 Cab Svg,C,119.97,3,39.99,0.0003620164802448815,99.76065366559894,2,16.0
8261,Revolucion Silver Tequila,C,119.97,3,39.99,0.0003620164802448815,99.76101568207918,1,13.0
24170,Adelsheim Caitlins Rsv Chard,C,119.97,3,39.99,0.0003620164802448815,99.76137769855941,2,47.0
25002,Presqu'ile Pnt Nr Snta Maria,C,119.97,3,39.99,0.0003620164802448815,99.76173971503965,2,17.0
25063,Jadot Savigny 13 Clos de Gue,C,119.97,3,39.99,0.0003620164802448815,99.76210173151989,2,2.0
25069,Jadot Cote de Beaune Vlgs 13,C,119.96,4,29.99,0.00036198630466096514,99.76246371782456,2,26.0
23494,Ch Doisy-Daene Sauternes 11,C,119.96,4,29.99,0.00036198630466096514,99.76282570412923,2,
16585,Pali Summit Station R Pnt Nr,C,119.96,4,29.99,0.00036198630466096514,99.7631876904339,2,18.0
25008,St Supery Dollarhide Svgn Bl,C,119.96,4,29.99,0.00036198630466096514,99.76354967673856,2,
24415,Hidalgo Gobernador Oloroso S,C,119.96,4,29.99,0.00036198630466096514,99.76391166304323,2,14.0
3022,La Collection Ski Boot,C,119.96,4,29.99,0.00036198630466096514,99.7642736493479,1,
22599,Antica Fratta Franciacorta B,C,119.96,4,29.99,0.00036198630466096514,99.76463563565257,2,3.0
39797,Steele Catfish Znfdl,C,119.94999999999999,5,23.99,0.0003619561290770487,99.76499759178165,2,19.0
20129,Melee Grenache,C,119.94999999999999,5,23.99,0.0003619561290770487,99.76535954791073,2,
35910,Mulderbosch Svgn Bl Stelnbch,C,119.94,6,19.99,0.0003619259534931324,99.76572147386423,2,103.0
34803,Bregeon Muscadet Sevre et M,C,119.94,6,19.99,0.0003619259534931324,99.76608339981773,2,37.0
749,Stolichnaya Hot Vodka,C,119.94,6,19.99,0.0003619259534931324,99.76644532577123,1,907.0
33734,Hopler Pinot Noir Austria,C,119.94,6,19.99,0.0003619259534931324,99.76680725172473,2,481.0
3646,Tarantula Azul Tequila,C,119.94,6,19.99,0.0003619259534931324,99.76716917767823,1,
20980,Valley of the Moon Blend 41,C,119.93999999999998,6,19.99,0.0003619259534931323,99.76753110363173,2,31.0
7680,Viniq Shimmery Glow,C,119.93999999999998,6,20.189999999999998,0.0003619259534931323,99.76789302958522,1,233.0
16190,Morande Edicion Limitada,C,119.92,8,14.99,0.0003618656023252996,99.76825489518755,2,
3711,Three Olives Mango Vodka,C,119.92,8,14.99,0.0003618656023252996,99.76861676078988,1,51.0
24052,Poochi Poochi Sparkling Sake,C,119.92,8,14.99,0.0003618656023252996,99.76897862639221,2,101.0
22898,Dona Paula Est Red Blend,C,119.9,10,11.99,0.0003618052511574669,99.76934043164337,2,6.0
43393,Red Diamond Shiraz Wash,C,119.9,10,11.99,0.0003618052511574669,99.76970223689453,2,
17988,Porta Vita Blush Rosato,C,119.9,10,11.99,0.0003618052511574669,99.77006404214569,2,37.0
19414,Rainstorm Pnt Gris,C,119.9,10,11.99,0.0003618052511574669,99.77042584739685,2,36.0
25160,Cinq les Pattes Bordeaux Bla,C,119.9,10,11.99,0.0003618052511574669,99.77078765264801,2,189.0
44781,Nicolis Recioto Valpo Clsc,C,119.88000000000001,12,9.99,0.00036174489998963414,99.771149397548,2,
22388,Hayes Valley Meritage Red CC,C,119.88,12,9.99,0.0003617448999896341,99.77151114244799,2,
8008,Bols Peppermint Schnapps,C,119.88,12,9.99,0.0003617448999896341,99.77187288734798,1,37.0
40666,Bolla Chianti,C,119.88,12,9.99,0.0003617448999896341,99.77223463224797,2,
17017,Riebeek Cellars Chard,C,119.88,12,9.99,0.0003617448999896341,99.77259637714796,2,9.0
21504,Ponte Vinho Verde,C,119.88,12,9.99,0.0003617448999896341,99.77295812204795,2,12.0
21526,Listel Grain de Gris Rose,C,119.88,12,9.99,0.0003617448999896341,99.77331986694794,2,71.0
16863,Pacifico Sur Cab Svgn Rsv,C,119.88,12,9.99,0.0003617448999896341,99.77368161184793,2,8.0
23894,Lindemans Bin 45 Cab Svgn,C,119.88,12,9.99,0.0003617448999896341,99.77404335674792,2,21.0
18384,2 Copas Spain White,C,119.88,12,9.99,0.0003617448999896341,99.77440510164791,2,
45214,Canaletto Pnt Nr Pavia,C,119.88,12,9.99,0.0003617448999896341,99.7747668465479,2,
24494,Buehler Wh Znfdl Napa,C,119.88,12,9.99,0.0003617448999896341,99.7751285914479,2,16.0
18309,Grandial Brut Blanc de Blanc,C,119.88,12,9.99,0.0003617448999896341,99.77549033634789,2,29.0
24476,Les Pasquets Entre Deux Mers,C,119.88,12,9.99,0.0003617448999896341,99.77585208124788,2,6.0
10701,Yellow Tail Bubbles Rose,C,119.88,12,9.99,0.0003617448999896341,99.77621382614787,2,31.0
17367,Riebeek Clrs Svgn Bl Swartld,C,119.88,12,9.99,0.0003617448999896341,99.77657557104786,2,12.0
17470,Zacharias Ambelos Phos White,C,119.88,12,9.99,0.0003617448999896341,99.77693731594785,2,27.0
14357,Chilensis Pnt Nr,C,119.88,12,9.99,0.0003617448999896341,99.77729906084784,2,80.0
40220,Bella Italia Pnt Grigio Ter,C,119.88,12,9.99,0.0003617448999896341,99.77766080574783,2,
845,Bols Amaretto Liqueur,C,119.88,12,9.99,0.0003617448999896341,99.77802255064782,1,48.0
37722,Jacobs Crk Shirz Rsv,C,119.88,12,9.99,0.0003617448999896341,99.77838429554781,2,10.0
835,Bols Creme De Noyaux,C,119.88,12,9.99,0.0003617448999896341,99.7787460404478,1,20.0
34501,Gabbiano Pinot Grigio Delle,C,119.88,12,9.99,0.0003617448999896341,99.77910778534779,2,18.0
46090,Dom du Salvard Cheverny Rg,C,119.85000000000001,15,7.989999999999999,0.0003616543732378849,99.77946943972103,2,
44302,Yellow Tail Pnt Nr,C,119.85,15,7.99,0.00036165437323788487,99.77983109409426,2,32.0
24051,Genbei San Demonslayer Sake,C,119.80000000000001,20,5.99,0.000361503495318303,99.78019259758958,2,144.0
17911,Blackstone Winemakers Malbec,C,119.8,20,5.99,0.00036150349531830297,99.78055410108489,2,
8063,Absolut Pears,C,119.4,60,1.9899999999999998,0.0003602964719616476,99.78091439755686,1,177.0
2858,Royal Thistle Scotch,C,118.92999999999999,7,16.99,0.0003588782195175774,99.78127327577637,1,
23066,Toad Hollow Risque Sparkling,C,118.92999999999999,7,16.99,0.0003588782195175774,99.78163215399589,2,8.0
4387,Allens Coffee Brandy Trv,C,118.86,14,8.49,0.00035866699043016274,99.78199082098632,1,22.0
21473,Ch Malartic-Lagraviere Rouge,C,117.98,2,58.99,0.0003560115390455208,99.78234683252536,2,2.0
20685,A Bichot Ch Gris Nuits St Ge,C,117.98,2,58.99,0.0003560115390455208,99.7827028440644,2,
37100,Antinori Brnllo Mntlcno Pain,C,117.98,2,58.99,0.0003560115390455208,99.78305885560344,2,15.0
2976,Islay Mist 8 Yr Old Scotch,C,117.92999999999999,7,17.49,0.00035586066112593877,99.78341471626457,1,
23792,Camila Malbec,C,117.48,12,9.79,0.00035450275984970147,99.78376921902442,2,
38529,Seghesio Cortina Znfdl,C,116.97,3,38.99,0.00035296380506996575,99.78412218282949,2,
20772,Dutton Goldfield Chard Dutto,C,116.97,3,38.99,0.00035296380506996575,99.78447514663456,2,5.0
23236,Scaggs Vyds Mt Vedeer Montag,C,116.97,3,38.99,0.00035296380506996575,99.78482811043963,2,45.0
25376,Artesa Rsv Pnt Nr,C,116.97,3,38.99,0.00035296380506996575,99.7851810742447,2,1.0
536,Svedka Cherry Vodka,C,116.91,9,12.99,0.0003527827515664674,99.78553385699627,1,64.0
23543,Guillermo Mndza Kosher Malbc,C,116.91,9,12.99,0.0003527827515664674,99.78588663974783,2,13.0
46065,Corbett Canyon Pnt Nr,C,116.91,9,12.99,0.0003527827515664674,99.78623942249939,2,16.0
20420,Vigne A Porrona Rosso,C,116.91,9,12.99,0.0003527827515664674,99.78659220525095,2,
780,Svedka Clementine Vodka,C,116.91,9,12.99,0.0003527827515664674,99.78694498800252,1,66.0
25319,Ch Deux Rocs Premices Red,C,116.91,9,12.99,0.0003527827515664674,99.78729777075408,2,42.0
25199,Le Prelat CdR Blanc,C,116.91,9,12.99,0.0003527827515664674,99.78765055350564,2,227.0
23925,Cote Mas Blanc Mediterrane,C,116.87,13,8.99,0.00035266204923080195,99.78800321555487,2,50.0
700,Hiram Walker Cr de Cacao Br,C,116.05999999999999,14,8.29,0.0003502178269335746,99.7883534333818,1,23.0
20854,Moutard Champagne,C,115.98,2,57.99,0.00034997642226224356,99.78870340980406,2,
19594,Ch Doisy Daene Gr Vin Sec 10,C,115.96,4,28.99,0.00034991607109441077,99.78905332587514,2,40.0
278,Cazadores Reposado Tequila,C,115.96,4,28.99,0.00034991607109441077,99.78940324194623,1,15.0
918,Smirnoff Cherry Vodka,C,115.92,8,14.49,0.00034979536875874524,99.789753037315,1,28.0
16430,HandCraft Artisan Coll Pet S,C,115.80000000000001,20,5.79,0.00034943326175174865,99.79010247057674,2,
23592,Daou Soul of a Lion Red,C,114.99,1,114.99,0.0003469890394545214,99.7904494596162,2,19.0
14265,Vieux Clocher Vacqueyras 07,C,114.94999999999999,5,22.99,0.0003468683371188558,99.79079632795332,2,21.0
24136,Chanson Le Bourgogne Pnt Nr,C,114.94999999999999,5,22.99,0.0003468683371188558,99.79114319629043,2,5.0
23186,Morgan Winery Double L  Rsl,C,114.94999999999999,5,22.99,0.0003468683371188558,99.79149006462755,2,46.0
21087,Gundlach Bundschu 07 Vintage,C,113.98,2,56.99,0.0003439413054789664,99.79183400593303,2,
13606,Neal Petite Syrah Rutherford,C,113.97,3,37.99,0.00034391112989505003,99.79217791706292,2,166.0
23538,Vin Vault Cab Svgn,C,113.94,6,18.99,0.0003438206031433008,99.79252173766606,2,
2215,Ole Smoky Harley-Davidson,C,113.94,6,18.99,0.0003438206031433008,99.79286555826921,1,
9191,Mojoshot Blue Lagoon RTD,C,112.86,114,0.99,0.00034056164008033115,99.7932061199093,1,7.0
17384,20 Mile 09 Brdx Superior,C,112.47,3,37.49,0.0003393847923075921,99.79354550470161,2,30.0
15020,Angeline Chard Cal,C,112.35,15,7.49,0.0003390226853005955,99.79388452738691,2,28.0
945,Vincent Van Gogh Pineapple,C,111.96,4,27.99,0.00033784583752785645,99.79422237322443,1,14.0
22644,Gaston & Ravaut Bourgn Chard,C,111.96,4,27.99,0.00033784583752785645,99.79456021906195,2,12.0
36571,Matanzas Creek Chard Sonoma,C,111.96,4,27.99,0.00033784583752785645,99.79489806489947,2,7.0
21426,Szigeti Gruner Velt Skt Brut,C,111.94999999999999,5,22.389999999999997,0.00033781566194394,99.79523588056142,2,69.0
20174,Dom Bousquet Pnt Nr Rsv,C,111.93,7,15.99,0.0003377553107761073,99.7955736358722,2,54.0
18880,Piccini Memoro,C,111.92,8,13.99,0.0003377251351921909,99.7959113610074,2,190.0
25106,Pulenta Est Gran Cab Franc,C,110.97,3,36.99,0.0003348584547201342,99.79624621946212,2,8.0
23203,Truvee Red,C,110.91,9,12.323333333333332,0.0003346774012166359,99.79658089686333,2,114.0
4141,Wild Turkey American Honey,C,110.88000000000001,112,0.99,0.0003345868744648868,99.79691548373779,1,5660.0
45129,Paul Hobbs Pnt Nr RRV,C,109.98,2,54.99,0.00033187107191241203,99.7972473548097,2,196.0
25007,St Supery Elu Meritage Red,C,109.98,2,54.99,0.00033187107191241203,99.7975792258816,2,29.0
12199,Rochioli RRV Chard Cal,C,109.98,2,54.99,0.00033187107191241203,99.79791109695351,2,2.0
22049,Maggy Hawk Jolie Pnt Nr,C,109.98,2,54.99,0.00033187107191241203,99.79824296802542,2,
24860,Mystos Longboard Vyd 13 Pnt,C,109.98,2,54.99,0.00033187107191241203,99.79857483909733,2,98.0
25004,Tenuta Sette Cieli Yantra,C,109.94999999999999,5,21.99,0.0003317805451606628,99.7989066196425,2,89.0
20550,Fifty Shades Of Grey Red Sat,C,109.9,10,10.99,0.0003316296672410809,99.79923824930974,2,82.0
18938,Schmitt Sohne Funf Sangria,C,109.9,10,10.99,0.0003316296672410809,99.79956987897698,2,27.0
4322,Cruzan Raspberry Flavord Rum,C,109.9,10,10.99,0.0003316296672410809,99.79990150864423,1,28.0
17914,Thorny Rose Red,C,109.9,10,10.99,0.0003316296672410809,99.80023313831147,2,166.0
842,Bols Apricot Flavored Brand,C,109.9,10,10.99,0.0003316296672410809,99.80056476797871,1,20.0
16749,Ninety+Cellars Lot 50 Prosco,C,109.9,10,10.99,0.0003316296672410809,99.80089639764596,2,547.0
20549,Fifty Shades Of Grey Wh Silk,C,109.9,10,10.99,0.0003316296672410809,99.8012280273132,2,
38526,Seghesio Arneis RRV,C,109.9,10,10.99,0.0003316296672410809,99.80155965698044,2,
4331,Bacardi Dragon Berry Trav,C,109.89,11,9.99,0.00033159949165716455,99.8018912564721,1,16.0
17938,Stark Raving White,C,109.89,11,9.99,0.00033159949165716455,99.80222285596376,2,93.0
25146,Barefoot Cellars Winter Red,C,109.78,22,4.99,0.0003312675602340843,99.80255412352399,2,99.0
22906,Mercer Canyons Red,C,108.11,19,5.69,0.0003262282377200479,99.80288035176171,2,
20428,Fattoria Poggio Red 10,C,107.98,2,53.99,0.00032583595512913487,99.80320618771684,2,44.0
2614,Dewars Special RSV 12-Year,C,107.98,2,53.99,0.00032583595512913487,99.80353202367196,1,43.0
23411,Gloria Ferrer Royal Cuvee,C,107.96,4,26.99,0.000325775603961302,99.80385779927592,2,19.0
25137,Nicole Chanrion Cote de Brou,C,107.94,6,17.99,0.0003257152527934693,99.80418351452872,2,34.0
3432,Capri Natura Limoncello,C,107.94,6,17.99,0.0003257152527934693,99.80450922978152,1,3.0
11148,Folie A Deux Chard Napa,C,107.94,6,17.99,0.0003257152527934693,99.80483494503432,2,
15188,Las Valles Carinena Red,C,107.88,12,8.99,0.00032553419928997096,99.8051604792336,2,32.0
22620,Victor Vyds Old Vine Znfdl,C,107.88,12,8.99,0.00032553419928997096,99.8054860134329,2,
17706,Il Donato Vino Rosso Puglia,C,107.88,12,8.99,0.00032553419928997096,99.80581154763219,2,
46508,Crane Lake Pnt Grigio Cal,C,107.88,12,8.99,0.00032553419928997096,99.80613708183148,2,
14190,Ch Haut Branda Brdx Rouge,C,107.88,12,8.99,0.00032553419928997096,99.80646261603077,2,9.0
38318,Portillo Malbec,C,107.88,12,8.99,0.00032553419928997096,99.80678815023006,2,
13583,Twisted Cab Svgn Cal,C,107.88,12,8.99,0.00032553419928997096,99.80711368442935,2,
8634,Manischewitz Cream White Cnd,C,107.88,12,8.99,0.00032553419928997096,99.80743921862864,1,96.0
39840,Kenwood Cve Brut Yulupa Spa,C,107.88,12,8.99,0.00032553419928997096,99.80776475282794,2,85.0
1408,Southern Comfort Holiday Spi,C,107.88,12,8.99,0.00032553419928997096,99.80809028702723,1,
22793,Kenwood Yulupa Pnt Nr,C,107.88,12,8.99,0.00032553419928997096,99.80841582122652,2,25.0
18363,Sutter Home Rsl,C,107.82,18,5.99,0.00032535314578647264,99.8087411743723,2,27.0
19370,Barefoot Perfectly Pink,C,107.82,18,5.989999999999999,0.00032535314578647264,99.80906652751808,2,36.0
19849,Barefoot Cellars Malbec,C,106.93,17,6.29,0.00032266751881791436,99.8093891950369,2,176.0
23825,Tortiose Crk La Charmel Mus1,C,106.92,8,13.156666666666666,0.00032263734323399794,99.80971183238013,2,205.0
24260,Red Car Ritchie Vyd Chard,C,105.98,2,52.99,0.0003198008383458577,99.81003163321847,2,41.0
19695,Ch Bernadotte 10 Haut Medoc,C,104.97,3,34.99,0.0003167531043703027,99.81034838632284,2,32.0
40436,St Francis Claret Sonoma,C,104.93,7,14.99,0.00031663240203463715,99.81066501872488,2,16.0
23935,Dom Sourdais Chinon,C,104.93,7,14.99,0.00031663240203463715,99.81098165112691,2,17.0
24125,Botani 13 Muscat Srra Malaga,C,104.93,7,14.99,0.00031663240203463715,99.81129828352894,2,126.0
17520,C Y Toro Frontera Vintage Re,C,104.65,35,2.99,0.0003157874856849784,99.81161407101463,2,
6633,Pinnacle Red Berry Vodka,C,104.39,11,9.49,0.0003150029205031523,99.81192907393513,1,
18937,Yangarra Est Vyd 10 Shiraz,C,103.96,4,25.99,0.0003137053703947477,99.81224277930552,2,2.0
905,DeKuyper Grape Pucker,C,103.92,8,12.99,0.00031358466805908223,99.81255636397358,1,45.0
3402,Pinnacle Vanilla,C,103.92,8,12.99,0.00031358466805908223,99.81286994864165,1,7.0
24692,Calmel & Joseph Chard,C,103.92,8,12.99,0.00031358466805908223,99.81318353330971,2,
18639,Fetzer Crimson Red Blend,C,103.92,8,12.99,0.00031358466805908223,99.81349711797778,2,
3361,Pinnacle Double Espresso,C,103.92,8,12.99,0.00031358466805908223,99.81381070264584,1,1.0
161,DeKuyper Pineapple,C,103.92,8,12.99,0.00031358466805908223,99.8141242873139,1,49.0
15349,Itami Onigoroshi Junmal Shu,C,103.87,13,7.99,0.0003134337901395003,99.81443772110404,2,108.0
113,Mr Boston Cr de Cacao Brown,C,103.84,16,6.49,0.0003133432633877511,99.81475106436743,1,37.0
16559,Badenhorst Secateurs Red,C,102.93,7,14.656666666666666,0.00031059728525136,99.81506166165268,2,146.0
19062,Ch Olivier 10 Blanc Pessac-L,C,101.98,2,50.99,0.00030773060477930333,99.81536939225745,2,22.0
22621,A Bichot Adelie Mercury,C,101.97,3,33.99,0.0003077004291953869,99.81567709268664,2,17.0
19201,Jadot 12 Steel Chard,C,101.94,6,16.99,0.00030760990244363775,99.81598470258909,2,18.0
14638,Bongiovanni Dolceo D'Alba,C,101.94,6,16.99,0.00030760990244363775,99.81629231249154,2,3.0
587,Malibu Mango Rum,C,101.94,6,16.99,0.00030760990244363775,99.81659992239399,1,114.0
15192,Folonari Moscato,C,101.92,8,12.847142857142858,0.000307549551275805,99.81690747194527,2,69.0
15058,Cono Sur Organic Svgn Bl,C,101.91,9,11.24,0.0003075193756918886,99.81721499132097,2,57.0
44338,Irony Chard Napa,C,101.88,12,8.49,0.00030742884894013943,99.81752242016991,2,
20842,Papi Merlot,C,101.88,12,8.49,0.00030742884894013943,99.81782984901885,2,
15366,Vina Borgia Garnacha,C,101.88,12,8.49,0.00030742884894013943,99.81813727786779,2,22.0
34646,Terrazas Alto Cab Svgn Argn,C,101.88,12,8.49,0.00030742884894013943,99.81844470671673,2,2.0
735,Orange Quattro di Amore,C,101.43,7,14.49,0.0003060709476639021,99.81875077766439,1,12.0
5371,Dr McGillicudy's Buttersctch,C,100.98,102,0.99,0.00030471304638766473,99.81905549071078,1,
36769,Toad Hollow Rose Eye Pnt Nr,C,100.88,12,8.823333333333332,0.0003044112905485008,99.81935990200132,2,
1032,Woodford Rsv MC Classic Malt,C,99.99,1,99.99,0.00030172566357994254,99.8196616276649,1,
1404,Woodford Rsv Master Coll Pnt,C,99.99,1,99.99,0.00030172566357994254,99.81996335332848,1,
21339,Flowers Sonoma Cst Chard,C,99.99,1,99.99,0.00030172566357994254,99.82026507899205,2,11.0
25056,Jadot Gevrey Chambertin 13,C,99.99,1,99.99,0.00030172566357994254,99.82056680465563,2,6.0
24159,Krupp Bros The Doctor Red,C,99.99,1,99.99,0.00030172566357994254,99.8208685303192,2,22.0
44651,Nickel Carpenter Cab Svgn,C,99.99,1,99.99,0.00030172566357994254,99.82117025598278,2,
22787,Tenuta La Fuga 09 Brun Montl,C,99.98,2,49.99,0.0003016954879960261,99.82147195147077,2,
21830,Buoncristiani Family Red OPC,C,99.98,2,49.99,0.0003016954879960261,99.82177364695876,2,35.0
21481,Chateau Giscours Margaux,C,99.98,2,49.99,0.0003016954879960261,99.82207534244675,2,
24473,Andre Jacquart Brut Experien,C,99.98,2,49.99,0.0003016954879960261,99.82237703793474,2,3.0
14277,Ferrari Carano Tresor Rsv,C,99.98,2,49.99,0.0003016954879960261,99.82267873342273,2,7.0
3461,Corzo Silver Tequila,C,99.98,2,49.99,0.0003016954879960261,99.82298042891072,1,
19049,Corte Giara Amarone 09,C,99.98,2,49.99,0.0003016954879960261,99.82328212439872,2,14.0
2715,Teeling Single Grain Whiskey,C,99.98,2,49.99,0.0003016954879960261,99.82358381988671,1,259.0
39736,Krupp Bros Veraison Red,C,99.98,2,49.99,0.0003016954879960261,99.8238855153747,2,154.0
123,Van Winkle Special Rsv 10 Yr,C,99.98,2,49.99,0.0003016954879960261,99.82418721086269,1,3.0
19427,Latour 11 Beaune Vignes Fran,C,99.98,2,49.99,0.0003016954879960261,99.82448890635068,2,
46140,Mate Brunello di Montalcino,C,99.98,2,49.99,0.0003016954879960261,99.82479060183867,2,
19417,Latour 11 Merslt-Blgny P Cru,C,99.98,2,49.99,0.0003016954879960261,99.82509229732666,2,7.0
25156,Champagne Malard Grand Cru B,C,99.98,2,49.99,0.0003016954879960261,99.82539399281465,2,60.0
24585,Moshin Vyds Pnt Nr RRV,C,99.96,4,24.99,0.00030163513682819333,99.82569562795148,2,66.0
22323,Anton Bauer Wagram Rsv,C,99.96,4,24.99,0.00030163513682819333,99.8259972630883,2,
14013,Joseph Mellot Sancerre White,C,99.96,4,24.99,0.00030163513682819333,99.82629889822512,2,
19789,Atalon Svgn Bl Napa Valley,C,99.94999999999999,5,19.99,0.00030160496124427696,99.82660050318637,2,24.0
25139,Chigard Fleurie Les Moriers,C,99.94999999999999,5,19.99,0.00030160496124427696,99.82690210814762,2,11.0
29676,Hartley & Gisbon Pedro Zimen,C,99.94999999999999,5,19.99,0.00030160496124427696,99.82720371310887,2,
19216,Chronic Cellars Sofa King,C,99.94999999999999,5,19.99,0.00030160496124427696,99.82750531807012,2,37.0
827,Bols Anisette,C,99.9,10,9.99,0.00030145408332469506,99.82780677215345,1,97.0
19070,J Lohr Est Bay Mist Rsl,C,99.9,10,9.99,0.00030145408332469506,99.82810822623678,2,58.0
836,Bols Creme de Cassis,C,99.9,10,9.99,0.00030145408332469506,99.8284096803201,1,54.0
15914,Simply Naked Merlot,C,99.75,25,3.99,0.00030100144956594926,99.82871068176968,2,
715,Hiram Walker Cr de Cacao Wh,C,99.47999999999999,12,8.29,0.0003001867088002068,99.82901086847848,1,18.0
23322,Ch Suduiraut 11 Sauternes Pr,C,98.99,1,98.99,0.00029870810518830394,99.82930957658367,2,1.0
33971,Zenato Valpolicella Clsc Ri,C,98.97,3,32.99,0.0002986477540204712,99.82960822433769,2,55.0
5610,West Indies Blue Mtn Coffee,C,98.97,3,32.99,0.0002986477540204712,99.82990687209171,1,15.0
22934,Carol Shelton Rocky Rsv Znfd,C,98.97,3,32.99,0.0002986477540204712,99.83020551984573,2,52.0
18781,Girl Go Lightly Moscato,C,98.91000000000001,9,10.99,0.0002984667005169729,99.83050398654625,2,
8570,Chi Chi's Churro RTD,C,98.91,9,10.99,0.0002984667005169728,99.83080245324676,2,28.0
10374,Hazlitt White Cat Fngr Lakes,C,98.89,11,8.99,0.0002984063493491401,99.8311008595961,2,11.0
19056,Wolf Blass Yellow Lbl Chard,C,98.89,11,8.99,0.0002984063493491401,99.83139926594545,2,
7902,Piehole Apple Pie,C,98.01,99,0.99,0.0002957508979644981,99.83169501684341,1,
1985,Collier & McKeel Whiskey,C,97.98,2,48.99,0.00029566037121274896,99.83199067721462,1,4.0
23099,Il Poggione Rosso Franceschi,C,97.98,2,48.99,0.00029566037121274896,99.83228633758583,2,
6957,Torna Sorrento Limoncello,C,97.93,7,13.99,0.00029550949329316706,99.83258184707913,1,
11340,Herzog Kosher Chard,C,97.93,7,13.99,0.00029550949329316706,99.83287735657242,2,302.0
14126,Attitude 13 Rose Jolivet,C,97.93,7,13.99,0.00029550949329316706,99.83317286606572,2,70.0
13703,Barefoot Cellars Moscato,C,97.35,15,6.49,0.00029375930942601665,99.83346662537515,2,20.0
23309,Ch Smith Haut Laftte Roug 11,C,96.99,1,96.99,0.0002926729884050267,99.83375929836356,2,4.0
17816,Sauvignon Republic Svgn Bl,C,96.69,11,8.79,0.00029176772088753517,99.83405106608444,2,12.0
23593,Daou Mayote Red,C,95.99,1,95.99,0.0002896554300133881,99.83434072151445,2,13.0
22173,Lucienne Doctor's Vyd Pnt Nr,C,95.98,2,47.99,0.0002896252544294718,99.83463034676888,2,9.0
41634,Morgan Winery Garys Vyd Pnt,C,95.97,3,31.99,0.0002895950788455554,99.83491994184772,2,
23144,Ch Andron Blanquet St Esteph,C,95.97,3,31.99,0.0002895950788455554,99.83520953692656,2,38.0
23321,Connetable de Talbot 11 Brdx,C,95.97,3,31.99,0.0002895950788455554,99.8354991320054,2,9.0
23603,Sidebar Svgn Bl,C,95.96,4,23.99,0.000289564903261639,99.83578869690865,2,66.0
23354,Paul Dolan Deep Red 09 Mendo,C,95.94,6,15.99,0.00028950455209380627,99.83607820146075,2,16.0
21039,Temptation Znfdl,C,95.94,6,15.99,0.00028950455209380627,99.83636770601285,2,
24663,M Chiarlo Rovereto Gavi 13,C,95.94,6,15.99,0.00028950455209380627,99.83665721056495,2,212.0
13255,Torre Migliori Monte d'Abruz,C,95.94,6,15.99,0.00028950455209380627,99.83694671511705,2,12.0
16586,Pali Charm Acres Sonom Chard,C,95.94,6,15.99,0.00028950455209380627,99.83723621966915,2,
21296,Medlock Ames Red 10,C,95.94,6,15.99,0.00028950455209380627,99.83752572422125,2,
21366,Tamaya Svgn Bl,C,95.93,7,13.704285714285716,0.00028947437650988985,99.83781519859777,2,105.0
44709,Trinity Oaks Pnt Nr Cal,C,95.88,12,7.99,0.00028932349859030795,99.83810452209636,2,31.0
32543,Villa Cornaro Pinot Grigio,C,95.88,12,7.99,0.00028932349859030795,99.83839384559495,2,
21099,Hey Mambo Swanky White 08,C,95.88,12,7.99,0.00028932349859030795,99.83868316909354,2,
885,Arrow Apricot Brandy,C,95.88,12,7.99,0.00028932349859030795,99.83897249259213,1,
36653,R M Woodbridge Rsl,C,95.88,12,7.99,0.00028932349859030795,99.83926181609073,2,26.0
32987,Franzia Merlot Cal,C,95.88,12,7.99,0.00028932349859030795,99.83955113958932,2,
43543,Carlo Rossi RSV Chard Cal,C,95.88,12,7.99,0.00028932349859030795,99.83984046308791,2,
23905,King Rabbit Malbec Pay D'Oc,C,95.88,12,7.99,0.00028932349859030795,99.8401297865865,2,
18299,Sartori Family Pnt Nr,C,95.88,12,7.99,0.00028932349859030795,99.8404191100851,2,
12268,Snap Dragon Cab Svgn,C,95.88,12,7.99,0.00028932349859030795,99.84070843358369,2,15.0
18414,M D 20/20 Habanero Lime Arit,C,95.76,24,3.99,0.0002889613915833113,99.84099739497528,2,182.0
46059,Tisdale Vyds Wh Znfdl Cal,C,95.76,24,3.99,0.0002889613915833113,99.84128635636687,2,13.0
28313,Gallo Copperidge Merlot Cal,C,95.76,24,3.99,0.0002889613915833113,99.84157531775845,2,24.0
8207,Richards Wild Irish White,C,95.76,24,3.99,0.0002889613915833113,99.84186427915004,1,21.0
39995,Tisdale Cab Svgn Cal,C,95.76,24,3.99,0.0002889613915833113,99.84215324054163,2,
41172,Vendange Shiraz,C,95.76,24,3.99,0.0002889613915833113,99.84244220193322,2,41.0
39996,Tisdale Chard Cal,C,95.76,24,3.99,0.0002889613915833113,99.84273116332481,2,19.0
19955,Ch La Croix de Beaucailou 10,C,94.99,1,94.99,0.00028663787162174956,99.84301780119644,2,56.0
23436,Dom R Bouvier Marsny Rose 14,C,94.94999999999999,5,18.99,0.000286517169286084,99.84330431836572,2,32.0
19959,Slctn Laurence Feraud CdR,C,94.94999999999999,5,18.99,0.000286517169286084,99.84359083553501,2,
20508,Calaches Lanessan Haut-Medoc,C,94.94999999999999,5,18.99,0.000286517169286084,99.8438773527043,2,13.0
1090,Licor 43 Liqueur Gift Pack,C,94.94999999999999,5,18.99,0.000286517169286084,99.84416386987358,1,
21159,Nyers Vyds Sage Canyon Red,C,94.94999999999999,5,18.99,0.000286517169286084,99.84445038704287,2,
19809,Ch Lassegue 07 St Emilion AC,C,93.98,2,46.99,0.0002835901376461946,99.84473397718051,2,44.0
14973,Nicolas Feuillatte Brut Rose,C,93.98,2,46.99,0.0002835901376461946,99.84501756731815,2,38.0
298,Old Mexico Blanco Tequila,C,93.39,11,8.49,0.0002818097781951278,99.84529937709635,1,29.0
15899,Kosta Browne Pnt Nr Sonoma C,C,92.99,1,92.99,0.0002806027548384724,99.8455799798512,2,84.0
4348,Myers Platinum Rum,C,92.94,6,15.49,0.00028045187691889045,99.84586043172811,1,
18569,Sterling Rsv Platinum Red,C,91.98,2,45.99,0.0002775550208629174,99.84613798674897,2,4.0
6046,LaMuse Verte Absinthe,C,91.98,2,45.99,0.0002775550208629174,99.84641554176983,1,
1107,Common Man Slctn Woodford Rs,C,91.98,2,45.99,0.0002775550208629174,99.84669309679069,1,4.0
15470,Achaval Ferrer Quimera,C,91.96,4,22.99,0.00027749466969508464,99.84697059146038,2,6.0
2703,Full Throttle Moonshine,C,91.96,4,22.99,0.00027749466969508464,99.84724808613007,1,48.0
41170,Vendange Chard,C,91.77000000000001,23,3.99,0.00027692133360067336,99.84752500746366,2,199.0
42752,Five Oaks Chard Cal,C,90.96,24,3.79,0.00027447711130344603,99.84779948457496,2,5.0
886,DeKuyper Peppermint,C,90.93,7,12.99,0.0002743865845516969,99.84807387115951,1,19.0
10733,A Bichot Macon-Villages,C,90.93,7,12.99,0.0002743865845516969,99.84834825774406,2,220.0
19906,The Pessimist Cab Svgn,C,90.86999999999999,13,6.99,0.0002742055310481986,99.8486224632751,2,12.0
23040,Aquilon 06 Garnacha de Borja,C,89.99,1,89.99,0.00027155007966355664,99.84889401335477,2,4.0
2349,Blood Oath Bourbon,C,89.99,1,89.99,0.00027155007966355664,99.84916556343443,1,3.0
25206,Quinta do Noval 2013 Port,C,89.99,1,89.99,0.00027155007966355664,99.84943711351409,2,2.0
22538,Jadot Corton Greves 12,C,89.99,1,89.99,0.00027155007966355664,99.84970866359374,2,
20883,Quinta do Noval Port 11,C,89.99,1,89.99,0.00027155007966355664,99.8499802136734,2,
22426,Zapata White Stones Chard,C,89.99,1,89.99,0.00027155007966355664,99.85025176375306,2,4.0
465,Corralejo Reposado Tequila,C,89.98,2,44.99,0.00027151990407964027,99.85052328365714,1,
1274,No. 14 Bourbon,C,89.98,2,44.99,0.00027151990407964027,99.85079480356121,1,30.0
15507,Mollydooker Blue Eyed Boy,C,89.98,2,44.99,0.00027151990407964027,99.85106632346529,2,4.0
43900,Clio Jumilla Red,C,89.98,2,44.99,0.00027151990407964027,99.85133784336936,2,32.0
13791,The Chocolate Block Red,C,89.97,3,29.99,0.00027148972849572384,99.85160933309785,2,6.0
194,Yazi Ginger Vodka,C,89.97,3,29.99,0.00027148972849572384,99.85188082282635,1,1.0
22324,Hillinger Leitheberg Blaufra,C,89.97,3,29.99,0.00027148972849572384,99.85215231255484,2,2.0
16281,Dom Serene Clos Soleil Chard,C,89.97,3,29.99,0.00027148972849572384,99.85242380228333,2,
19796,San Zopito Montepulciano d'A,C,89.97,3,29.99,0.00027148972849572384,99.85269529201182,2,25.0
25588,High Valley Znfdl,C,89.97,3,29.99,0.00027148972849572384,99.8529667817403,2,2.0
24533,Joseph Drouhin Santenay Red,C,89.97,3,29.99,0.00027148972849572384,99.8532382714688,2,6.0
31194,Conn Crk Ltd Rls Np Cab Svgn,C,89.96,4,22.656666666666666,0.0002714595529118075,99.8535097310217,2,114.0
24410,Marques de Grinon 10 Caliza,C,89.94999999999999,5,17.99,0.00027142937732789105,99.85378116039902,2,63.0
20376,Duval-Leroy Prestige Rose,C,89.94999999999999,5,17.99,0.00027142937732789105,99.85405258977634,2,
23495,Ch Cantegril Sauternes 11,C,89.94999999999999,5,17.99,0.00027142937732789105,99.85432401915367,2,3.0
229,Sauza Gold VAP,C,89.94,6,14.99,0.0002713992017439747,99.85459541835542,1,
14370,Seven Deadly Zins Lodi Znfdl,C,89.94,6,14.99,0.0002713992017439747,99.85486681755717,2,3.0
2939,Berentzen Bushel & Barrel,C,89.94,6,14.99,0.0002713992017439747,99.85513821675892,1,6.0
530,Smirnoff Fluffed Marshmallow,C,89.94,6,14.99,0.0002713992017439747,99.85540961596067,1,
3084,Patron Silver Tequila,C,89.94,6,14.99,0.0002713992017439747,99.85568101516242,1,86.0
17289,Sella & Mosca Terre Rare,C,89.94,6,14.99,0.0002713992017439747,99.85595241436417,2,23.0
22097,Hacienda Haro Lopez Cri Rsva,C,89.94,6,14.99,0.0002713992017439747,99.85622381356592,2,
16649,Cesari Valpo Classico,C,89.94,6,14.99,0.0002713992017439747,99.85649521276767,2,
6916,St Germain Liqueur,C,89.94,6,14.99,0.0002713992017439747,99.85676661196942,1,
19944,Cielo Pnt Grigio,C,89.91000000000001,9,9.99,0.0002713086749922256,99.85703792064442,2,19.0
21622,Lima Loureiro Vino Verde DOC,C,89.91,9,9.99,0.0002713086749922255,99.85730922931941,2,48.0
549,DeKuyper Melon,C,89.9,10,8.99,0.0002712784994083092,99.85758050781882,1,65.0
35855,Botromagno Gravina,C,89.88,12,7.49,0.00027121814824047636,99.85785172596707,2,
11743,Parducci Sustainable White,C,89.88,12,7.49,0.00027121814824047636,99.85812294411531,2,
43499,Sterling Vntrs Cltn Chard,C,89.88,12,7.49,0.00027121814824047636,99.85839416226355,2,
17065,Be. Bright Pnt Grigio,C,89.85000000000001,15,5.99,0.00027112762148872726,99.85866528988504,2,1.0
2784,Lauders,C,88.10999999999999,9,9.790000000000001,0.00026587706988727606,99.85893116695493,1,72.0
18697,Turnbull Cab Svgn 09 Blk Lab,C,87.99,1,87.99,0.0002655149628802794,99.85919668191781,2,
17615,Bota Box Rsl,C,87.96,4,21.99,0.0002654244361285303,99.85946210635393,2,17.0
24191,Mirafiore Dolcetto D'Alba,C,87.96,4,21.99,0.0002654244361285303,99.85972753079005,2,39.0
5273,Southern Comfort 100 Proof,C,87.89,11,7.989999999999999,0.00026521320704111557,99.8599927439971,1,
24095,Gallo Copperidge Cab Svgn,C,87.78,22,3.99,0.00026488127561803535,99.86025762527271,2,36.0
13418,Pacifico Sur Rose Carmenere,C,87.48,12,7.29,0.0002639760081005438,99.86052160128081,2,15.0
24046,Michel Torino Don David Cab,C,87.48,12,7.290000000000001,0.0002639760081005438,99.86078557728891,2,
11077,Nova 06 Marilyn Merlot Napa,C,86.97,3,28.99,0.0002624370533208081,99.86104801434223,2,2.0
244,Ketel One Oranje,C,86.97,3,28.99,0.0002624370533208081,99.86131045139555,1,
25058,Jadot Bourgogne Le Chapitre,C,86.97,3,28.99,0.0002624370533208081,99.86157288844888,2,9.0
42115,Jewell Towne Cab Svgn NH,C,86.94,6,14.49,0.0002623465265690589,99.86183523497544,2,387.0
20218,Chocolate Cuvee,C,86.93,7,12.49,0.0002623163509851426,99.86209755132643,2,35.0
24183,CaRome Barbaresco Chiarmanti,C,85.99,1,85.99,0.00025947984609700226,99.86235703117252,2,25.0
10864,Sea Smoke Ten Snt Brb Pnt Nr,C,85.99,1,85.99,0.00025947984609700226,99.86261651101862,2,15.0
19632,Ch de Pez 10 St Estephe Brdx,C,85.98,2,42.99,0.0002594496705130859,99.86287596068912,2,
36067,Ch Sociando Mallet 10,C,85.98,2,42.99,0.0002594496705130859,99.86313541035963,2,
19604,Ch Lacoste-Borie Pauillac 10,C,85.98,2,42.99,0.0002594496705130859,99.86339486003014,2,4.0
22700,Paul Hobbs Pnt Nr Katherine,C,84.99,1,84.99,0.0002564622877053637,99.86365132231785,2,2.0
45871,Luzon Jumilla Red,C,84.9,10,8.49,0.00025619070745011623,99.8639075130253,2,205.0
6343,Vendange Merlot,C,84.83000000000001,17,4.99,0.00025597947836270154,99.86416349250366,2,12.0
11420,Aresti Est Chardonnay,C,84.83000000000001,17,4.99,0.00025597947836270154,99.86441947198203,2,
111,Mr Boston Creme de Menthe Gr,C,84.37,13,6.489999999999999,0.00025459140150254776,99.86467406338353,1,52.0
18853,Barefoot Cellars Pink Moscat,C,84.37,13,6.49,0.00025459140150254776,99.86492865478503,2,40.0
108,Mr Boston Peppermint Schnaps,C,84.37,13,6.49,0.00025459140150254776,99.86518324618653,1,33.0
25107,Riglos Gran Corte Mendoza,C,83.98,2,41.99,0.00025341455372980873,99.86543666074026,2,18.0
19824,Ch Lalande Boire 10 Brdx,C,83.98,2,41.99,0.00025341455372980873,99.86569007529398,2,
3742,Spring 44 Vodka,C,83.97,3,27.99,0.00025338437814589236,99.86594345967212,1,15.0
19430,Taittinger La Francaise,C,83.96,4,20.99,0.0002533542025619759,99.86619681387468,2,19.0
23899,Vino Rose,C,83.94,6,13.99,0.00025329385139414315,99.86645010772608,2,30.0
12575,Bonny Doon Vyd Albarino,C,83.94,6,13.99,0.00025329385139414315,99.86670340157748,2,
22927,Paydirt Svgn Blanc,C,83.94,6,13.99,0.00025329385139414315,99.86695669542888,2,
38641,Opici Marsala Cal,C,83.94,6,13.99,0.00025329385139414315,99.86720998928028,2,16.0
12539,Croix de Basson Rose Organic,C,83.94,6,13.99,0.00025329385139414315,99.86746328313168,2,
43919,Farnum Hill X-Dry StillCider,C,83.93,7,11.99,0.0002532636758102268,99.8677165468075,2,17.0
3719,Smirnoff Lime Vodka,C,83.93,7,10.656666666666666,0.0002532636758102268,99.86796981048332,1,
10336,Poema Brut Cava Penedes,C,83.92999999999999,7,11.99,0.0002532636758102268,99.86822307415913,2,7.0
667,McCormick Vanilla Vodka,C,83.88,12,6.99,0.00025311279789064483,99.86847618695703,1,
23928,La Mura Rosso,C,83.88,12,6.99,0.00025311279789064483,99.86872929975492,2,12.0
41727,Beaulieu Cstl Clr Slct Chard,C,83.88,12,6.99,0.00025311279789064483,99.86898241255281,2,23.0
22234,Casalini Monteplciano D'Abrz,C,83.88,12,6.99,0.00025311279789064483,99.8692355253507,2,
6456,Sutter Home Clsc Svgn Bl,C,83.86,14,5.99,0.0002530524467228121,99.86948857779743,2,69.0
22101,Spiral Cellars Napa Vly Red,C,82.9,10,8.29,0.00025015559066683907,99.86973873338809,2,
20680,A Bichot Champs Martin,C,81.98,2,40.99,0.0002473794369465316,99.86998611282503,2,
17671,Revelation Chard Pays D'Oc,C,81.48,12,6.79,0.0002458706577507122,99.87023198348278,2,
15923,Bota Mini Moscato,C,81.42999999999999,17,4.79,0.0002457197798311303,99.87047770326261,2,32.0
23041,Spring Valley Katherine Cab,C,80.98,2,40.49,0.00024436187855489297,99.87072206514117,2,48.0
19818,Ninety+Cellars Lot 90 Rosso,C,80.97,3,26.99,0.00024433170297097654,99.87096639684414,2,6.0
18676,Merriam Vyd Block 8 Cab Svgn,C,80.97,3,26.99,0.00024433170297097654,99.87121072854711,2,
23659,Bouvier Marsannay Roug Clos,C,80.97,3,26.99,0.00024433170297097654,99.87145506025009,2,28.0
38649,Villa Rosa Barolo Piedmonte,C,80.97,3,26.99,0.00024433170297097654,99.87169939195306,2,1.0
8456,Harwood Canadian,C,80.94,6,13.49,0.00024424117621922744,99.87194363312928,1,
28272,Gallo Fairbanks Cream Sherry,C,80.82,18,4.49,0.00024387906921223077,99.8721875121985,2,6.0
23415,Darkhorse Svgn Bl,C,80.82,18,4.49,0.00024387906921223077,99.87243139126771,2,412.0
8848,Deep Eddy Lemon Vodka,C,80.19,81,0.99,0.00024197800742549845,99.87267336927513,1,1749.0
3065,Three Olives Grape Vodka,C,80.19,81,0.99,0.00024197800742549845,99.87291534728256,1,
37910,Krupps Brothers Veraison,C,79.99,1,79.99,0.00024137449574717073,99.8731567217783,2,35.0
24924,Sea Smoke Sea Spray Blanc,C,79.99,1,79.99,0.00024137449574717073,99.87339809627404,2,44.0
20669,Croft Port 11,C,79.99,1,79.99,0.00024137449574717073,99.87363947076979,2,
15545,M Chiarlo Barolo Cerequio,C,79.99,1,79.99,0.00024137449574717073,99.87388084526553,2,6.0
37419,Provenance Cab Svgn Rutherfd,C,79.98,2,39.99,0.0002413443201632544,99.87412218958569,2,129.0
22597,Erath Prince Hill Pnt Nr,C,79.98,2,39.99,0.0002413443201632544,99.87436353390585,2,22.0
14389,Cedar Knoll Vyd Cab Svgn Npa,C,79.98,2,39.99,0.0002413443201632544,99.87460487822601,2,18.0
18110,Franciscan Est Cuvee Chard,C,79.98,2,39.99,0.0002413443201632544,99.87484622254617,2,31.0
44742,Gamba Znfdl RRV Old Vine,C,79.98,2,39.99,0.0002413443201632544,99.87508756686633,2,61.0
3095,Russian Diamond Vodka,C,79.96,4,19.99,0.00024128396899542154,99.87532885083532,1,
23807,Couly-Dutheil Chinon Rose,C,79.96,4,19.99,0.00024128396899542154,99.8755701348043,2,4.0
19637,Vincent Girardin Bour Bl 11,C,79.96,4,19.99,0.00024128396899542154,99.8758114187733,2,50.0
12353,Mercer Merlot,C,79.96,4,19.99,0.00024128396899542154,99.87605270274229,2,20.0
35957,Kesselstatt Josephshofer Kab,C,79.96,4,19.99,0.00024128396899542154,99.87629398671127,2,
25426,Fattoire Barbi 13 MdScansano,C,79.96,4,19.99,0.00024128396899542154,99.87653527068026,2,267.0
21342,Dom du Garde Temps Tour Rose,C,79.95,5,15.99,0.0002412537934115052,99.87677652447367,2,
23534,Zenato Alanera Rosso Verones,C,79.95,5,15.99,0.0002412537934115052,99.87701777826707,2,143.0
10766,Moillard Ch d'Eau VDP Rose,C,79.95,5,15.99,0.0002412537934115052,99.87725903206048,2,12.0
7311,New Amsterdam Peach Vodka,C,79.95,5,15.99,0.0002412537934115052,99.87750028585388,1,
4383,Bacardi Pineapple Fusion Trv,C,79.92,8,9.99,0.00024116326665975607,99.87774144912055,1,26.0
19699,Seratina Primitivo,C,79.92,8,9.99,0.00024116326665975607,99.87798261238721,2,39.0
22454,The Black Dog Chard,C,79.92,8,9.99,0.00024116326665975607,99.87822377565388,2,
832,Bols Strawberry Liqueur,C,79.92,8,9.99,0.00024116326665975607,99.87846493892054,1,58.0
19547,Ch Ste Michelle Chard Mimi,C,79.92,8,9.99,0.00024116326665975607,99.87870610218721,2,12.0
20885,Rentas De Fincas Rioja,C,79.92,8,9.99,0.00024116326665975607,99.87894726545387,2,21.0
23666,Cooks Extra Dry Champagne,C,79.9,10,7.99,0.00024110291549192327,99.87918836836937,2,46.0
39601,R M Woodbridge Wh Znfdl Cal,C,79.9,10,7.99,0.00024110291549192327,99.87942947128487,2,26.0
46950,Alta Classe Mntplcno Abruzzo,C,79.9,10,7.989999999999999,0.00024110291549192327,99.87967057420036,2,5.0
17399,Ch Coutet Barsac 09 Brdx,C,78.99,1,78.99,0.00023835693735553212,99.87990893113772,2,
21480,Ch La Gaffeliere St Emilion,C,77.99,1,77.99,0.00023533937896389357,99.88014427051668,2,4.0
2959,Spring 44 Old Tom Gin,C,77.98,2,38.99,0.0002353092033799772,99.88037957972006,1,10.0
16309,Mollydooker Two Left Feet,C,77.97,3,25.99,0.00023527902779606078,99.88061485874785,2,34.0
22646,Guillaume Vrignaud Chablis,C,77.97,3,25.99,0.00023527902779606078,99.88085013777564,2,28.0
613,Beefeater 24,C,77.97,3,25.99,0.00023527902779606078,99.88108541680343,1,3.0
23157,Champlain Orchards Sprklng C,C,77.97,3,25.99,0.00023527902779606078,99.88132069583122,2,17.0
10370,Bouvier Marsannay Rose,C,77.97,3,25.99,0.00023527902779606078,99.88155597485901,2,13.0
25083,Jadot Rully 13,C,77.97,3,25.99,0.00023527902779606078,99.8817912538868,2,9.0
40513,Kim Crawford Pnt Nr,C,77.96,4,18.99,0.00023524885221214438,99.88202650273901,2,41.0
37733,Corbett Canyon Wh Znfdl,C,77.94,6,12.99,0.00023518850104431164,99.88226169124006,2,
22866,Vino Dious Cab Svgn Rose 13,C,77.94,6,12.99,0.00023518850104431164,99.88249687974111,2,47.0
15968,Kunde Chard Sonoma Cnty,C,77.94,6,12.99,0.00023518850104431164,99.88273206824216,2,21.0
44637,Sea Ridge Chard Cal,C,77.94,6,12.99,0.00023518850104431164,99.88296725674321,2,
39433,Cambas Mantinia Attica Wh,C,77.94,6,12.99,0.00023518850104431164,99.88320244524427,2,
10544,King Est Domaine Ore Pnt Nr,C,77.94,6,12.99,0.00023518850104431164,99.88343763374532,2,
23202,Truvee Chard,C,77.94,6,12.99,0.00023518850104431164,99.88367282224637,2,122.0
24560,Dom La Fage Tessellae CdRous,C,77.94,6,12.99,0.00023518850104431164,99.88390801074742,2,274.0
22197,Undurraga U Label Cab Svgn,C,77.94,6,12.99,0.00023518850104431164,99.88414319924847,2,
46166,Barefoot Wh Znfdl Cal,C,77.88,12,6.489999999999999,0.0002350074475408133,99.88437820669601,2,18.0
12900,Madria Sangria,C,77.87,13,5.99,0.00023497727195689695,99.88461318396797,2,28.0
24922,Appolo Vyds China Girl,C,77.45,5,15.49,0.00023370989743240874,99.8848468938654,2,215.0
19108,Toasted Head BB Oaked Svgn B,C,76.93,7,10.99,0.00023214076706875667,99.88507903463247,2,
551,Cruzan Aged Light Rum,C,76.93,7,10.99,0.00023214076706875667,99.88531117539954,1,55.0
21109,Les Lauzeraies Tavel,C,76.93,7,10.99,0.00023214076706875667,99.8855433161666,2,25.0
5250,DeKuyper Buttershots Trav,C,76.93,7,10.99,0.00023214076706875667,99.88577545693367,1,
2475,Crown Royal,C,76.89,11,6.99,0.00023202006473309114,99.8860074769984,1,
20181,Ruffino Prosecco,C,76.89,11,6.99,0.00023202006473309114,99.88623949706313,2,54.0
8535,Arrow Peppermint Schnapps,C,76.84,16,4.8025,0.00023186918681350921,99.88647136624995,1,9.0
19867,Tierra de Antes Malbec Mndza,C,76.33,17,4.49,0.0002303302320337735,99.88670169648198,2,
23170,Marchesi di Barolo Sarmsa 07,C,75.99,1,75.99,0.00022930426218061638,99.88693100074416,2,19.0
23328,Ch Clerc Milon Pauillac 11,C,75.99,1,75.99,0.00022930426218061638,99.88716030500633,2,18.0
19633,Ch Haut Beausejour 10 Brdx,C,75.98,2,37.99,0.00022927408659670004,99.88738957909293,2,
16584,Pali Winsdor Oaks Pnt Nr RRV,C,75.98,2,37.99,0.00022927408659670004,99.88761885317952,2,23.0
20702,Sanford La Riconda Pnt Nr,C,75.98,2,37.99,0.00022927408659670004,99.88784812726611,2,
1129,Smugglers Notch Rum,C,75.98,2,37.99,0.00022927408659670004,99.8880774013527,1,12.0
15064,Sokol Blosser Pnt Gris,C,75.96,4,18.99,0.0002292137354288672,99.88830661508813,2,127.0
41529,Artesa Elements Napa Red,C,75.96,4,18.99,0.0002292137354288672,99.88853582882355,2,
34982,Baron K Kabinett,C,75.96,4,18.99,0.0002292137354288672,99.88876504255897,2,21.0
22439,S Aviron Cd Brouilly 12 Viel,C,75.96,4,18.99,0.0002292137354288672,99.8889942562944,2,16.0
18263,Gianni Gagliardo Dolcetto D',C,75.96,4,18.99,0.0002292137354288672,99.88922347002982,2,22.0
2129,Ole Smoky Charred Tennesse,C,75.96,4,18.99,0.0002292137354288672,99.88945268376524,1,
24015,Mazzei Zisola Notto Rosso,C,75.96,4,18.99,0.0002292137354288672,99.88968189750067,2,1.0
1565,Galliano Tiki Gift Pack,C,75.96,4,18.99,0.0002292137354288672,99.88991111123609,1,
21259,Paul Hobbs Crossbarn Rose PN,C,75.96,4,18.99,0.0002292137354288672,99.89014032497151,2,0.0
34021,Chanrion Cote de Brouilly,C,75.96,4,18.99,0.0002292137354288672,99.89036953870693,2,
399,S S Pierce 99 Vodka 80 Proof,C,75.48,12,6.29,0.0002277653074008807,99.89059730401434,1,
31496,Barefoot Svgn Bl Cal,C,75.48,12,6.29,0.0002277653074008807,99.89082506932174,2,40.0
8801,Smirnoff Wh Peach Sorbet,C,75.24000000000001,76,0.99,0.00022704109338688745,99.89105211041512,1,
19825,Ch Monbousquet 10 Brdx,C,74.99,1,74.99,0.00022628670378897777,99.89127839711891,2,7.0
23137,Circadia Cab Svgn Napa Vly,C,74.99,1,74.99,0.00022628670378897777,99.8915046838227,2,
40365,Rochioli Pinot Noir RRV,C,74.99,1,74.99,0.00022628670378897777,99.8917309705265,2,30.0
39098,Tohu Pnt Nr Marlboro,C,74.97,3,24.99,0.00022622635262114504,99.89195719687912,2,169.0
23530,Santa Maria Alla Pieve Ripas,C,74.97,3,24.99,0.00022622635262114504,99.89218342323174,2,32.0
24365,Mommessin Les Gr Morgon C Py,C,74.97,3,24.99,0.00022622635262114504,99.89240964958437,2,16.0
18652,Januik Merlot Columbia Vly,C,74.97,3,24.99,0.00022622635262114504,99.89263587593699,2,46.0
21711,Shardana Valli Di Porto Pino,C,74.97,3,24.99,0.00022622635262114504,99.89286210228961,2,18.0
6774,Sorel Artisan Liqueur,C,74.97,3,24.99,0.00022622635262114504,99.89308832864224,1,51.0
18767,Cosentino The Zin,C,74.95,5,14.99,0.00022616600145331225,99.89331449464369,2,6.0
20418,Spalletti Chianti Clsco Rsva,C,74.95,5,14.99,0.00022616600145331225,99.89354066064514,2,
46135,Aresti Pnt Nr Curico Vly,C,74.85000000000001,15,4.99,0.00022586424561414842,99.89376652489076,2,
9219,Mojoshot Sourberry RTD,C,74.25,75,0.99,0.00022405371057916524,99.89399057860135,1,
90085,Ch Lilian 09 Ladouys St Este,C,73.98,2,36.99,0.00022323896981342283,99.89421381757116,2,6.0
20275,Louis Jadot Les Drazeys 11,C,73.98,2,36.99,0.00022323896981342283,99.89443705654097,2,
24275,Becker Family Pnt Bl,C,73.96,4,18.49,0.00022317861864559003,99.8946602351596,2,13.0
21831,Buoncristiani Family Chard,C,71.98,2,35.99,0.00021720385303014564,99.89487743901263,2,
18587,Eric Kent Chardonnay RRV,C,71.98,2,35.99,0.00021720385303014564,99.89509464286566,2,48.0
25086,Jadot Pernand Vergelesses 13,C,71.98,2,35.99,0.00021720385303014564,99.89531184671868,2,9.0
3441,One Roq RSV Vodka,C,71.97,3,23.99,0.00021717367744622924,99.89552902039613,1,29.0
14110,Bodegas Numanthia Termes,C,71.97,3,23.99,0.00021717367744622924,99.89574619407357,2,20.0
1516,DiSaronno Versace Wrap VAP,C,71.97,3,23.99,0.00021717367744622924,99.89596336775101,1,2.0
17131,Murphy-Goode Liars Dice Znfd,C,71.96,4,17.99,0.00021714350186231285,99.89618051125287,2,64.0
15063,Almaden Moscato,C,71.96,4,17.99,0.00021714350186231285,99.89639765475472,2,11.0
45912,L'Ecole No 41 Chenin Bl OV,C,71.96,4,18.323333333333334,0.00021714350186231285,99.89661479825658,2,41.0
8986,Sauza Blue Silver VAP,C,71.96,4,17.99,0.00021714350186231285,99.89683194175844,1,43.0
814,Sammy's Beach Bar Rum,C,71.96,4,17.99,0.00021714350186231285,99.89704908526029,1,554.0
37314,Dr Frank Johannisberg Rsl,C,71.96,4,17.99,0.00021714350186231285,99.89726622876215,2,116.0
20724,Spritz and Giggles,C,71.96,4,17.99,0.00021714350186231285,99.897483372264,2,284.0
13831,The Show Malbec Argentina,C,71.94,6,11.99,0.0002170831506944801,99.89770045541471,2,18.0
22865,Vino Dious Welch Rsl 13,C,71.94,6,11.99,0.0002170831506944801,99.89791753856541,2,55.0
15582,Vieux Clocher Rose CDR,C,71.94,6,11.99,0.0002170831506944801,99.89813462171611,2,11.0
19673,Tavernello Pinot Grigio IGT,C,71.94,6,11.99,0.0002170831506944801,99.89835170486681,2,
16478,Poema Cava Rose,C,71.94,6,11.99,0.0002170831506944801,99.89856878801751,2,15.0
35644,Grenache/Shirz Stump Jump,C,71.94,6,11.99,0.0002170831506944801,99.89878587116822,2,10.0
874,DeKuyper Creme de Banana,C,71.92,8,8.99,0.00021702279952664732,99.89900289396775,1,23.0
14100,Douglass Hill Chard,C,71.88,12,5.99,0.0002169020971909818,99.89921979606494,2,19.0
16163,Sutter Home Pnt Nr,C,71.88,12,5.99,0.0002169020971909818,99.89943669816213,2,
7375,Riunite Lambrusco,C,71.88,12,5.99,0.0002169020971909818,99.89965360025933,2,5.0
21318,Barefoot Refresh Crisp Red,C,71.88,12,5.99,0.0002169020971909818,99.89987050235652,2,11.0
26396,Trapiche Chard,C,71.88,12,5.99,0.0002169020971909818,99.90008740445371,2,12.0
3271,New Amsterdam Vodka,C,71.88,12,5.99,0.0002169020971909818,99.90030430655091,1,
14101,Douglass Hill Cab Svgn,C,71.88,12,5.99,0.0002169020971909818,99.9005212086481,2,16.0
39111,Gekkeikan Sake Cap Ace,C,71.76,24,2.99,0.00021653999018398517,99.90073774863828,2,8.0
26644,Guenoc Est Guenoc Vly Chard,C,71.39,11,6.49,0.00021542349357907888,99.90095317213186,2,
5603,Gran Gala Liqueur,C,71.28,72,0.99,0.00021509156215599864,99.90116826369402,1,1.0
979,Pancho Villa Rojo,C,70.11,9,7.79,0.00021156101883778146,99.90137982471286,1,16.0
24279,Fontanafredda La Rosa Barolo,C,69.99,1,69.99,0.00021119891183078482,99.90159102362469,2,
19436,Jean Luc Colombo Ruchets 10,C,69.99,1,69.99,0.00021119891183078482,99.90180222253652,2,5.0
13557,Merry Edwards Flax Vyd Pnt N,C,69.99,1,69.99,0.00021119891183078482,99.90201342144834,2,120.0
319,Peter Paul Bacigalupi Chard,C,69.98,2,34.99,0.00021116873624686845,99.90222459018459,1,0.0
19391,Ch Hyot Castillon Brdx,C,69.98,2,34.99,0.00021116873624686845,99.90243575892083,2,3.0
12655,Merriam Cab Franc Windacre V,C,69.98,2,34.99,0.00021116873624686845,99.90264692765707,2,0.0
25076,Jadot Monthelie 13 Sous Roch,C,69.98,2,34.99,0.00021116873624686845,99.90285809639332,2,12.0
22552,Jadot Santenay Malte Roug 12,C,69.98,2,34.99,0.00021116873624686845,99.90306926512956,2,6.0
21016,WindRacer Anderson Vly Chard,C,69.98,2,34.99,0.00021116873624686845,99.9032804338658,2,22.0
19630,Ch Bernadotte 10 Haut Medoc,C,69.98,2,34.99,0.00021116873624686845,99.90349160260205,2,54.0
34532,Dom Fontsainte Corbieres Gr,C,69.95,5,13.99,0.00021107820949511932,99.90370268081153,2,101.0
21407,Bartenura Ovidia Est Chianti,C,69.95,5,13.99,0.00021107820949511932,99.90391375902102,2,248.0
24671,Palacios Bolo Godello Valdeo,C,69.95,5,13.99,0.00021107820949511932,99.90412483723051,2,19.0
21686,Cameron Hughes Cam Coll Char,C,69.95,5,13.99,0.00021107820949511932,99.90433591544,2,4.0
21592,Veuve du Vernay Brut Rose,C,69.94,6,11.59,0.00021104803391120292,99.9045469634739,2,21.0
23988,Rio Madre 2014 Rose Rioja,C,69.93,7,9.99,0.00021101785832728653,99.90475798133224,2,
20504,Guenoc Cal Chard,C,69.48,12,5.79,0.00020965995705104918,99.90496764128929,2,
24792,St Mayhem Wh Peach & Ginger,C,68.97,3,22.99,0.0002081210022713135,99.90517576229156,2,
46185,Bonny Doon Pousseur Syrah,C,68.97,3,22.99,0.0002081210022713135,99.90538388329384,2,111.0
6136,Casoni Limoncello di Sorento,C,68.97,3,22.99,0.0002081210022713135,99.90559200429611,1,
614,J W Dant Bourbon,C,68.97,3,22.99,0.0002081210022713135,99.90580012529838,1,
776,Jim Beam Black,C,68.97,3,22.99,0.0002081210022713135,99.90600824630066,1,53.0
18610,Cape Point Vyds Svgn Bl,C,68.97,3,22.99,0.0002081210022713135,99.90621636730293,2,
21458,Ch Langoa Barton St Julien,C,67.99,1,67.99,0.00020516379504750763,99.90642153109798,2,16.0
46766,Tom Eddy Elodian Cab Svgn,C,67.98,2,33.99,0.0002051336194635913,99.90662666471744,2,74.0
14635,Marcarini Ciabot Camerano,C,67.96,4,16.99,0.0002050732682957585,99.90683173798573,2,119.0
24449,Santa Barbara Winery Chard,C,67.96,4,16.99,0.0002050732682957585,99.90703681125402,2,17.0
12665,Umberto Cesari Moma Red,C,67.96,4,16.99,0.0002050732682957585,99.9072418845223,2,
12052,Firesteed Rsl,C,67.96,4,16.99,0.0002050732682957585,99.9074469577906,2,50.0
16466,Gerard Bertrand Gr Terrier R,C,67.96,4,16.99,0.0002050732682957585,99.90765203105889,2,52.0
40607,Recanati Galilee Merlot,C,67.96,4,16.99,0.0002050732682957585,99.90785710432718,2,86.0
17595,Ch La Gordonne Rose,C,67.96,4,16.99,0.0002050732682957585,99.90806217759547,2,53.0
8828,Lunazul Blanco Tequila,C,67.96,4,16.99,0.0002050732682957585,99.90826725086376,1,558.0
24353,Diora Pnt Nr,C,67.96,4,16.99,0.0002050732682957585,99.90847232413205,2,24.0
3151,UV Whipped Vodka,C,67.41,9,7.49,0.0002034136111803573,99.90867573774322,1,
3809,Svedka Colada Vodka,C,66.43,7,9.49,0.0002004564039565515,99.90887619414718,1,
3250,Pinnacle Cake Vodka,C,66.42999999999999,7,9.49,0.00020045640395655148,99.90907665055114,1,
8151,St Elder Elderflower Liqueur,C,66.33,67,0.9899999999999999,0.0002001546481173876,99.90927680519926,1,11.0
23983,King Estate Dom Pnt Nr 12,C,65.99,1,65.99,0.00019912867826423047,99.90947593387752,2,30.0
2877,Bushmills 16 Yr Old Irish W,C,65.99,1,65.99,0.00019912867826423047,99.90967506255578,1,8.0
16961,CastelGiocondo 10 Brun Montl,C,65.99,1,65.99,0.00019912867826423047,99.90987419123404,2,22.0
23233,Drouhin Arthur Chard,C,65.98,2,32.99,0.0001990985026803141,99.91007328973672,2,
22440,S Aviron 12 Fleurie Madrieir,C,65.97,3,21.99,0.0001990683270963977,99.9102723580638,2,18.0
22399,Truchard Vyds The Shepard Rd,C,65.97,3,21.99,0.0001990683270963977,99.9104714263909,2,64.0
1982,Herradura Silver Tequila,C,65.97,3,21.99,0.0001990683270963977,99.91067049471799,1,642.0
47011,Freemark Abbey Chard Napa,C,65.97,3,21.99,0.0001990683270963977,99.91086956304508,2,51.0
5098,Agavero Orange Liqueur Agave,C,65.97,3,21.99,0.0001990683270963977,99.91106863137217,1,4.0
21385,Ch Ste Michelle Cold Crk Cha,C,65.97,3,21.99,0.0001990683270963977,99.91126769969927,2,6.0
19836,Zorah Red,C,65.97,3,21.99,0.0001990683270963977,99.91146676802636,2,
24602,Terre del Barolo Barbrsco 10,C,65.97,3,21.99,0.0001990683270963977,99.91166583635345,2,26.0
19369,Luigi Bosca de Sangre,C,65.97,3,21.99,0.0001990683270963977,99.91186490468054,2,45.0
20793,Belle Ambiance Cab Svgn,C,65.94,6,10.99,0.00019897780034464855,99.91206388248088,2,33.0
36846,Frey Natural White Organic,C,65.94,6,10.99,0.00019897780034464855,99.91226286028122,2,50.0
12134,Pro.mis.Q.ous Red CA,C,65.94,6,10.99,0.00019897780034464855,99.91246183808155,2,15.0
4415,Cruzan Banana Flavored Rum,C,65.94,6,10.99,0.00019897780034464855,99.91266081588189,1,43.0
19568,14 Hands Moscato,C,65.94,6,10.99,0.00019897780034464855,99.91285979368223,2,18.0
34135,Turning Leaf RSV Merlot Cal,C,65.94,6,10.99,0.00019897780034464855,99.91305877148257,2,1.0
8028,S S Pierce Manhattan,C,65.94,6,10.99,0.00019897780034464855,99.9132577492829,1,
3058,Three Olives Vodka,C,65.34,66,0.99,0.00019716726530966545,99.91345491654822,1,0.0
18564,Northstar Cab Svgn,C,64.98,2,32.49,0.00019608094428867555,99.91365099749251,2,28.0
3131,Pinnacle Key Lime Whipped,C,64.95,5,12.99,0.00019599041753692637,99.91384698791005,1,18.0
21529,Ch St Sulpice Rose 13,C,64.95,5,12.99,0.00019599041753692637,99.91404297832759,2,75.0
23896,Riebeek Cellars Cape Rose,C,64.95,5,12.99,0.00019599041753692637,99.91423896874512,2,7.0
23042,Nozzole Le Bruniche Chardon,C,64.95,5,12.99,0.00019599041753692637,99.91443495916266,2,14.0
16240,Domino Chard,C,64.87,13,4.99,0.0001957490128655953,99.91463070817552,2,42.0
19621,Ch Rol Valentin 10,C,63.99,1,63.99,0.00019309356148095334,99.914823801737,2,59.0
21460,Les Fiefs de Lagrange St Jul,C,63.98,2,31.99,0.00019306338589703695,99.9150168651229,2,0.0
24424,Adaption by Odette Chard,C,63.98,2,31.99,0.00019306338589703695,99.91520992850879,2,84.0
90084,Les Fiefs Lagrange St Jul 11,C,63.98,2,31.99,0.00019306338589703695,99.91540299189468,2,2.0
3182,Black Fig Vodka,C,63.98,2,31.99,0.00019306338589703695,99.91559605528057,1,
19612,Ch Petit Bocq Cru Borgeos 10,C,63.98,2,31.99,0.00019306338589703695,99.91578911866647,2,14.0
5363,Luxardo Angioletto Hazelnut,C,63.96,4,15.99,0.00019300303472920415,99.91598212170119,1,7.0
22207,Star Insolia Chard,C,63.96,4,15.99,0.00019300303472920415,99.91617512473591,2,13.0
22799,Farmers of Wine Italian Red,C,63.96,4,15.99,0.00019300303472920415,99.91636812777064,2,31.0
36749,Framboise Pacific Rim Infusn,C,63.96,4,15.99,0.00019300303472920415,99.91656113080536,2,128.0
37194,Blackstone Syrah Cal,C,63.940000000000005,6,10.59,0.00019294268356137142,99.91675407348892,2,105.0
33211,Sycamore Lane Chard Cal,C,63.48,12,5.29,0.00019155460670121761,99.91694562809562,2,40.0
22975,L.A. Cetto Nebbiolo Priv Rsv,C,63.48,12,5.29,0.00019155460670121761,99.91713718270232,2,
45576,Pacifico Sur Cab Svgn Curico,C,63.4,10,6.345555555555555,0.00019131320202988656,99.91732849590434,2,135.0
1711,Ole Smoky Blackberry M'Shine,C,62.97,3,20.99,0.00019001565192148197,99.91751851155627,1,
46190,Napa Cellars Merlot,C,62.97,3,20.99,0.00019001565192148197,99.91770852720819,2,23.0
4101,Flipflop Silver Rum,C,62.93,7,8.99,0.00018989494958581641,99.91789842215778,1,
21978,Doga Delle Clavule Vermentin,C,62.93,7,8.99,0.00018989494958581641,99.91808831710736,2,
37530,Glen Ellen Pnt Grigio RSV,C,62.91,9,6.99,0.00018983459841798365,99.91827815170578,2,14.0
5683,Dr McGillicuddy's Apple Pie,C,62.72,128,0.49,0.0001892612623235723,99.9184674129681,1,
40246,R Mondavi Pvt Sel Cab Svgn,C,60.39,11,5.49,0.0001822303512710544,99.91864964331937,2,21.0
39718,Calera Mills Vyd Pnt Nr,C,59.99,1,59.99,0.00018102332791439897,99.91883066664728,2,27.0
20602,Pali Pnt Nr Rancho La Vina,C,59.99,1,59.99,0.00018102332791439897,99.91901168997519,2,64.0
21217,Copain Wentzel Pnt Nr,C,59.99,1,59.99,0.00018102332791439897,99.9191927133031,2,14.0
704,Van Winkle Special Rsv 12 Yr,C,59.99,1,59.99,0.00018102332791439897,99.91937373663102,1,2.0
24691,Ch Vignot 09 St Emilion Gr C,C,59.99,1,59.99,0.00018102332791439897,99.91955475995893,2,
19833,Terra di Montevero Toscana,C,59.99,1,59.99,0.00018102332791439897,99.91973578328684,2,
20853,The Beautiful Syrah Walla,C,59.99,1,59.99,0.00018102332791439897,99.91991680661475,2,4.0
33765,Perrier Jouet Gr Brut,C,59.99,1,59.99,0.00018102332791439897,99.92009782994266,2,22.0
24107,Oliver Chanzy Mers Les Meur,C,59.99,1,59.99,0.00018102332791439897,99.92027885327057,2,
22555,Jadot Savigny Beaune Blan 12,C,59.98,2,29.99,0.00018099315233048257,99.9204598464229,2,
2271,Jailers Tennessee Whiskey,C,59.98,2,29.99,0.00018099315233048257,99.92064083957523,1,230.0
3475,Cazadores Anejo Tequila,C,59.98,2,29.99,0.00018099315233048257,99.92082183272755,1,
22630,Ryan Patrick Rsv Cab,C,59.98,2,29.99,0.00018099315233048257,99.92100282587988,2,50.0
6090,8000 Generations Shochu,C,59.98,2,29.99,0.00018099315233048257,99.92118381903221,1,7.0
25085,Jadot Marsannay 13,C,59.98,2,29.99,0.00018099315233048257,99.92136481218454,2,9.0
5181,Leblon Cedilla Acai Liqueur,C,59.98,2,29.99,0.00018099315233048257,99.92154580533686,1,
2252,Buck Bourbon 8 Yr,C,59.98,2,29.99,0.00018099315233048257,99.92172679848919,1,137.0
22548,Jadot Cote de Beaune Vill 12,C,59.98,2,29.99,0.00018099315233048257,99.92190779164152,2,
13950,Cade Svgn Bl Napa Cuvee,C,59.98,2,29.99,0.00018099315233048257,99.92208878479384,2,44.0
608,Cruzan Est Single Barrel Rum,C,59.98,2,29.99,0.00018099315233048257,99.92226977794617,1,
33204,Piero Broglia Gavi di Gavi,C,59.97,3,19.99,0.0001809629767465662,99.92245074092291,2,2.0
11263,Sequoia Grove Chard,C,59.97,3,19.99,0.0001809629767465662,99.92263170389965,2,32.0
2719,Full Throttle Apple Whiskey,C,59.97,3,19.99,0.0001809629767465662,99.9228126668764,1,8.0
24366,Mommessin Dom Presle Bjls Fl,C,59.97,3,19.99,0.0001809629767465662,99.92299362985314,2,5.0
35480,Prinz Salm Der Weib,C,59.97,3,19.99,0.0001809629767465662,99.92317459282988,2,14.0
16445,Sans Liege Groundwork Grenac,C,59.97,3,19.99,0.0001809629767465662,99.92335555580662,2,44.0
5080,Hpnotiq Harmonie,C,59.97,3,19.99,0.0001809629767465662,99.92353651878337,1,5.0
40608,Pinotage Southern Right,C,59.96,4,14.99,0.0001809328011626498,99.92371745158452,2,6.0
34473,Carlo Rossi Chianti Cal,C,59.96,4,14.99,0.0001809328011626498,99.92389838438568,2,13.0
14627,Carlo Rossi Sweet Red,C,59.96,4,14.99,0.0001809328011626498,99.92407931718684,2,2.0
24881,Monjardin El Cerezo Chard,C,59.95,5,11.99,0.00018090262557873344,99.92426021981241,2,225.0
22450,Bota Brick Cab Svgn,C,59.95,5,11.99,0.00018090262557873344,99.92444112243798,2,8.0
7458,New Amsterdam Citron Vodka,C,59.95,5,11.99,0.00018090262557873344,99.92462202506356,1,27.0
43923,Farnum Hill Summer Cider,C,59.95,5,11.99,0.00018090262557873344,99.92480292768913,2,6.0
10127,Creta Olympias Vin Crete Wh,C,59.95,5,11.99,0.00018090262557873344,99.9249838303147,2,3.0
4357,Bacardi Oakheart Spiced Trav,C,59.940000000000005,6,9.99,0.00018087244999481707,99.92516470276469,1,
830,Bols White Creme De Menthe,C,59.940000000000005,6,9.99,0.00018087244999481707,99.92534557521468,1,39.0
24123,Garnacha de Fuego 14 Rose Ar,C,59.94,6,9.99,0.00018087244999481704,99.92552644766467,2,68.0
17339,Chicken & Turkey Cotes du Rh,C,59.94,6,9.99,0.00018087244999481704,99.92570732011465,2,65.0
11174,Sutter Home Sweet Red,C,59.94,6,9.99,0.00018087244999481704,99.92588819256464,2,6.0
2833,Old Smuggler,C,59.94,6,9.99,0.00018087244999481704,99.92606906501463,1,34.0
21754,Notre Dame Cousignac Blnc 13,C,59.94,6,9.99,0.00018087244999481704,99.92624993746462,2,
6373,Marcus James Chard Mendoza,C,59.88,12,4.99,0.00018069139649131872,99.92643062886111,2,
39346,Salmon Creek Wh Znfdl Cal,C,59.88,12,4.99,0.00018069139649131872,99.9266113202576,2,15.0
41171,Vendange Pnt Grigio Cal,C,59.85,15,3.99,0.00018060086973956956,99.92679192112735,2,39.0
354,Capt Morgan Lime Bite Rum,C,58.47,3,19.49,0.0001764366391591083,99.92696835776651,1,3.0
17170,Zeitgeist Cab Svgn Napa Vly,C,57.99,1,57.99,0.00017498821113112178,99.92714334597764,2,1.0
16689,Louis Cheze Cote Rotie Demo,C,57.99,1,57.99,0.00017498821113112178,99.92731833418877,2,
21060,Ayala Rose Majeur,C,57.99,1,57.99,0.00017498821113112178,99.9274933223999,2,54.0
24872,Soter Vyds Brut Rose,C,57.99,1,57.99,0.00017498821113112178,99.92766831061103,2,39.0
22657,Iron Horse Est Chard,C,57.98,2,28.99,0.00017495803554720538,99.92784326864657,2,25.0
45645,Marina Cvetic Mntlcno Abruzo,C,57.98,2,28.99,0.00017495803554720538,99.92801822668211,2,
17282,Ch Fugue de Nenin 09,C,57.98,2,28.99,0.00017495803554720538,99.92819318471766,2,
15774,Paul D Zweigelt Weinland,C,57.96,4,14.49,0.00017489768437937262,99.92836808240203,2,45.0
22781,Rage Znfdl,C,56.99,1,56.99,0.0001719706527394832,99.92854005305477,2,
22518,Justin Vyds 13 Chard C Cst,C,56.97,3,18.99,0.0001719103015716504,99.92871196335635,2,
4077,Blue Chair Bay Coc Spced Rum,C,56.97,3,18.99,0.0001719103015716504,99.92888387365792,1,6.0
4212,Margaritaville Spiced Rum,C,56.97,3,18.99,0.0001719103015716504,99.9290557839595,1,
12475,Ch Beauchene Prm Terroir CDR,C,56.97,3,18.99,0.0001719103015716504,99.92922769426107,2,22.0
4824,Deep Eddy Sweet Tea Vodka,C,56.97,3,18.99,0.0001719103015716504,99.92939960456265,1,64.0
24430,Eden Ice Sprklng Cider Semi,C,56.94,6,9.49,0.00017181977481990125,99.92957142433747,2,42.0
14923,Five Oaks Pnt Nr Cal,C,56.849999999999994,15,3.7900000000000005,0.00017154819456465377,99.92974297253203,2,8.0
24658,Plumpjack Syrah Napa Valley,C,55.99,1,55.99,0.00016895309434784462,99.92991192562637,2,3.0
2263,Prichards Tennesse Whiskey,C,55.98,2,27.99,0.00016892291876392822,99.93008084854513,1,
957,Hangar One Blueberry Vodka,C,55.98,2,27.99,0.00016892291876392822,99.93024977146389,1,4.0
926,Hangar One Kaffir Lime Vodk,C,55.98,2,27.99,0.00016892291876392822,99.93041869438265,1,4.0
3777,Spring 44 Honey Vodka,C,55.98,2,27.99,0.00016892291876392822,99.93058761730141,1,
22778,Orestiadi Ludovico,C,55.98,2,27.99,0.00016892291876392822,99.93075654022017,2,52.0
15859,Roland Lavantureux Chablis,C,55.98,2,27.99,0.00016892291876392822,99.93092546313893,2,361.0
21003,Bonpas Ventoux Rouge Rhone,C,55.96,4,13.99,0.00016886256759609546,99.93109432570652,2,22.0
22108,Emmolo Svgn Blanc,C,55.96,4,13.99,0.00016886256759609546,99.93126318827412,2,
22418,Pizzolato Moscato,C,55.96,4,13.99,0.00016886256759609546,99.9314320508417,2,41.0
22099,Serbal Rose,C,55.96,4,13.99,0.00016886256759609546,99.9316009134093,2,
17433,Vino Pnt Grigio,C,55.96,4,13.99,0.00016886256759609546,99.93176977597689,2,300.0
20605,Viu Manent Cab Svgn La Capil,C,55.96,4,13.99,0.00016886256759609546,99.93193863854448,2,
12595,Yellow Tail Svgn Bl,C,55.93,7,7.989999999999999,0.0001687720408443463,99.93210741058533,2,42.0
18756,Yellow Tail Pink Moscato,C,55.93,7,7.989999999999999,0.0001687720408443463,99.93227618262618,2,23.0
1096,Evan Williams Egg Nog,C,55.92,8,6.989999999999999,0.0001687418652604299,99.93244492449145,1,
23961,Ken Wright Cellars Pnt Nr,C,54.99,1,54.99,0.00016593553595620601,99.93261086002741,2,
21082,Martinelli Guiseppe & Luisa,C,54.99,1,54.99,0.00016593553595620601,99.93277679556337,2,
2762,The Steward's Solera Bourbon,C,54.99,1,54.99,0.00016593553595620601,99.93294273109933,1,131.0
6040,Triibe Celtic,C,54.95,5,10.99,0.00016581483362054046,99.93310854593295,1,
589,Bols Blackberry Brandy,C,54.95,5,10.99,0.00016581483362054046,99.93327436076657,1,30.0
46802,Dom Chandon Rose Spklg,C,54.89,11,4.99,0.00016563378011704214,99.93343999454669,2,30.0
15239,Podere Poggio Scalette 07,C,53.99,1,53.99,0.00016291797756456743,99.93360291252425,2,
19063,Ch Meyney 10 Bourgeois St Es,C,53.99,1,53.99,0.00016291797756456743,99.93376583050181,2,8.0
24555,Claude Riffault Chass Sancer,C,53.98,2,26.99,0.000162887801980651,99.93392871830379,2,
16696,Alain Lorieux Chinon Express,C,53.97,3,17.99,0.00016285762639673464,99.93409157593018,2,3.0
20090,Amauta Corte IV -Red Blend,C,53.97,3,17.99,0.00016285762639673464,99.93425443355657,2,4.0
21230,The Naked Grape Box Moscato,C,53.97,3,17.99,0.00016285762639673464,99.93441729118297,2,48.0
23185,Lee Family Farm Albarino Mon,C,53.97,3,17.99,0.00016285762639673464,99.93458014880936,2,28.0
22924,Patricius Sarga Muskotaly,C,53.97,3,17.99,0.00016285762639673464,99.93474300643575,2,26.0
10618,14 Hands Rsl Wash,C,53.95,5,11.323333333333332,0.00016279727522890188,99.93490580371098,2,21.0
22195,Placido Pinot Grigio Venezi,C,53.94,6,8.99,0.00016276709964498548,99.93506857081061,2,5.0
42439,Crane Lake Chard Cal,C,53.94,6,8.99,0.00016276709964498548,99.93523133791025,2,21.0
18906,Kenwood Moscato Zacchera,C,53.91,9,5.989999999999999,0.00016267657289323632,99.93539401448315,2,
19703,Round Hill Chard,C,53.88,12,4.49,0.0001625860461414872,99.9355566005293,2,
8274,Paul Masson Ruby Burgundy Ca,C,53.88,12,4.49,0.0001625860461414872,99.93571918657544,2,8.0
23344,Gekkeikan Nama Sake,C,53.88,12,4.49,0.0001625860461414872,99.93588177262158,2,103.0
8495,Capt Morgan White Pineapple,C,53.46,54,0.99,0.00016131867161699897,99.9360430912932,1,13.0
23024,Louis de Sacy Brut Gr Cru,C,52.99,1,52.99,0.00015990041917292885,99.93620299171238,2,61.0
2320,The Tweeddale 12 Yr Old,C,52.99,1,52.99,0.00015990041917292885,99.93636289213156,1,82.0
2572,Tatoosh Whiskey,C,52.99,1,52.99,0.00015990041917292885,99.93652279255073,1,154.0
21355,Cantina Gabriele Dolc White,C,52.45,5,10.49,0.00015827093764144402,99.93668106348838,2,29.0
21026,Rotari Trento Brut,C,52.43,7,7.49,0.00015821058647361123,99.93683927407486,2,
90086,La Dame Montrose St Estep 11,C,51.99,1,51.99,0.00015688286078129027,99.93699615693563,2,32.0
24994,Couvent des Thorins Moulin,C,51.98,2,25.99,0.00015685268519737385,99.93715300962083,2,35.0
23587,The Cottage Svgn Blanc,C,51.96,4,12.99,0.00015679233402954111,99.93730980195485,2,48.0
4214,Bacardi O Orange Rum,C,51.96,4,12.99,0.00015679233402954111,99.93746659428888,1,14.0
12774,Joel Gott Rsl Columbia Vly,C,51.96,4,12.99,0.00015679233402954111,99.9376233866229,2,
13918,Stellar Organics Cab Svgn,C,51.96,4,12.99,0.00015679233402954111,99.93778017895693,2,25.0
41411,Bodini Malbec Mendoza,C,51.96,4,12.99,0.00015679233402954111,99.93793697129095,2,7.0
22279,Cruz Garcia Real Sangria Rd,C,51.92,8,6.489999999999999,0.00015667163169387556,99.93809364292265,2,24.0
19125,Ch Poujeaux 10 Moulis,C,50.99,1,50.99,0.00015386530238965167,99.93824750822505,2,11.0
16587,Pali Riviera Pnt Nr Sonoma,C,50.97,3,16.99,0.00015380495122181888,99.93840131317627,2,17.0
5658,OR-G Liqueur,C,50.97,3,16.99,0.00015380495122181888,99.9385551181275,1,4.0
2188,Wiggly Bridge White Whisky,C,49.99,1,49.99,0.00015084774399801306,99.93870596587149,1,
21519,Copain Monument Tree Pnt Nr,C,49.99,1,49.99,0.00015084774399801306,99.93885681361549,2,10.0
20913,Benton Lane First Class Pnt,C,49.99,1,49.99,0.00015084774399801306,99.93900766135948,2,13.0
15476,Vietti Barolo Castiglione,C,49.99,1,49.99,0.00015084774399801306,99.93915850910348,2,5.0
37909,J Lassalle Brut Preference,C,49.99,1,49.99,0.00015084774399801306,99.93930935684747,2,57.0
248,Wild Shot Reposado Mezcal,C,49.99,1,49.99,0.00015084774399801306,99.93946020459147,1,5.0
407,Hancock Rsv Bourbon,C,49.99,1,49.99,0.00015084774399801306,99.93961105233547,1,1.0
16580,Sasa Barolo,C,49.99,1,49.99,0.00015084774399801306,99.93976190007946,2,
22263,Volker Eisele Family Est Cab,C,49.99,1,49.99,0.00015084774399801306,99.93991274782346,2,32.0
20250,Alma Negra Gran Almanegra,C,49.99,1,49.99,0.00015084774399801306,99.94006359556745,2,
3873,FAIR Quinoa Vodka,C,49.98,2,24.99,0.00015081756841409666,99.94021441313586,1,120.0
40771,Dom La Suffrene Bandol Rose,C,49.98,2,24.99,0.00015081756841409666,99.94036523070427,2,24.0
23048,Dom Sigalas 11 Nychteri Assy,C,49.98,2,24.99,0.00015081756841409666,99.94051604827268,2,
20952,Bouza Temp Tannat,C,49.98,2,24.99,0.00015081756841409666,99.9406668658411,2,23.0
34352,Turnbull Old Bull Napa Vly,C,49.98,2,24.99,0.00015081756841409666,99.9408176834095,2,
24364,Mommessin Gr Mise CdBrouilly,C,49.98,2,24.99,0.00015081756841409666,99.94096850097792,2,1.0
20360,Maison N Perrin Crozes-Hermi,C,49.98,2,24.99,0.00015081756841409666,99.94111931854633,2,
21155,Quinta do Crasto Douro S per,C,49.98,2,24.99,0.00015081756841409666,99.94127013611474,2,64.0
3934,Sauza Conmemorativo,C,49.98,2,24.99,0.00015081756841409666,99.94142095368315,1,
5537,DeKuyper Pomegranate,C,49.95,5,9.99,0.00015072704166234753,99.9415716807248,1,9.0
828,Bols Sloe Gin,C,49.95,5,9.99,0.00015072704166234753,99.94172240776646,1,99.0
849,Bols Peach Schnapps,C,49.95,5,9.99,0.00015072704166234753,99.94187313480812,1,17.0
45875,Gallo Twin Vly Pnt Grigio,C,49.95,5,9.99,0.00015072704166234753,99.94202386184978,2,9.0
23380,Elvi Mati Rioja 11,C,49.95,5,9.99,0.00015072704166234753,99.94217458889143,2,
1034,Mr Boston Holiday Nog,C,49.900000000000006,10,4.99,0.0001505761637427656,99.94232516505518,1,1.0
1932,Jim Beam Devils Cut Bourbon,C,49.5,50,0.99,0.00014936914038611015,99.94247453419557,1,1283.0
45874,Gallo Twin Vly Pnt Grigio,C,49.410000000000004,9,5.49,0.0001490975601308627,99.9426236317557,2,43.0
22622,A Bichot Savigny Beaune,C,48.99,1,48.99,0.00014783018560637448,99.9427714619413,2,0.0
24359,Stradanova Barolo,C,48.99,1,48.99,0.00014783018560637448,99.94291929212692,2,3.0
22915,Pernand-Vergelesses Fichots,C,48.99,1,48.99,0.00014783018560637448,99.94306712231253,2,4.0
19914,Gum Drop Pink Moscato,C,48.93,7,6.99,0.00014764913210287616,99.94321477144463,2,0.0
19058,Chateau Camensac 10,C,47.99,1,47.99,0.0001448126272147359,99.94335958407184,2,12.0
22661,Iron Horse Est Brut Rose,C,47.99,1,47.99,0.0001448126272147359,99.94350439669905,2,
11259,Jaboulet Crozes Herm 10 Thal,C,47.99,1,47.99,0.0001448126272147359,99.94364920932627,2,49.0
41985,Ridge Estate Cab Svgn,C,47.99,1,47.99,0.0001448126272147359,99.94379402195348,2,1.0
2995,Jim Beam Maple,C,47.98,2,23.99,0.0001447824516308195,99.94393880440511,1,
20413,Pepperjack Barossa Red,C,47.98,2,23.99,0.0001447824516308195,99.94408358685673,2,13.0
15871,Cyan Toro Zamora,C,47.97,3,15.99,0.00014475227604690314,99.94422833913278,2,129.0
21538,La Merika Cab Svgn CC,C,47.97,3,15.99,0.00014475227604690314,99.94437309140882,2,40.0
16061,Shannon Ridge 09 Cab Svgn,C,47.97,3,15.99,0.00014475227604690314,99.94451784368486,2,7.0
17512,Caballero la Cepa Rsv Malbec,C,47.97,3,15.99,0.00014475227604690314,99.9446625959609,2,
8580,Alize Coco Liqueur,C,47.97,3,15.99,0.00014475227604690314,99.94480734823695,1,
23897,Michel Chapoutier Vigne Rose,C,47.97,3,15.99,0.00014475227604690314,99.94495210051299,2,46.0
13144,Korbel Brut Rose,C,47.97,3,15.99,0.00014475227604690314,99.94509685278904,2,63.0
24287,Bollini RSV Pinot Grigio,C,47.97,3,15.99,0.00014475227604690314,99.94524160506508,2,14.0
24347,Fess Parker Marcella's White,C,47.97,3,15.99,0.00014475227604690314,99.94538635734112,2,98.0
45495,Ermita Rioja White,C,47.97,3,15.99,0.00014475227604690314,99.94553110961716,2,44.0
43890,Oyster Bay Hawkes Bay Merlot,C,47.97,3,15.99,0.00014475227604690314,99.9456758618932,2,22.0
32669,Ch Ste Michelle Cold Crk Rsl,C,47.97,3,15.99,0.00014475227604690314,99.94582061416925,2,
22863,Vino Dious Gruner Veltlnr 13,C,47.96,4,11.99,0.00014472210046298674,99.94596533626971,2,73.0
826,Clan MacGregor Scotch,C,47.96,4,11.99,0.00014472210046298674,99.94611005837017,1,25.0
2065,Kuhl Coconut Water Vodka,C,47.96,4,11.99,0.00014472210046298674,99.94625478047062,1,
20492,Wild Oats Shiraz Cntrl Range,C,47.96,4,11.99,0.00014472210046298674,99.94639950257108,2,22.0
20728,Villa Jolanda Cocnut Moscato,C,47.96,4,11.99,0.00014472210046298674,99.94654422467154,2,106.0
14711,Ch Tanunda Gr Barossa Rsl,C,47.96,4,11.99,0.00014472210046298674,99.946688946772,2,0.0
31788,Livingston Cab Svgn Cal,C,47.940000000000005,6,7.99,0.00014466174929515398,99.94683360852129,2,8.0
43541,Carlo Rossi RSV Cab Svgn Cal,C,47.94,6,7.99,0.00014466174929515398,99.94697827027058,2,3.0
20778,Epilogo La Mancha Svgn Bl/Mo,C,47.94,6,7.99,0.00014466174929515398,99.94712293201987,2,
16247,Domino Merlot,C,47.94,6,7.99,0.00014466174929515398,99.94726759376915,2,27.0
420,Calico Jack Spiced Rum,C,47.94,6,7.99,0.00014466174929515398,99.94741225551844,1,
14410,Liberty Crk Vyd Pnt Grigio,C,47.94,6,7.99,0.00014466174929515398,99.94755691726773,2,1.0
46580,Gode'II Rosso di Toscana,C,47.94,6,7.99,0.00014466174929515398,99.94770157901702,2,64.0
8235,Riunite Bianco,C,47.94,6,7.99,0.00014466174929515398,99.94784624076631,2,6.0
42436,Crane Lake Cab Svgn Cal,C,47.88,12,3.99,0.00014448069579165565,99.9479907214621,2,11.0
14628,Tisdale Vyds Sweet Red,C,47.88,12,3.99,0.00014448069579165565,99.9481352021579,2,12.0
20050,Occhio A Vento Vermentino,C,47.88,12,3.99,0.00014448069579165565,99.9482796828537,2,
46567,R M Woodbridge Cab/Merlot,C,47.88,12,3.99,0.00014448069579165565,99.94842416354949,2,
636,Bols Pomegranate Liqueur,C,47.45,5,9.49,0.00014318314568325104,99.94856734669517,1,30.0
3748,Smirnoff Light Peach Sorbet,C,47.45,5,9.49,0.00014318314568325104,99.94871052984085,1,381.0
16208,Inman Family OGV Est Pnt Nr,C,46.99,1,46.99,0.0001417950688230973,99.94885232490968,2,17.0
24426,Plumpjack Rsv Chard,C,46.99,1,46.99,0.0001417950688230973,99.94899411997851,2,80.0
21471,Ch Haut Marbuzet St Estephe,C,46.99,1,46.99,0.0001417950688230973,99.94913591504734,2,3.0
43924,Farnum Hill Kingston Blk RSV,C,46.47,3,15.49,0.00014022593845944523,99.9492761409858,2,27.0
24921,Appolo Vyds Seyval,C,46.47,3,15.49,0.00014022593845944523,99.94941636692427,2,233.0
22625,True Myth Cab,C,46.449999999999996,5,9.29,0.00014016558729161243,99.94955653251156,2,338.0
19835,Luiano Rosato,C,46.059999999999995,14,3.2900000000000005,0.0001389887395188734,99.94969552125109,2,
42104,Leflaive Meursault 12,C,45.99,1,45.99,0.0001387775104314587,99.94983429876152,2,
18425,Poggio Antico Brunllo,C,45.99,1,45.99,0.0001387775104314587,99.94997307627195,2,
23774,Ch Rol Velentin 12 St-Emilio,C,45.99,1,45.99,0.0001387775104314587,99.95011185378237,2,20.0
20668,Taylor Fladgate 11 Port,C,45.99,1,45.99,0.0001387775104314587,99.9502506312928,2,4.0
2028,Herradura Reposado #9 Careta,C,45.99,1,45.99,0.0001387775104314587,99.95038940880323,1,
23964,La Font de Notre Dame Rastea,C,45.98,2,22.99,0.00013874733484754232,99.95052815613808,2,70.0
18651,Alexana Pnt Nr Willamette,C,45.98,2,22.99,0.00013874733484754232,99.95066690347292,2,23.0
2671,Christian Drouin Calvados,C,45.98,2,22.99,0.00013874733484754232,99.95080565080777,1,28.0
21503,Cambrige Meritage Napa Vly,C,45.98,2,22.99,0.00013874733484754232,99.95094439814261,2,
36307,Dom Chandon 00 Carnrs Pnt Nr,C,45.98,2,22.99,0.00013874733484754232,99.95108314547745,2,12.0
25458,Seven Hills Cab Svgn Columbi,C,45.98,2,22.99,0.00013874733484754232,99.9512218928123,2,19.0
14922,Five Oaks Pnt Grigio Cal,C,45.48,12,3.79,0.00013723855565172301,99.95135913136795,2,
16775,Lucky Duck Moscato,C,45.48,12,3.79,0.00013723855565172301,99.9514963699236,2,11.0
14712,Lucky Duck Riesling,C,45.48,12,3.79,0.00013723855565172301,99.95163360847926,2,3.0
13702,Barefoot Cellars Cab Svgn,C,45.43,7,6.49,0.00013708767773214112,99.95177069615698,2,26.0
21457,Clos de L'Oratorie St-Emilon,C,44.99,1,44.99,0.00013575995203982013,99.95190645610903,2,
25066,Jadot Beaune Les Cent Vignes,C,44.99,1,44.99,0.00013575995203982013,99.95204221606107,2,4.0
22171,Lucienne Smith Vyd Pnt Nr,C,44.99,1,44.99,0.00013575995203982013,99.95217797601312,2,51.0
23520,Slow Press Cab Svgn,C,44.97,3,14.99,0.00013569960087198734,99.952313675614,2,65.0
23830,Florette Rose de Provence,C,44.97,3,14.99,0.00013569960087198734,99.95244937521487,2,18.0
11372,Au Petit Bonheur Pallieres R,C,44.97,3,14.99,0.00013569960087198734,99.95258507481574,2,
75,Three Olives Tomato Vodka,C,44.97,3,14.99,0.00013569960087198734,99.95272077441662,1,7.0
18452,Ninety+Cellars Lot 71 Malbec,C,44.97,3,14.99,0.00013569960087198734,99.9528564740175,2,0.0
174,Sauza Silver VAP,C,44.97,3,14.99,0.00013569960087198734,99.95299217361837,1,
4289,Silver Root Marley Rum,C,44.97,3,14.99,0.00013569960087198734,99.95312787321924,1,6.0
44925,Montsarra Brut Cava,C,44.97,3,14.99,0.00013569960087198734,99.95326357282012,2,23.0
28538,Shooting Star Chard Lake Cny,C,44.97,3,14.99,0.00013569960087198734,99.953399272421,2,15.0
36360,Saarstein Riesling QbA,C,44.97,3,14.99,0.00013569960087198734,99.95353497202187,2,3.0
15056,Cono Sur Vision Pnt Nr,C,44.96,4,11.323333333333332,0.00013566942528807097,99.95367064144716,2,67.0
457,El Caballo Gold Tequila,C,44.95,5,8.99,0.0001356392497041546,99.95380628069687,1,10.0
21691,Tracia Syrah,C,44.94,6,7.49,0.00013560907412023818,99.95394188977099,2,
401,S S Pierce Ninety Nine Bl W,C,44.94,6,7.49,0.00013560907412023818,99.95407749884511,1,3.0
6265,Gallo Fairbanks Sherry,C,44.910000000000004,9,4.99,0.00013551854736848905,99.95421301739248,2,23.0
19845,The Rule Cab Svgn Napa Vly,C,43.98,2,21.99,0.00013271221806426516,99.95434572961054,2,2.0
40137,Dom Chandon Carneros Chard,C,43.98,2,21.99,0.00013271221806426516,99.9544784418286,2,34.0
25210,Siduri Pnt Nr Williamette Vy,C,43.98,2,21.99,0.00013271221806426516,99.95461115404666,2,316.0
3092,Stolichnaya 100* Vodka,C,43.98,2,21.99,0.00013271221806426516,99.95474386626472,1,4.0
20188,Steele 10 Parmalee-Hill Pnt,C,43.98,2,21.99,0.00013271221806426516,99.95487657848278,2,
8508,Celtic Honey Liqueur,C,43.98,2,21.99,0.00013271221806426516,99.95500929070084,1,6.0
19368,Luigi Bosca Malbec SV DOC,C,43.98,2,21.99,0.00013271221806426516,99.9551420029189,2,9.0
2710,Bitch Vodka,C,43.98,2,21.99,0.00013271221806426516,99.95527471513697,1,
15510,Mollydooker Violinist Verdel,C,43.98,2,21.99,0.00013271221806426516,99.95540742735503,2,12.0
15178,Tercos Torrontes,C,43.96,4,10.99,0.0001326518668964324,99.95554007922192,2,12.0
45993,Casa Liliana Good Merlot,C,43.96,4,10.99,0.0001326518668964324,99.95567273108881,2,0.0
122,DeKuyper Mixed Berry Medley,C,43.96,4,10.99,0.0001326518668964324,99.9558053829557,1,
21632,Simi Chard Sonoma Cty,C,43.96,4,10.99,0.0001326518668964324,99.9559380348226,2,164.0
8563,Chi Chi's Chocolate Malt RTD,C,43.96,4,10.99,0.0001326518668964324,99.95607068668949,1,10.0
20792,Belle Ambiance Chard,C,43.96,4,10.99,0.0001326518668964324,99.95620333855638,2,31.0
6935,Fetzer Eagle Peak Merlot Cal,C,43.96,4,10.99,0.0001326518668964324,99.95633599042327,2,27.0
5083,DK Burst Blustery Pmnt Trav,C,43.96,4,10.99,0.0001326518668964324,99.95646864229016,1,19.0
17015,Siegel Reserve Cab Svgn,C,43.949999999999996,5,8.79,0.000132621691312516,99.95660126398147,2,12.0
41831,BV Coastal Estate Cab Svgn,C,43.92,8,5.489999999999999,0.00013253116456076684,99.95673379514604,2,20.0
207,Smirnoff Pomegrante,C,43.47,3,14.49,0.00013117326328452946,99.95686496840932,1,5.0
4427,Rhum Barbancourt 3 Star,C,43.47,3,14.49,0.00013117326328452946,99.9569961416726,1,5.0
3752,Margaritaville Coconut,C,43.47,3,14.49,0.00013117326328452946,99.95712731493589,1,21.0
22540,Jadot Beaune Clos Ursules 12,C,42.99,1,42.99,0.00012972483525654295,99.95725703977115,2,
16399,Shane Judge Vyd Syrah Bennet,C,42.99,1,42.99,0.00012972483525654295,99.95738676460641,2,43.0
18586,Eric Kent Small Town Pnt Nr,C,42.99,1,42.99,0.00012972483525654295,99.95751648944167,2,60.0
22567,Our Daily Red Cab Svgn,C,42.96,4,10.74,0.00012963430850479379,99.95764612375018,2,2.0
1341,Red Stag Black Cherry,C,42.45,5,8.49,0.00012809535372505811,99.95777421910391,1,
21430,Ch Larrivet Haut-Brion P Leo,C,41.99,1,41.99,0.00012670727686490437,99.95790092638077,2,
36269,Stags Leap Merlot Napa,C,41.99,1,41.99,0.00012670727686490437,99.95802763365764,2,
20771,Chehalem Ridge Crest Vyds Pn,C,41.99,1,41.99,0.00012670727686490437,99.9581543409345,2,32.0
21383,Barkan Clsc Chard,C,41.97,3,13.99,0.00012664692569707157,99.95828098786019,2,121.0
17266,The Divining Rod Chard,C,41.97,3,13.99,0.00012664692569707157,99.95840763478589,2,18.0
46819,Kaiken Malbec Mendoza,C,41.97,3,13.99,0.00012664692569707157,99.95853428171158,2,3.0
10380,Santa Cristina Pnt Grigio,C,41.97,3,13.99,0.00012664692569707157,99.95866092863727,2,279.0
25353,Calmel & Joseph CdRoussillon,C,41.97,3,13.99,0.00012664692569707157,99.95878757556297,2,64.0
41231,Mad Dogs & Englishmen Jumil,C,41.97,3,13.99,0.00012664692569707157,99.95891422248866,2,36.0
23528,Santa Maria Alla Pieve Soave,C,41.97,3,13.99,0.00012664692569707157,99.95904086941435,2,81.0
17159,Quattro Mani Montepulciano,C,41.97,3,13.99,0.00012664692569707157,99.95916751634005,2,0.0
22867,Vino Dious Cab Svgn 11,C,41.97,3,13.99,0.00012664692569707157,99.95929416326574,2,47.0
17093,Guidobono Barbera D'Alba,C,41.97,3,13.99,0.00012664692569707157,99.95942081019143,2,
18611,Stonehaven Svgn Bl,C,41.97,3,13.99,0.00012664692569707157,99.95954745711713,2,10.0
23855,Mazzocco Znfdl Sonoma,C,41.97,3,13.99,0.00012664692569707157,99.95967410404282,2,
19768,B & G CDP Rose,C,41.97,3,13.99,0.00012664692569707157,99.95980075096851,2,77.0
8914,Egri Bikaver Bulls Blood Eg,C,41.96,4,10.49,0.0001266167501131552,99.95992736771862,1,
8705,Livingston Clrs Red Rose,C,41.94,6,6.99,0.00012655639894532241,99.96005392411756,2,9.0
19396,La Petite Maison Ventoux Bl,C,41.94,6,6.99,0.00012655639894532241,99.9601804805165,2,
7271,Llord's Triple Sec,C,41.94,6,6.99,0.00012655639894532241,99.96030703691544,1,
1062,St Christopher Gluhwein,C,41.94,6,6.99,0.00012655639894532241,99.96043359331438,2,1.0
6798,Livingston Chablis Blush Ca,C,41.94,6,6.99,0.00012655639894532241,99.96056014971332,2,16.0
34474,Livingston Chianti Cal,C,41.94,6,6.99,0.00012655639894532241,99.96068670611226,2,10.0
42348,Livingston Sangria Natural,C,41.94,6,6.99,0.00012655639894532241,99.9608132625112,2,9.0
8419,Ocho Tequila Plata Corrales,C,41.94,6,6.989999999999999,0.00012655639894532241,99.96093981891013,1,
8699,Livingston Rhine Calif,C,41.94,6,6.99,0.00012655639894532241,99.96106637530907,2,7.0
15294,Flip Flop Moscato,C,41.93,7,5.99,0.00012652622336140605,99.96119290153243,2,33.0
24878,Fabre Montmayou Gr Vin Lujan,C,40.99,1,40.99,0.0001236897184732658,99.9613165912509,2,17.0
18540,El Enemigo Malbec Mendoza,C,40.98,2,20.49,0.00012365954288934936,99.9614402507938,2,
22672,Mumm Brut Cve Napa,C,40.74,6,6.790000000000001,0.0001229353288753561,99.96156318612267,2,175.0
19860,Rex Goliath Red Moscato,C,40.410000000000004,9,4.49,0.00012193953460611541,99.96168512565728,2,41.0
10398,Spring Vly Frederick Rd,C,39.99,1,39.99,0.0001206721600816272,99.96180579781736,2,39.0
20654,Notarious Cab Svgn,C,39.99,1,39.99,0.0001206721600816272,99.96192646997744,2,36.0
20655,Notarious Petite Syrah,C,39.99,1,39.99,0.0001206721600816272,99.96204714213752,2,7.0
19785,Warre's Vintage Port 2011,C,39.99,1,39.99,0.0001206721600816272,99.9621678142976,2,
5167,Banfi Grappa Castello,C,39.99,1,39.99,0.0001206721600816272,99.96228848645768,1,23.0
25078,Jadot Savigny Bl Clos de Gue,C,39.99,1,39.99,0.0001206721600816272,99.96240915861776,2,
10399,Spring Vly Uriah Walla Walla,C,39.99,1,39.99,0.0001206721600816272,99.96252983077784,2,7.0
20776,JM Gobillard Tradition Brut,C,39.99,1,39.99,0.0001206721600816272,99.96265050293792,2,
935,Tanteo Tropical Tequila,C,39.99,1,39.99,0.0001206721600816272,99.962771175098,1,
16398,Shane The Unknown Syrah No C,C,39.99,1,39.99,0.0001206721600816272,99.96289184725808,2,36.0
222,Wray & Nephew Wh Overproof,C,39.98,2,19.99,0.00012064198449771077,99.96301248924257,1,48.0
25513,Elvio Cogno Dolcetto D'Alba,C,39.98,2,19.99,0.00012064198449771077,99.96313313122707,2,26.0
19660,Red Sox Club Series Cab Svgn,C,39.98,2,19.99,0.00012064198449771077,99.96325377321156,2,41.0
3304,Hook's Black Spiced Rum,C,39.98,2,19.99,0.00012064198449771077,99.96337441519606,1,
4535,Bacardi Limon & Mango 2 Pak,C,39.98,2,19.99,0.00012064198449771077,99.96349505718055,1,
24388,Steph Avrn Chn Vielles Vig,C,39.98,2,19.99,0.00012064198449771077,99.96361569916505,2,122.0
45602,Luigi Bosca RSV Pnt Nr,C,39.98,2,19.99,0.00012064198449771077,99.96373634114954,2,34.0
23997,Pascal Jolivet Sancerre Rose,C,39.98,2,19.99,0.00012064198449771077,99.96385698313404,2,
5866,Malibu Red,C,39.98,2,19.99,0.00012064198449771077,99.96397762511853,1,
16756,Cocchi Americano,C,39.98,2,19.99,0.00012064198449771077,99.96409826710303,2,22.0
21673,Juan Gil Dry Wh Muscat Jumil,C,39.96,4,9.99,0.00012058163332987803,99.96421884873635,2,42.0
10274,Rebel Newmans Own Chard,C,39.96,4,9.99,0.00012058163332987803,99.96433943036968,2,11.0
23954,Notre Dame Luberon Rose,C,39.96,4,9.99,0.00012058163332987803,99.964460012003,2,1.0
44172,Neil Ellis Sincerely Shiraz,C,39.96,4,9.99,0.00012058163332987803,99.96458059363633,2,
19245,Hidden Crush Chard Cntrl Cst,C,39.96,4,9.99,0.00012058163332987803,99.96470117526965,2,36.0
14840,Kris Artist Cuvee Pnt Grigio,C,39.96,4,9.99,0.00012058163332987803,99.96482175690298,2,
13424,Merriam Vyds Simoneau Chard,C,39.96,4,9.99,0.00012058163332987803,99.9649423385363,2,12.0
364,Ciroc Peach Vodka,C,39.95,5,7.99,0.00012055145774596164,99.96506288999404,1,171.0
22619,Promesses de France CdRhone,C,39.95,5,7.99,0.00012055145774596164,99.96518344145179,2,
18210,Vina Cobos Cab Svgn Bramare,C,38.99,1,38.99,0.0001176546016899886,99.96530109605348,2,3.0
143,Chivas Regal,C,38.99,1,38.99,0.0001176546016899886,99.96541875065518,1,9.0
201,Nassua Royale Liqueur,C,38.98,2,19.49,0.00011762442610607219,99.96553637508129,1,
42933,Valckenberg Rsl,C,38.97,3,12.99,0.00011759425052215582,99.96565396933181,2,5.0
24857,Ch du Parc Brdx Rouge,C,38.97,3,12.99,0.00011759425052215582,99.96577156358234,2,118.0
23533,Yellow Tail Moscato Bubbles,C,38.97,3,12.99,0.00011759425052215582,99.96588915783286,2,5.0
369,Svedka Grape Vodka,C,38.97,3,12.99,0.00011759425052215582,99.96600675208339,1,14.0
5376,Bols Yogurt Liqueur,C,38.97,3,12.99,0.00011759425052215582,99.96612434633391,1,35.0
23508,Vino.e Falanghina Beneventno,C,38.97,3,12.99,0.00011759425052215582,99.96624194058444,2,
20941,Valdivieso Brut,C,38.97,3,12.99,0.00011759425052215582,99.96635953483496,2,
16369,Tiki Sound Svgn Bl,C,38.97,3,12.99,0.00011759425052215582,99.96647712908549,2,
22864,Vino Dious Chard 13,C,38.97,3,12.99,0.00011759425052215582,99.96659472333602,2,37.0
17490,Serbal Chardonnay,C,38.97,3,12.99,0.00011759425052215582,99.96671231758654,2,21.0
40667,Bolla Chianti,C,38.97,3,12.99,0.00011759425052215582,99.96682991183707,2,275.0
15261,Barefoot Cellars Sweet Red,C,38.94,6,6.49,0.00011750372377040665,99.96694741556084,2,11.0
15262,Bella Sera Moscato,C,38.94,6,6.49,0.00011750372377040665,99.96706491928461,2,30.0
1771,Jack Daniels Tennessee Fire,C,38.870000000000005,13,2.99,0.00011729249468299199,99.96718221177929,1,6361.0
22829,Finca Coronado 04 Tierra Cas,C,38.37,3,12.79,0.00011578371548717265,99.96729799549477,2,
24346,Antinori Badia Chianti Clsc,C,37.99,1,37.99,0.00011463704329835002,99.96741263253807,2,15.0
15065,Sokol Blosser Pnt Nr,C,37.99,1,37.99,0.00011463704329835002,99.96752726958137,2,292.0
19589,Ch La Vieille Cure Frnsac 10,C,37.99,1,37.99,0.00011463704329835002,99.96764190662466,2,
18948,Austin Hope 10 Syrah,C,37.99,1,37.99,0.00011463704329835002,99.96775654366796,2,9.0
18597,Seghesio Rockpile Znfdl,C,37.99,1,37.99,0.00011463704329835002,99.96787118071126,2,
23472,Dom Vocoret & Fils Chabls 13,C,37.98,2,18.99,0.0001146068677144336,99.96798578757897,2,45.0
3587,Stolichnaya Cranberi,C,37.98,2,18.99,0.0001146068677144336,99.96810039444668,1,
3170,Pinnacle Orange Whipped,C,37.96,4,9.49,0.00011454651654660086,99.96821494096322,1,
47075,Turn Me Red,C,37.16,4,9.29,0.00011213246983328997,99.96832707343306,2,55.0
12133,Pro.mis.Q.ous White CA,C,37.14,6,6.19,0.00011207211866545719,99.96843914555173,2,
23109,DeLille Cellars Chaleur Blnc,C,36.99,1,36.99,0.00011161948490671141,99.96855076503664,2,112.0
18426,Poggio Antico Rosso Montlcin,C,36.99,1,36.99,0.00011161948490671141,99.96866238452155,2,3.0
18623,Donnafugata Tancredi Red,C,36.99,1,36.99,0.00011161948490671141,99.96877400400646,2,
15126,Craggy Range Aroha Pnt Nr 06,C,36.99,1,36.99,0.00011161948490671141,99.96888562349137,2,
18466,K Syrah The Deal,C,36.99,1,36.99,0.00011161948490671141,99.96899724297629,2,32.0
4815,Courvoisier Rose,C,36.98,2,18.49,0.00011158930932279502,99.96910883228561,1,
20186,Steele 10 Sangiacmo Vy Pnt N,C,36.98,2,18.49,0.00011158930932279502,99.96922042159494,2,
13242,Cadet D'Oc Cab Svgn Rthschld,C,36.97,3,11.99,0.00011155913373887863,99.96933198072868,2,12.0
12084,Monastero Lunanuova Chianti,C,35.99,1,35.99,0.00010860192651507282,99.9694405826552,2,1.0
22970,Bluegray Priorat DOQ,C,35.98,2,17.99,0.00010857175093115642,99.96954915440612,2,10.0
16503,Lafite Rsv Speciale Bl Brdx,C,35.98,2,17.99,0.00010857175093115642,99.96965772615705,2,8.0
24256,Elk Cove Est Rsl,C,35.98,2,17.99,0.00010857175093115642,99.96976629790798,2,41.0
22055,The Girls in the Vineyard Wh,C,35.98,2,17.99,0.00010857175093115642,99.96987486965891,2,45.0
21046,Eden Ice Windfall Orchard,C,35.98,2,17.99,0.00010857175093115642,99.96998344140984,2,15.0
11149,Napa Cellars Svgn Bl,C,35.98,2,17.99,0.00010857175093115642,99.97009201316077,2,282.0
15790,Humberto Canale Malbec Est,C,35.97,3,11.99,0.00010854157534724005,99.97020055473611,2,30.0
25544,Tilia Bonarda Mendoza,C,35.97,3,11.99,0.00010854157534724005,99.97030909631145,2,364.0
5654,Merry Irish Cream Liqueur,C,35.97,3,11.99,0.00010854157534724005,99.9704176378868,1,
20567,The Immortal Zin,C,35.97,3,11.99,0.00010854157534724005,99.97052617946214,2,
42759,Bigi Orvieto Clsc Vendemmia,C,35.97,3,11.99,0.00010854157534724005,99.97063472103748,2,13.0
18378,Stark Raving Cab Svgn,C,35.97,3,11.99,0.00010854157534724005,99.97074326261283,2,16.0
21123,Southern Right Svgn Bl,C,35.97,3,11.99,0.00010854157534724005,99.97085180418817,2,3.0
22449,Bota Brick Pnt Grigio,C,35.97,3,11.99,0.00010854157534724005,99.97096034576352,2,15.0
19678,Austerity White,C,35.96,4,8.99,0.00010851139976332366,99.97106885716327,2,
24970,Hayes Ranch Red Blend,C,35.96,4,8.99,0.00010851139976332366,99.97117736856303,2,17.0
21108,Santons Rose de Provence,C,35.96,4,8.99,0.00010851139976332366,99.97128587996279,2,
13260,Carmenere Santa Rita 120,C,35.96,4,8.99,0.00010851139976332366,99.97139439136255,2,
15329,Rex Goliath Moscato,C,35.94,6,5.99,0.0001084510485954909,99.97150284241114,2,30.0
46662,Oak Leaf Chard Cal,C,35.88,12,2.99,0.00010826999509199259,99.97161111240624,2,12.0
6431,Boones Sangria,C,35.88,12,2.99,0.00010826999509199259,99.97171938240133,2,1.0
46664,Oak Leaf Pnt Grigio Cal,C,35.88,12,2.99,0.00010826999509199259,99.97182765239643,2,
22544,Jadot Pernand Vergelesses 12,C,34.99,1,34.99,0.00010558436812343423,99.97193323676456,2,2.0
22549,Jadot Savigny Les Beaune 12,C,34.99,1,34.99,0.00010558436812343423,99.97203882113268,2,8.0
22553,Jadot Santenay Gatsulard 12,C,34.99,1,34.99,0.00010558436812343423,99.97214440550081,2,
22547,Jadot Savigny Narbantons 12,C,34.99,1,34.99,0.00010558436812343423,99.97224998986894,2,1.0
22534,Jadot Fixin 12,C,34.99,1,34.99,0.00010558436812343423,99.97235557423707,2,2.0
25145,Brewer-Clifton Sta. Rita Cha,C,34.99,1,34.99,0.00010558436812343423,99.9724611586052,2,32.0
22543,Jadot Santenay Clos Rous 12,C,34.99,1,34.99,0.00010558436812343423,99.97256674297333,2,
23473,Auvigue Saint-Veran 13,C,34.98,2,17.49,0.00010555419253951784,99.97267229716587,2,55.0
11341,Herzog Kosher Wh Znfdl,C,34.95,5,6.99,0.0001054636657877687,99.97277776083166,2,
199,Wisdom & Warter Cream Sherry,C,34.93,7,4.99,0.0001054033146199359,99.97288316414628,1,
16241,Domino Merlot,C,34.93,7,4.99,0.0001054033146199359,99.9729885674609,2,29.0
977,McCormick Scotch,C,34.47,3,11.49,0.00010401523775978216,99.97309258269865,1,38.0
44220,Vinedo de Los Vientos Alcyo,C,33.99,1,33.99,0.00010256680973179565,99.97319514950838,2,8.0
14217,Chevalier L'Aujardiere Chard,C,33.98,2,16.99,0.00010253663414787925,99.97329768614253,2,20.0
11770,La Basttistina Gavi,C,33.98,2,16.99,0.00010253663414787925,99.97340022277668,2,15.0
16377,Ch Moncontour Vouvray Demi S,C,33.98,2,16.99,0.00010253663414787925,99.97350275941082,2,7.0
42871,Duckhorn Merlot Napa,C,33.98,2,16.99,0.00010253663414787925,99.97360529604497,2,
46018,I'm Wines Rose Napa,C,33.98,2,16.99,0.00010253663414787925,99.97370783267911,2,3.0
15542,Tiziano Prosecco,C,33.98,2,16.99,0.00010253663414787925,99.97381036931326,2,18.0
21761,Ch Riotor Rose Cotes de Prov,C,33.98,2,16.99,0.00010253663414787925,99.9739129059474,2,32.0
32296,Clos du Bois RSV Merlot Alex,C,33.98,2,16.99,0.00010253663414787925,99.97401544258155,2,51.0
19866,Clarendelle Brdx Blanc,C,33.98,2,16.99,0.00010253663414787925,99.97411797921569,2,410.0
23477,Luna di Luna Prosecco,C,33.98,2,16.99,0.00010253663414787925,99.97422051584984,2,21.0
42097,Toad Hollow Eriks The Red 12,C,33.96,4,8.49,0.00010247628298004649,99.97432299213281,2,432.0
21168,Honoro Vera Merlot Jumilla,C,33.96,4,8.49,0.00010247628298004649,99.97442546841579,2,22.0
8282,Berentzen Bushel & Barrel,C,33.660000000000004,34,0.99,0.00010157101546255491,99.97452703943125,1,144.0
8065,Seagrams VO,C,33.660000000000004,34,0.99,0.00010157101546255491,99.97462861044671,1,
336,Bols Genever Amsterdam,C,32.99,1,32.99,9.954925134015705e-05,99.97472815969806,1,
16527,Vinyes Domenech Furvus,C,32.99,1,32.99,9.954925134015705e-05,99.9748277089494,2,8.0
31522,J Vineyards Pnt Nr RRV,C,32.99,1,32.99,9.954925134015705e-05,99.97492725820075,2,
25459,Seven Hills Merlot Seven Hil,C,32.99,1,32.99,9.954925134015705e-05,99.9750268074521,2,29.0
29714,Planeta La Segreta Rosso,C,32.97,3,10.99,9.948890017232427e-05,99.97512629635227,2,87.0
21776,PopCrush Red,C,32.97,3,10.99,9.948890017232427e-05,99.97522578525245,2,
46453,Mason Clrs Svgn Bl Pomelo,C,32.97,3,10.99,9.948890017232427e-05,99.97532527415262,2,564.0
3729,Three Olives Whipped Cream,C,32.97,3,10.99,9.948890017232427e-05,99.9754247630528,1,
25652,Red Autumn Red,C,32.97,3,10.99,9.948890017232427e-05,99.97552425195298,2,187.0
317,Triple Eight Vodka,C,31.99,1,31.99,9.653169294851847e-05,99.97562078364592,1,
129,Grey Goose L'Orange Vodka,C,31.99,1,31.99,9.653169294851847e-05,99.97571731533887,1,5.0
967,Chopin Vodka,C,31.99,1,31.99,9.653169294851847e-05,99.97581384703182,1,10.0
46418,Ermita Sn Felices Rose Rioja,C,31.98,2,15.99,9.650151736460208e-05,99.97591034854918,2,10.0
2539,John Barr Red Scotch Whisky,C,31.98,2,15.99,9.650151736460208e-05,99.97600685006654,1,
22358,Seifried Nelson Svgn Blanc,C,31.98,2,15.99,9.650151736460208e-05,99.9761033515839,2,10.0
18955,Havens Meritage 2011,C,31.98,2,15.99,9.650151736460208e-05,99.97619985310126,2,
23106,Panther Creek Pnt Gr William,C,31.98,2,15.99,9.650151736460208e-05,99.97629635461863,2,29.0
18852,Mirassou Sunset Red,C,31.96,4,7.989999999999999,9.644116619676931e-05,99.97639279578482,2,0.0
19398,Philippe Herard Bl de Blanc,C,31.96,4,7.99,9.644116619676931e-05,99.97648923695101,2,
28316,Livingston Nat Flvrs Chard,C,31.96,4,7.99,9.644116619676931e-05,99.9765856781172,2,14.0
21772,Whiplash Red,C,31.740000000000002,6,5.29,9.577730335060883e-05,99.97668145542056,2,
21564,Folk Machine Parts & Labor R,C,30.98,2,15.49,9.348395897296348e-05,99.97677493937954,2,29.0
20423,Michele Chiarlo Barolo Anniv,C,29.99,1,29.99,9.049657616524129e-05,99.9768654359557,2,
19598,Ch Coufran Haut Medoc 10,C,29.99,1,29.99,9.049657616524129e-05,99.97695593253187,2,20.0
21080,Landmark Overlook Pnt Nr,C,29.99,1,29.99,9.049657616524129e-05,99.97704642910803,2,33.0
22559,Jadot Ch Des Jacques 12,C,29.99,1,29.99,9.049657616524129e-05,99.97713692568419,2,1.0
23167,Loft Chard,C,29.99,1,29.99,9.049657616524129e-05,99.97722742226036,2,10.0
19949,Warre's Quinta Cavadinha,C,29.99,1,29.99,9.049657616524129e-05,99.97731791883652,2,18.0
505,Robert Sinskey Pnt Gris,C,29.99,1,29.99,9.049657616524129e-05,99.97740841541268,2,109.0
2974,Sazerac 6 Yr Straight Rye,C,29.99,1,29.99,9.049657616524129e-05,99.97749891198885,1,
21325,Kim Crawford Pnt Gr Homstead,C,29.99,1,29.99,9.049657616524129e-05,99.97758940856501,2,66.0
24539,Stonestreet Est Vyds Svgn Bl,C,29.99,1,29.99,9.049657616524129e-05,99.97767990514117,2,50.0
23810,Angels Landing Rsv Cab Svgn,C,29.99,1,29.99,9.049657616524129e-05,99.97777040171734,2,29.0
20722,Ch Musar Hochar Red,C,29.99,1,29.99,9.049657616524129e-05,99.9778608982935,2,0.0
2396,Auchentoshan Classic Scotch,C,29.99,1,29.99,9.049657616524129e-05,99.97795139486966,1,
15322,Vinum Cellars Scrapper Cab F,C,29.99,1,29.99,9.049657616524129e-05,99.97804189144583,2,155.0
41224,J Vineyards Brut Rose,C,29.99,1,29.99,9.049657616524129e-05,99.97813238802199,2,
25653,Ca'Momi Chard Rsv Napa,C,29.99,1,29.99,9.049657616524129e-05,99.97822288459815,2,37.0
18941,Tenuta di Arceno Chianti Rsv,C,29.99,1,29.99,9.049657616524129e-05,99.97831338117432,2,8.0
12355,Mercer Rsl,C,29.98,2,14.99,9.04664005813249e-05,99.9784038475749,2,20.0
36367,Nova Norma Jeanne 08 Merlot,C,29.98,2,14.99,9.04664005813249e-05,99.97849431397547,2,
3673,Stolichnaya Strawberri,C,29.98,2,14.99,9.04664005813249e-05,99.97858478037605,1,
37902,Trapiche Broquel Cab Svgn Mz,C,29.98,2,14.99,9.04664005813249e-05,99.97867524677663,2,0.0
41309,Ch Bonhoste Bordeaux Bl Sec,C,29.98,2,14.99,9.04664005813249e-05,99.97876571317721,2,19.0
23984,Triennes Rose 2012,C,29.98,2,14.99,9.04664005813249e-05,99.97885617957779,2,173.0
24591,Dominios Ribera del Duero Cr,C,29.98,2,14.99,9.04664005813249e-05,99.97894664597837,2,65.0
13734,Virginie Taunt Svgn Blanc,C,29.98,2,14.99,9.04664005813249e-05,99.97903711237895,2,19.0
4248,Spiced Root Marley Rum,C,29.98,2,14.99,9.04664005813249e-05,99.97912757877953,1,
21110,Light Horse Pnt Nr,C,29.98,2,14.99,9.04664005813249e-05,99.9792180451801,2,
33147,Jura Bl de Bl Brut D'Argent,C,29.98,2,14.99,9.04664005813249e-05,99.97930851158068,2,24.0
19304,Dalton Canaan Red,C,29.97,3,9.99,9.043622499740852e-05,99.97939894780568,2,
6986,Marquis de Chasse Ginestet,C,29.97,3,9.99,9.043622499740852e-05,99.97948938403067,2,0.0
23404,Secoli 14 Pnt Grigio Venezia,C,29.97,3,9.99,9.043622499740852e-05,99.97957982025567,2,
6395,Taylor Dry Sherry,C,29.94,6,4.99,9.034569824565936e-05,99.9796701659539,2,22.0
22119,Don Simon Selecion Chard,C,29.94,6,4.99,9.034569824565936e-05,99.97976051165215,2,3.0
5742,I'm Bananas Over You,C,29.94,6,4.99,9.034569824565936e-05,99.97985085735039,1,
24532,Joseph Drouhin Cote de Nuits,C,28.99,1,28.99,8.747901777360269e-05,99.97993833636816,2,27.0
22858,Canary Hill Vyd Pnt Nr,C,28.99,1,28.99,8.747901777360269e-05,99.98002581538594,2,47.0
10642,Marques de Murrieta RSV Rioj,C,28.99,1,28.99,8.747901777360269e-05,99.98011329440372,2,43.0
46333,Echeverria Ltd Edtn Cab Svgn,C,28.99,1,28.99,8.747901777360269e-05,99.9802007734215,2,3.0
6063,Avion Espresso,C,28.99,1,28.99,8.747901777360269e-05,99.98028825243928,1,
2181,Bird Dog Apple Whiskey,C,28.71,29,0.99,8.66341014239439e-05,99.9803748865407,1,0.0
852,Bols Double Barrel Root Bee,C,28.47,3,9.49,8.590988740995062e-05,99.9804607964281,1,
455,Baileys Salted Caramel,C,27.99,1,27.99,8.446145938196411e-05,99.98054525788748,1,5.0
17747,Penner-Ash Viognier,C,27.99,1,27.99,8.446145938196411e-05,99.98062971934687,2,8.0
3449,Van Gogh Pomegranate Vodka,C,27.99,1,27.99,8.446145938196411e-05,99.98071418080625,1,11.0
44907,Guntrum Dry Trocken Rheinhsn,C,27.98,2,13.99,8.443128379804773e-05,99.98079861209004,2,16.0
13094,The Crusher Merlot,C,27.98,2,13.99,8.443128379804773e-05,99.98088304337384,2,
4028,Bacardi Artic Grape Rum,C,27.98,2,13.99,8.443128379804773e-05,99.98096747465763,1,
23552,Les Dauphins Rose,C,27.98,2,13.99,8.443128379804773e-05,99.98105190594143,2,
43490,Ken Forrester Petit Pinotage,C,27.98,2,13.99,8.443128379804773e-05,99.98113633722522,2,19.0
6784,Hawk Crest Chard,C,27.98,2,13.99,8.443128379804773e-05,99.98122076850902,2,25.0
22225,Gifft Chardonnay,C,27.98,2,13.99,8.443128379804773e-05,99.98130519979281,2,0.0
20114,Wolfgang Puck Chard,C,27.98,2,13.99,8.443128379804773e-05,99.98138963107661,2,25.0
42080,Evans Nine Stones Brs Shiraz,C,27.98,2,13.99,8.443128379804773e-05,99.9814740623604,2,4.0
6062,Sauza Sprkl Mango/Peach Marg,C,27.96,4,6.989999999999999,8.437093263021495e-05,99.98155843329303,1,3.0
14036,Vecchia Cantina Chianti DOC,C,27.96,4,6.989999999999999,8.437093263021495e-05,99.98164280422566,2,
16072,Patch Block Chardonnay B/B,C,27.96,4,6.99,8.437093263021495e-05,99.98172717515828,2,
2358,Rebellion Bourbon,C,26.99,1,26.99,8.14439009903255e-05,99.98180861905928,1,
19262,Eden Orleans Bitter,C,26.99,1,26.99,8.14439009903255e-05,99.98189006296028,2,33.0
2505,Bowmore Legend Single Malt,C,26.99,1,26.99,8.14439009903255e-05,99.98197150686127,1,
19143,Gerard Bertrand Cigalus Blnc,C,26.99,1,26.99,8.14439009903255e-05,99.98205295076227,2,4.0
22431,Jos Faiveley Chablis AC 12,C,26.99,1,26.99,8.14439009903255e-05,99.98213439466326,2,4.0
19059,Chateau Carlmagnus 10,C,26.99,1,26.99,8.14439009903255e-05,99.98221583856426,2,
39013,JJ Prum Bernkasteler Bads 11,C,26.99,1,26.99,8.14439009903255e-05,99.98229728246525,2,
35977,Jaboulet Cotes du Rhone Par,C,26.98,2,13.49,8.141372540640914e-05,99.98237869619066,2,12.0
21272,Comoloco Monastrell Jumilla,C,26.97,3,8.99,8.138354982249274e-05,99.98246007974049,2,7.0
576,Pastene Marsala,C,26.97,3,8.99,8.138354982249274e-05,99.98254146329032,1,16.0
29472,M & R X Dry Vermouth,C,26.97,3,8.99,8.138354982249274e-05,99.98262284684014,2,24.0
40825,Fiano MandraRossa Sicilia,C,26.97,3,8.99,8.138354982249274e-05,99.98270423038997,2,3.0
6941,Bolla Pinot Grigio,C,26.97,3,8.99,8.138354982249274e-05,99.9827856139398,2,19.0
43803,Banfi Rosa Regale,C,26.94,6,4.49,8.12930230707436e-05,99.98286690696287,2,61.0
12354,Mercer Pnt Gris,C,26.45,5,5.29,7.981441945884069e-05,99.98294672138233,2,
17753,Astrolabe Pnt Nr Marlborough,C,25.99,1,25.99,7.842634259868693e-05,99.98302514772493,2,13.0
4308,Mount Gay Eclipse Silver Rum,C,25.99,1,25.99,7.842634259868693e-05,99.98310357406753,1,1.0
24363,Mommessin Les Gr Mises Amour,C,25.99,1,25.99,7.842634259868693e-05,99.98318200041012,2,155.0
22092,Latour L'Ardeche Chard,C,25.98,2,12.99,7.839616701477056e-05,99.98326039657714,2,29.0
20991,Les Hauts de Lagarde Blanc,C,25.98,2,12.99,7.839616701477056e-05,99.98333879274415,2,30.0
18866,Tariquet Sauvignon,C,25.98,2,12.99,7.839616701477056e-05,99.98341718891116,2,43.0
15423,Astrolabe Svgn Bl Marlboro,C,25.98,2,12.99,7.839616701477056e-05,99.98349558507817,2,
24694,Cormons Schioppettino,C,25.98,2,12.99,7.839616701477056e-05,99.98357398124519,2,6.0
22477,Mionetto IL Moscato,C,25.98,2,12.99,7.839616701477056e-05,99.9836523774122,2,
22653,Esser Vyds Chard,C,25.98,2,12.99,7.839616701477056e-05,99.98373077357921,2,36.0
4676,Ansac VS Cognac,C,25.98,2,12.99,7.839616701477056e-05,99.98380916974622,1,
803,Bacardi Gold Rum,C,25.98,2,12.99,7.839616701477056e-05,99.98388756591324,1,57.0
19693,Fish Eye Moscato,C,25.98,2,12.99,7.839616701477056e-05,99.98396596208025,2,17.0
21833,Frey Vyds Organic Blanc,C,25.98,2,12.99,7.839616701477056e-05,99.98404435824726,2,26.0
8119,Pinnacle Grape Vodka,C,25.98,2,12.99,7.839616701477056e-05,99.98412275441427,1,
3015,360 Glazed Donut Vodka,C,25.98,2,12.99,7.839616701477056e-05,99.98420115058128,1,
23878,Love Lane Svgn Bl,C,25.98,2,12.99,7.839616701477056e-05,99.9842795467483,2,114.0
21107,Charles Brotte Gr Vallon Rse,C,25.98,2,12.99,7.839616701477056e-05,99.98435794291531,2,9.0
742,DeKuyper Spearmint Schnapps,C,25.98,2,12.99,7.839616701477056e-05,99.98443633908232,1,45.0
19219,Eppa White Sangria Organic,C,25.98,2,12.99,7.839616701477056e-05,99.98451473524933,2,30.0
17154,Castano Monastrell Rosado,C,25.96,4,6.489999999999999,7.833581584693778e-05,99.98459307106518,2,
17486,Barefoot Cellars Red Moscato,C,25.96,4,6.49,7.833581584693778e-05,99.98467140688102,2,20.0
3888,Paul Masson Peach Brandy,C,25.740000000000002,26,0.99,7.767195300077729e-05,99.98474907883401,1,73.0
39665,Alice White Lexia Muscato,C,25.47,3,8.49,7.685721223503486e-05,99.98482593604625,2,29.0
19544,Freemark Abbey Viognier,C,24.99,1,24.99,7.540878420704833e-05,99.98490134483046,2,24.0
7974,Luxardo Sambuca Dei Cesari,C,24.99,1,24.99,7.540878420704833e-05,99.98497675361467,1,4.0
15404,Dom Serene Rose,C,24.99,1,24.99,7.540878420704833e-05,99.98505216239889,2,5.0
23525,La Vieille Ferme Red B/B,C,24.99,1,24.99,7.540878420704833e-05,99.9851275711831,2,7.0
33930,Dom Chandon Etoile,C,24.99,1,24.99,7.540878420704833e-05,99.98520297996731,2,4.0
22345,Rioja Bordon Gran Rsva Tempr,C,24.99,1,24.99,7.540878420704833e-05,99.98527838875152,2,44.0
25594,Virginia Dare Chard Sonoma C,C,24.99,1,24.99,7.540878420704833e-05,99.98535379753574,2,201.0
21446,La Demoiselle Sociando Haut,C,24.99,1,24.99,7.540878420704833e-05,99.98542920631995,2,20.0
31157,Livio Felluga Pinot Grigio,C,24.99,1,24.99,7.540878420704833e-05,99.98550461510416,2,17.0
20178,Robert Sinskey Pnt Bl,C,24.99,1,24.99,7.540878420704833e-05,99.98558002388837,2,71.0
20935,Chehalem Ian's Chard Rsv,C,24.49,1,24.49,7.390000501122904e-05,99.98565392389338,2,24.0
4260,Capt Morgan Original Barrel,C,24.49,1,24.49,7.390000501122904e-05,99.98572782389839,1,37.0
172,Wild Turkey 101 Gift Pak,C,23.99,1,23.99,7.239122581540975e-05,99.9858002151242,1,
797,Creme Yvette Liqueur,C,23.99,1,23.99,7.239122581540975e-05,99.98587260635001,1,
19217,Chronic Cellars Dead Nuts,C,23.99,1,23.99,7.239122581540975e-05,99.98594499757583,2,16.0
20825,Areo Pnt Nr,C,23.98,2,11.99,7.236105023149337e-05,99.98601735862606,2,4.0
7439,New Amsterdam Red Berry Vdka,C,23.98,2,11.99,7.236105023149337e-05,99.98608971967629,1,24.0
24276,Paul Buisse Svgn Bl Touraine,C,23.98,2,11.99,7.236105023149337e-05,99.98616208072652,2,22.0
11423,Ch Julien Merlot Mont Cnty,C,23.98,2,11.99,7.236105023149337e-05,99.98623444177674,2,330.0
23900,Salmon Run Rose,C,23.98,2,11.99,7.236105023149337e-05,99.98630680282697,2,12.0
21614,Billette Bousquet Prov Rose,C,23.98,2,11.99,7.236105023149337e-05,99.9863791638772,2,30.0
43013,Anastasi Estates Messinia Rd,C,23.98,2,11.99,7.236105023149337e-05,99.98645152492743,2,12.0
17989,Porta Vita Bianco,C,23.98,2,11.99,7.236105023149337e-05,99.98652388597766,2,7.0
18831,Line 39 Merlot,C,23.97,3,7.989999999999999,7.233087464757699e-05,99.9865962168523,2,19.0
1888,El Toro Silver Tequila,C,23.97,3,7.989999999999999,7.233087464757699e-05,99.98666854772695,1,15.0
41531,Yellow Tail Shiraz/Grenache,C,23.97,3,7.989999999999999,7.233087464757699e-05,99.9867408786016,2,38.0
23665,Cooks Brut,C,23.97,3,7.99,7.233087464757699e-05,99.98681320947624,2,56.0
862,Jacques Bonet Brandy,C,23.97,3,7.99,7.233087464757699e-05,99.98688554035088,1,15.0
784,Allen's Sour Apple Liqueur,C,23.96,4,5.99,7.230069906366059e-05,99.98695784104994,1,12.0
17381,Barricas Torrontes,C,23.96,4,5.99,7.230069906366059e-05,99.987030141749,2,
19787,Bota Mini RedVolution,C,23.95,5,4.79,7.227052347974421e-05,99.98710241227248,2,19.0
2626,Crown Royal Apple,C,23.88,12,1.99,7.20592943923295e-05,99.98717447156687,1,
338,The Irishman Irish Whiskey,C,23.49,1,23.49,7.088244661959045e-05,99.9872453540135,1,
2277,Kilbeggan Irish Whiskey,C,22.99,1,22.99,6.937366742377116e-05,99.98731472768092,1,2699.0
18418,Sonoma Coast Vyds Pnt Nr,C,22.99,1,22.99,6.937366742377116e-05,99.98738410134835,2,
24135,Chanson Vire Clesse,C,22.99,1,22.99,6.937366742377116e-05,99.98745347501578,2,32.0
45859,Col D'Orcia Rosso di Mntlcno,C,22.99,1,22.99,6.937366742377116e-05,99.98752284868321,2,154.0
23131,Davis Bynum Jane's Vy Svgn B,C,22.99,1,22.99,6.937366742377116e-05,99.98759222235064,2,8.0
43021,Ceretto Arneis Blange Lange,C,22.99,1,22.99,6.937366742377116e-05,99.98766159601807,2,
5408,Bols Maraschino Liqueur,C,22.98,2,11.49,6.934349183985478e-05,99.98773093950992,1,4.0
23863,Bisol Crede Prosseco Super V,C,21.99,1,21.99,6.635610903213258e-05,99.98779729561895,2,5.0
23078,Sbragia Home Ranch Merlot,C,21.99,1,21.99,6.635610903213258e-05,99.98786365172798,2,12.0
18662,Hatzimichalis Kapnias Red,C,21.99,1,21.99,6.635610903213258e-05,99.98793000783701,2,
26886,Jolivet Pouilly Fume Pascal,C,21.99,1,21.99,6.635610903213258e-05,99.98799636394604,2,49.0
2616,Hayman's Old Tom Gin,C,21.99,1,21.99,6.635610903213258e-05,99.98806272005507,1,
8060,Salers Apertif Gentiane,C,21.99,1,21.99,6.635610903213258e-05,99.9881290761641,2,
19052,Is Argiolas Vermentino di Sa,C,21.99,1,21.99,6.635610903213258e-05,99.98819543227313,2,
19760,Rose'N'Blum Red Moscato,C,21.98,2,10.99,6.63259334482162e-05,99.98826175820658,2,
15747,BV Coastal Estate Red,C,21.98,2,10.99,6.63259334482162e-05,99.98832808414002,2,41.0
19019,Save Me San Francisco Merlot,C,21.98,2,10.99,6.63259334482162e-05,99.98839441007347,2,20.0
993,Three Olives S'Mores Vodka,C,21.98,2,10.99,6.63259334482162e-05,99.98846073600691,1,
12538,Ch La Croix du Duc Brdx,C,21.98,2,10.99,6.63259334482162e-05,99.98852706194036,2,29.0
23955,Alta Vista Rose,C,21.98,2,10.99,6.63259334482162e-05,99.9885933878738,2,
15328,Rex Goliath Svgn Bl,C,21.98,2,10.99,6.63259334482162e-05,99.98865971380725,2,14.0
24336,Meridian Cab Svgn Cal,C,21.98,2,10.99,6.63259334482162e-05,99.9887260397407,2,34.0
20092,Dos Minas Torrontes,C,21.98,2,10.99,6.63259334482162e-05,99.98879236567414,2,9.0
6129,The Club Mudslide,C,21.89,11,1.9899999999999998,6.605435319296872e-05,99.98885842002734,1,
3359,Skyy Infusions Vanilla Bean,C,21.78,22,0.99,6.572242176988848e-05,99.98892414244911,1,
5635,VeeV Acai Spirit,C,21.49,1,21.49,6.484732983631328e-05,99.98898898977895,1,
16531,Pazo de Galegos Albarino,C,20.99,1,20.99,6.333855064049397e-05,99.98905232832959,2,0.0
17369,Gattinara Red,C,20.99,1,20.99,6.333855064049397e-05,99.98911566688024,2,11.0
22634,Buil & Gine Priorat Red,C,20.99,1,20.99,6.333855064049397e-05,99.98917900543088,2,
610,Moillard Pnt Nr Bourgogne,C,20.99,1,20.99,6.333855064049397e-05,99.98924234398153,2,192.0
718,Hiram Walker Mango,C,20.98,2,10.49,6.33083750565776e-05,99.98930565235659,1,10.0
20653,Natale Verga Prosecco,C,20.98,2,10.49,6.33083750565776e-05,99.98936896073165,2,
42864,Tierra del Fuego Chard RSV,C,20.98,2,10.49,6.33083750565776e-05,99.98943226910671,2,8.0
11038,Beringer Classic Merlot,C,20.97,3,6.989999999999999,6.327819947266121e-05,99.98949554730619,2,81.0
18002,Vendange Sweet Red,C,20.97,3,6.989999999999999,6.327819947266121e-05,99.98955882550567,2,20.0
46327,Silver Mtn Hard Cider,C,20.97,3,6.989999999999999,6.327819947266121e-05,99.98962210370514,2,
43871,Sette Ponti Crognolo Toscan,C,19.99,1,19.99,6.0320992248855385e-05,99.98968242469739,2,
18268,Caprai Montefalco Rosso 09,C,19.99,1,19.99,6.0320992248855385e-05,99.98974274568964,2,
25445,Maynard's 10 Yr Tawny Port,C,19.99,1,19.99,6.0320992248855385e-05,99.98980306668189,2,168.0
23805,Cappelletti Apertivoch,C,19.99,1,19.99,6.0320992248855385e-05,99.98986338767413,2,3.0
9105,Loukatos Tsipouro Brandy,C,19.99,1,19.99,6.0320992248855385e-05,99.98992370866638,1,
2729,Hell-Cat Maggie Irish Whisky,C,19.99,1,19.99,6.0320992248855385e-05,99.98998402965863,1,400.0
46684,Telmo Rodriguez Gago Toro,C,19.99,1,19.99,6.0320992248855385e-05,99.99004435065088,2,
14573,Sandrone Dolcetto D'Alba,C,19.99,1,19.99,6.0320992248855385e-05,99.99010467164312,2,
3196,Absolut Orient Apple Vodka,C,19.99,1,19.99,6.0320992248855385e-05,99.99016499263537,1,
16389,R. Merlo Pnt Nr,C,19.99,1,19.99,6.0320992248855385e-05,99.99022531362762,2,68.0
5178,Meletti Limone,C,19.99,1,19.99,6.0320992248855385e-05,99.99028563461987,1,
22618,Medlock Ames Cab Svgn,C,19.99,1,19.99,6.0320992248855385e-05,99.99034595561211,2,
14407,Fusional Svgn Bl,C,19.99,1,19.99,6.0320992248855385e-05,99.99040627660436,2,
24274,Armand Kabinett Rsl,C,19.99,1,19.99,6.0320992248855385e-05,99.99046659759661,2,13.0
6872,Marquis de Chasse Red Gines,C,19.98,2,9.99,6.0290816664939016e-05,99.99052688841327,2,0.0
24147,Toucas Vinho Verde DOC,C,19.98,2,9.99,6.0290816664939016e-05,99.99058717922993,2,19.0
24053,Ozeki Yamadanishiki Jun Sake,C,19.98,2,9.99,6.0290816664939016e-05,99.9906474700466,2,15.0
853,Bols Butterscotch,C,19.98,2,9.99,6.0290816664939016e-05,99.99070776086326,1,17.0
18557,My Big Fat Greek Retsina,C,19.98,2,9.99,6.0290816664939016e-05,99.99076805167992,2,
22032,Hob Nob Wicked Red Ltd Ed,C,19.98,2,9.99,6.0290816664939016e-05,99.99082834249658,2,0.0
13132,F Coppola Rosso & Bianc Shir,C,19.98,2,9.99,6.0290816664939016e-05,99.99088863331325,2,10.0
11022,Hogue Cab Svgn Columbia,C,19.98,2,9.99,6.0290816664939016e-05,99.99094892412991,2,46.0
20662,Villa Jolanda Xmas Spumante,C,19.98,2,9.99,6.0290816664939016e-05,99.99100921494657,2,151.0
4319,Bacardi Limon Traveler,C,19.98,2,9.99,6.0290816664939016e-05,99.99106950576324,1,
871,DeKuyper Blackberry Brandy,C,19.98,2,9.99,6.0290816664939016e-05,99.9911297965799,1,40.0
19243,Simply Naked Unoaked Pnt Nr,C,19.47,3,6.489999999999999,5.8751861885203324e-05,99.99118854844178,2,160.0
2820,Hirsch Kentucky Corn Whisky,C,18.99,1,18.99,5.73034338572168e-05,99.99124585187565,1,69.0
19236,Tasca D'Almerita Lamuri Nero,C,18.99,1,18.99,5.73034338572168e-05,99.99130315530951,2,
20374,Duval-Leroy Brut Champagne,C,18.99,1,18.99,5.73034338572168e-05,99.99136045874337,2,24.0
17741,Olivier Leflaive Bourg Al 12,C,18.99,1,18.99,5.73034338572168e-05,99.99141776217724,2,30.0
19047,Corte Giara Valpo Ripasso 11,C,18.99,1,18.99,5.73034338572168e-05,99.9914750656111,2,
24470,L'Oiseliniere Musc Sevre Ill,C,18.99,1,18.99,5.73034338572168e-05,99.99153236904496,2,1.0
2918,Alibi Whiskey,C,18.99,1,18.99,5.73034338572168e-05,99.99158967247882,1,
20607,Viu Manent Syrah Olivar Alto,C,18.99,1,18.99,5.73034338572168e-05,99.99164697591269,2,
20739,Paydirt Red Paso Robles,C,18.99,1,18.99,5.73034338572168e-05,99.99170427934655,2,33.0
36088,Dom Poujol Rose Coteaux du,C,18.99,1,18.99,5.73034338572168e-05,99.99176158278041,2,88.0
14718,Dom Janasse Cote Rhone Rouge,C,18.99,1,18.99,5.73034338572168e-05,99.99181888621428,2,8.0
3622,Spud Potato Vodka,C,18.49,1,18.49,5.579465466139751e-05,99.99187468086893,1,13.0
24253,Franzia Dark Red Blend,C,17.99,1,17.99,5.428587546557821e-05,99.9919289667444,2,159.0
9144,Caffo Anisette di Calabria,C,17.99,1,17.99,5.428587546557821e-05,99.99198325261986,1,
25236,Horseshoes & Handgrenades Re,C,17.99,1,17.99,5.428587546557821e-05,99.99203753849532,2,323.0
5521,Parrot Bay Pineapple Orange,C,17.99,1,17.99,5.428587546557821e-05,99.99209182437079,1,
24883,Foz Arouce 11 Beira Atlantic,C,17.99,1,17.99,5.428587546557821e-05,99.99214611024625,2,14.0
2401,Sea Hagg Poitin White Whisky,C,17.98,2,8.99,5.425569988166183e-05,99.99220036594613,1,
12637,Villa Calappiano Pnt Grigio,C,17.98,2,8.99,5.425569988166183e-05,99.99225462164601,2,7.0
39512,Jacobs Crk Cab/Merlot,C,17.98,2,8.99,5.425569988166183e-05,99.99230887734589,2,36.0
33707,Canaletto Pnt Grigio Venezie,C,17.98,2,8.99,5.425569988166183e-05,99.99236313304577,2,10.0
23044,Phantom Bay Svgn Bl,C,17.98,2,8.99,5.425569988166183e-05,99.99241738874565,2,26.0
22958,Cavit Select Red Blend,C,17.98,2,8.99,5.425569988166183e-05,99.99247164444553,2,13.0
22010,LiDestri Red Sangria,C,17.98,2,8.99,5.425569988166183e-05,99.99252590014541,2,106.0
12390,Volpe Rossa Pnt Grigio,C,17.97,3,5.99,5.422552429774545e-05,99.9925801256697,2,23.0
17819,C Y Toro Frontera Chard,C,17.94,6,2.99,5.4134997545996294e-05,99.99263426066724,2,
23920,Broadside Cab Svgn Paso Rob,C,17.58,2,8.79,5.304867652500639e-05,99.99268730934376,2,
21860,Le Grande Courtage Brut,C,16.99,1,16.99,5.1268317073939625e-05,99.99273857766084,2,29.0
15785,Le Preare Valpo Clsc Ripasso,C,16.99,1,16.99,5.1268317073939625e-05,99.99278984597792,2,
3030,Smirnoff Whipped Cream,C,16.99,1,16.99,5.1268317073939625e-05,99.992841114295,1,
45494,Ermita Rioja Crianza,C,16.99,1,16.99,5.1268317073939625e-05,99.99289238261208,2,10.0
4015,Ron Fortuna 8 Yr Old Rum,C,16.99,1,16.99,5.1268317073939625e-05,99.99294365092916,1,
3955,Wyborowa Vodka,C,16.99,1,16.99,5.1268317073939625e-05,99.99299491924624,1,7.0
19890,Voga Prosecco Brut DOCG,C,16.99,1,16.99,5.1268317073939625e-05,99.99304618756332,2,
18428,Cocci Grifoni Tellus Red,C,16.99,1,16.99,5.1268317073939625e-05,99.9930974558804,2,23.0
18394,Ravines Gewurztraminer,C,16.99,1,16.99,5.1268317073939625e-05,99.99314872419748,2,
330,Finlandia Raspberry Vodka,C,16.99,1,16.99,5.1268317073939625e-05,99.99319999251456,1,
19797,Lucanto Montepulciano d'Abru,C,16.99,1,16.99,5.1268317073939625e-05,99.99325126083164,2,21.0
22385,Lake Chalice Cracklin Savie,C,16.99,1,16.99,5.1268317073939625e-05,99.99330252914872,2,24.0
12496,Cupcake Petit Sirah Cal,C,16.98,2,8.49,5.123814149002324e-05,99.99335376729022,2,21.0
23135,Castle Rock Sonoma Cty Pnt N,C,16.98,2,8.49,5.123814149002324e-05,99.99340500543171,2,
38255,Neirano Brachetto D'Acqui,C,16.49,1,16.49,4.9759537878120335e-05,99.99345476496958,2,
1043,Jim Beam Gift Pak,C,16.49,1,16.49,4.9759537878120335e-05,99.99350452450746,1,
23206,Ch La Paws Chard,C,16.47,3,5.49,4.969918671028756e-05,99.99355422369416,2,
21625,Kirkland Signature Chard 12,C,15.99,1,15.99,4.825075868230104e-05,99.99360247445284,2,14.0
20707,Raffy Malbec Terrior,C,15.99,1,15.99,4.825075868230104e-05,99.99365072521152,2,7.0
39988,F Coppola Diamond Svgn Blanc,C,15.99,1,15.99,4.825075868230104e-05,99.9936989759702,2,
151,Pirassununga Cachaca 51 Rum,C,15.99,1,15.99,4.825075868230104e-05,99.99374722672889,1,58.0
2000,John Taylor Velvet Falernum,C,15.99,1,15.99,4.825075868230104e-05,99.99379547748757,1,
12340,La Atalaya Almansa Red,C,15.99,1,15.99,4.825075868230104e-05,99.99384372824625,2,0.0
2108,Ole Smoky Strawberry Lightin,C,15.99,1,15.99,4.825075868230104e-05,99.99389197900493,1,
21031,Shannon Ridge Chard HE Lake,C,15.99,1,15.99,4.825075868230104e-05,99.99394022976361,2,
12585,F Coppola Sophia Rsl,C,15.99,1,15.99,4.825075868230104e-05,99.99398848052229,2,15.0
14996,Teira Merlot,C,15.99,1,15.99,4.825075868230104e-05,99.99403673128097,2,4.0
20689,Charles Fournier Rsl,C,15.99,1,15.99,4.825075868230104e-05,99.99408498203965,2,0.0
29558,Livingston Merlot Cal,C,15.98,2,7.99,4.8220583098384656e-05,99.99413320262275,2,12.0
16787,Casa Solar Tempranillo,C,15.98,2,7.99,4.8220583098384656e-05,99.99418142320584,2,
863,Ten High Bourbon,C,15.98,2,7.99,4.8220583098384656e-05,99.99422964378894,1,20.0
16263,Dom Fond Croze Rasteau CdR V,C,15.98,2,7.99,4.8220583098384656e-05,99.99427786437204,2,
12519,Salmon Creek Pnt Nr Cal,C,15.96,4,3.99,4.8160231930551885e-05,99.99432602460396,2,68.0
3671,Stolichnaya Razberi,C,15.92,8,1.99,4.803952959488634e-05,99.99437406413355,1,5044.0
21298,De La Costa Sangria,C,15.58,2,7.79,4.7013559741729216e-05,99.99442107769329,2,
24564,Chronic Cellars Suite Petite,C,14.99,1,14.99,4.523320029066245e-05,99.99446631089359,2,151.0
13379,Pertinace Barbera D'Alba,C,14.99,1,14.99,4.523320029066245e-05,99.99451154409388,2,2.0
18089,Cavit Moscato,C,14.99,1,14.99,4.523320029066245e-05,99.99455677729418,2,31.0
6968,Peter Vella Burgundy B/B,C,14.99,1,14.99,4.523320029066245e-05,99.99460201049448,2,10.0
16365,La Demoiselle de By Medoc,C,14.99,1,14.99,4.523320029066245e-05,99.99464724369477,2,2.0
18012,Bella Bolla Pink Moscato,C,14.98,2,7.49,4.520302470674607e-05,99.99469244671948,2,8.0
189,Leroux Apple Schnapps,C,14.98,2,7.49,4.520302470674607e-05,99.9947376497442,1,
7222,Mateus Rose,C,14.98,2,7.49,4.520302470674607e-05,99.9947828527689,2,
5818,Tomahawk Maple Cream Liqueur,C,14.85,15,0.99,4.4810742115833046e-05,99.99482766351102,1,136.0
3371,Skyy Infusions Georgia Peach,C,14.85,15,0.99,4.4810742115833046e-05,99.99487247425313,1,1.0
148,Smirnoff Green Apple Vodka,C,14.49,1,14.49,4.3724421094843155e-05,99.99491619867422,1,8.0
150,Smirnoff Strawberry Vodka,C,14.49,1,14.49,4.3724421094843155e-05,99.99495992309531,1,9.0
20768,Chehalem Pnt Gr Three Vyd,C,14.49,1,14.49,4.3724421094843155e-05,99.9950036475164,2,
204,Smirnoff Pineapple,C,14.49,1,14.49,4.3724421094843155e-05,99.99504737193749,1,9.0
3750,Margaritaville Island Lime,C,14.49,1,14.49,4.3724421094843155e-05,99.99509109635858,1,23.0
3753,Margaritaville Tangerine Teq,C,14.49,1,14.49,4.3724421094843155e-05,99.99513482077967,1,7.0
19163,Terra Antiga Vinho Verde,C,14.37,3,4.79,4.336231408784652e-05,99.99517818309376,2,
19087,Lagar de Bezana Cab Svgn Rsv,C,13.99,1,13.99,4.2215641899023865e-05,99.99522039873565,2,
23237,High Valley Vyd Cab Svgn,C,13.99,1,13.99,4.2215641899023865e-05,99.99526261437755,2,
44857,Fairview Pinotage Paarl,C,13.99,1,13.99,4.2215641899023865e-05,99.99530483001945,2,
20257,Zerran Tinto Montsant,C,13.99,1,13.99,4.2215641899023865e-05,99.99534704566135,2,
17856,Charles Joguet Chinon Rose,C,13.99,1,13.99,4.2215641899023865e-05,99.99538926130325,2,
22836,Veracruz Joven Verdejo,C,13.99,1,13.99,4.2215641899023865e-05,99.99543147694514,2,169.0
24885,Passadouro 12 Tinto Douro,C,13.99,1,13.99,4.2215641899023865e-05,99.99547369258704,2,14.0
23350,Lapierre Raisins 14 Gaulois,C,13.99,1,13.99,4.2215641899023865e-05,99.99551590822894,2,115.0
19795,Ch Ksara RSV du Couvent,C,13.99,1,13.99,4.2215641899023865e-05,99.99555812387084,2,
13960,Vieux Clocher Cote du Rhone,C,13.99,1,13.99,4.2215641899023865e-05,99.99560033951273,2,9.0
19706,St Jean des Sources Picpoul,C,13.99,1,13.99,4.2215641899023865e-05,99.99564255515463,2,68.0
22478,Mionetto IL Lambrusco Sprklg,C,13.99,1,13.99,4.2215641899023865e-05,99.99568477079653,2,0.0
21178,Sensi Dalcampo Chianti Rsva,C,13.99,1,13.99,4.2215641899023865e-05,99.99572698643843,2,303.0
6066,Sauza Sparkling Margarita,C,13.98,2,6.99,4.2185466315107476e-05,99.99576917190474,1,30.0
603,McCormick Gold Rum,C,13.98,2,6.99,4.2185466315107476e-05,99.99581135737105,1,30.0
28317,Livingston Wh Znfdl Cal,C,13.98,2,6.99,4.2185466315107476e-05,99.99585354283737,2,10.0
7294,Llord's Coffee Liqueur,C,13.98,2,6.99,4.2185466315107476e-05,99.99589572830368,1,
1056,Dry Sack Sherry Gift Pack,C,13.49,1,13.49,4.070686270320457e-05,99.99593643516639,2,
25191,Cousino Macul Cab Svgn,C,12.99,1,12.99,3.919808350738528e-05,99.9959756332499,2,61.0
23596,Menage A Trois Znfdl,C,12.99,1,12.99,3.919808350738528e-05,99.99601483133341,2,12.0
17329,Sean Minor 4B Paso Cab Svgn,C,12.99,1,12.99,3.919808350738528e-05,99.99605402941692,2,283.0
4576,Coronet VSQ,C,12.99,1,12.99,3.919808350738528e-05,99.99609322750044,1,
15949,Kunde Cab Svgn Sonoma Cnty,C,12.99,1,12.99,3.919808350738528e-05,99.99613242558395,2,31.0
14369,Neirano Prosecco Sparkling,C,12.99,1,12.99,3.919808350738528e-05,99.99617162366746,2,9.0
16330,Cherry On Top Sweet White,C,12.99,1,12.99,3.919808350738528e-05,99.99621082175098,2,
11319,Rosenblum Vntnrs Cv Cab Svgn,C,12.99,1,12.99,3.919808350738528e-05,99.99625001983449,2,19.0
22421,Marchesi di Barolo Monferrat,C,12.99,1,12.99,3.919808350738528e-05,99.996289217918,2,573.0
20441,Senorio de Barahonda Carro,C,12.99,1,12.99,3.919808350738528e-05,99.99632841600152,2,8.0
40590,Nardi Rosso di Montalcino,C,12.99,1,12.99,3.919808350738528e-05,99.99636761408503,2,
19663,Silver Palm 12 Chard No Cst,C,12.99,1,12.99,3.919808350738528e-05,99.99640681216854,2,16.0
43247,Archetype Shiraz/Cab Barossa,C,12.99,1,12.99,3.919808350738528e-05,99.99644601025206,2,6.0
14137,Palazzo Montanari Valpo Clsc,C,12.99,1,12.99,3.919808350738528e-05,99.99648520833557,2,
23989,Sierra Cantabria 14 Rose Rio,C,12.99,1,12.99,3.919808350738528e-05,99.99652440641908,2,11.0
34333,Snoqualmie Cabernet/Merlot,C,12.99,1,12.99,3.919808350738528e-05,99.9965636045026,2,29.0
13478,Cantele Chard Salento,C,12.99,1,12.99,3.919808350738528e-05,99.99660280258611,2,
6204,Midnight Moon Strawberry,C,12.99,1,12.99,3.919808350738528e-05,99.99664200066962,1,
24589,Navardia Rioja Organic,C,12.99,1,12.99,3.919808350738528e-05,99.99668119875314,2,53.0
18810,C Y Toro Frontera Pnt Nr,C,12.98,2,6.49,3.916790792346889e-05,99.99672036666107,2,7.0
35663,Redwood Creek Cab Svgn Cal,C,12.58,2,6.29,3.796088456681345e-05,99.99675832754563,2,38.0
21850,Fetzer Quartz White,C,12.530000000000001,7,1.79,3.7810006647231524e-05,99.99679613755228,2,0.0
23517,Luiano Rosato,C,11.99,1,11.99,3.6180525115746685e-05,99.9968323180774,2,0.0
16752,Pennywise Cab Svgn,C,11.99,1,11.99,3.6180525115746685e-05,99.99686849860251,2,20.0
3277,Skyy Infusions Georgia Peach,C,11.99,1,11.99,3.6180525115746685e-05,99.99690467912762,1,
22201,Tormaresca Primitivo,C,11.99,1,11.99,3.6180525115746685e-05,99.99694085965274,2,
31972,Trinchero Main St Chard,C,11.99,1,11.99,3.6180525115746685e-05,99.99697704017785,2,
21282,Lunetta Rose Brut,C,11.99,1,11.99,3.6180525115746685e-05,99.99701322070297,2,29.0
19042,The Path Chardonnay,C,11.99,1,11.99,3.6180525115746685e-05,99.99704940122808,2,1.0
22451,Bota Brick Chard,C,11.99,1,11.99,3.6180525115746685e-05,99.9970855817532,2,26.0
38558,Rutz Cellars Chard RRV Cve,C,11.99,1,11.99,3.6180525115746685e-05,99.99712176227831,2,
38301,Neirano Pitul Moscato d'Asti,C,11.99,1,11.99,3.6180525115746685e-05,99.99715794280343,2,14.0
13561,Stump Jump Shiraz,C,11.99,1,11.99,3.6180525115746685e-05,99.99719412332854,2,1.0
19347,The Royal Chenin Blanc,C,11.99,1,11.99,3.6180525115746685e-05,99.99723030385366,2,0.0
14826,My Big Fat Greek Red Wine,C,11.99,1,11.99,3.6180525115746685e-05,99.99726648437877,2,0.0
7433,New Amsterdam Orange,C,11.99,1,11.99,3.6180525115746685e-05,99.99730266490388,1,26.0
20794,Kracher Auselese Cuvee,C,11.99,1,11.99,3.6180525115746685e-05,99.997338845429,2,
3853,Skyy Infusions Moscato Grape,C,11.99,1,11.99,3.6180525115746685e-05,99.99737502595411,1,
24404,Carpineto Valcolomba Verment,C,11.99,1,11.99,3.6180525115746685e-05,99.99741120647923,2,402.0
17171,Riunite Sweet Red,C,11.98,2,5.99,3.6150349531830296e-05,99.99744735682876,2,0.0
24000,Santa Rita Coll Prv Cab Svgn,C,11.98,2,5.99,3.6150349531830296e-05,99.99748350717829,2,
16850,Blufeld Sweet Rsl,C,11.98,2,5.99,3.6150349531830296e-05,99.99751965752782,2,
3514,Llord's Blue Curacao,C,11.98,2,5.99,3.6150349531830296e-05,99.99755580787735,1,14.0
6127,The Club Strawbry Margarita,C,11.94,6,1.99,3.602964719616475e-05,99.99759183752454,1,
14675,Culpeo Malbec,C,11.49,1,11.49,3.467174591992739e-05,99.99762650927046,2,9.0
20403,Tenuta Santo Pietro Imago 11,C,11.49,1,11.49,3.467174591992739e-05,99.99766118101638,2,12.0
3473,Caribaya Lemonade Punch,C,10.99,1,10.99,3.31629667241081e-05,99.99769434398311,1,
19754,BV Coastal Estate Moscato,C,10.99,1,10.99,3.31629667241081e-05,99.99772750694984,2,0.0
16612,McManis Barbera Jamie Lynn,C,10.99,1,10.99,3.31629667241081e-05,99.99776066991657,2,9.0
15386,Clockspring Znfdl,C,10.99,1,10.99,3.31629667241081e-05,99.9977938328833,2,
37682,Cellar No 8 Znfdl,C,10.99,1,10.99,3.31629667241081e-05,99.99782699585003,2,
19938,Viu Manent Chard Gr Rsva,C,10.99,1,10.99,3.31629667241081e-05,99.99786015881676,2,1.0
6457,Fetzer Valley Oaks Cab Svgn,C,10.99,1,10.99,3.31629667241081e-05,99.9978933217835,2,12.0
12073,Montevina Cab Svgn,C,10.99,1,10.99,3.31629667241081e-05,99.99792648475022,2,22.0
12259,Rex Goliath Chard Free Range,C,10.99,1,10.99,3.31629667241081e-05,99.99795964771695,2,22.0
5116,DeKuyper Kamikaze RTD,C,10.99,1,10.99,3.31629667241081e-05,99.99799281068368,1,
19179,Carnaval Red Moscato Sparklg,C,10.99,1,10.99,3.31629667241081e-05,99.99802597365041,2,
15835,Ninety+Cellars Lot 33 Rose,C,10.99,1,10.99,3.31629667241081e-05,99.99805913661714,2,10.0
4460,Cruzan Strawberry Rum,C,10.99,1,10.99,3.31629667241081e-05,99.99809229958387,1,22.0
8411,Lulu B Cran Cosmo,C,10.99,1,10.99,3.31629667241081e-05,99.9981254625506,1,
8432,Berentzen Icemint Schnapps,C,10.89,11,0.9899999999999999,3.286121088494424e-05,99.99815832376149,1,
23566,Vin Vault Red,C,10.49,1,10.49,3.16541875282888e-05,99.99818997794901,2,
5114,DeKuyper Red Headed Burst,C,10.49,1,10.49,3.16541875282888e-05,99.99822163213653,1,1.0
19255,Yosemite Road Red,C,10.47,3,3.49,3.159383636045603e-05,99.99825322597289,2,
14836,Vinum Cellars Chard,C,10.29,1,10.29,3.1050675849961075e-05,99.99828427664873,2,12.0
19240,Black Cabra Torrontes,C,9.99,1,9.99,3.0145408332469508e-05,99.99831442205706,2,
3002,Pinnacle Red Liquorice,C,9.99,1,9.99,3.0145408332469508e-05,99.9983445674654,1,
36463,Heidsieck Brut Little Blue,C,9.99,1,9.99,3.0145408332469508e-05,99.99837471287373,2,121.0
12443,Kim Crawford Svgn Bl Marlbro,C,9.99,1,9.99,3.0145408332469508e-05,99.99840485828206,2,247.0
18626,Avalon Merlot Napa Vly,C,9.99,1,9.99,3.0145408332469508e-05,99.99843500369039,2,
11088,Gruet Blanc de Noir,C,9.99,1,9.99,3.0145408332469508e-05,99.99846514909872,2,7.0
42939,Graff Himmelreich Spatlse 11,C,9.99,1,9.99,3.0145408332469508e-05,99.99849529450705,2,
4892,DeKuyper Coffee Brandy,C,9.99,1,9.99,3.0145408332469508e-05,99.99852543991538,1,24.0
22001,Ballard Lane Chardonnay Cent,C,9.99,1,9.99,3.0145408332469508e-05,99.99855558532371,2,6.0
20477,Hayes Valley Chard Monterey,C,9.99,1,9.99,3.0145408332469508e-05,99.99858573073205,2,8.0
19139,Gerard Bertrand Orgnic Chard,C,9.99,1,9.99,3.0145408332469508e-05,99.99861587614038,2,
23645,Beringer Red Crush,C,9.98,2,4.99,3.011523274855312e-05,99.99864599137312,2,
43317,Salmon Creek Pnt Grigio Cal,C,9.98,2,4.99,3.011523274855312e-05,99.99867610660587,2,20.0
3453,Smirnoff Sours Green Apple,C,9.49,1,9.49,2.8636629136650215e-05,99.99870474323501,1,
3055,Pucker Sour Apple Sass Vodka,C,9.49,1,9.49,2.8636629136650215e-05,99.99873337986415,1,
29205,La Terre Merlot,C,9.49,1,9.49,2.8636629136650215e-05,99.99876201649329,2,9.0
19071,J Lohr Valdiguie Monterey,C,8.99,1,8.99,2.7127849940830915e-05,99.99878914434323,2,10.0
23160,Champlain Orchards Ice Cider,C,8.99,1,8.99,2.7127849940830915e-05,99.99881627219318,2,69.0
15414,Best Foot Forward Chard,C,8.99,1,8.99,2.7127849940830915e-05,99.99884340004313,2,24.0
427,Van Gogh Chocolate Liqueur,C,8.99,1,8.99,2.7127849940830915e-05,99.99887052789308,1,12.0
17842,Chenade les Rials VDP Tarn,C,8.99,1,8.99,2.7127849940830915e-05,99.99889765574302,2,
888,DeKuyper Sloe Gin,C,8.99,1,8.99,2.7127849940830915e-05,99.99892478359297,1,13.0
11868,Columbia Crest Two Vines Rsl,C,8.99,1,8.99,2.7127849940830915e-05,99.99895191144292,2,36.0
808,Gilbeys Gin,C,8.99,1,8.99,2.7127849940830915e-05,99.99897903929286,1,
39834,Kenwood Cab Svgn Sonoma,C,8.99,1,8.99,2.7127849940830915e-05,99.99900616714281,2,30.0
44278,Scala Dei Negre Priorat,C,8.99,1,8.99,2.7127849940830915e-05,99.99903329499276,2,11.0
20953,Cavit Chard,C,8.99,1,8.99,2.7127849940830915e-05,99.9990604228427,2,13.0
3096,Three Olives Loopy Vodka,C,8.91,9,0.99,2.688644526949983e-05,99.99908730928797,1,
23970,La Fiera Montplciano D'Abruz,C,8.49,1,8.49,2.561907074501162e-05,99.99911292835871,2,
13890,Vistamar Sepia Pnt Nr,C,8.29,1,8.29,2.50155590666839e-05,99.99913794391777,2,
21593,Melini Orvieto Clsc Orzalume,C,7.99,1,7.99,2.4110291549192328e-05,99.99916205420932,2,3.0
6290,Beringer Svgn Bl Napa Vly,C,7.99,1,7.99,2.4110291549192328e-05,99.99918616450087,2,
15297,Flip Flop Rsl,C,7.99,1,7.99,2.4110291549192328e-05,99.99921027479242,2,28.0
43547,Carlo Rossi RSV Wh Znfdl Cal,C,7.99,1,7.99,2.4110291549192328e-05,99.99923438508397,2,7.0
34508,Trinity Oaks Chard Cal,C,7.99,1,7.99,2.4110291549192328e-05,99.99925849537551,2,31.0
14133,Yellow Tail Tree Free Chard,C,7.99,1,7.99,2.4110291549192328e-05,99.99928260566706,2,20.0
25422,Conde de Valdemar Cosecha,C,7.99,1,7.99,2.4110291549192328e-05,99.99930671595861,2,
6652,Franzia Clsc Burgundy,C,7.99,1,7.99,2.4110291549192328e-05,99.99933082625016,2,
36045,Pepperwood Grove Pnt Grigio,C,7.99,1,7.99,2.4110291549192328e-05,99.9993549365417,2,9.0
3053,Three Olives Cherry Vodka,C,7.92,8,0.9899999999999999,2.3899062461777625e-05,99.99937883560416,1,0.0
28323,M & R Bianco Vermouth,C,7.49,1,7.49,2.2601512353373035e-05,99.99940143711652,2,27.0
17274,Sensi Tuscano Rosso,C,7.49,1,7.49,2.2601512353373035e-05,99.99942403862887,2,2.0
45293,C K Mondavi Willw Pnt Grigio,C,6.99,1,6.99,2.1092733157553738e-05,99.99944513136204,2,23.0
650,McCormick Cherry Vodka,C,6.99,1,6.99,2.1092733157553738e-05,99.9994662240952,1,12.0
6389,Carlo Rossi Blush Calif,C,6.99,1,6.99,2.1092733157553738e-05,99.99948731682836,2,11.0
4173,Capt Morgan Spiced Rum 100,C,6.93,7,0.99,2.0911679654055424e-05,99.99950822850802,1,
42162,Beyond Svgn Bl,C,6.79,1,6.79,2.048922147922602e-05,99.9995287177295,2,11.0
15014,Librandi Ciro Blanco DOC,C,6.49,1,6.49,1.9583953961734445e-05,99.99954830168346,2,
557,Bowman's Gin,C,6.29,1,6.29,1.8980442283406725e-05,99.99956728212574,1,9.0
22363,Andre Moscato,C,5.99,1,5.99,1.8075174765915148e-05,99.9995853573005,2,32.0
17172,Riunite Sweet White,C,5.99,1,5.99,1.8075174765915148e-05,99.99960343247527,2,
714,Allen's Peach Schnapps,C,5.99,1,5.99,1.8075174765915148e-05,99.99962150765003,1,11.0
17908,Rex Goliath Pink Moscato,C,5.99,1,5.99,1.8075174765915148e-05,99.9996395828248,2,20.0
590,Allen's Amaretto Liqueur,C,5.99,1,5.99,1.8075174765915148e-05,99.99965765799956,1,13.0
29131,Sutter Home White Merlot Cal,C,5.99,1,5.99,1.8075174765915148e-05,99.99967573317433,2,14.0
13888,Tola Grillo Sicilia,C,5.98,2,2.99,1.8044999181998762e-05,99.99969377817351,2,
6120,The Club Pina Colada,C,5.97,3,1.99,1.8014823598082377e-05,99.9997117929971,1,
21616,Moonstone Plum Sake,C,5.97,3,1.99,1.8014823598082377e-05,99.9997298078207,2,1.0
8527,Concannon Glen Ellen Wh Zin,C,5.97,3,1.99,1.8014823598082377e-05,99.9997478226443,2,
13394,Debauchery Chard,C,5.79,1,5.79,1.747166308758743e-05,99.99976529430738,2,
17576,Benefactor Cellars Cab Svgn,C,5.49,1,5.49,1.6566395570095855e-05,99.99978186070295,2,
11427,Emerald Bay Merlot Cntrl Cst,C,5.49,1,5.49,1.6566395570095855e-05,99.99979842709853,2,5.0
5341,Dr McGillicuddy's Cherry,C,5.39,11,0.49,1.6264639730931995e-05,99.99981469173825,1,
22120,Don Simon Selecion Shiraz,C,4.99,1,4.99,1.505761637427656e-05,99.99982974935463,2,26.0
27934,Terruzzi & Puthod Vernaccia,C,4.99,1,4.99,1.505761637427656e-05,99.99984480697101,2,
16935,Martinotti Metodo Brut,C,4.49,1,4.49,1.3548837178457266e-05,99.99985835580819,2,
105,Mr Boston Butterscotch,C,4.49,1,4.49,1.3548837178457266e-05,99.99987190464536,1,9.0
8268,Paul Masson Chablis Carafe,C,4.49,1,4.49,1.3548837178457266e-05,99.99988545348253,2,60.0
18627,Viberti Chard,C,4.39,1,4.39,1.3247081339293406e-05,99.99989870056388,2,20.0
13716,Tisdale Vyds Pnt Nr,C,3.99,1,3.99,1.2040057982637971e-05,99.99991074062186,2,10.0
20609,Villa Fassini Trebiano/Chard,C,3.99,1,3.99,1.2040057982637971e-05,99.99992278067984,2,
3697,Ciroc Pineapple Vodka,C,3.98,2,1.99,1.2009882398721586e-05,99.99993479056224,1,
5456,Bauchant XO Apple,C,3.96,4,0.99,1.1949531230888813e-05,99.99994674009346,1,31.0
22407,Three Wishes Chard,C,3.29,1,3.29,9.927767108490958e-06,99.99995666786057,2,25.0
2134,Canadian Ltd,C,2.49,1,2.49,7.513720395180088e-06,99.99996418158096,1,
3407,UV Sriracha Vodka,C,1.98,2,0.99,5.974765615444406e-06,99.99997015634658,1,
8729,Smirnoff Light Strawberry,C,1.98,2,0.99,5.974765615444406e-06,99.99997613111219,1,
3933,New Amsterdam Vodka,C,1.98,2,0.99,5.974765615444406e-06,99.9999821058778,1,
3623,Spud Potato Vodka,C,1.98,2,0.99,5.974765615444406e-06,99.99998808064342,1,
3303,Smirnoff Light Lemon Sorbet,C,0.99,1,0.99,2.987382807722203e-06,99.99999106802623,1,
8872,Kru Peach Mango Vodka,C,0.99,1,0.99,2.987382807722203e-06,99.99999405540905,1,
2773,Revel Stoke Roasted Pecan,C,0.99,1,0.99,2.987382807722203e-06,99.99999704279186,1,
5287,Dr McGillicuddy's Vanilla,C,0.98,2,0.49,2.957207223805817e-06,99.99999999999909,1,
