Description,Brand,ABC,annual_demand,unit_cost,EOQ,orders_per_year,avg_lead_days,safety_stock,reorder_point,total_inv_cost
Smirnoff 80 Proof,8111,A,28544,0.77,4305,6.6,7.619962802231866,1835,2431,663.01
Yukon Jack,1892,A,23121,0.72,4007,5.8,7.678691275167785,1455,1941,577.01
Capt Morgan Spiced Rum,4261,A,20226,16.17,791,25.6,7.343519338647771,1553,1960,2557.56
Smirnoff Raspberry Vodka,3606,A,19200,0.74,3602,5.3,7.69620253164557,1203,1608,533.07
Dr McGillicuddy's Mentholmnt,5111,A,18411,0.72,3576,5.1,7.5495207667731625,1323,1704,514.9
Skyy Vodka,3837,A,14057,0.72,3124,4.5,7.455844155844156,867,1154,449.91
Smirnoff Blueberry Vodka,4135,A,12477,0.78,2828,4.4,7.694620253164557,767,1030,441.18
Smirnoff Green Apple Vodka,4157,A,12102,0.72,2899,4.2,7.652615144418423,709,963,417.46
Ketel One Vodka,3545,A,11883,21.89,521,22.8,7.364685425229212,1024,1264,2280.87
Absolut 80 Proof,8068,A,11189,18.24,554,20.2,7.385106672102188,786,1012,2020.33
Rumpleminze,5491,A,11027,1.46,1943,5.7,7.771241830065359,687,922,567.44
Smirnoff Vanilla Vodka,3609,A,10355,0.74,2645,3.9,7.715604801477378,651,870,391.48
Bacardi Superior Rum Trav,4227,A,10209,14.17,600,17.0,7.581945190757657,754,966,1700.95
Jack Daniels No 7 Black,1233,A,9578,26.27,427,22.4,7.442588092345079,694,889,2243.27
Grey Goose Vodka,3858,A,9378,17.77,514,18.2,7.62077660110943,769,965,1825.63
Tito's Handmade Vodka,3405,A,9203,23.19,445,20.7,7.557792806640024,780,971,2066.0
Finlandia Vodka,8910,A,9104,0.77,2431,3.7,7.722371967654986,580,773,374.44
Sambuca Romana Liqueur,4798,A,9059,1.54,1715,5.3,7.679162072767365,607,798,528.22
Smirnoff Orange Vodka,3608,A,9019,0.72,2503,3.6,7.7271825396825395,547,738,360.38
Canadian Club,2120,A,8732,12.21,598,14.6,7.429733246584255,530,708,1460.26
Seagrams 7 Crown,8053,A,8503,0.75,2381,3.6,7.7820247933884295,531,712,357.13
Simi Chard,6650,A,8458,7.38,757,11.2,7.7772241992882565,849,1029,1117.32
Canadian Club,8064,A,8453,0.76,2358,3.6,7.674971687429219,540,718,358.45
Fireball Cinnamon Whisky,5138,A,8418,11.1,616,13.7,7.470233791275006,706,878,1367.04
Kendall Jackson Chard Vt RSV,6570,A,8274,6.77,782,10.6,7.081716738197425,699,860,1058.44
Jim Beam,8236,A,8257,1.07,1964,4.2,7.673175745118191,516,690,420.36
Zhenka 80 Proof,3893,A,8240,7.93,721,11.4,7.81579681830868,489,665,1143.18
J Lohr Riverstone Chard,6579,A,7919,5.8,826,9.6,7.726477789436866,736,904,958.44
Three Olives Vodka,3802,A,7915,13.43,543,14.6,7.192271793914505,546,702,1458.07
Smirnoff 80 Proof,3876,A,7674,13.95,524,14.6,7.647485493230174,607,768,1463.23
Apothic Winemakers Red Blend,14006,A,7511,5.44,831,9.0,7.458333333333333,615,768,903.99
Canadian Ltd,2127,A,7499,7.19,722,10.4,7.448989731699238,431,584,1038.44
Pinnacle Vodka,3512,A,7472,11.76,564,13.2,7.303917015017805,489,639,1325.68
Jim Beam,1376,A,7362,16.29,475,15.5,7.336332070707071,545,693,1548.72
Josh Cellars Cab Svgn Sonoma,11219,A,7248,8.44,655,11.1,7.708556149732621,697,850,1106.1
Jose Cuervo Especial,8961,A,7046,1.12,1774,4.0,7.490035169988277,481,626,397.28
Jameson Irish Whiskey,2585,A,6940,16.42,460,15.1,7.51268115942029,599,742,1509.67
Black Velvet Canadian Whisky,2114,A,6858,9.41,604,11.4,7.781366691560867,458,604,1136.08
Smirnoff Traveler,3102,A,6657,12.94,507,13.1,7.455625990491284,510,646,1312.57
Goldschlager Cinnamon Schna,5399,A,6544,1.45,1502,4.4,7.540197461212976,438,573,435.63
Mark West Pnt Nr Sonoma,38546,A,6511,5.06,802,8.1,7.6899390243902435,584,721,811.73
Baileys Irish Cream,8512,A,6489,14.72,469,13.8,7.532327586206897,524,658,1382.16
Gilbeys Vodka Traveler,3726,A,6348,3.78,916,6.9,7.458955987717503,374,504,692.75
New Amsterdam Vodka,3180,A,6340,10.94,538,11.8,7.689142461964039,560,694,1177.79
Capt Morgan Spiced Rum,4262,A,5503,11.19,496,11.1,7.407868020304568,506,618,1109.76
Bentley's Vodka,3246,A,5403,6.71,635,8.5,7.506263701847792,314,425,851.52
Platinum 7X Distilled Vodka,3522,A,5394,9.62,529,10.2,7.4805319660310845,336,447,1018.73
MezzaCorona Pnt Grigio,36378,A,5371,6.83,627,8.6,8.3173828125,402,524,856.55
Baileys Irish Cream,8726,A,5356,1.43,1368,3.9,7.471810089020772,437,547,391.38
Absolut 80 Proof,8822,A,5334,1.46,1352,3.9,7.7936046511627906,342,456,394.66
Cecchi Sangiovese,18013,A,5269,4.69,749,7.0,8.159574468085106,490,608,703.02
Johnnie Walker Red Label,2757,A,5191,22.38,341,15.2,7.519844000917642,376,483,1524.3
Zhenka Vodka,3896,A,5025,2.63,977,5.1,8.065367965367965,293,404,514.12
Glen Ellen Chard RSV,6349,A,4854,4.63,724,6.7,7.544382371198013,334,434,670.43
Jack Daniels No 7 Black,1232,A,4806,15.93,388,12.4,7.506024096385542,387,486,1237.41
Jenkins Vodka,3769,A,4732,7.02,581,8.1,7.9232091690544415,365,468,815.09
Fleischmanns Royal Vodka,3684,A,4730,7.68,555,8.5,7.4519636481661795,308,405,852.37
Clos du Bois Chard,19748,A,4692,9.2,505,9.3,7.711891208096142,442,541,929.15
Kahlua,5364,A,4691,23.07,319,14.7,7.4996546961325965,338,434,1471.2
Jameson Irish Whiskey,2589,A,4649,30.76,275,16.9,7.4854413102820745,518,613,1691.17
Jagermeister Liqueur,5952,A,4446,1.42,1251,3.6,7.805714285714286,314,409,355.34
R M Woodbridge Chard Cal,6682,A,4431,6.03,606,7.3,7.651663405088063,445,538,731.01
Gordons Vodka 80 Proof,3746,A,4413,8.52,509,8.7,7.594424750241702,305,397,867.17
Smirnoff 80 Proof,3878,A,4376,7.96,524,8.4,7.404322766570605,338,427,834.66
Svedka Vodka,3913,A,4335,14.28,390,11.1,7.706840390879479,367,459,1112.69
Burnetts Vodka,3243,A,4307,8.26,511,8.4,7.432933478735006,247,335,843.51
Capt Morgan Spiced Rum,4241,A,4303,1.47,1210,3.6,7.653696498054475,297,387,355.68
Kahlua,8184,A,4295,1.55,1177,3.6,7.828220858895706,314,406,364.89
Jose Cuervo Especial,8159,A,4264,19.69,329,13.0,7.188764528626776,288,372,1295.83
Clos du Bois Chard,6479,A,4223,5.95,596,7.1,7.81524926686217,357,447,708.9
Tanqueray,3489,A,4119,20.73,315,13.1,7.440079234070651,263,347,1306.8
Crown Royal,8680,A,4047,28.88,265,15.3,7.485816347972263,309,392,1528.9
Carpineto Dogajolo Tuscan Rd,32831,A,4031,6.75,546,7.4,7.8373860182370825,403,490,737.69
Jim Beam Traveler,1476,A,4015,16.05,354,11.3,8.643598615916956,431,526,1135.26
Jagermeister Liqueur,5445,A,3962,11.76,410,9.7,7.723912206391991,331,415,965.33
Kahlua,5365,A,3919,14.84,363,10.8,7.5879440885265,296,377,1078.5
Banfi Centine Mntcln Tscna,18152,A,3891,5.26,608,6.4,7.60752688172043,338,419,639.79
Jameson Irish Whiskey,2586,A,3845,2.21,933,4.1,7.734375,263,344,412.25
Sebastiani Znfdl Sonoma Cnty,36380,A,3837,6.49,544,7.1,8.284389489953632,344,431,705.72
Jack Daniels No 7 Black,8033,A,3802,2.3,909,4.2,7.604529616724738,270,349,418.2
Sterling Vintners Cltn Chard,32907,A,3798,5.37,595,6.4,7.503605769230769,323,401,638.67
Menage a Trois Red,41034,A,3780,5.26,599,6.3,7.0927195559908585,292,365,630.6
Zhenka Vodka Plastic,3637,A,3701,3.89,690,5.4,7.926787741203178,231,311,536.6
J Lohr Seven Oaks Cab Svgn,6983,A,3689,8.27,472,7.8,7.8142292490118574,363,442,781.13
Fireball Cinnamon Whiskey,5191,A,3678,7.93,482,7.6,7.534545454545454,313,389,763.76
Platinum 7X Distilled Vodka,3899,A,3636,2.2,909,4.0,7.499476439790576,207,282,399.98
Stolichnaya,8112,A,3629,19.52,305,11.9,7.785858957834653,280,357,1190.28
Bacardi Superior Rum,508,A,3625,9.77,431,8.4,7.803989592367737,346,424,841.62
Grand Marnier,8203,A,3610,1.51,1093,3.3,7.506151142355009,233,307,330.18
Sterling Vintners Cab Svgn C,32906,A,3602,6.42,530,6.8,7.474498567335243,324,398,680.07
Stone Cellars Chard,35914,A,3598,5.51,571,6.3,7.298051372896368,321,393,629.68
Cavit Pinot Grigio,8746,A,3538,4.02,663,5.3,7.33943592281049,311,382,533.34
Alamos Ridge Malbec Mendoza,33149,A,3459,4.79,601,5.8,7.577993254637437,278,350,575.65
Tito's Handmade Vodka,3505,A,3415,13.76,352,9.7,7.709151892668903,256,328,969.44
Phillips Seven Deadly Znfdl,39335,A,3415,8.75,442,7.7,7.831364829396326,324,397,773.06
Skyy Vodka,3826,A,3371,15.74,327,10.3,7.252534234394451,217,284,1030.14
Absolut 80 Proof,3625,A,3370,12.59,366,9.2,7.528364849833148,292,362,921.18
Svedka Vodka,3804,A,3308,7.63,466,7.1,7.780769230769231,212,283,710.49
Cavit Pinot Grigio,6937,A,3296,6.75,494,6.7,7.427441761060056,314,381,667.05
Bella Sera Pinot Grigio Del,33874,A,3291,6.62,499,6.6,7.595806451612903,243,311,660.1
Cupcake Chard,11826,A,3270,4.72,589,5.6,7.598796033994335,225,293,555.6
DeKuyper Triple Sec,8023,A,3211,3.28,700,4.6,7.41224590976698,243,308,458.96
Gilbeys London Dry,3253,A,3133,9.08,415,7.5,7.514591643921898,202,267,754.29
Makers Mark,1385,A,3122,20.45,276,11.3,7.6650755767700876,241,307,1130.0
Baileys Irish Cream,8082,A,3099,21.73,267,11.6,7.512671002466921,277,341,1160.53
Gordons London Dry,3276,A,3090,9.62,401,7.7,7.639502207948615,203,268,771.05
Cupcake Svgn Bl,11828,A,3085,3.97,623,5.0,7.75425199583478,245,311,494.92
Seagrams VO,2443,A,3050,13.48,336,9.1,7.533293815451492,210,273,906.8
Beefeater,3423,A,3048,21.25,268,11.4,7.545042778057373,202,265,1138.16
Toasted Head Chard,29248,A,3013,6.53,480,6.3,8.009244992295839,283,349,627.29
Crown Royal,2432,A,2994,17.59,292,10.3,7.605105105105105,211,273,1026.3
Dewars White Label,2663,A,2984,21.42,264,11.3,7.790251107828656,277,341,1130.64
Simi Svgn Bl,22899,A,2968,6.53,477,6.2,7.739393939393939,284,347,622.59
Josh Cellars Chard,13665,A,2948,8.96,406,7.3,7.886262924667651,281,345,726.83
Gilbeys Vodka,3696,A,2928,7.6,439,6.7,7.5054639380091395,180,240,667.13
Malibu Rum,5734,A,2918,15.82,304,9.6,7.499420625724218,232,292,960.86
Kamora Coffee,5391,A,2902,12.02,347,8.4,7.5132457462847295,189,249,835.25
Simi Cab Svgn,22143,A,2887,10.52,370,7.8,7.661830357142857,301,362,779.38
Columbia Crest G E Cab Svgn,6451,A,2880,6.03,489,5.9,7.626482213438735,286,346,589.35
Malibu Rum,5735,A,2877,9.29,394,7.3,7.602787456445993,231,291,731.13
Turning Leaf RSV Chard Cal,34134,A,2870,5.84,496,5.8,7.4793786823781465,233,292,578.98
Bacardi Superior Rum,4903,A,2860,2.87,706,4.1,8.27450980392157,322,387,405.17
Il Bastardo Sangiovese Tosc,38133,A,2851,3.92,603,4.7,7.232712765957447,226,282,472.78
Banfi Chianti Clsc RSV,8678,A,2842,9.32,390,7.3,7.591527987897125,294,353,727.84
Bacardi Superior Rum,4243,A,2839,14.49,313,9.1,7.626062322946176,299,358,907.05
Patron Silver Tequila,3650,A,2829,33.81,205,13.8,8.325497287522603,251,316,1383.1
R M Woodbridge Cab Svgn Cal,8504,A,2801,5.84,490,5.7,7.7422124600638975,249,308,571.98
Clos du Bois Cab Svgn N Cst,6565,A,2788,5.99,482,5.8,7.859598853868195,252,312,577.93
Pinnacle Vodka,3310,A,2781,4.34,566,4.9,7.441860465116279,157,214,491.32
Oyster Bay Svgn Bl Marlboro,38370,A,2769,6.59,458,6.0,7.723037100949094,225,284,604.11
Stone Cellars Cab Svgn,35913,A,2765,5.47,503,5.5,7.389111747851003,234,290,549.99
Sutter Home Chard,6256,A,2685,5.2,508,5.3,6.964643095396931,234,285,528.43
Smirnoff 80 Proof Traveler,3879,A,2668,7.91,411,6.5,7.644115974985787,163,219,649.68
Seagrams 7 Crown,1883,A,2663,13.23,317,8.4,7.531702127659575,169,224,839.42
Evan Williams Black Label B,1180,A,2660,13.07,319,8.3,7.365118174409128,199,253,833.86
Santa Margherita Pnt Grigio,6967,A,2644,11.89,333,7.9,7.711484593837535,236,292,792.93
Andre Extra Dry,7715,A,2624,3.01,660,4.0,7.476446411634524,203,257,397.45
Cupcake Prosecco,14706,A,2600,4.6,532,4.9,7.63279078999603,234,288,489.08
Dr McGillicuddy's Mentholmnt,3636,A,2594,5.03,508,5.1,7.538391224862888,221,275,510.84
Fireball Cinnamon Whisky,5103,A,2576,17.14,274,9.4,7.4773299748110835,186,239,939.71
Sutter Home Wh Znfdl,6857,A,2570,5.37,489,5.3,7.1828752642706135,208,259,525.37
Southern Comfort,5299,A,2493,15.26,286,8.7,7.690295101916641,179,232,872.28
Bulleit Bourbon,8178,A,2488,18.51,259,9.6,7.391231964483906,240,290,959.72
Taaka Vodka,3612,A,2448,6.81,424,5.8,7.579166666666667,180,231,577.42
Canadian Mist,2143,A,2441,10.07,348,7.0,7.619926199261992,149,200,701.15
Turning Leaf RSV Cab Svgn,34133,A,2439,6.12,446,5.5,7.678321678321678,207,258,546.38
Franzia Tap Chard,31465,A,2399,10.38,340,7.1,7.643888769131278,177,227,705.71
R Mondavi Cab Svgn Pvt Sel,25269,A,2388,4.62,508,4.7,8.044058744993324,215,268,469.74
Bacardi Superior Rum,4245,A,2386,7.93,388,6.1,7.630108173076923,213,263,615.16
Jim Beam,1375,A,2368,11.5,321,7.4,7.470672389127325,185,233,738.0
Capt Morgan Spiced Rum,497,A,2339,14.7,282,8.3,7.440789473684211,173,221,829.26
Allens Coffee Brandy,7878,A,2315,9.99,340,6.8,7.797235023041475,141,190,680.1
Jack Daniels Tennessee Honey,2015,A,2308,18.1,253,9.1,7.556844547563805,203,251,914.06
Cava Mistinguett Brut,14551,A,2283,5.29,465,4.9,7.227064220183486,189,234,491.47
Cecchi Chianti Classico,24829,A,2278,7.53,389,5.9,8.052919708029197,237,287,585.72
Cupcake Pnt Grigio,15393,A,2277,4.51,502,4.5,7.717470760233918,168,216,453.19
Buehler Chard RRV,26383,A,2275,7.89,380,6.0,8.069111424541608,222,272,599.16
Jack Daniels No 7 Black,1231,A,2258,9.48,345,6.5,7.563502673796791,153,200,654.31
Agua de Piedra Malbec Selccn,13430,A,2227,5.91,434,5.1,7.461118690313779,195,241,513.06
H3 Horse Heaven Hills Cab Sv,16819,A,2219,8.21,368,6.0,7.402805611222445,211,256,603.62
Bombay Sapphire Gin,3348,A,2212,22.38,222,10.0,7.730129390018484,176,223,995.03
Absolut 80 Proof,482,A,2191,14.28,277,7.9,7.4286321155480035,150,195,791.04
Bowman Vodka,3050,A,2185,6.51,410,5.3,7.535643070787637,121,166,533.37
Calico Jack Spiced Rum,4269,A,2162,9.22,342,6.3,7.479918137631108,138,182,631.41
DeKuyper Triple Sec,8066,A,2159,7.13,389,5.6,7.37180106228875,172,216,554.86
Ch Beauchene Cotes du Rhone,43223,A,2157,5.93,426,5.1,7.267008387698043,154,197,505.79
Svedka Vodka,3356,A,2143,4.47,490,4.4,7.787408759124087,142,188,437.7
14 Hands Cab Svgn Wash,42764,A,2138,6.09,419,5.1,7.576099210822999,185,229,510.3
Grand Marnier,5342,A,2136,19.85,232,9.2,7.530321046373365,149,193,920.86
Jagermeister Liqueur,5401,A,2129,4.64,479,4.4,7.911877394636015,139,185,444.49
Stone Cellars Merlot,35916,A,2098,5.29,445,4.7,7.370398773006135,176,218,471.14
Smirnoff 80 Proof,3859,A,2090,6.81,392,5.3,7.5990654205607475,137,181,533.53
Sambuca Romana,8202,A,2083,13.33,280,7.4,7.561542034370645,148,191,745.2
Glen Ellen Cab Svgn RSV,23095,A,2079,4.76,467,4.5,7.572176054170514,139,182,444.88
Ecco Domani Pnt Grigio Venez,27461,A,2074,6.12,412,5.0,7.590671316477768,162,205,503.84
Mionetto Prosecco Brut,40425,A,2073,6.42,402,5.2,7.738414634146341,215,259,515.92
Angeline Pnt Nr,12220,A,2055,5.48,433,4.7,7.964463397299218,102,147,474.58
Pizzolato Pnt Grigio,22447,A,2039,4.72,465,4.4,8.493150684931507,162,209,438.73
Barefoot Pnt Grigio Cal,44038,A,2036,5.86,417,4.9,7.570940170940171,153,195,488.49
Jim Beam,1378,A,2015,7.08,377,5.3,7.447884416924665,119,160,534.16
Kahlua,5356,A,2008,7.14,375,5.4,7.6682156133829,159,201,535.48
Jose Cuervo Especial,8691,A,2008,11.9,290,6.9,7.261300043047783,133,173,691.31
Glen Ellen Merlot RSV,24875,A,2007,4.57,469,4.3,7.56424957841484,147,189,428.3
Southern Comfort,5197,A,2002,5.75,417,4.8,7.697810218978102,153,195,479.82
Knob Creek Bourbon,1346,A,1994,22.55,210,9.5,7.521709401709401,163,204,948.31
Dr McGillicuddy's Mentholmnt,5101,A,1984,10.39,309,6.4,7.544050862851953,216,257,642.09
Capt Morgan Spiced Rum,4265,A,1982,8.26,346,5.7,7.580952380952381,142,183,572.21
Stolichnaya Razberi,3630,A,1969,19.83,223,8.8,7.800264200792602,150,192,883.69
Grey Goose Vodka,126,A,1968,20.14,221,8.9,7.7263005780346825,200,242,890.34
Baileys Irish Cream Mini's 4,8513,A,1947,6.56,385,5.1,7.522370012091899,170,210,505.42
Cupcake Red Velvet,14701,A,1947,4.57,462,4.2,7.717370441458733,149,190,421.85
Melini Borghi D'Elsa Chiant,6542,A,1945,3.71,512,3.8,8.131944444444445,184,227,379.89
Jagermeister Liqueur,5447,A,1941,7.63,357,5.4,7.790870488322717,128,169,544.24
Tito's Handmade Vodka,3040,A,1940,16.54,242,8.0,7.6073697585768745,178,218,801.09
Crown Royal Regal Apple,2418,A,1932,16.53,242,8.0,7.6398559423769505,151,191,799.2
Black Velvet Plastic,8155,A,1925,3.28,542,3.6,7.647783251231527,101,141,355.36
Kris Pnt Grigio Alto Adige,28147,A,1921,7.14,367,5.2,7.426460711887173,155,194,523.75
Arrow Coffee Brandy,8670,A,1914,7.85,349,5.5,7.6350053361792956,144,184,548.18
L Martini Cab Svgn Sonoma,38899,A,1914,7.28,363,5.3,7.463788300835654,188,227,527.9
Madison's Ranch Cab Svgn,24379,A,1909,8.78,330,5.8,7.946428571428571,181,223,578.98
M & R Asti,7345,A,1898,6.75,375,5.1,7.652987760979122,155,195,506.19
Vanya Light Vodka,3452,A,1897,5.55,413,4.6,7.791202967673556,129,169,458.88
Cooks Extra Dry,6264,A,1886,4.79,444,4.2,7.6066597294484914,165,204,425.06
Taaka Vodka Traveler,3745,A,1859,3.07,550,3.4,7.5075398535114175,114,152,337.85
F Coppola Black Label Claret,27854,A,1857,10.2,302,6.1,7.551274083281541,110,148,615.49
Jenkins Vodka,3768,A,1854,3.62,506,3.7,7.855566700100301,139,179,366.37
Butter Chard,15094,A,1853,9.08,319,5.8,8.323711340206186,181,223,580.09
Starborough Svgn Bl Marlboro,10727,A,1850,5.41,413,4.5,7.846153846153846,149,189,447.4
La Bastarda Pnt Gr Sicily,42881,A,1841,3.92,485,3.8,7.429447852760736,166,203,379.91
Rodney Strong Cab Svgn,8781,A,1840,10.32,299,6.2,7.641914191419142,168,207,616.26
R M Woodbridge Pnt Grigio,35472,A,1836,5.88,395,4.6,7.73943661971831,162,201,464.67
Bacardi Superior Rum,4246,A,1820,4.22,464,3.9,7.6047966631908235,129,167,391.93
Beringer Classic Wh Znfdl,32648,A,1820,5.3,414,4.4,7.1859205776173285,154,190,439.23
Bogle Merlot,6595,A,1819,4.48,451,4.0,7.6257290991574855,179,217,403.71
Absolut Citron,3728,A,1812,18.93,219,8.3,7.499489535477284,124,161,828.27
Sterling Vintners Cltn Merlo,32908,A,1804,6.55,371,4.9,7.581632653061225,168,205,486.13
Jack Daniels No 7 Black,811,A,1789,19.84,212,8.4,7.563421828908554,134,171,842.54
Carnivor Cab Svgn,19848,A,1789,5.33,410,4.4,7.282563025210084,131,167,436.7
Jack Daniels Tennesse Fire,1789,A,1787,17.16,228,7.8,7.517857142857143,182,219,783.13
Absolut Mini Bar 5/50mls,3085,A,1783,4.72,435,4.1,7.673846153846154,129,166,410.26
Jenkins Rum,4153,A,1772,9.59,304,5.8,7.988467874794069,158,197,582.98
Fish Eye Pnt Grigio,41714,A,1772,3.22,525,3.4,7.581132075471698,153,190,337.81
Joel Gott Cab Svgn 815,12771,A,1771,8.44,324,5.5,7.1208089409260245,142,177,546.76
Sutter Home Cab Svgn,6269,A,1766,5.37,406,4.3,7.371340523882897,151,187,435.51
Jaboulet Cotes du Rhone Par,6692,A,1763,6.68,363,4.9,7.463414634146342,152,188,485.32
Capt Morgan Spiced Rum Trav,4264,A,1754,11.53,276,6.4,7.694850115295926,117,154,635.98
Trapiche Malbec Mendoza Oak,26399,A,1746,3.94,471,3.7,7.741962077493817,139,176,370.92
Bacardi Gold Rum Traveler,4221,A,1745,12.94,260,6.7,8.512738853503185,151,192,672.02
Bulleit 95 Rye,1384,A,1744,18.93,215,8.1,7.42455242966752,156,191,812.58
Roscato Rosso,15527,A,1744,6.57,364,4.8,7.493407356002776,152,188,478.71
R M Woodbridge Merlot Cal,28947,A,1737,5.91,383,4.5,7.688663745892661,155,192,453.12
Bogle Chard,23143,A,1731,4.65,431,4.0,7.746683921061146,175,212,401.23
Fleischmanns Royal Traveler,3687,A,1720,3.84,473,3.6,7.645231846019247,75,111,363.45
New Amsterdam Gin,2164,A,1718,12.14,266,6.5,7.738791423001949,119,155,645.86
Cupcake Cab Svgn,11825,A,1717,4.66,429,4.0,7.727611940298507,124,160,400.03
Ch Ste Michelle Chard Colmbi,8815,A,1713,6.07,376,4.6,7.556366585563666,105,140,456.02
Sailor Jerry Spiced Navy Rum,4198,A,1706,17.51,221,7.7,7.841488628532047,130,167,772.94
Hornitos Plata Tequila,3997,A,1702,14.05,246,6.9,7.44109396914446,128,163,691.56
Bombay Sapphire Gin,3344,A,1700,14.49,242,7.0,7.497887748943874,157,192,701.9
Menage a Trois Midnight,21985,A,1681,6.59,357,4.7,7.349081364829396,138,172,470.7
Luksusowa Potato Vodka,3485,A,1680,15.03,236,7.1,7.767434620174346,103,139,710.64
Ciroc Apple Vodka,3798,A,1675,19.83,206,8.1,7.47563025210084,146,180,815.05
Bacardi Oakheart Spiced Rum,4066,A,1672,12.85,255,6.6,7.719238613188307,142,177,655.52
Smirnoff Raspberry Vodka,3840,A,1670,14.39,241,6.9,7.443188951663528,121,155,693.27
La Crema Chard Sonoma Cst,24325,A,1662,10.88,276,6.0,7.149951783992285,127,160,601.37
Hornitos Reposado Tequila,3982,A,1657,14.38,240,6.9,7.412605588044184,144,178,690.33
Makers Mark,1737,A,1648,34.3,155,10.6,7.615795968737145,135,169,1063.26
New Amsterdam Vodka,3511,A,1646,7.24,337,4.9,7.466089466089466,114,148,488.2
R M Woodbridge Svgn Bl Cal,8498,A,1644,5.84,375,4.4,7.728895689875032,140,175,438.2
Jose Cuervo Especial Silver,3776,A,1643,18.56,210,7.8,7.2031309660175635,150,182,780.95
Tito's Handmade Vodka,3295,A,1642,7.93,322,5.1,7.761560693641618,122,157,510.31
Ryans Irish Cream,5891,A,1632,11.84,263,6.2,7.572180203880302,126,160,621.66
Gekkeikan Sake,7535,A,1632,4.44,429,3.8,7.819047619047619,117,152,380.69
Canadian Regal,2100,A,1629,7.24,335,4.9,7.9398523985239855,100,135,485.67
Kendall Jackson Vntnr Rsv Ch,19357,A,1629,3.92,456,3.6,7.26873857404022,136,168,357.37
Sonoma-Cutrer Chard Sonoma,44712,A,1629,13.79,243,6.7,7.475763016157989,154,187,670.28
Black Velvet Traveler,2117,A,1624,5.88,372,4.4,7.8244444444444445,99,134,437.02
Franzia Crisp White Tap,6725,A,1623,8.44,310,5.2,7.614130434782608,101,135,523.41
La Marca Prosecco,14622,A,1620,8.66,306,5.3,7.503743760399335,163,196,529.7
Whitehaven Svgn Bl Marlboro,40545,A,1613,9.93,285,5.7,7.65034965034965,145,179,565.99
Joseph Carr Cab Svgn Napa,43872,A,1604,12.66,252,6.4,8.0083857442348,142,177,637.29
Noble Vines 337 Cab Svgn,44334,A,1600,7.84,319,5.0,7.669801462904911,166,200,500.88
Cocobon Red,18010,A,1595,3.92,451,3.5,7.436343852013057,150,182,353.62
Meiomi Pnt Nr,11213,A,1589,12.66,251,6.3,7.690416141235813,134,167,634.3
Mirassou Pnt Nr Cntrl Coast,39413,A,1588,5.06,396,4.0,7.692447679708827,134,167,400.88
C Y Toro Front Cab/Merlot,6234,A,1582,4.54,417,3.8,7.601742377100186,121,154,379.01
Barefoot Chard Cal,31489,A,1579,5.71,372,4.2,7.5255327704061115,111,144,424.64
Tanqueray,3488,A,1578,15.62,225,7.0,7.4670704012112035,130,162,702.12
Tortilla Gold Tequila Liquer,3960,A,1570,9.52,287,5.5,7.468176914778857,103,135,546.74
Barefoot Moscato Cal,10421,A,1570,5.9,365,4.3,7.623229461756374,132,165,430.42
Freakshow Cab Svgn,16794,A,1569,10.94,268,5.9,7.557416267942584,146,178,585.92
Andre Brut,7716,A,1562,3.79,454,3.4,7.4988597491448115,154,186,344.09
Columbia Crest Grand Merlot,6174,A,1559,5.8,367,4.2,7.475925925925926,142,174,425.26
Old Smuggler P E T,2834,A,1556,12.3,251,6.2,7.84921546115576,112,145,618.69
F Coppola Diamond Chard,31915,A,1554,8.27,307,5.1,7.5788912579957355,84,116,506.98
Zhenka Raspberry Vodka,3038,A,1545,7.13,329,4.7,7.822958771220695,117,150,469.38
Arrow Ginger Brandy,4932,A,1545,4.5,414,3.7,7.677243880326382,110,142,372.89
F Coppola Dmd Ivry Cab Svgn,10058,A,1544,9.26,289,5.3,7.429840142095915,105,136,534.74
Tilia Malbec Mendoza,46476,A,1544,6.89,335,4.6,7.97986577181208,133,167,461.26
Rodney Strong Chard,6249,A,1543,7.84,314,4.9,7.85595567867036,144,177,491.88
Johnnie Walker Black Label,2752,A,1542,26.31,171,9.0,7.315621679064825,157,188,900.78
U V Vodka,3529,A,1540,10.14,276,5.6,6.963157894736842,125,154,558.85
Smirnoff Raspberry Vodka,3835,A,1537,8.2,306,5.0,7.428897338403042,128,159,502.06
Baileys Irish Cream,8441,A,1537,8.92,294,5.2,7.566481994459834,231,263,523.64
Jenkins Rum,4152,A,1531,3.75,452,3.4,7.8223455933379595,103,136,338.86
Arrow Peppermint Schnapps,8590,A,1531,5.07,389,3.9,7.5252201761409125,116,148,394.01
Liberty School Pnt Nr CC,19121,A,1531,8.21,305,5.0,8.078740157480315,140,174,501.39
Beringer Classic Wh Znfdl,8421,A,1527,3.37,476,3.2,7.318274111675127,116,147,320.81
Masciarelli Montepulciano,45822,A,1519,5.37,376,4.0,7.13023610053313,110,140,403.91
Franzia Tap Wh Znfdl Cal,6574,A,1517,9.99,276,5.5,7.614412568306011,120,152,550.54
Sutter Home Clsc Chard,6876,A,1514,3.97,437,3.5,7.059074733096085,105,134,346.72
Sutter Home Merlot Cal,28069,A,1512,5.45,372,4.1,7.077464788732394,131,160,405.97
Mr Boston Coffee Brandy,4916,A,1511,7.87,310,4.9,7.652463382157124,101,133,487.68
Columbia Crest Grand Chard,28138,A,1507,6.16,350,4.3,7.551578947368421,131,162,430.89
Pinnacle Whipped Vodka,3351,A,1504,13.27,238,6.3,7.509365994236311,111,142,631.79
Peter Lehmann Shiraz,6526,A,1503,5.29,377,4.0,8.154804270462634,188,222,398.77
Kahlua,857,A,1476,16.17,214,6.9,7.5266272189349115,108,138,690.9
Corbett Canyon Pnt Grigio,39087,A,1475,6.66,333,4.4,7.6829648084708815,93,124,443.25
Line 39 Cab Svgn Lake Cnty,10451,A,1473,5.29,373,3.9,7.154713114754099,124,153,394.77
19 Crimes Red,18893,A,1473,6.89,327,4.5,7.214542836573074,120,149,450.53
Barefoot Pnt Grigio Cal,44037,A,1467,3.42,463,3.2,7.711839166046166,139,170,316.77
Grey Goose Vodka,3857,A,1465,38.27,138,10.6,7.68440065681445,141,172,1058.92
Goslings Black Seal Bermuda,4225,A,1463,18.37,200,7.3,7.481230448383733,132,162,733.15
Ronrico Silver Rum,4296,A,1462,9.29,281,5.2,7.482495667244367,98,128,521.19
C K Mondavi Chard,11141,A,1459,5.55,363,4.0,7.419560185185185,127,157,402.43
Da Vinci Chianti Tuscany,40337,A,1455,6.57,333,4.4,7.642441860465116,113,143,437.25
Banfi Pnt Grigio San Angelo,18347,A,1433,8.58,289,5.0,7.691964285714286,149,179,495.89
Jose Cuervo Especial,8761,A,1432,7.08,318,4.5,7.274725274725275,114,143,450.3
Borsao Tres Picos Garnacha,35442,A,1432,8.21,295,4.9,8.01840490797546,143,174,484.91
Franzia Sunset Blush Tap,6281,A,1426,8.96,282,5.1,7.6073737131912855,83,113,505.51
Benziger Chard,6869,A,1407,6.8,322,4.4,7.14336917562724,137,165,437.44
Leese-Fitch Cab Svgn,16610,A,1407,6.8,322,4.4,7.929100529100529,151,182,437.44
Amaretto DiSaronno,5312,A,1404,14.7,219,6.4,7.823108993448481,133,163,642.48
Ninety+Cellars Lot 2 Svgn Bl,14240,A,1401,5.36,362,3.9,7.935443037974683,134,164,387.54
Patron Silver Tequila,3762,A,1397,4.61,389,3.6,8.435435435435435,151,183,358.89
Bacardi Superior Rum Trav,4226,A,1396,7.68,301,4.6,7.598537005163511,96,125,463.06
Corbett Canyon Chard,24002,A,1395,4.63,388,3.6,7.5,122,151,359.41
Yellow Tail Chard Ausl,35412,A,1392,5.97,341,4.1,7.735278791036999,184,214,407.68
Fleischmanns Preferred,1637,A,1389,8.13,292,4.8,7.3920402561756635,97,125,475.24
Santa Rita 120 Svgn Bl,19662,A,1389,4.07,413,3.4,7.4880636604774535,113,141,336.25
Jack Daniels Tennessee Honey,1955,A,1388,9.62,269,5.2,7.512406947890819,107,136,516.77
Cointreau Liqueur,5242,A,1388,22.05,177,7.8,7.545186640471512,101,130,782.38
Napa Highlands Meritage,24378,A,1386,6.84,318,4.4,8.311827956989248,254,286,435.44
Sterling Vintners Cltn Pnt N,39348,A,1386,6.5,327,4.2,7.543478260869565,130,159,424.48
Zhenka Tropical Dark Rum,4488,A,1385,8.02,294,4.7,7.6196078431372545,132,161,471.33
Calypso Spiced Rum,4181,A,1384,9.37,272,5.1,7.490513000702741,91,119,509.28
Dr McGillicuddy's Root Beer,5661,A,1378,10.31,259,5.3,7.528333333333333,115,143,533.05
Woodford Rsv Bourbon,1465,A,1375,11.02,250,5.5,7.480457578646329,130,158,550.5
Taaka Gin,3227,A,1363,6.86,315,4.3,7.5298659081674115,92,120,432.44
Barton Vodka,3842,A,1360,4.39,394,3.5,7.2331491712707185,139,166,345.55
Evodia Garnacha Old Vine,12213,A,1351,5.29,357,3.8,7.895335608646189,63,92,378.07
Josh Cellars Pnt Nr,19948,A,1351,10.06,259,5.2,7.662731871838111,173,201,521.36
Franzia Tap Merlot,29169,A,1351,10.88,249,5.4,7.65471965933286,99,127,542.2
Gascon Malbec Mendoza,46447,A,1345,6.12,331,4.1,7.583126550868486,112,140,405.74
Zhenka Vodka 100 Proof,3894,A,1343,9.08,272,4.9,7.960506134969325,83,112,493.85
Monkey Bay Svgn Bl,41546,A,1335,5.51,348,3.8,7.96374269005848,112,141,383.56
Burnetts Vodka,3244,A,1329,4.32,392,3.4,7.559865092748735,93,121,338.86
Ch Ste Michelle Rsl,8264,A,1318,5.37,350,3.8,7.59963325183374,79,106,376.24
Smoking Loon Cab Svgn,34903,A,1318,4.59,379,3.5,8.295176385889128,108,138,347.84
Almaden Chard Cal B/B,27351,A,1317,10.38,252,5.2,7.676056338028169,83,111,522.89
Amaretto DiSaronno,538,A,1314,7.96,287,4.6,7.668679245283019,103,131,457.37
Hendrick's Gin,3238,A,1312,22.83,170,7.7,7.753364859949072,111,139,773.99
DeKuyper Peachtree Schnapps,5096,A,1312,7.99,287,4.6,7.498982706002034,107,134,457.88
Franzia Tap Cab Svgn,6918,A,1312,10.95,245,5.4,7.641816920943135,95,122,536.03
Barefoot Bubbly Brut Cve,31487,A,1307,5.29,351,3.7,7.622043010752688,106,133,371.86
Jenkins Gin,3326,A,1305,7.36,298,4.4,7.791429820725842,97,125,438.29
R Mondavi Chard Pvt Sel,8329,A,1305,4.68,373,3.5,8.125984251968504,136,165,349.5
14 Hands Hot to Trot Red,14129,A,1305,6.01,329,4.0,7.56595744680851,106,133,396.06
Popov Vodka,3827,A,1283,9.28,263,4.9,7.592853992059991,81,108,487.98
Jim Beam Traveler,1379,A,1280,11.41,237,5.4,7.369269949066214,79,105,540.46
Old Crow,1396,A,1280,10.44,248,5.2,7.465307464649786,75,101,516.98
Moet & Chandon Nectar Imp Rs,42188,A,1278,34.01,137,9.3,7.4603381014304295,261,287,932.36
Cooks Brut,6960,A,1271,4.6,372,3.4,7.555633802816901,115,141,341.95
Jim Beam Apple,1962,A,1270,11.02,240,5.3,7.545706371191136,105,131,529.06
Sambuca di Amore,5367,A,1266,5.83,330,3.8,7.475947521865889,84,110,384.21
Fireball Cinn Whisky Trav,5153,A,1261,10.44,246,5.1,7.528343666961913,121,147,513.12
Estancia Chard,6647,A,1258,4.99,355,3.5,7.944151738672287,113,140,354.33
Mark West Chard Sonoma Cnty,40193,A,1256,4.83,361,3.5,7.695351137487636,116,142,348.32
Liberty School Cab Svgn,23739,A,1246,7.25,293,4.3,8.05530474040632,79,106,425.05
Ron Virgin Heavy Bodied Rum,4380,A,1241,10.84,239,5.2,7.886676875957121,143,170,518.7
Crown Royal,2436,A,1236,11.99,227,5.4,7.461406518010292,99,124,544.42
Sailor Jerry Spiced Navy Rum,4218,A,1236,12.31,224,5.5,7.747763864042934,102,128,551.64
Seaglass Svgn Bl Snt Barbara,10957,A,1233,6.12,317,3.9,7.127218934911243,97,121,388.48
Ice 101 Peppermint Schnapps,5382,A,1225,9.44,255,4.8,7.499554764024933,75,100,480.92
Bread & Butter Chard,20533,A,1225,8.55,268,4.6,7.813076923076923,118,144,457.68
Mr Boston Blackberry Brandy,4829,A,1224,9.59,253,4.8,7.541123370110331,87,112,484.52
Ciroc Snap Frost Vodka,3025,A,1223,9.29,257,4.8,7.632267441860465,209,235,476.69
Cupcake Pnt Nr,14342,A,1222,4.6,364,3.4,7.725682295311406,98,124,335.3
Stolichnaya Razberi,3694,A,1219,13.48,213,5.7,7.835473515248796,102,128,573.27
Dr McGillicuddy's Menth Trav,5109,A,1213,9.84,248,4.9,7.536429143314652,112,137,488.59
Cruzan Aged Dark Rum,8451,A,1213,12.59,219,5.5,7.503860219422998,98,123,552.66
Jagermeister Liqueur,5440,A,1212,25.92,153,7.9,7.847728407388916,82,108,792.65
Apothic Dark,20357,A,1211,5.19,342,3.5,7.479343520090549,119,144,354.54
Ravenswood Vints Blend Znfdl,26463,A,1210,4.65,361,3.4,7.705980066445183,62,88,335.46
Jack Daniels Tennessee Honey,2760,A,1208,28.02,147,8.2,7.5885817852288175,99,124,822.78
Jadot Beaujolais Villages,8627,A,1207,5.47,332,3.6,7.56858407079646,116,141,363.38
Ezra Brooks,8626,A,1205,11.67,227,5.3,7.612492033142129,77,102,530.33
Franzia Chillable Red Tap,18988,A,1205,8.9,260,4.6,7.678998609179416,69,94,463.13
Cline Znfdl Cal,27644,A,1204,6.84,297,4.1,7.782608695652174,114,140,405.84
Redwood Creek Pnt Nr Cal,39593,A,1203,6.33,308,3.9,7.722662440570523,91,116,390.26
Pinnacle Citrus Vodka,3706,A,1202,13.07,214,5.6,7.505134474327629,96,121,560.54
Dr McGillicuddy's Mentholmnt,5105,A,1199,14.81,201,6.0,7.566172957477305,90,115,595.94
Cribari Marsala,7254,A,1198,5.36,334,3.6,7.639153439153439,83,108,358.37
Courvoisier VS Cognac,4678,A,1197,16.78,189,6.3,7.561224489795919,83,108,633.81
Ciroc Peach Vodka,3316,A,1196,8.88,260,4.6,7.69935691318328,149,174,460.88
Ch St Jean Chard California,6688,A,1189,5.81,320,3.7,7.264705882352941,74,98,371.7
Clean Slate Rsl Mosel,44228,A,1189,5.59,326,3.6,7.5272277227722775,95,120,364.6
DeKuyper Buttershots Schnpps,5254,A,1187,7.35,284,4.2,7.781115879828326,102,127,417.72
Amaretto DiSaronno,5311,A,1183,23.7,158,7.5,7.663083765752409,91,116,748.83
Capt Morgan Spiced Rum 100,4330,A,1182,20.79,169,7.0,7.527053328143246,103,127,701.06
Taylor Red Port,6213,A,1182,5.51,328,3.6,7.81697247706422,80,105,360.91
Veuve Clicquot Brut Yellow,6654,A,1177,27.2,147,8.0,7.437142857142857,104,128,800.18
Jagermeister Liqueur,812,A,1176,17.03,186,6.3,7.798076923076923,74,99,632.89
R M Woodbridge Pnt Nr,43809,A,1173,5.84,317,3.7,7.7432216905901115,113,138,370.14
Vendange Chard,6938,A,1171,4.69,353,3.3,7.660377358490566,98,123,331.42
Dewars White Label,2665,A,1167,15.38,195,6.0,7.748427672955975,78,103,599.14
C Y Toro Frontera Malbec,12586,A,1164,4.82,347,3.4,7.550269299820466,101,125,334.98
Cupcake Merlot,11827,A,1162,4.76,349,3.3,7.693424423569598,87,111,332.6
Jim Beam Honey,1373,A,1155,10.36,236,4.9,7.78,90,115,489.2
Evan Williams Honey Reserve,3089,A,1155,7.63,275,4.2,7.215762273901809,92,115,419.83
Duckhorn Decoy Cab Svgn,14672,A,1153,11.61,223,5.2,7.719559585492228,207,231,517.42
Buffalo Trace Bourbon,1767,A,1152,19.37,172,6.7,7.562393162393162,93,117,668.05
R Mondavi Merlot Pvt Sel,29212,A,1152,4.59,354,3.3,8.013196480938417,109,134,325.2
Mr Boston Light Rum,4359,A,1151,7.71,273,4.2,7.518064911206369,59,83,421.29
Paul Dolan 12 Cab Svgn,23355,A,1151,9.6,245,4.7,8.548076923076923,127,154,470.1
E & J Brandy VS,8214,A,1145,7.4,278,4.1,7.7887678122380555,81,105,411.66
Matua Svgn Bl Marlboro,39146,A,1143,6.53,296,3.9,7.245770258236866,106,129,386.36
R M Woodbridge Chard Cal,6420,A,1141,3.18,424,2.7,7.609375,98,122,269.38
Jim Beam Maple,2373,A,1140,10.29,235,4.9,7.801692865779928,114,138,484.37
Hartley Brandy VS,4762,A,1140,5.03,337,3.4,7.692384769539078,78,102,338.65
Bombay Dry Gin,3436,A,1138,18.79,174,6.5,7.759822910902048,87,111,653.96
Stolichnaya,3938,A,1137,12.49,213,5.3,7.763652641002686,87,111,532.94
M & R Sweet Vermouth,7221,A,1137,6.86,288,3.9,7.844140625,74,98,394.96
Darkhorse Cab Svgn,17876,A,1137,5.33,327,3.5,7.53997378768021,112,135,348.14
Skyy Vodka,3834,A,1133,10.23,235,4.8,7.190072639225182,70,92,481.47
New Amsterdam Gin,2152,A,1128,7.19,280,4.0,7.660268714011516,89,113,402.75
R M Woodbridge Chard,10723,A,1127,6.2,301,3.7,7.685250079643199,111,135,373.83
Three Olives Vodka,3808,A,1124,9.55,243,4.6,7.207302709069493,97,119,463.34
Klinker Brick Old Vine Znfdl,10266,A,1123,9.58,242,4.6,7.861435726210351,108,132,463.86
Sterling Vintners CA Meritag,12147,A,1108,5.26,325,3.4,7.474934036939314,92,115,341.41
M & R Sweet Vermouth,7982,A,1103,3.95,374,2.9,7.721396731054978,74,97,295.19
Gordons London Dry,3278,A,1095,5.79,308,3.6,7.59743824336688,106,129,356.09
Estancia Cab Svgn Paso Roble,6599,A,1095,5.78,308,3.6,8.055900621118013,102,126,355.78
14 Hands Merlot Wash,42766,A,1094,5.85,306,3.6,7.642785065590313,88,111,357.77
RumChata Liqueur,5921,A,1092,14.81,192,5.7,7.618299445471349,80,103,568.73
Carpineto Dogajolo Tuscan Wh,12666,A,1088,6.7,285,3.8,8.103626943005182,140,164,381.83
Ninety+Cellars Lot 23 Malbec,14805,A,1088,5.8,306,3.6,7.424924924924925,136,158,355.26
Absolut 80 Proof,3627,A,1087,9.37,241,4.5,7.603503184713376,87,110,451.34
Bacardi 151 Proof,8358,A,1087,14.49,194,5.6,8.014778325123153,89,113,561.26
Redwood Creek Cab Svgn Cal,35664,A,1086,6.5,289,3.8,7.489878542510121,85,107,375.74
Jose Cuervo Lime Margarita,5765,A,1083,10.36,229,4.7,7.208127208480565,90,111,473.71
Franzia Chablis Old World C,6498,A,1079,9.73,235,4.6,7.560803474484256,85,107,458.23
Benziger Cab Svgn Sonoma,6974,A,1078,9.08,244,4.4,7.022123893805309,107,128,442.45
Menage a Trois Silk Soft Red,24805,A,1077,6.84,281,3.8,7.20122699386503,125,146,383.84
Smoking Loon Chard,34904,A,1076,4.68,339,3.2,8.18560606060606,130,154,317.35
Ruffino Lumina Pnt Grigio,38502,A,1075,4.57,343,3.1,7.846345514950166,92,115,313.46
Ravenswood Vntrs Bl Cab Svgn,38850,A,1068,4.65,339,3.2,7.563206577595067,57,79,315.16
Da Vinci Pnt Grigio,12216,A,1067,6.66,283,3.8,7.786299329858526,89,112,376.99
Southern Comfort,5297,A,1064,10.76,222,4.8,7.645348837209302,72,94,478.51
Alice White Chard Ausl,32968,A,1062,6.8,279,3.8,7.61101243339254,88,110,380.04
Moet & Chandon Imperial,7865,A,1061,23.97,149,7.1,7.496412263535551,104,126,713.19
Jadot Macon Villages Blanc,8628,A,1060,5.95,298,3.6,7.7400318979266345,108,130,355.16
Bols Curacao Orange,8312,A,1059,5.71,305,3.5,7.684709066305818,139,161,347.76
Grey Goose Vodka,3851,A,1058,12.02,210,5.0,7.696534234995774,95,117,504.32
R Mondavi Pnt Nr Pvt Sel,28658,A,1056,4.53,341,3.1,7.905913978494624,120,143,309.31
Jim Beam,807,A,1051,13.23,199,5.3,7.516867469879518,125,147,527.35
Smirnoff Vanilla Vodka,3821,A,1051,8.2,253,4.2,7.533088235294118,91,113,415.17
Pinnacle Vodka,3502,A,1049,8.14,254,4.1,7.4299835255354205,84,105,413.25
Courvoisier VS Cognac,4679,A,1049,8.63,247,4.2,7.614080834419817,120,142,425.51
Knob Creek Bourbon,1348,A,1046,11.84,210,5.0,7.7846481876332625,83,105,497.69
Canadian Club 1858,2122,A,1041,7.8,258,4.0,7.484742807323452,64,85,402.98
The Dreaming Tree Crush Red,16262,A,1041,7.18,269,3.9,7.501508295625943,88,109,386.64
Ch Ste Michelle Cab Svgn Col,8838,A,1039,7.71,260,4.0,7.536437246963563,79,100,400.27
Ciroc Red Berry Vodka,3042,A,1038,8.63,245,4.2,7.633103448275862,119,141,423.27
Smirnoff Watermelon Vodka,3871,A,1037,8.2,251,4.1,7.581497797356828,99,121,412.39
Castillo Silver Label Rum,4233,A,1033,7.87,256,4.0,7.765787860208461,129,151,403.23
Jameson Black Barrel,2932,A,1032,24.61,145,7.1,7.7568359375,85,107,712.71
Forefront Pine Ridge Znfdl,24369,A,1029,8.21,250,4.1,8.204152249134948,87,110,411.05
Dom de Dionysos La Deveze,14539,A,1027,10.06,226,4.5,7.352226720647773,131,152,454.57
Kim Crawford Svgn Bl Marlbro,32915,A,1027,9.99,227,4.5,7.69945945945946,87,109,452.98
Korbel Brut,8288,A,1025,7.94,254,4.0,7.377521613832853,94,115,403.45
Jose Cuervo Especial Silver,3787,A,1023,11.8,208,4.9,7.161365399534523,70,90,491.35
Johnnie Walker Black Label,2753,A,1019,44.77,107,9.5,7.430290872617854,109,130,955.21
Zinsane Znfdl Lodi,16370,A,1017,5.44,306,3.3,8.333333333333334,91,114,332.64
Woodford Reserve Bourbon,1220,A,1016,21.89,152,6.7,7.4934383202099735,78,99,666.94
Lindemans Bin 65 Chard,32263,A,1016,6.8,273,3.7,7.80501274426508,61,83,371.72
Morellino d Scansano Rsv,15035,A,1012,7.33,263,3.8,8.016194331983806,97,119,385.17
Clan MacGregor,8480,A,1010,11.19,212,4.8,7.948212083847102,81,103,475.44
Cutty Sark,2656,A,1009,19.52,161,6.3,7.159611380985427,73,93,627.63
Ketel One Vodka,3549,A,1007,17.82,168,6.0,7.523709902370991,116,137,599.08
Gentleman Jack,1545,A,1006,19.42,161,6.2,7.6400839454354665,79,100,625.08
Barefoot Merlot Cal,31494,A,1004,6.02,289,3.5,7.451020408163266,71,91,347.68
Seagrams Extra Dry Gin,3389,A,999,12.49,200,5.0,7.777525539160045,74,95,499.55
Absolut Citron,3724,A,997,12.31,201,5.0,7.444787644787644,76,96,495.44
Barefoot Bubbly Pink Moscato,16289,A,994,5.19,309,3.2,7.765873015873016,83,104,321.21
Yellow Tail Cab Svgn Ausl,36770,A,989,6.13,284,3.5,7.758019308626596,134,155,348.21
Peter Vella Chard Cal B/B,28889,A,986,10.61,216,4.6,7.69223602484472,64,85,457.42
Bonterra Mendocino Org Chard,24419,A,982,6.74,270,3.6,8.518867924528301,87,110,363.83
Bogle Cab Svgn Cal,27735,A,979,6.53,274,3.6,7.763905325443787,103,124,357.57
Clayhouse Adobe Red Paso Rbl,46764,A,979,8.21,244,4.0,7.960431654676259,94,115,400.94
Christian Bros Brandy,4563,A,977,12.14,201,4.9,7.376654632972323,69,89,487.05
Ten High,1479,A,975,9.22,230,4.2,7.4689119170984455,70,90,424.02
Three Olives Cherry Vodka,3779,A,971,9.35,228,4.3,7.3576248313090415,91,111,426.12
Drambuie,5337,A,969,20.6,153,6.3,8.031796502384738,72,93,631.85
Yellow Tail Shiraz Ausl,35414,A,969,6.13,281,3.4,7.747160012982798,142,163,344.67
Tanqueray Sterling Vodka,3456,A,964,13.27,191,5.0,7.528678304239402,85,105,505.81
Ch Macard Brdx Superieur,36523,A,964,10.34,216,4.5,7.895384615384615,92,113,446.49
Belvedere Polish Vodka,3668,A,961,34.12,119,8.1,7.479338842975206,81,101,809.81
Bacardi Gold Rum,4222,A,959,7.99,245,3.9,7.521805661820964,140,160,391.47
Capt Morgan Silver Spicd Rum,4429,A,955,17.31,166,5.8,7.392291446673706,76,95,575.0
Sobieski Vodka,3272,A,952,13.23,190,5.0,7.765288293535236,80,100,501.9
GranGala Triple Orange,5849,A,952,12.4,196,4.9,7.406652360515022,73,92,485.9
Smoking Loon Pnt Grigio Cal,44494,A,946,4.5,324,2.9,8.159582999198076,84,105,291.79
Stone Cellars Pnt Grigio,35918,A,945,6.49,270,3.5,7.594847775175644,85,105,350.23
Rumpleminze,5292,A,944,13.13,190,5.0,7.515409139213602,62,81,497.89
Benchmark Old #8 Bourbon,1281,A,942,11.19,205,4.6,7.503634475597092,66,85,459.15
Landmark Overlook Chard,31277,A,940,10.95,207,4.5,8.590551181102363,87,109,453.72
Jeffersons Bourbon,1269,A,937,19.11,157,6.0,7.64920744314266,88,108,598.43
Ronrico Gold,4291,A,936,10.39,212,4.4,7.457617411225659,65,84,441.02
Erath Pnt Nr Oregon,32108,A,934,10.31,213,4.4,7.47515923566879,79,98,438.85
B & B Liqueur Dom,5315,A,932,19.22,156,6.0,7.684729064039409,67,87,598.55
The Glenlivet 12 Yr Single,8339,A,932,30.21,124,7.5,7.741040462427746,79,99,750.41
Scoresby Rare,2894,A,931,12.94,190,4.9,7.580011229646266,65,84,490.86
Three Olives Grape Vodka,3766,A,929,9.35,223,4.2,7.3093126385809315,73,92,416.8
Svedka Strwbry Lemonad Vodka,3133,A,924,8.79,229,4.0,7.649100257069409,79,98,403.04
Robert Hall Cab Svgn,23256,A,923,9.39,222,4.2,8.0,94,114,416.34
Fleischmanns X Dry Gin,3216,A,922,7.68,245,3.8,7.599286563614744,68,87,376.32
Myers Original Dark Rum,4478,A,916,13.53,184,5.0,7.5301016419077405,72,91,497.87
The Glenlivet 12 Yr Single,8000,A,913,53.96,92,9.9,7.579472140762463,68,87,992.63
Smoking Loon Pnt Nr,38457,A,913,4.59,315,2.9,8.216776625824693,94,115,289.51
Jameson Irish Whiskey,800,A,911,24.02,138,6.6,7.407628128724673,99,117,661.55
Emmets Irish Cream,5438,A,911,7.51,246,3.7,7.537803138373752,75,94,369.91
W Hill Est Cab Svgn No Cst,20862,A,911,8.55,231,3.9,7.416793893129771,86,105,394.69
Bols Blue Curacao,8040,A,910,6.01,275,3.3,7.588628762541806,76,95,330.73
Three Olives Espresso Vodka,77,A,908,10.39,209,4.3,7.292161520190024,65,83,434.38
Kendall Jackson RSV Svgn Bl,6575,A,908,5.84,279,3.3,7.327252625760089,79,97,325.66
Yellow Tail Merlot Ausl,36771,A,908,5.97,276,3.3,7.759075907590759,133,152,329.26
Goldschlager Cinnamon Schnps,5392,A,907,13.63,182,5.0,7.457142857142857,65,84,497.24
Blackstone Merlot Cal,26092,A,906,4.79,308,2.9,7.8601756954612005,86,106,294.61
Brancott Svgn Bl Marlboro,32749,A,905,5.26,293,3.1,7.669616519174041,49,68,308.55
Myers Original Dark Rum,8506,A,904,21.42,145,6.2,7.479937467430954,82,101,622.31
C K Mondavi Cab Svgn,11488,A,903,7.53,245,3.7,7.280176211453744,73,91,368.77
Basil Hayden Bourbon,1345,A,900,28.45,126,7.1,7.477142857142857,85,103,715.61
Kraken Black Spiced Rum,4174,A,896,21.59,144,6.2,7.269328802039082,81,99,622.01
Zhenka Pink Lemonade Vodka,3041,A,895,5.83,277,3.2,7.638027452974073,93,112,323.04
Villa Cornaro Prosecco Del,33582,A,888,6.46,262,3.4,7.642095914742451,99,118,338.72
Cannonball Cab Svgn Cal,10239,A,887,9.08,221,4.0,7.918918918918919,94,113,401.35
Capt Morgan Cannon Blast,4734,A,886,11.9,193,4.6,7.644137931034483,71,90,459.2
Svedka Mango Pineapple Vodka,3150,A,885,8.65,226,3.9,7.65288035450517,74,93,391.29
Old Grand Dad,1415,A,883,10.39,206,4.3,7.560640732265446,69,87,428.35
Layer Cake Malbec Mendoza,10236,A,882,7.81,238,3.7,7.6380952380952385,95,113,371.17
Redwood Creek Chard Cal,35666,A,880,6.12,268,3.3,7.653308480894688,73,91,328.2
Calico Jack Coconut Rum,4194,A,877,9.48,215,4.1,7.501176470588235,65,83,407.77
Chambord Royale de France,8526,A,877,20.43,147,6.0,7.492307692307692,62,80,598.62
Lincourt Lindsays Pnt Nr,19494,A,876,10.13,208,4.2,8.248275862068965,83,103,421.28
Black Velvet Reserve,2690,A,871,7.35,243,3.6,7.8577981651376145,53,72,357.82
Pinnacle Tropical Punch,3158,A,869,12.77,184,4.7,7.611612903225806,68,86,471.11
Bacardi Twin Pack 2/750mls,4881,A,867,14.81,171,5.1,7.975,102,121,506.76
Jose Cuervo Especial,415,A,866,13.04,182,4.8,7.158536585365853,67,84,475.24
Marques de Caceres Rioja Re,7302,A,866,6.42,260,3.3,7.685161290322581,81,99,333.46
Smirnoff Green Apple Vodka,3877,A,865,8.65,224,3.9,7.583216783216783,73,91,386.84
Dr McGillicuddy's Apple Pie,5170,A,863,9.99,208,4.1,7.638504155124654,75,93,415.24
MacMurray Ranch C Cst Pnt Nr,44511,A,863,9.49,213,4.1,7.788903924221922,116,134,404.72
Castello Del Poggio Moscato,523,A,862,7.09,247,3.5,7.734782608695652,77,95,349.62
Dr McGillicuddy's Butterscth,5060,A,858,9.35,214,4.0,7.607387140902873,75,93,400.56
Apothic Winemakers White,16806,A,858,5.3,285,3.0,7.269419862340216,85,102,301.58
F Coppola Diamond Pnt Nr,39384,A,856,8.96,219,3.9,7.392156862745098,44,61,391.66
Ghost Pine Cab Svgn LMartini,46379,A,854,9.39,213,4.0,7.370064279155188,76,93,400.48
Seagrams 7 Crown,1886,A,851,7.96,231,3.7,7.510155316606929,61,79,368.08
Schug Pnt Nr Carneros,18950,A,849,12.32,186,4.6,8.440944881889763,80,100,457.38
Corbett Canyon Chard,37731,A,849,6.7,252,3.4,7.645179063360882,50,68,337.29
Spellbound Cab Svgn Cal,46021,A,849,6.61,253,3.4,8.274736842105263,71,90,335.02
New Amsterdam Peach Vodka,3154,A,848,7.8,233,3.6,7.504573170731708,78,95,363.71
Ezra Brooks,8693,A,848,7.14,244,3.5,7.503807106598985,64,81,347.99
DeKuyper Sour Apple Pucker,5725,A,847,7.4,239,3.5,7.502976190476191,68,85,354.06
Principato Pnt Gr Sicilia,38131,A,846,6.84,249,3.4,7.462809917355372,75,92,340.2
Black Box Cab Svgn,40096,A,846,10.52,201,4.2,7.763659877141934,71,89,421.9
Black Velvet Toasted Caramel,2105,A,844,7.87,232,3.6,7.84006734006734,60,78,364.48
Rebel The Show Cab Svgn,45503,A,840,6.8,249,3.4,7.03972602739726,78,94,337.99
Calico Jack Silver Rum,4201,A,837,9.55,209,4.0,7.400933955970647,73,90,399.83
Jacquin Ginger Brandy,4945,A,837,7.47,237,3.5,7.461146496815287,55,72,353.62
Frangelico Hazelnut Liqueur,8462,A,837,15.82,163,5.1,7.361519607843137,68,85,514.61
A to Z Pnt Nr Ore,41213,A,836,12.07,186,4.5,8.486368593238822,60,79,449.23
Sambuca Romana,8620,A,834,8.75,218,3.8,7.55978835978836,63,80,382.03
Franciscan Cab Svgn Napa,24455,A,832,11.71,188,4.4,7.692793931731985,103,121,441.42
Mr Boston Apricot Brandy,4783,A,827,8.88,216,3.8,7.48711943793911,69,86,383.24
Burnetts Gin,8840,A,827,7.96,228,3.6,7.428353658536586,62,79,362.85
Baileys Irish Cream,597,A,826,21.53,139,5.9,7.4222222222222225,66,83,596.39
Evan Williams Black Label B,1178,A,825,7.83,230,3.6,7.320872274143302,44,61,359.44
Souverain Cab Svgn N Cst,11957,A,823,9.93,204,4.0,7.490566037735849,55,72,404.29
Ciroc Pineapple Vodka,3579,A,822,8.88,215,3.8,7.538461538461538,107,124,382.08
Rosemount Diamond Shiraz,6524,A,822,4.57,300,2.7,7.996884735202492,68,86,274.1
Dr Loosen Rsl 'Dr L' M,34460,A,821,7.23,238,3.4,7.73738680465718,75,92,344.55
Hornitos Reposado Tequila,3980,A,816,31.99,113,7.2,7.498028909329829,62,79,722.55
Emmets Irish Cream,5616,A,814,15.38,163,5.0,7.568726355611601,57,74,500.39
Phillips Earthquake Cab Svgn,43434,A,814,15.58,162,5.0,7.715355805243446,85,102,503.63
Barefoot Cab Svgn Cal,32989,A,813,5.78,265,3.1,7.572402044293015,57,74,306.57
Pinnacle Whipped Vodka,676,A,811,8.65,217,3.7,7.585944115156647,59,76,374.57
Mohua Svgn Bl Marlboro,13497,A,811,6.8,244,3.3,7.626760563380282,90,107,332.11
Bogle Essential Red,17345,A,810,6.01,260,3.1,7.697712418300654,73,90,312.03
E & J Brandy VS,8450,A,809,13.86,171,4.7,7.747273893521488,56,73,473.56
Wild Turkey American Honey,408,A,806,12.97,176,4.6,7.509193776520509,59,76,457.25
New Harbor Svgn Bl Marlboro,45460,A,801,6.53,248,3.2,7.140659340659341,74,90,323.44
Catena Lunlunta Malbec Argn,31909,A,791,12.9,175,4.5,7.941841680129241,64,81,451.75
Buchanans Deluxe 12Yr Scotch,2889,A,787,23.07,131,6.0,7.277697841726619,104,120,602.6
Baileys Salted Caramel,8517,A,784,13.86,168,4.7,7.398158803222095,64,80,466.18
Folonari Pinot Grigio Venez,6455,A,783,6.09,254,3.1,8.120750293083235,90,107,308.82
RumChata Liqueur,5221,A,782,8.59,213,3.7,7.471238938053097,74,90,366.54
E & J Superior RSV VSOP,5444,A,781,14.49,164,4.8,7.704081632653061,84,100,475.75
New Amsterdam Red Berry,3161,A,780,6.66,242,3.2,7.612662942271881,63,79,322.33
Clos Pegase Merlot Napa,28457,A,777,11.76,182,4.3,8.87962962962963,75,94,427.49
Ch St Jean Cab Svgn Cal,41253,A,776,6.09,252,3.1,7.401750972762646,59,75,307.44
Capt Morgan Private Stock,4368,A,772,23.91,127,6.1,7.543125,59,75,607.59
Midnight Moon Apple Pie,6855,A,767,15.19,159,4.8,8.412908242612753,62,80,482.72
Beringer Classic Chard,17176,A,766,5.23,271,2.8,7.233609958506224,81,96,283.06
Jack Daniels No 7 Black Trav,2131,A,763,10.15,194,3.9,9.2,87,106,393.56
Ch Montaud Cotes de Prov Rse,14393,A,762,6.5,242,3.1,7.623139377537212,70,86,314.74
Smirnoff Strawberry Vodka,3882,A,761,8.79,208,3.7,7.5251396648044695,59,75,365.76
Vat 69 Gold,2956,A,758,10.71,188,4.0,7.52225020990764,56,72,402.94
Baracchi O'Lillo,24429,A,758,8.1,216,3.5,9.588235294117647,82,102,350.42
The Dreaming Tree Cab Svgn,16260,A,755,7.58,223,3.4,7.4901036757775685,64,79,338.32
Freixenet Cordon Negro Extr,6459,A,754,7.53,224,3.4,7.744270205066345,75,91,336.98
Ketel One Vodka,567,A,750,20.71,135,5.6,7.455424274973147,69,84,557.36
Trapiche Broquel Mndz Malbec,37904,A,750,6.45,241,3.1,7.830075187969925,77,93,311.05
Jameson Caskmates,2756,A,749,22.89,128,5.9,7.911725955204216,60,76,585.57
Gold Crown Wh Rum,4634,A,749,8.52,210,3.6,8.004232164449819,60,76,357.25
Almaden Cab Svgn Cal B/B,27350,A,747,10.8,186,4.0,7.8291554184342464,44,60,401.69
Crown Royal Canadian Whisky,305,A,746,22.21,130,5.7,7.602453987730061,60,76,575.65
Stolichnaya Ohranj,3680,A,745,18.93,140,5.3,7.8534278959810875,66,82,531.09
Remy Martin VSOP Cognac,4722,A,744,27.77,116,6.4,7.638121546961326,66,82,642.82
J Lohr Falcons Perch Pnt Nr,14416,A,744,8.9,204,3.6,7.795698924731183,80,96,363.91
Eagle Rare Single Barrel Bo,2973,A,743,19.85,137,5.4,7.493702770780857,62,77,543.11
Bulleit 95 Rye,1623,A,741,10.07,192,3.9,7.56781914893617,52,67,386.31
Smirnoff 80 Proof,388,A,739,11.41,180,4.1,7.498064516129032,62,77,410.66
Jim Beam Kentucky Fire,1397,A,739,10.76,185,4.0,7.969534050179211,59,75,398.79
1800 Silver Tequila,8472,A,739,14.99,157,4.7,7.109938434476693,63,77,470.69
Chivas Regal,2645,A,738,21.89,130,5.7,7.752199413489736,63,79,568.42
Yellow Tail Pnt Grigio Ausl,46202,A,738,6.05,247,3.0,7.7228953091022055,90,106,298.83
W Hill Est Chard N Coast,20863,A,737,8.84,204,3.6,7.580065359477124,65,80,360.97
Grey Goose Le Citron Vodka,3782,A,734,18.89,139,5.3,7.660194174757281,75,90,526.6
Beringer Classic Pnt Grigio,41252,A,732,5.13,267,2.7,7.291608063759963,62,77,274.05
Honig Svgn Bl Napa,24840,A,730,8.44,208,3.5,7.325068870523416,70,85,351.03
Smirnoff Kissed Caramel,3054,A,729,8.14,212,3.4,7.299239222316145,54,69,344.5
DeKuyper Peachtree Trav,8562,A,727,11.44,178,4.1,7.473225946887244,50,65,407.85
E & J Superior RSV VSOP,5480,A,722,7.85,214,3.4,7.604863221884498,47,62,336.68
Rodney Strong Pnt Nr,6867,A,722,12.74,168,4.3,8.05072463768116,80,96,428.91
St Francis Cab Svgn Sonoma,24188,A,722,8.55,205,3.5,7.6147186147186146,56,71,351.37
Nobilo Svgn Bl MarlborougH,31231,A,722,6.49,236,3.1,7.663570691434469,69,84,306.13
Canadian Club,858,A,720,8.95,201,3.6,7.613207547169812,55,70,359.0
Bacardi Limon Rum,4267,A,720,15.62,152,4.7,7.781477627471384,55,70,474.27
Fetzer Sundial Chard,6385,A,718,6.88,228,3.1,8.21911421911422,53,69,314.32
DiSaronna Amaretto Sour VAP,1212,A,717,14.38,158,4.5,8.421052631578947,100,117,454.1
Grand Marnier,5353,A,717,12.77,168,4.3,7.307359307359308,120,134,427.93
Black Box Chard,40097,A,717,10.59,184,3.9,7.627027027027027,52,67,389.69
Seghesio Znfdl Sonoma,28856,A,714,11.45,177,4.0,7.570458404074703,70,85,404.36
Jose Cuervo Golden Margarita,5587,A,709,13.17,164,4.3,7.174231332357247,63,77,432.15
Justin Cab Svgn Paso Robles,38888,A,709,16.88,145,4.9,7.623059866962306,65,80,489.24
Bonterra Cab Svgn Organic,26732,A,706,6.79,228,3.1,8.420982735723772,66,82,309.64
Lord Calvert Canadian,2132,A,705,10.23,186,3.8,7.737774030354132,57,72,379.79
Bolla Valpolicella,8790,A,704,8.55,203,3.5,7.496607869742198,63,77,346.96
Frei Bros RSV Chard RRV,34428,A,703,9.55,192,3.7,7.721331689272503,66,81,366.43
Lauders Scotch,2783,A,702,10.06,187,3.8,7.520666666666667,47,61,375.82
The Famous Grouse,1634,A,699,20.73,130,5.4,7.481481481481482,63,77,538.34
Rombauer Carneros Chard,32826,A,698,22.41,125,5.6,7.954828660436137,83,98,559.33
Smirnoff Citrus Vodka,3836,A,697,7.91,210,3.3,7.828843106180666,52,67,332.06
Kapali Coffee,4939,A,692,11.59,173,4.0,7.47462353597323,50,64,400.51
Cavit Pinot Noir Delle Vene,32368,A,692,6.45,232,3.0,7.2733485193621865,67,81,298.78
Ron Virgin White,4370,A,690,7.96,208,3.3,7.923491379310345,72,87,331.43
Malibu Rum Traveler,5750,A,685,8.69,199,3.4,7.404440154440154,63,77,345.04
Angeline Pnt Nr Rsv,41072,A,685,8.16,205,3.3,7.864596273291926,64,79,334.35
Jack Daniels Tennessee Fire,1770,A,683,26.42,114,6.0,7.610970464135021,50,64,600.75
Finlandia Vodka,3614,A,683,15.99,146,4.7,7.568103021297672,48,62,467.36
Deep Eddy Ruby Red,3967,A,679,11.76,170,4.0,7.591312931885489,56,70,399.63
Acrobat Pnt Gris Oregon,12994,A,678,8.16,204,3.3,7.481178396072013,54,68,332.64
Zaccagnini Montepulciano Rsv,11970,A,676,7.71,209,3.2,7.632716049382716,54,68,322.86
Godiva Chocolate Liqueur,5847,A,675,17.31,140,4.8,7.6413690476190474,58,72,483.41
Goslings Black Seal Rum 80,4224,A,674,11.44,172,3.9,7.383304940374787,60,74,392.7
Ruffino Chianti Clsc RSV Tan,6976,A,674,12.74,163,4.1,7.587947882736156,68,82,414.41
Tanqueray,822,A,673,19.99,130,5.2,7.557268722466961,50,64,518.72
Jameson Irish Whiskey,2587,A,671,12.67,163,4.1,7.648648648648648,55,69,412.35
Leroux Blackberry Brandy,4806,A,671,11.71,169,4.0,7.555714285714286,48,62,396.42
Korbel X Dry,8342,A,668,8.21,202,3.3,7.316742081447964,67,80,331.19
Jim Beam Black,1278,A,663,26.71,111,6.0,7.526450511945392,51,65,595.13
Almaden Merlot Cal B/B,31186,A,660,10.8,175,3.8,7.7492434068309555,40,54,377.57
Simi Pnt Nr Sonoma Cnty,14818,A,659,10.73,175,3.8,7.526785714285714,68,82,376.06
Sambuca Romana Black,5219,A,658,13.23,158,4.2,7.572098475967175,53,67,417.26
Cointreau Liqueur,5233,A,655,14.5,150,4.4,7.668181818181818,56,70,435.83
Gentleman Jack,1595,A,654,10.93,173,3.8,7.396396396396397,54,67,378.11
Parducci True Grit 11 Cab Sv,23353,A,653,10.95,173,3.8,9.294117647058824,71,88,378.16
Black Box Merlot Cal,40098,A,652,10.38,177,3.7,7.695759368836292,51,65,367.91
Firesteed Pnt Nr Ore,42422,A,651,7.84,204,3.2,7.3561643835616435,82,95,319.49
St Elder Elderflower Liqueur,8413,A,649,14.28,151,4.3,7.856416772554002,51,65,430.53
Vinsacro Rioja,24768,A,649,10.95,172,3.8,7.875,94,108,377.0
Franzia Burgundy Tap Red,6523,A,648,10.06,179,3.6,7.549421193232413,51,64,361.08
T-Vine Petite Sirah Napa,24936,A,643,9.67,182,3.5,9.0,74,90,352.64
Red Stag by Jim Beam,661,A,638,9.99,179,3.6,7.963680387409201,51,65,357.03
Carlo Rossi Burgundy Calif,6854,A,638,9.86,180,3.5,7.72,44,57,354.7
Bota Box Pnt Grigio Cal,42099,A,638,11.4,167,3.8,7.644467213114754,39,52,381.4
F Coppola Diamond Merlot,31866,A,637,9.03,188,3.4,7.8050682261208575,50,64,339.18
Dewars White Label Scotch,824,A,636,20.76,124,5.1,7.755892255892256,47,61,513.88
Haywood Chamizal Znfdl 09,23382,A,635,10.88,171,3.7,8.397260273972602,67,82,371.72
Kendall Jackson Avant Chard,15105,A,634,6.86,215,2.9,7.194485842026825,72,84,294.93
Grey Goose L'Orange Vodka,3830,A,633,18.45,131,4.8,7.670225385527877,67,80,483.3
Wolfschmidt Vodka 80 Proof,3887,A,632,8.65,191,3.3,7.884955752212389,34,48,330.66
Moet Nectar Imperial Rose,13215,A,631,17.22,135,4.7,7.540229885057471,243,256,466.17
Mr Boston Dark Rum,4346,A,630,8.39,194,3.2,7.495426095329803,41,54,325.14
DeKuyper Sour Apple Pucker,5713,A,630,11.19,168,3.8,7.4888705688375925,48,61,375.49
Phillips Earthquake Ld Znfdl,41159,A,629,16.1,140,4.5,7.7325905292479105,67,80,450.04
Kendall Jackson Pnt Nr Vtnr,6824,A,628,10.27,175,3.6,7.131041890440387,147,159,359.15
Laphroaig 10 Yr Single Malt,2788,A,626,31.24,100,6.3,7.742616033755274,53,66,625.4
Bacardi Dragon Berry Rum,4196,A,626,7.46,205,3.1,7.75,57,70,305.61
Kraken Black Spiced Rum,4187,A,624,12.85,156,4.0,7.356578947368421,50,63,400.46
Belvedere Vodka,115,A,623,21.37,121,5.1,7.402730375426621,57,70,516.02
Bacardi Limon Rum,4247,A,622,7.99,197,3.2,7.761104441776711,59,72,315.27
Sanford Santa Barbara Chard,44943,A,622,10.45,173,3.6,8.111524163568774,77,91,360.55
Ferrari-Carano Chard,26948,A,621,11.53,164,3.8,7.4842342342342345,77,90,378.42
Jenkins French Brandy,4494,A,620,9.55,180,3.4,7.892825509300266,56,69,344.12
Ciroc Red Berry Vodka,3397,A,619,18.24,130,4.8,7.561917443408788,51,64,475.2
Capt Morgan White,4089,A,619,14.59,146,4.2,7.307981220657277,43,55,425.0
Layer Cake Cab Svgn,14838,A,619,7.71,200,3.1,7.6125,77,90,308.95
Absolut Ruby Red,3364,A,616,17.85,131,4.7,7.51227495908347,57,70,468.95
Straccali Chianti,24779,A,616,6.84,212,2.9,7.393501805054152,42,54,290.29
Mount Gay Eclipse,4437,A,615,23.48,114,5.4,7.515759312320917,47,60,537.41
Wente Morning Fog Chard,6649,A,615,7.87,198,3.1,7.348030018761726,51,63,311.13
Latour 12 Cuvee Bourg Rouge,45604,A,614,13.07,153,4.0,8.34,61,75,400.62
Sauza Extra Gold Tequila,273,A,612,17.31,133,4.6,7.49812734082397,48,61,460.3
Carlo Rossi Paisano Calif,6660,A,611,10.27,172,3.6,7.723929471032745,44,57,354.26
Ch Hyot Brdx Castillon,16695,A,608,10.27,172,3.5,7.8930817610062896,67,80,353.39
Seagrams Extra Smooth Vodka,3329,A,606,10.84,167,3.6,8.299750623441396,41,55,362.47
Acumen Moutainside Red Napa,24631,A,606,16.77,134,4.5,8.282296650717702,59,73,450.84
Dom Chandon Brut Cuvee,8537,A,605,9.39,179,3.4,7.5042573320719015,54,66,337.08
Bota Box Cab Svgn,13708,A,604,11.33,163,3.7,7.676953125,37,50,369.96
Milagro Silver Tequila,3534,A,603,18.17,129,4.7,7.919730392156863,57,70,468.11
Rob Stuart Big Fire Pnt Nr,38772,A,602,10.96,166,3.6,7.806282722513089,53,66,363.26
La Crema Pnt Nr Sonoma Cst,24327,A,600,13.1,151,4.0,7.202392821535394,56,68,396.49
Makers Mark,1394,A,598,12.68,154,3.9,7.685305591677503,46,59,389.43
Belvedere Vodka,3682,A,598,16.66,134,4.5,7.409067490984029,53,65,446.38
Hennessy Privilege VSOP,4689,A,595,33.33,94,6.3,7.106971153846154,62,74,629.79
Old Bushmills,2952,A,593,14.61,142,4.2,7.414872798434442,45,57,416.26
Bota Box Malbec,14078,A,592,11.25,162,3.7,7.672975352112676,36,48,364.97
Patron Citronge Orange Liqu,966,A,591,16.15,135,4.4,8.484931506849316,45,59,436.91
Black Box Pnt Grigio,44208,A,589,10.95,164,3.6,7.72092084006462,39,51,359.15
J & B Rare,2723,A,588,21.42,117,5.0,7.540466392318244,46,58,501.9
Wild Turkey 101,8107,A,588,26.71,105,5.6,7.462177121771218,38,50,560.46
Ch St Jean Belle Terre Chard,23229,A,587,10.34,168,3.5,7.439205955334987,57,69,348.41
Absolut Mandrin,8102,A,586,18.65,125,4.7,7.524744027303754,61,73,467.52
Bota Box Chard Cal,39356,A,585,11.56,159,3.7,7.720742817098809,34,46,367.77
The Glenlivet 12 Yr Single,8338,A,583,14.49,142,4.1,7.694763729246488,40,52,411.04
Capt Morgan White,4103,A,579,11.19,161,3.6,7.59662775616083,58,70,359.97
Sauza Blue Silver,4349,A,577,12.11,154,3.7,7.429942418426104,45,57,373.83
J Lohr Los Osos Merlot,31558,A,576,8.44,185,3.1,7.748917748917749,59,71,311.82
Guigal Cotes du Rhone Red,6873,A,572,9.2,176,3.2,7.875685557586837,47,59,324.42
UV Blue Raspberry Vodka,3464,A,570,10.06,168,3.4,7.0012422360248445,52,63,338.65
Bacardi Gold Rum,4223,A,569,14.92,138,4.1,7.687184661957619,63,75,412.06
E & J XO Brandy,4502,A,569,16.17,133,4.3,7.700520833333333,39,51,428.97
Mount Gay Eclipse,8166,A,568,15.14,137,4.1,7.664343786295006,46,58,414.72
Chopin Vodka,3679,A,567,14.49,140,4.0,7.618065433854907,47,59,405.36
DeKuyper Peppermint Schnapp,5031,A,567,11.71,156,3.6,7.659400544959128,47,59,364.41
Hpnotiq Liqueur,5165,A,566,13.33,146,3.9,7.3515625,53,64,388.45
Wild Horse CC Pnt Nr,27835,A,566,9.14,176,3.2,7.827505827505828,59,71,321.66
DeKuyper Buttershots Schnaps,5232,A,564,10.71,162,3.5,7.672918229557389,37,49,347.58
Booths London Dry Gin,3123,A,563,10.94,160,3.5,7.604078164825828,51,63,350.98
Sauza Blanco Tequila,4199,A,559,16.92,129,4.3,7.387096774193548,44,55,434.93
Silverado Cab Svgn Napa,32924,A,559,27.51,101,5.5,7.885416666666667,63,75,554.58
Chivas Regal,2646,A,556,43.3,80,7.0,7.561482820976492,41,53,693.9
Don Q Cristal Rum,4145,A,556,12.68,148,3.8,7.031830238726791,42,53,375.5
Bulleit Bourbon,8778,A,556,37.29,86,6.5,7.510376633358955,41,52,643.95
Pallini Limoncello Liqueur,5505,A,555,14.5,138,4.0,7.172463768115942,47,58,401.19
Hess Select Cab Svgn,24088,A,552,8.75,178,3.1,7.564516129032258,46,57,310.81
Almaden Mt Rhine Calif B/B,10596,A,549,9.86,167,3.3,7.721587492483463,37,49,329.03
Bombay Sapphire Gin,903,A,548,18.79,121,4.5,7.758620689655173,47,59,453.81
Summers Cab Svgn Rsv,23253,A,547,13.07,145,3.8,7.924418604651163,64,76,378.14
Tenshen Red,24766,A,546,10.27,163,3.3,9.571428571428571,88,102,334.89
Bird Dog Bourbon,2794,A,539,10.5,160,3.4,8.37719298245614,49,61,336.44
Banfi Rosa Regale,18027,A,539,9.08,172,3.1,7.662182361733931,52,63,312.86
Midori Melon Liqueur,5368,A,538,15.23,133,4.0,7.445530726256983,38,49,404.81
Pinnacle Grape Vodka,3368,A,536,12.22,148,3.6,7.306584362139918,37,48,361.94
Knob Creek Smoked Maple,8296,A,535,21.7,111,4.8,7.860991379310345,46,58,481.86
Caymus Cab Svgn Napa Vly,11214,A,534,50.33,73,7.3,7.707948243992607,70,81,733.16
Campari,8258,A,533,21.05,113,4.7,7.498847926267281,36,47,473.71
Artesa Carneros Chard,32545,A,533,10.27,161,3.3,8.175324675324676,58,70,330.87
Hiram Walker Coffee Brandy,4896,A,530,14.05,137,3.9,7.510726072607261,43,54,385.92
Carpineto Chianti Clsc RSV,38652,A,529,13.65,139,3.8,8.023668639053254,66,78,380.02
Stolichnaya Blueberi,3427,A,528,17.85,122,4.3,7.77264858626659,43,54,434.16
Jadot Pouilly Fuisse,6162,A,528,14.19,136,3.9,7.7287234042553195,54,65,387.1
Tullamore Dew,2398,A,526,16.4,127,4.1,7.837772397094431,38,49,415.37
Capt Morgan Private Stock,4268,A,526,18.25,120,4.4,7.720779220779221,47,58,438.17
Duckhorn Decoy Pnt Nr,13661,A,526,11.61,151,3.5,7.5243553008595985,92,103,349.48
Stolichnaya Vanil,3689,A,525,12.77,143,3.7,7.9034267912772584,43,54,366.18
Mumm Brut Prestige,6231,A,522,10.27,159,3.3,7.708628005657709,56,67,327.44
Josh Cellars Legacy Red,21609,A,522,9.58,165,3.2,7.79445727482679,54,65,316.25
Clos Pegase Carneros Chard,27817,A,521,10.95,154,3.4,8.443514644351465,53,65,337.79
Pinnacle Strawbry Kiwi Vodka,3385,A,514,12.97,141,3.6,7.332236842105263,37,47,365.15
Smirnoff Orange Vodka,3583,A,514,13.23,139,3.7,7.5951690821256035,34,45,368.79
Boru Original Irish Vodka,3667,A,513,13.13,140,3.7,7.524347826086957,34,45,367.03
Hennessey VS +VSOP 50mL,1024,A,512,19.99,113,4.5,7.355555555555555,99,109,452.44
Gentleman Jack,171,A,510,36.76,83,6.1,7.664959016393443,41,52,612.34
Bailey's Espresso Creme,8440,A,510,14.72,132,3.9,7.465909090909091,44,54,387.49
Smirnoff Vanilla Vodka,3396,A,507,13.73,136,3.7,7.43796835970025,36,46,373.13
Wild Turkey,8187,A,507,13.17,139,3.6,7.491566265060241,40,50,365.44
Wild Turkey 101,8387,A,502,17.45,120,4.2,7.6175710594315245,39,49,418.57
Buehler Cab Svgn Napa,24493,A,499,14.76,130,3.8,7.9763779527559056,58,69,383.8
Kendall Jackson Vntr RSV Cab,6351,A,498,11.18,149,3.3,7.116758241758242,58,68,333.7
Sonoma-Cutrer Chard RRV,26949,A,496,15.53,126,3.9,7.47316384180791,57,67,392.5
Lange Willamette Pnt Nr,41940,A,496,14.28,132,3.8,8.397849462365592,111,122,376.37
Petite Petit Phillips Lodi,46201,A,494,11.25,148,3.3,7.67612293144208,43,53,333.39
Stolichnaya Vanil,3656,A,493,19.99,111,4.4,7.979002624671916,39,50,443.96
Southern Comfort 100 Proof,5296,A,490,21.01,108,4.5,7.819322459222083,40,50,453.76
Johnnie Walker Red Label,2755,A,488,19.68,111,4.4,7.669338677354709,64,74,438.27
Artesa Carneros Pnt Nr,32546,A,486,12.58,139,3.5,8.23448275862069,66,77,349.68
Bacardi Dragon Berry Rum,4179,A,483,15.14,126,3.8,7.708551483420593,48,58,382.43
The Glenlivet 15Yr FrenchOak,2426,A,481,41.59,76,6.3,7.557817589576548,43,53,632.53
Oban 14-Yr Single Malt,1869,A,479,40.14,77,6.2,7.526170798898072,45,55,620.12
The Macallan 12 Yr Old,2520,A,476,42.21,75,6.3,7.322654462242563,39,49,633.91
Red Stag by Jim Beam,1388,A,475,19.22,111,4.3,7.366336633663367,36,46,427.31
Bogle Phantom Red Cal,41321,A,475,10.94,147,3.2,7.755047106325707,58,68,322.38
Early Times,1323,A,473,13.59,132,3.6,7.552699228791774,34,44,358.55
Black Box Pnt Nr,21019,A,472,10.66,149,3.2,7.56048166392994,28,38,317.22
Licor 43 Vanilla Liqueur,438,A,471,12.77,136,3.5,7.904191616766467,39,49,346.83
Kinky Liqueur,6499,A,471,12.68,136,3.5,7.332644628099174,45,54,345.61
Capt Morgan Long Isl Tea RTD,5058,A,470,11.93,140,3.4,7.627397260273972,40,50,334.88
Remy Martin 1738 Accord Ryl,782,A,469,35.15,82,5.7,7.553370786516854,72,82,574.21
Duggans Dew O Kirkintilloch,1734,A,469,17.45,116,4.0,7.418918918918919,35,45,404.58
Godiva Wh Chocolate Liqueur,5890,A,469,16.66,119,3.9,7.433684210526316,40,50,395.31
Tia Maria Coffee Liqueur,5396,A,464,12.14,138,3.4,7.248,33,42,335.65
Yukon Jack,8893,A,463,12.68,135,3.4,7.73019801980198,35,45,342.66
Grand Marnier,8612,A,458,45.79,71,6.5,7.702928870292887,38,48,647.64
Pravda Polish Vodka,3524,A,455,14.7,124,3.7,7.098,38,47,365.75
Silver Palm Nth Cst Cab Svgn,46934,A,455,10.31,149,3.1,7.489473684210527,53,62,306.3
MacMurray Ranch Pnt Nr RRV,36543,A,453,13.15,131,3.5,8.386206896551725,50,60,345.17
Absolut Raspberri,3584,A,452,12.49,135,3.3,7.536115569823435,41,50,336.02
Ciroc Peach Vodka,3072,A,451,18.24,111,4.1,7.618357487922705,56,65,405.62
1800 Reposado Gold Tequila,8469,A,450,16.29,118,3.8,7.076347305389222,37,46,382.9
Lagavulin Single Malt 16-Yr,1868,A,449,49.62,67,6.7,7.475945017182131,44,53,667.53
Espolon Blanco Tequila,3924,A,449,17.38,114,3.9,7.324137931034483,39,48,395.06
Hornitos Plata Tequila,3444,A,448,29.13,88,5.1,7.4795180722891565,35,44,510.89
Cabin Fever Maple Liqueur,5630,A,448,14.17,126,3.6,7.771653543307087,39,49,356.32
Absolut Spark Vodka,3811,A,445,12.68,132,3.4,8.368421052631579,100,110,335.94
Cesari Valpolicella Clsc Am,32832,A,445,20.68,104,4.3,8.88679245283019,56,67,429.01
Grand Marnier,821,A,443,27.99,89,5.0,7.505732484076433,31,40,497.99
Cabo Wabo Blanco Tequila,3818,A,441,21.73,101,4.4,7.043153526970954,40,49,437.79
Dewars Highlander Honey,2679,A,440,14.28,124,3.5,7.458333333333333,43,52,354.49
Reyka Vodka,3527,A,439,21.87,100,4.4,7.985037406483791,35,45,438.2
The Famous Grouse,1639,A,437,15.74,118,3.7,7.037267080745342,37,45,370.9
Hammer & Sickle Vodka,3209,A,437,14.07,125,3.5,8.007510729613735,39,49,350.68
Stolichnaya Blueberi,3487,A,435,12.77,131,3.3,7.749174917491749,37,46,333.32
Grey Goose Cherry Noir Vodka,3194,A,433,18.31,109,4.0,7.680555555555555,59,68,398.2
Yukon Jack,8898,A,433,18.83,107,4.0,7.6882494004796165,27,36,403.82
Svedka Clementine Vodka,3220,A,430,14.72,121,3.6,7.762921348314607,35,44,355.8
Rebel Yell,1174,A,429,15.87,116,3.7,7.6686507936507935,29,38,369.01
Capt Morgan White PET,4662,A,429,15.38,118,3.6,7.640038498556304,42,51,363.26
Crown Royal Hand Slct Barrel,2492,A,426,41.66,72,5.9,8.434782608695652,389,399,595.79
Grey Goose La Poire Vodka,3961,A,426,18.17,108,3.9,7.569131832797428,44,53,393.46
Patron XO Cafe Liqueur,984,A,425,20.63,101,4.2,8.53641456582633,41,51,418.76
Johnnie Walker Black Label,2751,A,425,15.99,115,3.7,7.544117647058823,33,42,368.67
Glenfiddich Special Rsv 12Yr,8078,A,425,14.59,121,3.5,8.096491228070175,37,46,352.16
Baileys Chocolate Cherry,8515,A,424,14.61,120,3.5,7.5,40,49,351.99
St Germain Liqueur,443,A,419,24.45,93,4.5,7.820245979186376,38,47,452.65
Ciroc Snap Frost Vodka,3513,A,415,17.98,107,3.9,7.704,39,48,386.31
Patron Silver Tequila,3788,A,414,19.99,102,4.1,8.345050878815911,50,59,406.84
Sterling Cab Svgn,8921,A,412,11.45,134,3.1,7.458928571428571,50,58,307.16
Crown Royal Maple Whisky,2476,A,410,16.79,110,3.7,7.773134328358209,41,50,371.05
Smirnoff Citrus Vodka,3820,A,404,13.33,123,3.3,7.661574618096357,30,38,328.19
Parrot Bay 90 Coconut Capt,4385,A,404,16.54,111,3.6,7.422203532380151,37,45,365.58
1800 Silver Tequila,8473,A,404,24.44,91,4.4,7.178070175438597,28,36,444.38
Glenfiddich Special Rsv 12,1921,A,401,52.71,62,6.5,7.952080706179067,40,49,650.19
W Hill Chard Napa,6569,A,401,12.98,124,3.2,7.676136363636363,51,59,322.65
Speyburn 10-Yr Single Malt,2924,A,400,17.18,108,3.7,7.485714285714286,35,43,370.73
Ciroc Pineapple Vodka,3704,A,400,18.37,104,3.8,7.730684326710817,39,47,383.36
Beefeater,3422,A,399,15.99,112,3.6,7.705738705738706,26,34,357.21
Everclear 151,1692,A,397,13.4,122,3.3,7.622920517560074,27,35,326.18
Balvenie 12 Yr Doublewood S,1956,A,395,39.99,70,5.6,7.926657263751763,37,46,562.07
Frei Bros RSV Cab Svgn Alex,34427,A,395,13.81,120,3.3,7.549425287356322,38,46,330.3
Pinnacle Vodka 100 Proof,3197,A,390,15.32,113,3.5,6.7901639344262295,22,29,345.68
Knob Creek Rye,1359,A,387,21.87,94,4.1,7.64171974522293,29,37,411.43
Ballantines,2623,A,387,18.24,103,3.8,7.617378048780488,28,36,375.74
Bombay Sapphire East Gin,3016,A,386,14.59,115,3.4,7.7612456747404845,50,58,335.61
Tullamore Dew,2374,A,385,31.24,78,4.9,8.064467766116941,35,44,490.47
Stolichnaya,3936,A,385,15.21,112,3.4,7.803757828810021,34,42,342.23
Jack Daniels Bruins Glass Pk,1060,A,383,21.7,94,4.1,6.931464174454828,52,59,407.7
Bacardi Black,4229,A,383,14.7,114,3.4,7.59877800407332,32,40,335.56
Crown Royal Nrth Harvest Rye,2468,A,380,22.39,92,4.1,7.464285714285714,34,42,412.51
Aberlour Glenlivet 12 Yr,1758,A,377,29.76,80,4.7,7.602760736196319,32,40,473.71
Carolans Irish Cream,5142,A,377,17.45,104,3.6,7.4603174603174605,30,38,362.73
Smith & Hook Lucia Cab Svgn,39691,A,375,13.79,117,3.2,7.292517006802721,39,46,321.6
Nardi Casale 08 Bosco Brunel,24665,A,374,19.3,98,3.8,8.695652173913043,82,91,379.96
Bulleit 95 Rye,1380,A,371,34.05,74,5.0,7.535714285714286,27,35,502.65
Tanqueray Rangpur Gin,3366,A,371,24.45,87,4.3,7.54524627720504,35,43,425.93
Four Roses Bourbon,2890,A,370,21.25,93,4.0,7.895777178796047,30,38,396.55
Johnnie Walker Double Black,2287,A,369,29.22,79,4.7,7.413684210526315,34,41,464.38
Veuve Clicquot Brut Yellow,19270,A,365,16.44,105,3.5,7.211895910780669,62,69,346.43
Beaulieu Cab Svgn Rutherford,8233,A,364,17.31,103,3.5,7.182291666666667,49,56,354.99
Courvoisier VSOP Cognac,4682,A,363,26.92,82,4.4,7.741935483870968,31,39,442.09
Decoy by Duckhorn Red Sonoma,42874,A,360,11.38,126,2.9,7.757847533632287,61,69,286.25
Ciroc Coconut Vodka,3352,A,359,18.79,98,3.7,7.711325966850829,35,43,367.31
1800 Coconut Tequila,8424,A,358,16.29,105,3.4,7.0014450867052025,29,36,341.52
R Mondavi Cab Svgn Napa,8892,A,354,17.0,102,3.5,7.551020408163265,46,53,346.93
The Prisoner Red Napa Valley,15229,A,352,26.11,82,4.3,7.56734693877551,45,52,428.74
St Supery Cab Svgn,21469,A,352,19.6,95,3.7,7.7366255144032925,38,45,371.46
The Macallan 10 Yr Fine Oak,2522,A,350,36.92,69,5.1,7.462264150943396,32,39,508.37
Morgan Winery Twelve Clones,31542,A,350,16.1,104,3.4,7.402912621359223,38,45,335.71
Stags Leap Artemis Cab Svgn,35464,A,349,28.44,78,4.5,7.600806451612903,45,52,445.55
Ciroc Apple Vodka,3761,A,347,34.28,71,4.9,7.370892018779343,101,108,487.75
1800 Reposado Gold Tequila,8474,A,346,24.62,84,4.1,7.245508982035928,21,28,412.76
Hennessy VS Cognac,4673,A,335,46.66,60,5.6,7.135288552507095,41,48,559.13
Silver Oak Cab Svgn Alex Vly,44547,A,333,45.15,61,5.5,8.003533568904594,54,61,548.37
Mer Soleil Chard Central Cst,41537,A,320,18.06,94,3.4,8.14396887159533,39,46,339.98
Jack Daniels Single Barrel,1237,A,317,33.83,68,4.7,7.513888888888889,36,43,463.13
Knob Creek Bourbon,1358,A,316,42.85,61,5.2,7.533969010727056,26,33,520.4
Makers 46,1382,A,310,28.56,74,4.2,7.6685236768802225,27,34,420.8
Chopin Vodka,3699,A,310,31.0,71,4.4,7.63941605839416,29,35,438.41
Perrier Jouet Grand Brut,8143,A,309,23.02,82,3.8,7.680851063829787,86,93,377.18
Elijah Craig 12 Yr Bourbon,2136,A,308,21.53,85,3.6,7.471337579617835,53,59,364.18
Hendrick's Gin,3234,A,307,45.92,58,5.3,7.847082494969819,29,36,530.99
Balvenie 14 Yr Caribean Cask,2517,A,303,46.42,57,5.3,8.059681697612731,33,40,530.38
Smirnoff Blue 100 Proof Trav,3593,A,303,21.42,84,3.6,7.463375796178344,20,26,360.29
Honig Cab Svgn Napa,25883,A,302,24.82,78,3.9,7.6647058823529415,57,63,387.19
Wild Turkey,8085,A,299,25.59,76,3.9,7.4005641748942175,21,27,391.19
Clos du Val Cab Svgn Napa,29431,A,299,19.86,87,3.4,7.819004524886878,35,41,344.62
Glenfiddich Special Rsv 12,8021,A,298,31.49,69,4.3,7.901515151515151,26,32,433.22
Woodford Reserve Bourbon,2062,A,296,44.11,58,5.1,7.474278544542033,21,27,511.01
Camarena Silver Tequila,8189,A,295,25.59,76,3.9,7.822761194029851,28,34,388.56
Knob Creek Single Barrel Rsv,1468,A,293,31.49,68,4.3,7.530952380952381,90,96,429.57
The Glenlivet Founders Res,2944,A,290,32.14,67,4.3,7.674897119341564,28,34,431.76
WhistlePig 10 Yr Old Rye,2531,A,282,46.37,55,5.1,7.355769230769231,47,53,511.4
Old Bushmills Irish Whiskey,2951,A,282,28.78,70,4.0,7.47808764940239,23,29,402.89
Maker's Mark Combo Pack,1005,A,280,27.34,72,3.9,7.709677419354839,36,42,391.29
Crown Royal Regal Apple,2494,A,280,31.0,67,4.2,7.546325878594249,25,31,416.66
Everclear 151,1961,A,275,23.91,76,3.6,7.609326424870466,25,31,362.64
Saddleback Clrs 09 Cab Svgn,23357,A,275,24.51,75,3.7,9.0,48,55,367.16
Corralejo Reposado Tequila,8144,A,273,22.38,78,3.5,8.197226502311247,25,31,349.56
Camarena Reposado Tequila,8218,A,271,23.87,75,3.6,7.653932584269663,29,35,359.69
Milagro Silver Tequila,3347,A,270,28.56,69,3.9,7.917948717948718,28,34,392.72
McClelland Highland Sgl Malt,2696,A,267,25.19,73,3.7,7.431932773109244,19,24,366.76
Blantons Sgl Barrel Bourbon,1398,A,264,40.59,57,4.6,7.27810650887574,29,34,462.94
Hess Allomi Cab Svgn,35375,A,264,19.73,82,3.2,7.964,31,37,322.76
Glenmorangie 10 Yr Scotch,2692,A,255,26.31,70,3.6,7.486156351791531,22,27,366.31
Booker's Bourbon,1239,A,254,39.99,56,4.5,7.642737896494157,25,30,450.73
Dom de Canton Ginger Liqueur,653,A,253,21.73,76,3.3,7.458937198067633,18,23,331.6
Johnnie Walker Green Label,2721,A,251,47.61,51,4.9,7.679425837320574,57,62,488.89
Monkey Shoulder Scotch,8727,A,249,23.07,73,3.4,8.036809815950921,22,27,338.96
Hennessy VSOP Cognac + 50mL,1023,A,237,35.93,57,4.2,8.25,53,58,412.7
Templeton Rye Whiskey,2366,A,237,25.36,68,3.5,8.377358490566039,24,29,346.71
Ardbeg 10 Yr Single Malt Sc,2965,A,234,34.64,58,4.0,7.417307692307692,31,36,402.64
Wild Turkey American Honey,8408,A,233,22.21,72,3.2,7.466666666666667,26,31,321.72
Michter's Small Batch Bourbn,2640,A,227,30.07,61,3.7,7.5978021978021975,20,25,369.49
Don Julio Blanco Tequila,3790,A,224,35.65,56,4.0,7.467261904761905,20,25,399.64
Cakebread Chard,12181,A,220,24.48,67,3.3,7.547344110854503,26,31,328.2
Patron Reposado Tequila,3654,A,216,39.39,52,4.2,8.686486486486487,44,49,412.52
Talisker 10-Yr Single Malt,2854,A,215,38.45,53,4.1,7.979423868312757,49,54,406.62
McClelland Islay Single Malt,2155,A,214,24.05,67,3.2,7.597585513078471,16,20,320.84
M Duffau Napoleon Armagnac,5076,A,213,28.12,62,3.4,7.253164556962025,63,67,346.12
Ketel One Citroen Vodka,3495,A,212,23.52,67,3.2,7.527027027027027,20,24,315.79
Taylor Fladgate 20-Yr Tawny,21033,A,212,26.89,63,3.4,7.4036697247706424,27,31,337.66
Jeffersons Reserve Bourbon,1271,A,211,37.59,53,4.0,7.572895277207392,26,30,398.28
Dalwhinnie 15-Yr Single Mal,2958,A,201,40.73,50,4.0,7.555900621118012,19,23,404.65
Ron Zacapa 23 Yr Old Rum,4390,A,200,33.33,55,3.6,7.4522417153996106,19,23,365.13
Banfi Brunello Montalcino,18142,A,200,40.4,50,4.0,7.651428571428571,36,40,402.0
Ch La Rousseliere St Estephe,25197,A,198,99.33,32,6.2,7.6875,2,6,627.23
Don Julio Anejo Tequila,3800,A,195,42.85,48,4.1,7.661641541038526,23,27,408.8
Cointreau Liqueur,5124,A,195,51.53,43,4.5,7.63768115942029,16,20,448.32
Four Roses Single Barrel Brb,1094,A,194,29.92,57,3.4,7.89587852494577,37,41,340.72
Redbreast Irish Whiskey,2017,A,193,44.77,46,4.2,7.568627450980392,14,18,415.72
Crown Royal Black,2496,A,190,36.22,51,3.7,7.650918635170604,16,20,371.0
Dom Perignon,8622,A,190,87.09,33,5.8,7.426294820717131,39,43,575.28
Patron Anejo Tequila,3658,A,184,41.9,47,3.9,8.586440677966102,22,26,392.67
Groth Cab Svgn Napa,36648,A,174,39.18,47,3.7,7.647058823529412,29,33,369.25
Glenfiddich 14 Yr Barrel Rsv,2125,A,171,36.76,48,3.6,8.34061135371179,14,18,354.57
Ch Montelena Cab Svgn Napa,39971,A,158,25.33,56,2.8,7.846153846153846,19,22,282.92
Glenfiddich Solera 15-Yr RS,2967,A,157,40.73,44,3.6,8.043343653250774,15,18,357.62
Moet & Chandon Brut Imprl Ro,8897,A,150,33.55,47,3.2,7.276978417266187,30,33,317.26
Woodford Reserve Double Oak,2518,A,149,36.49,45,3.3,7.302040816326531,15,18,329.76
Silver Oak Cab Svgn Napa,43362,A,148,68.93,33,4.5,7.857142857142857,51,54,451.71
WhistlePig 10 Yr Old Rye,2208,A,147,53.95,37,4.0,7.5,20,23,398.26
Hibiki Harmony Japan Whiskey,2986,A,147,51.96,38,3.9,7.931407942238267,20,23,390.87
Grey Goose Glass Pack,1330,A,146,38.27,44,3.3,8.033132530120483,39,42,334.3
The Dalmore 12Yr Single Malt,2534,A,145,35.99,45,3.2,7.679577464788732,13,16,323.07
Glenmorangie Original 10 Yr,2619,A,127,51.58,35,3.6,7.511278195488722,11,14,361.96
Johnnie Walker Platinum,3497,A,127,73.07,29,4.4,7.713855421686747,22,25,430.87
Jeffersons  Ocean Bourbon,4639,A,124,58.82,32,3.9,7.67741935483871,37,40,381.97
The Glenlivet 18 Yr Single,1896,A,115,68.83,29,4.0,8.343915343915343,12,15,397.88
Oban Distiller's Edition,1870,A,106,59.69,30,3.5,7.308411214953271,11,13,355.74
Johnnie Walker Blue Label,2767,A,103,139.7,19,5.4,7.785714285714286,10,12,536.48
Martell Cordon Bleu,4628,A,102,79.99,25,4.1,6.989473684210527,15,17,403.98
GlenDronach 15 Yr Scotch,2740,A,100,65.41,28,3.6,8.72,92,94,361.72
The Macallan Fine Oak 15 Yr,2960,A,98,69.34,27,3.6,6.868131868131868,10,12,368.7
Patron Silver Tequila,3733,A,93,83.96,24,3.9,8.3033381712627,12,14,395.25
WhistlePig Old World 12 Yr,2554,A,79,83.33,22,3.6,7.191616766467066,22,24,362.87
Don Julio 1942 Anejo Tequila,3923,A,71,106.34,18,3.9,7.611111111111111,13,14,388.63
Remy Martin XO Cognac,4528,A,67,106.86,18,3.7,7.86231884057971,11,12,378.46
Hennessy XO Cognac,4652,A,63,118.51,16,3.9,7.756613756613756,13,14,386.49
Jos Phelps Insignia 2010 Red,20132,A,63,84.76,19,3.3,7.0,19,20,326.83
The Macallan 18 Yr Old,2989,A,58,192.59,12,4.8,7.390243902439025,34,35,472.77
Johnnie Walker Blue Label,2748,A,45,240.59,10,4.5,7.415282392026578,12,13,465.59
Opus One 12,24786,A,39,159.73,11,3.5,7.583333333333333,25,26,352.98
Smirnoff Watermelon,7341,B,7895,0.75,2294,3.4,7.8825688073394495,547,718,344.13
Smirnoff Kissed Caramel,9145,B,6637,0.75,2103,3.2,7.7181146025878,438,578,315.52
Smirnoff Citrus Vodka,3607,B,6427,0.72,2113,3.0,7.7349081364829395,444,580,304.22
Baileys Espresso Creme,8606,B,5369,0.73,1918,2.8,7.61,453,565,279.98
Sauza Gold Tequila,8103,B,5317,0.77,1858,2.9,7.6220839813374806,369,480,286.15
Red Stag by Jim Beam,1366,B,5188,0.93,1670,3.1,7.672014260249554,328,437,310.64
Pinnacle Vodka,3012,B,4685,0.74,1779,2.6,7.602409638554217,276,374,263.32
Smirnoff Sorbet Rasp/Pomegra,3315,B,4409,0.74,1726,2.6,7.821649484536082,300,394,255.45
Sailor Jerry Spiced Navy Rum,4149,B,4133,1.16,1335,3.1,8.016949152542374,229,320,309.65
DeKuyper Buttershots Schnpps,5251,B,4088,0.72,1685,2.4,7.872958257713249,308,396,242.63
Tito's Handmade Vodka,3500,B,3925,1.07,1354,2.9,7.846037735849056,255,339,289.82
DK Burst Blustery Peppermint,8172,B,3909,0.71,1659,2.4,7.905405405405405,272,357,235.6
Leroux Blackberry Brandy,8171,B,3412,0.71,1550,2.2,7.6128266033254155,220,291,220.11
Bacardi Superior Rum,8130,B,3128,0.93,1297,2.4,8.026022304832713,218,287,241.21
Serpent's Bite Cider Whiskey,2704,B,3126,0.78,1416,2.2,7.574468085106383,262,327,220.83
Capt Morgan White,4113,B,3110,0.74,1450,2.1,7.647058823529412,177,242,214.54
Ciroc Apple Vodka,3783,B,3050,1.5,1008,3.0,6.882978723404255,245,303,302.49
Kinky Liqueur,5676,B,3009,1.42,1029,2.9,7.417737789203085,259,320,292.33
Smirnoff Sorbet Mango/Pasion,3300,B,2932,0.71,1437,2.0,8.020942408376964,209,273,204.05
Ryans Irish Cream,5877,B,2871,0.62,1522,1.9,7.827848101265823,225,287,188.68
Jim Beam Apple,2792,B,2814,0.78,1343,2.1,8.23,420,483,209.52
Southern Comfort,5270,B,2466,1.55,892,2.8,7.866419294990724,225,278,276.49
Johnnie Walker Red Label,8092,B,2455,1.7,850,2.9,7.867724867724868,189,242,288.91
Amaretto DiSaronno,5316,B,2408,1.83,811,3.0,7.886,174,226,296.87
Crown Royal Mini,2465,B,2316,2.15,734,3.2,7.738944365192582,190,239,315.58
Tanqueray,8101,B,2298,1.47,884,2.6,7.6967592592592595,147,195,259.93
After Shock Hot & Cool Cinmn,5457,B,2247,1.54,854,2.6,7.874396135265701,187,235,263.07
Kinky Blue Liqueur,6081,B,2153,1.46,859,2.5,7.458410351201478,192,236,250.73
Malibu Rum,5739,B,1990,1.53,806,2.5,7.763915547024952,185,227,246.77
Jack Daniels Tennessee Honey,1867,B,1982,2.15,679,2.9,7.534435261707989,149,190,291.93
Dewars White Label,2672,B,1960,1.8,738,2.7,8.05476673427992,148,191,265.63
Absolut Citron,3727,B,1899,1.47,804,2.4,7.840616966580977,134,175,236.29
J Roget Extra Dry,8475,B,1822,1.23,861,2.1,7.576100628930818,179,217,211.71
Knob Creek Bourbon,1355,B,1754,2.59,582,3.0,7.529485570890841,124,160,301.43
Makers Mark,1389,B,1745,2.18,633,2.8,7.6031195840554595,149,185,275.83
Stolichnaya,8788,B,1644,1.53,733,2.2,8.116564417177914,115,152,224.29
Grey Goose Vodka,3847,B,1612,2.81,536,3.0,7.693181818181818,184,218,300.99
Ketel One Vodka,3547,B,1581,2.2,599,2.6,7.631410256410256,130,163,263.75
Jack Daniels No 7 Black,1295,B,1564,2.89,520,3.0,7.551020408163265,146,178,300.66
Capt Morgan Spiced Rum,4736,B,1513,2.14,595,2.5,7.639257294429708,104,136,254.47
Godiva Chocolate Liqueur,5872,B,1448,2.32,559,2.6,7.720508166969147,130,161,259.2
Bombay Sapphire Gin,3345,B,1441,1.54,684,2.1,7.977728285077951,100,131,210.67
Casamigos Blanco,4413,B,1427,1.44,704,2.0,7.556768558951965,145,175,202.73
Fish Eye Chard,41712,B,1420,3.28,465,3.1,7.683602771362587,114,144,305.21
E & J Brandy VS,8576,B,1418,3.67,440,3.2,7.487031700288185,280,309,322.62
E & J Superior Rsv VSOP,5404,B,1404,4.32,403,3.5,7.634945397815913,80,109,348.29
Fish Eye Cab Svgn,41711,B,1311,3.22,451,2.9,7.562582345191041,113,140,290.57
Canadian Club,8619,B,1282,4.4,382,3.4,7.568085106382979,87,114,335.88
Hornitos Reposado Tequila,3951,B,1256,1.83,586,2.1,7.536184210526316,92,118,214.41
Barefoot Chard Cal,31488,B,1254,3.44,427,2.9,7.682926829268292,96,122,293.73
Barefoot Moscato Cal,10420,B,1249,3.35,432,2.9,7.709145427286357,105,131,289.28
Fish Eye Merlot,41713,B,1249,3.22,440,2.8,7.668956043956044,112,138,283.61
Casamigos Reposado,4483,B,1165,1.93,549,2.1,7.665338645418327,140,164,212.06
M & R Extra Dry Vermouth,8653,B,1111,3.53,397,2.8,7.607361963190184,85,108,280.07
Jack Daniels Tennessee Fire,1550,B,1103,2.91,435,2.5,9.75,105,134,253.37
Yellow Tail Shiraz Ausl,35413,B,1088,4.72,339,3.2,7.923395445134576,95,119,320.48
Frescobaldi Sangiovese Remo,37821,B,1068,4.6,341,3.1,8.1687306501548,143,167,313.46
Yellow Tail Merlot Ausl,36874,B,1064,4.63,339,3.1,7.7770562770562774,89,112,313.89
Yellow Tail Chard Ausl,35411,B,1061,4.69,336,3.2,7.836575875486381,106,129,315.47
Leroux Blackberry Brandy,8819,B,1060,5.1,322,3.3,7.544496487119438,79,101,328.82
Courvoisier VS Cognac,8170,B,1054,2.17,493,2.1,7.7403508771929825,60,82,213.88
Rex Goliath Pnt Nr,38181,B,1054,3.97,364,2.9,7.607339449541285,87,109,289.29
Santa Rita 120 Cab Svgn,8837,B,1038,4.13,354,2.9,7.643524699599466,83,105,292.81
OuterSpace Vodka,3703,B,1034,4.64,334,3.1,8.153846153846153,106,129,309.77
Allens Coffee Brandy,4878,B,1030,4.92,324,3.2,7.956326987681971,85,107,318.36
Barefoot Cellars Pink Moscat,18107,B,1022,3.22,398,2.6,7.675401521555368,83,104,256.55
M & R X Dry Vermouth,7978,B,1016,3.95,359,2.8,7.821651090342679,76,98,283.31
Gordons Vodka Traveler,3747,B,999,5.18,311,3.2,7.710344827586207,87,108,321.71
Canadian Ltd Traveler,2149,B,987,5.34,304,3.2,7.731364275668073,67,88,324.67
Hennessy VS Cognac,4683,B,977,2.96,406,2.4,7.538461538461538,80,100,240.5
Big House Red Cal,31349,B,965,4.72,320,3.0,7.590740740740741,80,100,301.82
R M Woodbridge Cab Svgn Cal,8345,B,960,3.37,377,2.5,7.678544914625093,98,118,254.37
Chambord Liqueur de France,8200,B,937,2.18,464,2.0,7.86,81,101,202.12
Old Crow,1395,B,929,5.88,281,3.3,7.614993646759848,64,83,330.53
Gilbeys London Dry Trav,3257,B,903,4.5,317,2.8,7.4838990426457785,56,75,285.08
Black Box Chard,16328,B,895,2.75,403,2.2,7.717352415026833,51,70,221.87
Rex Goliath Cab Svgn,38178,B,874,4.13,325,2.7,7.580310880829016,76,94,268.69
Bailey's 50mL 4 Pack,1001,B,853,4.28,316,2.7,7.283870967741936,241,258,270.22
Yellow Tail Cab Svgn Ausl,37826,B,848,4.66,302,2.8,7.653409090909091,81,99,281.13
Jenkins Amaretto,8599,B,830,4.44,306,2.7,7.818051575931232,65,83,271.48
Bacardi Dragon Berry Rum,4670,B,828,2.87,380,2.2,7.642538975501114,56,73,218.01
Ballatore Gran Spumante,8032,B,824,5.26,280,2.9,7.521231422505308,70,87,294.42
Ruffino Chianti,7159,B,819,4.72,295,2.8,8.007211538461538,80,98,278.05
Sutter Home Clsc Wh Znfdl,6861,B,812,4.13,314,2.6,7.070378151260504,65,81,258.98
Foxhorn SE Chard Australia,31454,B,807,4.79,290,2.8,7.6875,45,62,278.05
Barefoot Merlot Cal,31493,B,807,3.33,348,2.3,7.7057256990679095,62,79,231.83
La Vieille Ferme Red Ventoux,8018,B,806,4.6,296,2.7,7.51241134751773,55,72,272.31
MezzaCorona Pnt Grigio,27596,B,803,5.16,279,2.9,8.329803328290469,74,92,287.87
Geyser Peak Svgn Bl,19507,B,786,4.99,281,2.8,7.9425675675675675,75,92,280.08
Alice White Shiraz Ausl,32969,B,783,6.89,238,3.3,7.793774319066148,59,76,328.48
Amaretto di Amore,5403,B,781,5.92,257,3.0,7.588794926004228,58,74,304.09
Barefoot Cellars Pnt Nr,12747,B,780,3.28,345,2.3,7.733918128654971,62,79,226.2
Conquista Malbec Mendoza,45496,B,771,5.29,270,2.9,7.678200692041522,74,90,285.61
Leroux Apricot Brandy,8823,B,769,5.42,266,2.9,7.572398190045249,53,69,288.72
Excelsior S Afr Cab Svgn,37401,B,769,5.26,270,2.8,8.376782077393075,77,95,284.43
Kamora Coffee,8497,B,766,7.51,226,3.4,7.770514603616133,58,74,339.2
Black Box Cab Svgn,16326,B,766,2.64,381,2.0,7.694630872483222,45,61,201.11
Barco Negro Douro,24686,B,766,5.51,264,2.9,8.740863787375416,59,77,290.54
Pavilion St Pierre Cdu Rhone,23395,B,764,6.45,243,3.1,9.4,74,94,313.94
Masi Soave 2012 Classico,19896,B,758,6.62,239,3.2,7.746736292428198,62,78,316.8
Taylor Dry Sherry,6396,B,753,5.12,271,2.8,7.711048158640226,49,65,277.68
Kraken Black Spiced Rum,4130,B,749,6.81,235,3.2,7.295104895104895,48,63,319.4
Line 39 Pnt Nr,19645,B,749,5.26,267,2.8,7.058156028368795,69,83,280.7
Cline Cashmere Red Cal,12465,B,747,6.16,246,3.0,7.829493087557604,95,111,303.37
Ruffino Orvieto Clsc,8730,B,746,5.5,260,2.9,7.713625866050808,70,86,286.46
Hob Nob Pnt Nr VDP D'Oc,46424,B,744,6.62,237,3.1,7.958620689655173,65,81,313.86
Mr Boston Blackberry Brandy,8118,B,741,4.54,286,2.6,7.739638682252923,49,65,259.39
Smoking Loon Merlot,34905,B,739,4.41,289,2.6,8.448067632850242,50,67,255.3
Caldwells Vodka,3643,B,738,7.71,219,3.4,7.715406562054208,62,78,337.34
Barefoot Cellars Rsl,12123,B,735,3.37,330,2.2,7.584367245657568,62,77,222.57
M & R Sweet Vermouth,8654,B,725,3.55,320,2.3,7.814285714285714,54,70,226.88
Fortant Cab Svgn,24606,B,724,5.15,265,2.7,7.347305389221557,77,92,273.08
Big House Cardinal Bst Znfdl,36750,B,718,4.79,274,2.6,7.405555555555556,61,76,262.27
Chi Chi's Margarita,8370,B,716,5.71,250,2.9,7.499576271186441,60,75,285.95
Joel Gott Svgn Bl,12775,B,706,6.8,228,3.1,7.144429160935351,70,84,309.86
Barefoot Sweet Red,14439,B,706,3.42,321,2.2,7.762282091917591,58,73,219.75
Darkhorse Chard,17875,B,705,5.44,255,2.8,7.484033613445378,67,81,276.96
La Vieille Ferme Wh Rhone,8016,B,704,4.79,271,2.6,7.45068928950159,71,85,259.7
Riunite Lambrusco,8232,B,703,6.24,237,3.0,7.561780506523408,58,73,296.2
Tangent Chard,23218,B,700,6.7,229,3.1,9.264705882352942,83,101,306.27
Red Rock Merlot Cal,44145,B,699,5.8,245,2.9,7.746527777777778,60,75,284.75
Ryans Irish Cream,5828,B,697,6.61,230,3.0,7.688568856885689,55,70,303.55
The Glenlivet 12 Yr Single,1238,B,692,3.56,312,2.2,8.086614173228346,66,81,221.97
Smirnoff Blueberry Vodka,3754,B,692,8.79,198,3.5,7.719153936545241,59,74,348.79
Smirnoff Cranberry Vodka,3610,B,688,8.26,204,3.4,7.592039800995025,53,67,337.13
Pinnacle Salted Caramel,3045,B,685,7.8,210,3.3,7.603151862464183,57,71,326.9
Castle Rock Pnt Nr,37678,B,685,6.53,229,3.0,7.871794871794871,60,75,299.1
New Amsterdam Pineapple Vdka,7198,B,684,7.4,215,3.2,7.850526315789474,63,78,318.17
Rex Goliath Chard,38179,B,677,4.13,286,2.4,7.386996904024768,56,70,236.47
Smirnoff Orange Vodka,3580,B,676,8.08,205,3.3,7.826475849731664,52,66,330.52
Voga del Venezie Pnt Grigio,42579,B,675,6.53,227,3.0,7.9506578947368425,65,80,296.91
Goldschlager Cinnamon Schnap,5394,B,673,8.72,196,3.4,7.562403697996919,49,63,342.6
Gabbiano Chianti,25934,B,673,5.15,256,2.6,7.396021699819168,63,77,263.29
Pinnacle Vodka Cane 4/50mls,1520,B,671,3.02,333,2.0,7.799283154121864,83,97,201.32
Jacquin Triple Sec,5285,B,671,6.24,232,2.9,7.463022508038585,60,74,289.38
Stock Italian X Dry Vermouth,7993,B,670,4.88,262,2.6,7.711148648648648,47,61,255.72
Cruzan Black Cherry Rum,4438,B,668,7.35,213,3.1,7.427318295739348,65,79,313.36
Black Box Pnt Grigio,17748,B,665,2.75,348,1.9,7.855818743563336,48,62,191.25
Cupcake Malbec,12495,B,663,4.66,267,2.5,7.784246575342466,58,72,248.58
Calico Jack Spiced Rum No 94,4195,B,661,8.65,195,3.4,7.4104803493449785,47,60,338.16
Cantine Maschio Prosecco Brt,10874,B,657,7.53,209,3.1,7.2188612099644125,57,70,314.55
Barefoot Premium X-Dry,39479,B,657,5.29,249,2.6,7.673862760215883,67,81,263.65
Mas Janeil Cotes Roussillon,24151,B,656,7.33,212,3.1,8.470355731225297,56,71,310.11
Bully Hill Sweet Walter Rd,38946,B,656,5.59,242,2.7,7.352671755725191,54,67,270.82
Smirnoff Sorbet Rasp/Pomegra,3503,B,655,8.2,200,3.3,7.464872944693573,61,74,327.75
Yellow Tail Pnt Grigio Ausl,42420,B,652,4.6,266,2.5,7.661327231121281,60,74,244.92
Smirnoff Peppermint Twist,3987,B,651,8.65,194,3.4,7.15210355987055,121,134,335.59
Cavit Prosecco Lunetta,44719,B,648,6.89,217,3.0,7.6393831553973905,68,82,298.82
Our Daily Red,33143,B,647,6.2,228,2.8,7.333333333333333,51,64,283.25
St Francis Chard,6864,B,646,5.51,242,2.7,7.783333333333333,47,61,266.81
Casal Garcia Vinho Verde Wh,29835,B,645,4.82,259,2.5,7.668609492089925,51,65,249.36
Los Cardos Malbec Mendoza,37840,B,641,5.4,244,2.6,6.978468899521531,44,56,263.11
Cruzan Mango Flavored Rum,4410,B,636,7.93,200,3.2,7.415718717683557,49,62,317.6
M & R X Dry Vermouth,7977,B,635,7.49,206,3.1,7.823924731182796,45,59,308.42
R M Woodbridge Merlot Cal,28579,B,631,3.24,312,2.0,7.710327455919395,63,76,202.21
Barefoot Cab Svgn Cal,32988,B,631,3.26,311,2.0,7.662878787878788,48,61,202.83
Sho Chiku Bai Takara Sake,8621,B,628,4.59,262,2.4,7.336448598130841,53,66,240.11
MezzaCorona Pnt Nr,10626,B,627,7.53,204,3.1,8.4901185770751,52,67,307.29
Andre Pink,7718,B,625,3.68,291,2.1,7.675637393767706,59,72,214.48
Gallo Sweet Vermouth,7262,B,624,3.59,295,2.1,7.5811209439528024,44,57,211.67
J Roget Spumante,8985,B,623,4.44,265,2.4,7.885844748858448,53,66,235.21
El Toro Gold,3970,B,622,6.78,214,2.9,7.477862595419848,41,54,290.42
Seaglass Chard,15548,B,622,6.07,226,2.8,7.193321616871705,74,86,274.79
Conti Zecca Negroamaro 10,20216,B,622,6.57,218,2.9,9.4,66,82,285.89
Jaume Serra Cristalino Brut,26181,B,621,4.57,261,2.4,7.581466395112017,133,146,238.24
New Amsterdam Coconut Vodka,3420,B,620,7.93,198,3.1,7.564444444444445,70,83,313.58
Jenkins Spiced Rum,4422,B,620,8.57,190,3.3,8.309734513274336,45,59,325.99
Tribuno Sweet Vermouth,8120,B,620,7.08,209,3.0,7.632911392405063,45,58,296.3
Angelini Pnt Grigio Veneto,11196,B,620,5.88,230,2.7,7.443864229765013,64,77,270.02
Luna di Luna Chard/Pnt Grigo,27042,B,618,6.53,218,2.8,7.872727272727273,57,70,284.1
Smoking Loon Steelbird Chard,17707,B,617,4.62,258,2.4,8.195154777927321,62,76,238.77
Barefoot Cellars Pink Moscat,18106,B,614,7.14,207,3.0,7.454963839579224,51,64,296.11
New Amsterdam Mango Vodka,7374,B,613,6.86,211,2.9,7.628352490421456,55,68,290.01
Canadian Club Traveler,2121,B,612,7.8,198,3.1,7.295511221945137,42,54,308.99
Barefoot Cellars Red Moscato,16843,B,611,3.44,298,2.1,7.775444264943457,44,57,205.03
Seaglass Rsl,14054,B,610,6.07,224,2.7,7.155555555555556,59,71,272.13
Darkhorse Merlot,23271,B,610,5.36,239,2.6,7.671428571428572,50,63,255.72
Pacific Rim Sweet Rsl,46830,B,610,5.91,227,2.7,8.434615384615384,43,57,268.52
Stoli Mini Bar 5/50mLs Pack,1365,B,609,6.05,224,2.7,8.880239520958083,55,70,271.46
Sutter Home Clsc Cab Svgn,25522,B,608,4.1,272,2.2,7.168429617575264,61,73,223.28
Sutter Home Merlot Cal,29128,B,608,3.97,277,2.2,7.098827470686767,53,65,219.72
Smirnoff Cherry Vodka,3736,B,604,8.2,192,3.1,7.499274310595065,47,59,314.73
Falesco Vitiano Umbria,33963,B,603,4.6,256,2.4,7.985074626865671,71,84,235.53
Ronrico Silver Traveler,4297,B,600,5.42,235,2.6,6.8431372549019605,38,49,255.03
Mouton Cadet Red Brdx,8123,B,600,6.53,214,2.8,7.832923832923833,58,71,279.93
Mark West Black Pnt Nr,25021,B,600,7.28,203,3.0,7.625,67,80,295.57
Taylor Tawny Port,6216,B,598,5.4,235,2.5,7.707470747074708,46,59,254.13
Drops of Jupiter Red,17954,B,598,5.36,236,2.5,7.4765625,54,66,253.19
Bella Sera Pnt Grigio Del,33873,B,598,4.48,258,2.3,7.795053003533569,59,72,231.48
R Mondavi Pvt Sln Pnt Grigio,39708,B,598,4.72,252,2.4,8.11864406779661,63,76,237.59
Las Rocas Garnacha San Alej,39254,B,597,6.9,208,2.9,7.603911980440098,61,73,287.03
Seagrams VO,2445,B,596,9.08,181,3.3,7.5829903978052124,49,61,328.99
Cavit Moscato,14975,B,595,4.07,270,2.2,7.3826086956521735,50,62,220.08
Baja Luna Black Raspberry,5626,B,593,7.35,201,3.0,7.599462365591398,44,56,295.25
Fish Eye Pnt Grigio,43292,B,592,6.49,214,2.8,7.474017743979721,46,58,277.2
Black Box Merlot,16327,B,591,2.61,336,1.8,7.8108108108108105,32,45,175.64
DeKuyper Hot Damn 100*,5539,B,590,8.39,188,3.1,7.667808219178082,35,47,314.65
Darkhorse Red,19545,B,589,5.29,236,2.5,7.666666666666667,53,65,249.63
Skinnygirl Margarita,8673,B,588,7.87,193,3.0,7.441762854144806,52,64,304.22
Bacardi Gold Rum,4404,B,586,4.32,260,2.3,7.317073170731708,42,54,225.01
Gallo Twin Valley Wh Znfdl C,6285,B,586,6.62,210,2.8,7.663563829787234,43,55,278.54
Duboeuf Beaujolais Villages,8609,B,585,7.63,196,3.0,7.9787878787878785,60,73,298.78
Nathanson Creek Chard,28260,B,584,5.19,237,2.5,7.627234042553192,49,61,246.21
C Y Toro Casillero Carmenere,37433,B,583,4.32,260,2.2,7.249077490774908,54,66,224.44
Gnarly Head Old Vine Znfdl,42462,B,583,6.89,206,2.8,7.753846153846154,46,58,283.44
Calico Jack Spiced Rum,4303,B,582,5.83,223,2.6,7.528130671506352,47,59,260.5
Flip Flop Pnt Grigio,15295,B,582,3.44,291,2.0,7.3389021479713605,52,64,200.1
Red Guitar Sangria,15892,B,581,3.37,294,2.0,7.686382393397524,51,63,197.89
Bogle Old Vine Znfdl Cal,24907,B,580,6.89,205,2.8,7.888135593220339,45,58,282.71
Raspberry di Amore,5410,B,578,6.15,217,2.7,7.601217656012176,47,59,266.63
Dry Creek Fume Bl Sonoma,25832,B,578,6.53,210,2.8,7.5245346869712355,49,61,274.75
Ch Ste Michelle Harvest Rsl,13458,B,575,5.99,219,2.6,7.552929085303186,49,61,262.46
Ruffino Aziano Chianti Clsc,21951,B,573,8.27,186,3.1,7.608187134502924,56,68,307.85
19 Crimes Cab Svgn,23523,B,573,6.57,209,2.7,7.216634429400387,51,62,274.39
Taylor Lake Country Red,8922,B,571,5.4,230,2.5,7.805721096543504,42,54,248.33
De Loach Chard Cal,25649,B,571,6.84,204,2.8,7.97,49,61,279.49
Cruzan Coconut Flavored Rum,4416,B,569,7.68,192,3.0,7.475409836065574,48,60,295.63
Charles Smith Velvet Dev Mer,13638,B,569,8.27,185,3.1,7.201072386058981,68,79,306.78
Beringer Classic Cab Svgn,17175,B,569,5.2,234,2.4,7.20554272517321,44,55,243.26
Spellbound Petite Sirah Cal,46023,B,567,6.57,208,2.7,8.269679300291545,44,57,272.95
Three Olives Vanilla Vodka,3781,B,566,9.29,175,3.2,7.407114624505929,48,59,324.29
Pinnacle Raspberry Vodka,3221,B,564,7.93,189,3.0,7.772784019975031,49,61,299.08
Patron XO Cafe Variety 3 Pak,4105,B,564,5.07,236,2.4,8.777777777777779,126,140,239.14
Lindemans Bin 50 Shiraz,34175,B,563,6.49,208,2.7,8.009954751131222,34,46,270.33
Beringer Classic Pnt Grigio,41251,B,563,3.39,288,2.0,7.505012531328321,48,60,195.38
Trinchero Main St Cab Svgn,31971,B,562,5.99,217,2.6,7.289036544850498,51,62,259.48
DeKuyper Hot Damn Cinnamon,5489,B,561,7.57,192,2.9,7.590733590733591,44,56,291.44
St Remy VSOP Authentic Brndy,4737,B,560,7.91,188,3.0,7.555223880597015,52,64,297.64
De Loach Cab Svgn Cal,26966,B,560,6.53,207,2.7,7.756653992395437,50,62,270.44
Schmitt Sohne Relax Mosel,39256,B,560,5.16,233,2.4,7.831632653061225,45,57,240.4
Santa Rita RSV Cab Svgn,6828,B,559,6.62,205,2.7,7.553623188405797,48,60,272.05
Red Diamond Merlot Wash,39750,B,558,5.13,233,2.4,7.726943942133816,47,59,239.27
La Marca Prosecco,21231,B,557,3.08,301,1.9,7.620901639344262,59,71,185.23
Pali Tower 15 The Winery,19276,B,556,9.08,175,3.2,7.027397260273973,45,56,317.76
Banfi Sangiovese CollePino,22903,B,554,5.4,226,2.5,7.493212669683258,62,73,244.61
Fetzer Gewurz,6293,B,552,5.91,216,2.6,8.42384105960265,46,59,255.43
Freixenet Cordon Negro Brut,8737,B,552,7.14,197,2.8,7.632135306553911,54,66,280.76
Wild Horse CC Chard,27831,B,551,6.84,201,2.7,7.993548387096774,54,66,274.55
J Roget Extra Dry,8847,B,550,3.97,263,2.1,7.464716006884681,63,74,208.97
Cavit Pinot Noir Delle Vene,32367,B,549,3.94,264,2.1,7.317518248175182,51,62,207.99
Tracia Malbec,19164,B,547,3.99,262,2.1,8.264150943396226,70,82,208.93
Ravenswood Vntrs Blnd Merlot,26817,B,547,5.47,224,2.4,7.558415841584158,36,47,244.63
Clayhouse Cab Svgn Paso Rbls,46762,B,546,7.99,185,3.0,8.018181818181818,52,64,295.38
Ron Virgin Heavy Bodied Rum,4362,B,544,6.05,212,2.6,8.325396825396826,90,102,256.56
RumChata Liqueur,5629,B,543,7.02,197,2.8,9.583333333333334,78,92,276.11
Korbel Organic Brut,16828,B,543,8.66,177,3.1,7.230547550432276,77,88,306.67
Noble Vines 667 Pnt Nr Mntry,16318,B,542,7.79,187,2.9,7.5537459283387625,56,67,290.59
Chloe Pnt Grigio,21308,B,542,7.38,192,2.8,7.398425196850393,56,67,282.84
Estancia Merlot Central Cst,26821,B,542,4.93,234,2.3,7.86908077994429,43,55,231.17
Stock Italian Sweet Vermouth,7996,B,540,4.48,245,2.2,7.679405520169851,45,56,219.96
Ravenswood Vntnrs Blnd Chard,26456,B,539,4.5,245,2.2,7.454918032786885,44,55,220.25
Sutter Home Pink Moscato,17041,B,537,5.26,226,2.4,7.203846153846154,49,60,237.68
Three Olives Raspberry Vodk,3780,B,535,10.31,161,3.3,7.26824034334764,45,56,332.14
Rocca Delle Macie Chianti C,6651,B,535,7.79,185,2.9,7.342696629213483,48,59,288.71
Barefoot Refresh Crisp White,18857,B,535,4.02,258,2.1,7.75049115913556,54,65,207.4
Stolichnaya Chocolat Kokonut,8500,B,534,6.28,206,2.6,8.594594594594595,49,62,258.98
Bell'Agio Chianti Flask,23712,B,532,6.8,198,2.7,7.36624775583483,44,55,268.98
C Y Toro Frontera Chard,6859,B,531,4.69,238,2.2,7.562130177514793,50,61,223.18
Beringer Classic Wh Merlot,32649,B,531,5.13,227,2.3,7.486292428198434,36,47,233.41
Citra Montepulciano,6586,B,530,6.7,199,2.7,7.597689075630252,43,54,266.5
Yellow Tail Moscato,14930,B,530,5.93,211,2.5,7.67603305785124,56,67,250.72
Taylor Cream Sherry,6356,B,526,5.16,226,2.3,7.823991031390134,40,51,232.99
Fabrizia Limoncello,4178,B,525,7.46,188,2.8,7.6601769911504425,50,61,279.88
Bombay Sapphire Gin,3343,B,522,9.46,166,3.1,7.583596214511041,42,53,314.26
Ice Box Mudslide,5694,B,522,7.74,184,2.8,7.573821339950372,34,45,284.26
C Y Toro Frontera Svgn Bl,6429,B,522,5.8,212,2.5,7.620493358633776,47,58,246.07
Edna Valley Chard,25808,B,522,7.84,182,2.9,7.626746506986028,43,54,286.09
Hardys Chard Ausl,37604,B,522,9.26,168,3.1,7.2948328267477205,43,53,310.93
St Brendans Irish Cream,5348,B,521,7.85,182,2.9,7.650526315789474,46,57,286.0
C Y Toro Casa Diblo Cab Svgn,22079,B,521,4.59,238,2.2,7.1103074141048825,47,57,218.7
Plungerhead Znfdl Lodi,13303,B,520,8.96,170,3.1,7.775568181818182,42,53,305.26
Rex Goliath Merlot,38180,B,520,3.97,256,2.0,7.941391941391942,40,51,203.19
Kapali Coffee,4938,B,517,7.02,192,2.7,7.832929782082324,35,46,269.42
Tanqueray Sterling Vodka,3335,B,514,8.14,178,2.9,7.544303797468355,67,78,289.27
Bowman's Vodka,539,B,513,4.2,247,2.1,7.33983286908078,61,71,207.59
Arrow Coffee Brandy,4882,B,513,4.7,234,2.2,7.618479880774963,57,68,219.6
Lindemans Bin 65 Chard,6694,B,511,5.19,222,2.3,7.766536964980545,58,69,230.31
Vendange Svgn Bl,6958,B,510,5.33,219,2.3,7.560975609756097,36,47,233.17
Ch Ste Michelle Svgn Bl,6933,B,509,5.26,220,2.3,7.551525144270404,35,46,231.4
Cline Ancient Vin Znfdl,28092,B,509,9.67,162,3.1,7.839050131926121,52,63,313.75
Dona Paula Malbec Mendoza,37842,B,509,7.74,181,2.8,7.020316027088036,43,53,280.7
Barefoot Bubbly Moscato,13163,B,508,5.47,215,2.4,7.848780487804878,57,68,235.74
Hess Select Chard,24086,B,508,7.14,189,2.7,7.9126637554585155,42,53,269.34
Bully Hill Love My Goat Rd,25046,B,508,5.55,214,2.4,7.656934306569343,49,60,237.46
Stock Italian Sweet Vermouth,7994,B,505,7.93,178,2.8,7.693069306930693,36,47,283.01
Smirnoff Ruby Red Grapefruit,3693,B,504,8.72,170,3.0,7.644876325088339,41,52,296.48
Villa Maria Svgn Bl Pvt Bin,28163,B,504,6.82,192,2.6,7.468039003250271,71,81,262.19
Scoresby Rare,2898,B,500,6.01,204,2.5,7.835365853658536,34,45,245.15
Ketel One Vodka,3354,B,500,10.71,153,3.3,7.505219206680585,39,49,327.26
Cavit Prosecco Lunetta,12203,B,500,6.84,191,2.6,7.618290258449304,40,50,261.53
M Chiarlo 10 Chiarlo Rosso,24664,B,498,6.62,194,2.6,9.095238095238095,82,94,256.78
Santa Cristina Toscana,6319,B,497,6.72,192,2.6,7.605363984674329,52,62,258.45
Tanqueray,3486,B,496,9.84,159,3.1,7.545197740112994,37,47,312.43
Canadian Mist Traveler,2148,B,495,5.96,204,2.4,8.222222222222221,33,44,242.91
Hornitos Plata Tequila,3910,B,495,8.84,167,3.0,7.575187969924812,42,52,295.83
Amaretto di Amore,5415,B,494,8.45,171,2.9,7.6023916292974585,33,43,288.94
Cruzan Aged Dark Rum,8448,B,492,7.51,181,2.7,7.621664050235479,38,48,271.84
Middle Sister Drama Queen Pi,12943,B,491,4.6,231,2.1,8.25609756097561,51,62,212.54
Santa Lucia Sangvs Monte Ant,26744,B,491,6.42,196,2.5,7.600536193029491,38,48,251.09
Cockburns Fine Ruby Port,8265,B,490,6.89,189,2.6,7.449304174950298,45,55,259.85
High Note Malbec Mendoza,10579,B,484,6.62,191,2.5,7.592198581560283,35,45,253.14
Ch M Vert Lussac St Emilion,14184,B,484,8.72,167,2.9,7.336363636363636,45,55,290.53
Stemmari Nero D'Avola,38549,B,484,4.82,224,2.2,8.391379310344828,49,60,216.0
Kendall Jackson Summation Re,45848,B,484,6.63,191,2.5,7.412024756852343,55,65,253.33
Ch de Ribebon Brdx,36524,B,483,10.13,154,3.1,8.022988505747126,58,69,312.82
Dewars White Label,2668,B,481,10.68,150,3.2,7.678714859437751,34,44,320.53
Carlo Rossi Spanada Sangria,6995,B,480,4.79,224,2.1,7.548511047070125,38,48,214.44
Ice Box Manhattan,8970,B,480,7.99,173,2.8,7.524096385542169,38,48,276.96
Poland Spring Vodka,253,B,479,4.6,228,2.1,8.370967741935484,62,73,209.92
Vendange Wh Znfdl,6273,B,477,4.66,226,2.1,7.5963302752293576,37,47,210.85
Clos Pegase Svgn Bl Napa,23191,B,477,9.93,155,3.1,8.398809523809524,45,56,307.79
Three Olives Pomegranate,3725,B,475,9.35,159,3.0,7.278863232682061,40,49,298.04
Corbett Canyon Merlot,26530,B,475,4.72,224,2.1,7.214814814814815,36,45,211.75
Gandia Hoya de Cadenas RSV,28081,B,475,5.51,208,2.3,7.222493887530562,40,49,228.79
Perrin Cotes du Rhone RSV Rg,19934,B,474,6.7,188,2.5,7.530685920577618,40,50,252.02
A to Z Pnt Gris Ore,41212,B,474,10.52,150,3.2,8.702090592334494,38,49,315.8
Sterling Vntrs Pnt Grigio,43245,B,474,6.59,190,2.5,7.181347150259067,44,53,249.95
Seagrams Extra Dry Gin,3388,B,473,6.97,184,2.6,7.551020408163265,34,44,256.78
Cuervo Silver Rolling Stones,3805,B,472,11.19,145,3.3,7.351851851851852,55,65,325.01
Corbett Canyon Wh Znfdl,23889,B,472,4.82,221,2.1,7.2297551789077215,39,48,213.31
Toasted Head Cab Svgn,38441,B,470,6.7,187,2.5,7.705463182897862,45,55,250.96
Jack Daniels Winter Jack,1244,B,469,12.79,135,3.5,7.274390243902439,45,54,346.37
Clos du Bois Pnt Nr Cal,10472,B,467,6.07,196,2.4,7.791475409836066,60,70,238.1
Mirassou Chard Cntrl Coast,39411,B,467,5.84,200,2.3,7.488524590163935,39,49,233.55
Zabrin de Fuego Garnacha,45322,B,467,4.66,224,2.1,8.124137931034483,41,51,208.63
DeKuyper Razzmatazz,5826,B,466,6.86,184,2.5,7.5473684210526315,30,40,252.85
Canada House Canadian Whisky,3305,B,465,8.65,164,2.8,7.967136150234742,39,49,283.63
E & J XO Brandy,4550,B,465,9.92,153,3.0,7.584782608695652,35,45,303.74
Placido Pinot Grigio Venezi,22194,B,465,7.48,176,2.6,7.242424242424242,38,47,263.75
Burnetts Pineapple Vodka,3592,B,464,7.14,180,2.6,7.255154639175258,37,46,257.41
Noble Vines 446 Chard Monter,16317,B,464,7.58,175,2.7,7.58477508650519,45,55,265.22
Inver House Green Plaid 3-Y,2713,B,463,10.93,146,3.2,7.457723577235773,31,40,318.14
Jose Cuervo Gold w/Marg Mix,8323,B,461,11.9,139,3.3,7.415774099318403,36,45,331.24
Raeburn Chard RRV,24205,B,460,6.81,184,2.5,8.6,56,67,250.3
Burgans Albarino Baixas Rio,28474,B,460,7.14,179,2.6,7.708835341365462,40,50,256.3
Smirnoff Blue 100 Proof,3595,B,459,12.02,138,3.3,7.407608695652174,31,40,332.18
Clos du Bois Merlot N Cst,6567,B,459,6.12,194,2.4,8.014115092290988,52,62,237.03
Turning Leaf RSV Chard Cal,6748,B,459,3.89,243,1.9,7.476744186046512,40,49,188.97
Penfolds Koonunga Hills Shir,11888,B,459,7.53,175,2.6,7.841549295774648,39,49,262.92
Polka Dot Rsl Pfalz,44148,B,459,4.66,222,2.1,7.630813953488372,42,52,206.83
Bird Dog Blackberry Whiskey,2975,B,458,11.32,142,3.2,7.927297668038409,46,56,322.01
Smirnoff Whipped Cream,3104,B,458,8.72,162,2.8,7.311827956989247,31,40,282.62
Noble Vines 181 Merlot Lodi,13141,B,458,7.18,179,2.6,7.75886524822695,50,60,256.45
Clayhouse Malbec Paso Robles,13154,B,458,7.79,171,2.7,7.9868421052631575,47,57,267.13
Franciscan Est Chard Napa,24456,B,458,8.21,167,2.7,7.80379746835443,78,88,274.23
Goslings Black Seal 151,4294,B,457,11.71,140,3.3,7.666666666666667,39,49,327.15
Three Olives Berry Vodka,3981,B,456,9.37,156,2.9,7.125,38,47,292.33
DeKuyper Watermelon Pucker,5597,B,456,7.63,173,2.6,7.297805642633229,37,46,263.79
Ch de Jarnioux Bjls,23250,B,456,3.94,241,1.9,10.0,85,97,189.56
John Begg Blue Cap,2749,B,455,13.38,130,3.5,7.632390745501286,34,44,348.94
Poland Spring Gin,3362,B,455,4.47,226,2.0,8.036529680365296,34,44,201.69
Carpineto Dogajolo Tuscan R,34996,B,455,11.4,141,3.2,8.230283911671924,36,46,322.09
C Y Toro Frontera Merlot,6478,B,454,4.72,219,2.1,7.3522727272727275,39,48,207.02
Butternut Chard,17504,B,454,7.99,169,2.7,7.077798861480076,46,55,269.35
Toad Hollow Mendocino Chard,34439,B,454,8.38,165,2.8,7.946332737030412,41,51,275.85
Bogle Petite Sirah,19940,B,453,6.57,186,2.4,7.824534161490683,35,45,243.98
Gallo Twin Valley Svgn Bl Ca,6312,B,452,6.75,183,2.5,7.443561208267091,34,43,247.02
Blackheart Spiced Rum,4176,B,451,8.02,168,2.7,7.502608695652174,27,36,268.96
I Lauri Bajo Montepul d'Abru,20398,B,451,6.03,193,2.3,7.832214765100671,53,63,233.22
Vendange Cab Svgn,24592,B,451,4.69,219,2.1,7.6494201605709184,51,60,205.68
Jenkins Melon Liqueur,5195,B,450,4.72,218,2.1,7.695481335952849,38,47,206.11
Almaden Chablis B/B,6288,B,450,10.06,150,3.0,7.71876923076923,30,40,300.9
R M Woodbridge Pnt Grigio,35471,B,450,3.35,259,1.7,7.622670807453416,43,52,173.64
R Mondavi Pvt Sel Svgn Bl,26143,B,448,4.65,219,2.0,8.31578947368421,42,52,204.12
Sheffield Cream Sherry,8701,B,446,6.7,182,2.5,7.717548076923077,31,40,244.47
Hornitos Reposado Tequila,3919,B,444,8.45,162,2.7,7.324110671936759,36,45,273.93
Estancia Pnt Nr Monterey,24612,B,443,5.82,195,2.3,8.029411764705882,45,55,227.08
Terrazas RSV Malbec Mendoza,40332,B,443,8.21,164,2.7,7.3293413173652695,37,46,269.7
Riunite Moscato,8674,B,442,5.22,206,2.1,7.40952380952381,33,42,214.81
Copain Tous Ensemble 12 Chrd,22758,B,441,10.45,145,3.0,8.278761061946902,62,72,303.59
Warre's Warrior Port,27813,B,441,9.45,153,2.9,7.536,37,46,288.7
Terroirs du Rhone,10062,B,440,6.03,191,2.3,7.10062893081761,36,45,230.36
Wild Horse CC Cab Svgn,29996,B,440,10.12,147,3.0,7.610909090909091,44,53,298.42
Dry Sack Sherry,8386,B,438,9.85,149,2.9,7.642156862745098,37,46,293.74
Fetzer Valley Oaks Cab Svgn,22801,B,437,6.57,182,2.4,8.101293103448276,35,45,239.63
Pinnacle Pomegranate Vodka,3367,B,436,7.57,170,2.6,7.47119341563786,29,38,256.93
Beringer Classic Merlot,17177,B,436,5.45,200,2.2,7.28280701754386,27,36,218.0
Ninety+Cellars Lot 113 B Red,20968,B,436,5.8,194,2.2,7.6683168316831685,47,56,224.89
Chi Chi's Skinny Margarita,7293,B,435,5.96,191,2.3,7.503321033210332,31,40,227.71
Marques de Caceres RSV Red,24634,B,435,10.27,146,3.0,7.432885906040268,44,53,298.91
C K Mondavi Merlot,28775,B,435,7.58,169,2.6,7.373068432671082,36,45,256.8
Capt Morgan Parrot Bay Cocnt,4278,B,434,9.52,151,2.9,7.62844702467344,41,50,287.46
Fortant Chard,24605,B,434,5.29,203,2.1,7.716814159292035,57,66,214.28
Smoking Loon Svgn Bl Cal,42122,B,434,4.53,219,2.0,7.840670859538784,37,46,198.29
Dr McGillicuddy's Grape,5668,B,433,9.69,149,2.9,7.674666666666667,39,48,289.68
Gallo Fairbanks Red Port,6173,B,433,5.51,198,2.2,7.8311170212765955,25,34,218.44
Schmitt Sohne QbA,27145,B,433,6.03,189,2.3,7.936532507739938,37,46,228.52
Gold Crown Vodka,3525,B,432,4.8,212,2.0,7.771513353115727,56,65,203.65
Tomaiolo Chianti Clsco Rsva,19302,B,432,7.43,171,2.5,7.388211382113822,37,46,253.37
DeKuyper Wh Cr de Menthe,5228,B,431,7.02,175,2.5,7.904494382022472,35,44,245.99
Kinky Pink Liqueur,6168,B,431,5.92,191,2.3,7.398148148148148,41,50,225.9
Charles Smith Kung Fu Girl R,10443,B,431,6.5,182,2.4,7.426229508196721,40,49,236.71
Layer Cake Barosa Shiraz,46458,B,431,7.71,167,2.6,7.555133079847908,51,60,257.8
Sutter Home Wh Znfdl,7860,B,430,4.07,230,1.9,7.17965367965368,31,39,187.09
Lindemans Bin 45 Cab Svgn,37786,B,430,6.45,183,2.3,8.121777777777778,25,35,235.52
Dr McGillicuddy's Cherry,5134,B,429,10.39,144,3.0,7.767045454545454,42,51,298.57
Harveys Bristol Cream Sherry,6553,B,429,7.74,166,2.6,7.728506787330317,38,47,257.7
Line 39 Svgn Bl Lake County,10453,B,429,5.29,201,2.1,7.116207951070336,37,45,213.05
Stock Italian X Dry Vermouth,7991,B,428,7.24,172,2.5,7.68009768009768,32,41,248.95
Albola Pinot Grigio,25036,B,426,7.53,168,2.5,8.099489795918368,44,53,253.29
Frescobaldi Chianti RSV Nip,37822,B,425,11.72,135,3.1,8.655759162303665,70,80,315.63
Manifesto! Chard No Cst,19656,B,424,5.91,189,2.2,8.0,44,53,223.87
Calico Jack Pin/Coc Rum,4064,B,423,9.41,150,2.8,7.4831275720164605,33,42,282.15
Mionetto Il Prosecco Spklg,37235,B,423,8.1,162,2.6,7.535168195718654,39,48,261.78
Vendange Merlot,27867,B,422,4.72,211,2.0,7.757246376811594,43,52,199.59
Marcus James Chard,6226,B,421,5.15,202,2.1,7.862994350282486,40,49,208.24
Sauza Silver Tequila,3915,B,420,9.48,149,2.8,7.3810975609756095,29,37,282.19
Seaglass Pnt Nr,15356,B,420,6.45,180,2.3,7.271356783919598,36,44,232.77
Primo Amore Moscato,15922,B,420,7.82,164,2.6,7.833052276559865,35,44,256.3
Irish Manor Irish Cream,5137,B,419,6.61,178,2.4,7.234887737478411,29,37,235.35
Santa Rita RSV Svgn Bl,19926,B,419,6.53,179,2.3,7.467065868263473,42,51,233.93
Sella & Mosca RSV Cannonau,25373,B,418,7.74,164,2.5,7.743362831858407,35,44,254.38
Root 1 Cab Svgn,42948,B,418,6.84,175,2.4,7.413793103448276,26,34,239.13
Bacardi Black Razz,810,B,417,7.19,170,2.5,8.095959595959595,37,46,244.88
Dubonnet Rouge,6448,B,417,6.03,186,2.2,7.22020202020202,29,37,224.25
Ruffino Chianti Superiore,35103,B,417,6.7,176,2.4,7.626943005181347,41,50,236.39
Three Olives Loopy Vodka,79,B,416,9.62,147,2.8,7.270161290322581,35,43,282.91
ChocoVine,13258,B,416,6.49,179,2.3,8.467583497053045,36,46,232.37
Greg Norman Lmstn Cab/Merlot,32054,B,416,7.09,171,2.4,7.135399673735726,49,57,242.88
Barone Fini Pnt Gr Valdadige,37984,B,416,7.58,166,2.5,7.850253807106599,40,49,251.13
Jenkins Coffee Brandy,4889,B,415,9.59,147,2.8,8.70516717325228,35,45,282.13
Choco Lat Liqueur,8135,B,415,8.45,157,2.6,7.997674418604651,33,42,264.83
Carlo Rossi Chablis Calif,8361,B,415,10.06,144,2.9,7.5662551440329215,30,39,288.96
Gallo Copperidge Chard Cal,24096,B,415,4.57,213,1.9,7.494642857142857,70,79,194.76
Carlo Rossi Paisano Calif,6655,B,414,4.79,208,2.0,7.5796407185628745,29,38,199.15
Marques de Riscal Rioja Red,8346,B,414,9.93,144,2.9,7.900826446280992,46,55,286.74
H3 Horse Heaven Hills Merlot,16816,B,412,8.27,158,2.6,7.7482993197278915,59,68,261.05
Soli White Blend,24101,B,412,5.36,196,2.1,9.0,41,51,210.16
Tequila Rose Liqueur,5042,B,411,10.68,139,3.0,7.615533980582525,33,42,296.29
Kendall Jackson Grand Rsv Ch,21208,B,411,10.32,141,2.9,7.241773962804006,47,55,291.26
Gnarly Head 1924 Double Blac,24552,B,411,6.7,175,2.3,7.46078431372549,49,57,234.68
Yellow Tail Shiraz/Cab Ausl,37828,B,411,6.66,176,2.3,7.768647281921618,40,49,233.98
Septima Malbec Mendoza,41530,B,411,5.84,188,2.2,8.123616236162361,39,48,219.1
Stolichnaya Ohranj,3683,B,409,13.17,125,3.3,7.935897435897436,30,39,328.22
Ch St Jean Merlot Cal,41254,B,409,5.85,187,2.2,7.374545454545455,30,38,218.75
Jose Cuervo Lime Margarita,5714,B,408,7.14,169,2.4,7.221953188054883,66,74,241.38
Gallo Copperidge Pnt Grigio,13930,B,408,4.72,208,2.0,7.403118040089087,55,63,196.25
Movendo Moscato,14279,B,408,5.22,198,2.1,7.358056265984655,37,45,206.39
Tarantula Azul Tequila,3663,B,407,10.76,138,2.9,7.341232227488152,30,38,295.95
Jose Cuervo Light Margaritas,5805,B,407,11.1,135,3.0,7.290987124463519,33,41,300.59
Ch St Jean Pnt Nr,17865,B,407,6.09,183,2.2,7.2358757062146895,25,33,222.65
Concannon Select Vyds Pnt Nr,40051,B,407,4.54,212,1.9,7.784982935153583,47,56,192.24
Cruzan Blueberry Lemonade,4343,B,406,6.47,177,2.3,7.537037037037037,35,43,229.21
Yago Sant'Gria Red,7279,B,406,4.63,209,1.9,7.629401408450704,32,40,193.9
Mr Boston Light Rum,4358,B,405,4.26,218,1.9,7.301745635910224,26,34,185.76
Oh Schist Rsl,13807,B,403,5.95,184,2.2,7.874301675977653,43,52,218.99
Ch St Sulpice,23307,B,403,6.62,174,2.3,8.051383399209486,40,49,230.99
Old Mexico Gold Tequila,294,B,402,6.79,172,2.3,7.8,50,59,233.65
Southern Comfort 100 Proof,5298,B,402,12.77,125,3.2,8.208020050125313,28,37,320.43
Crystal Head Vodka,426,B,401,6.29,179,2.2,8.356164383561644,48,57,224.6
Burnetts Peach Vodka,3639,B,401,7.14,168,2.4,7.1547344110854505,25,33,239.3
Jose Cuervo Especial Silver,3791,B,401,6.56,175,2.3,7.280193236714976,29,37,229.37
Chila Orchata Cinnamon Cream,5218,B,400,10.68,137,2.9,7.4523809523809526,30,38,292.3
Johnnie Walker Red Label,2759,B,399,10.14,140,2.8,7.543589743589743,27,35,284.46
Alamos Slcn Malbec Mendoza,10296,B,399,9.73,143,2.8,7.566860465116279,41,49,278.65
The Wolftrap Syrah Vio Mourv,13792,B,399,6.16,180,2.2,7.40377358490566,36,44,221.71
Paul Masson Gr Amber Brandy,4309,B,398,7.08,168,2.4,7.750741839762611,29,37,237.4
Kinky Blue Liqueur,6157,B,398,6.01,182,2.2,7.375,36,44,218.72
Almaden B/B Wh Znfdl Cal,6590,B,398,9.8,142,2.8,7.661300708306504,26,34,279.3
Bacardi Mango Fusion,4258,B,397,7.35,164,2.4,7.592334494773519,37,45,241.58
Josh Cellars Merlot,18868,B,397,9.33,146,2.7,7.786618444846293,37,45,272.18
McManis Cab Svgn Cal,40559,B,395,7.23,165,2.4,7.5018587360594795,35,43,238.99
Tribuno Dry Vermouth,8110,B,394,6.56,173,2.3,7.769047619047619,31,39,227.36
Absolut Vanilia,3591,B,393,13.48,121,3.2,7.347740667976424,33,41,325.5
H3 Horse Heaven Hills Red Co,16814,B,393,8.1,156,2.5,7.725714285714286,54,62,252.32
Wild Turkey 101,8379,B,392,7.63,160,2.4,7.254794520547946,31,39,244.58
Monte Faliesi Falanghina,15575,B,392,5.88,183,2.1,8.84375,52,61,214.71
Mirassou Cab Svgn Cal,39410,B,392,6.12,179,2.2,7.747252747252747,41,49,219.05
Smirnoff Sorbet Pine/Coconut,3743,B,391,8.02,156,2.5,7.889204545454546,35,43,250.43
Peter Vella Wh Znfdl Cal,28890,B,391,9.99,140,2.8,7.774839743589744,29,37,279.5
Belcreme de Lys Chard,14475,B,390,6.57,172,2.3,7.163551401869159,28,36,226.38
Almaden Burgundy B/B,23595,B,390,9.93,140,2.8,7.7156398104265405,25,33,278.31
Bridlewood Pnt Nr Monterey C,14690,B,389,6.84,169,2.3,7.8231292517006805,52,60,230.68
Silverado Svgn Bl Napa,27830,B,389,10.95,133,2.9,7.767857142857143,46,54,291.88
Beringer Classic Pink Moscat,16837,B,388,3.42,238,1.6,7.552212389380531,54,62,162.91
La Vieille Ferme Rose Vntoux,31320,B,388,4.69,203,1.9,7.403041825095057,29,37,190.77
Nicholson Ranch Est Chard,19036,B,387,9.67,141,2.7,8.135135135135135,62,71,273.58
Christian Bros VS Brandy,4565,B,385,6.71,169,2.3,7.04093567251462,29,36,227.3
Caravella Limoncello,4796,B,385,12.31,125,3.1,7.51527224435591,53,61,307.88
Gozio Amaretto,8485,B,385,13.23,121,3.2,7.6298076923076925,32,40,319.17
HandCraft Artisan Coll Cab S,16431,B,385,6.12,177,2.2,7.442028985507246,65,73,217.08
Three Olives Chocolate Vodka,3738,B,383,9.29,144,2.7,8.461538461538462,49,58,266.76
Absolut Pears,3760,B,382,12.49,124,3.1,7.741877256317689,33,41,308.91
Ruta 22 Malbec,14250,B,382,6.62,170,2.2,7.965317919075145,41,49,224.89
Daou Cab Svgn,20693,B,380,13.24,120,3.2,9.0,81,90,317.21
Madrigal Znfdl,23076,B,379,9.08,144,2.6,8.833333333333334,37,46,262.35
Pacific Rim Rsl,26091,B,378,6.2,175,2.2,8.314487632508834,39,48,216.5
Skinnygirl Cosmopolitan,8694,B,377,7.99,154,2.4,7.654784240150094,35,43,245.45
Salmon Run NY Rsl,37313,B,377,6.75,167,2.3,7.213213213213213,29,36,225.6
Canadian Club Triple Aged,2254,B,375,10.31,135,2.8,7.759887005649717,37,45,278.07
Gabbiano Chianti Clsc,25932,B,374,6.49,170,2.2,7.220820189274448,36,43,220.33
Absolut Peppar,3890,B,372,12.59,122,3.0,7.7356608478802995,28,36,306.06
Bacardi Oakheart Spiced Rum,4050,B,372,8.72,146,2.5,7.629699248120301,32,40,254.71
Capt Morgan Spiced Rum 100,4327,B,372,14.81,112,3.3,7.380102040816326,28,36,331.94
Gallo Twin Valley Chard Cal,6735,B,370,6.53,168,2.2,7.741554054054054,35,43,219.82
Beringer Classic Red Moscato,15619,B,370,3.35,235,1.6,7.453804347826087,46,54,157.45
R M Woodbridge Rsl,42413,B,370,5.84,178,2.1,7.767381974248927,33,41,207.88
Bird Dog Apple Whiskey,2142,B,369,10.38,133,2.8,8.018987341772151,37,45,276.78
Ninety+Cellars Lot 42 Pnt Gr,16320,B,368,5.84,178,2.1,7.677361853832442,42,50,207.32
Beringer Fndrs Est Cab Svgn,31201,B,368,6.03,175,2.1,7.380846325167038,34,41,210.67
Zeller Schwarze Rsl Valcknbg,35976,B,368,6.49,168,2.2,7.222222222222222,30,37,218.56
Firesteed Pnt Gris Ore,42421,B,368,7.74,154,2.4,7.489711934156379,45,53,238.68
American Harvest Organic,3410,B,367,12.31,122,3.0,7.487804878048781,33,41,300.59
Pinnacle Blueberry Vodka,3020,B,365,7.99,151,2.4,7.4348925410872315,33,40,241.51
Old Overholt,1515,B,364,10.14,134,2.7,7.788636363636364,41,49,271.7
Svedka Citron Vodka,3373,B,364,13.86,115,3.2,7.625,34,42,317.65
Bacardi Pineapple Fusion,4234,B,364,7.99,151,2.4,7.642307692307693,36,44,241.18
Barefoot Bubbly Brut Cuvee,20446,B,364,6.7,165,2.2,7.659453302961276,35,43,220.85
Admiral Nelson Spiced Rum,4382,B,363,10.44,132,2.8,7.3133380381086805,35,42,275.31
Masi Campofiorin,21329,B,363,10.52,131,2.8,8.036923076923078,38,46,276.36
Southern Comfort,809,B,362,13.13,117,3.1,7.486187845303867,25,32,308.32
Benziger Svgn Bl N Cst,23049,B,362,6.12,172,2.1,7.525510204081633,41,48,210.5
Ravenswood Zen of Zin Znfdl,44452,B,362,6.49,167,2.2,7.691588785046729,35,43,216.77
Dark Horse Pnt Nr,24604,B,361,5.4,183,2.0,7.574626865671642,30,37,197.45
Borsao Campo de Borja Red,27361,B,361,5.99,174,2.1,8.052805280528053,38,46,207.96
Malibu Pineapple Rum,5747,B,360,8.88,142,2.5,7.5355587808418,34,41,252.86
1800 Silver Tequila,8442,B,360,9.32,139,2.6,7.098984771573604,32,39,259.04
R Mondavi Pvt Slctn Cab Sv,33682,B,360,10.88,129,2.8,7.3615702479338845,31,38,279.89
Red Truck Cal,39631,B,359,5.44,182,2.0,7.686274509803922,46,54,197.63
Kinky Blue Liqueur,6096,B,358,12.77,118,3.0,7.348314606741573,39,46,302.38
Allegrini Palazzo Della Tor,35862,B,358,13.6,115,3.1,7.512820512820513,43,50,312.05
Cono Sur Pnt Nr Rapel,45332,B,358,4.69,195,1.8,7.571428571428571,29,36,183.25
Ca'Momi Merlot Napa Valley,18743,B,357,6.8,162,2.2,7.498249708284714,45,52,220.35
MacMurray Ranch Sonma Pnt Nr,37656,B,357,13.51,115,3.1,7.728971962616822,33,41,310.58
Ole Smoky Moonshine Cherries,1738,B,356,14.72,110,3.2,8.0088161209068,35,43,323.74
1800 Ultimate Margarita RTD,5758,B,356,13.33,116,3.1,7.263036809815951,32,39,308.08
Noilly Prat Extra Dry Vermou,7985,B,356,7.46,154,2.3,7.791348600508906,26,34,230.47
Steele Chard Cal,28114,B,356,10.88,128,2.8,8.263636363636364,50,58,278.33
Estancia Pnt Grigio Cal,39717,B,356,4.9,191,1.9,7.723905723905724,36,44,186.78
La Puerta La Rioja Malbec,43553,B,356,6.03,172,2.1,7.516666666666667,41,48,207.2
Fabrizia Limoncello,4701,B,355,12.68,118,3.0,7.722132471728594,43,51,300.05
Louis Latour 12 Marsannay Bl,24146,B,355,13.24,116,3.1,7.435897435897436,53,60,306.6
Paul Masson Rose,8689,B,354,6.49,165,2.1,7.693193717277487,30,37,214.36
Livingston Cellars Red Rose,8905,B,354,7.84,150,2.4,7.571810883140054,29,36,235.6
Malibu Rum,904,B,353,12.22,120,2.9,7.630541871921182,31,38,293.72
Pinnacle Tropical Punch Vdka,3231,B,353,7.74,151,2.3,7.470167064439141,31,38,233.76
Baja Rosa Strawberry Liqueur,5628,B,353,7.24,156,2.3,7.6266318537859,30,37,226.09
Colombo Marsala Sweet,7282,B,353,6.12,170,2.1,7.722602739726027,28,35,207.86
Livingston Chablis Cal,8036,B,353,8.27,146,2.4,7.579449152542373,25,32,241.63
Layer Cake Virgin Chard,14004,B,353,8.9,141,2.5,7.807339449541284,41,49,250.67
Insurrection Cab/Shiraz,23521,B,353,7.43,154,2.3,7.54375,32,39,229.03
Ferrari-Carano Fume Bl,26945,B,353,6.77,161,2.2,7.460159362549801,55,62,218.62
Ch Ste Michelle Merlot Colum,6581,B,352,7.86,150,2.3,7.825704225352113,41,49,235.23
Deadbolt Red,18592,B,352,5.4,181,1.9,7.768361581920904,32,39,194.98
Nathanson Creek Merlot,28262,B,352,5.15,185,1.9,7.803053435114504,28,36,190.41
Chartron La Fleur Brdx Whit,31618,B,352,6.57,164,2.1,8.104089219330856,39,47,215.07
Jenkins Amaretto,5333,B,351,8.65,142,2.5,7.824267782426778,28,36,246.42
Velvet Crush Red Blend,19755,B,351,6.57,163,2.2,6.90625,32,39,214.76
Balletto Vyds Pnt Gris,23255,B,351,7.94,149,2.4,7.304347826086956,29,36,236.09
HandCraft Artisan Coll Pnt N,16429,B,349,5.8,173,2.0,7.9421487603305785,42,50,201.21
Red Rock Winery Malbec,13695,B,348,6.16,168,2.1,7.5,31,38,207.06
Bonterra Svgn Bl Organic,45769,B,348,6.65,162,2.1,8.439490445859873,41,49,215.14
Bacardi Torched Cherry Rum,802,B,347,7.99,147,2.4,7.769406392694064,32,39,235.48
Mouton Cadet White Brdx,8124,B,347,6.75,160,2.2,7.912350597609562,39,47,216.44
Pinnacle Caramel Apple Vodka,3325,B,346,7.4,153,2.3,7.815040650406504,31,38,226.29
Antinori Toscana Rd,6727,B,346,10.36,129,2.7,7.454756380510441,34,41,267.75
Stonehedge Amador 12 Znfdl,23392,B,346,6.62,162,2.1,9.833333333333334,70,79,214.03
Rebel Reserve Bourbon,1135,B,345,15.62,105,3.3,7.754201680672269,35,42,328.3
Marques de Caceres Blanco Wh,21965,B,345,4.69,192,1.8,7.5582329317269075,33,40,179.89
Ch Ste Michelle Indn Wls Cab,43590,B,345,10.2,130,2.7,7.419417475728156,35,42,265.29
Absolut Ruby Red,3462,B,344,13.07,115,3.0,7.696470588235294,31,38,299.87
Blackstone Cab Svgn Cal,32675,B,343,4.57,194,1.8,8.020935960591133,39,47,177.06
M & R Prosecco Frizzante,40114,B,343,6.66,160,2.1,7.439169139465875,40,47,213.75
A by Acacia Chard Cal,44233,B,343,6.84,158,2.2,7.211320754716981,43,50,216.62
Pinnacle CranApple Vodka,3268,B,342,7.63,150,2.3,7.078125,20,27,228.45
Cruzan Aged Light Rum,8452,B,342,12.68,116,2.9,7.730769230769231,31,38,294.5
Cupcake Angel Food,16477,B,342,4.76,190,1.8,7.809018567639257,32,39,180.44
Dolin Dry White Vermouth,16761,B,342,8.84,139,2.5,7.743732590529248,69,76,245.9
Madrigal Cab Svgn,23074,B,342,13.69,112,3.1,8.75,61,69,306.01
Angelini Pnt Nr Veneto,12505,B,341,6.16,166,2.1,7.331818181818182,34,41,204.97
Ch Ste Michelle Gewurz Colum,13052,B,341,5.47,177,1.9,7.637894736842105,30,37,193.15
Ch Ste Michelle Rsl Dry Colu,46098,B,341,6.03,168,2.0,7.6025236593059935,25,32,202.79
Alamos Ridge Cab Svgn Mendza,35578,B,340,4.57,193,1.8,7.800578034682081,30,37,176.28
Grand MacNish,2676,B,339,10.93,125,2.7,7.89119804400978,22,29,272.23
Paddy's Irish Whiskey,2917,B,339,15.62,104,3.3,7.280373831775701,28,35,325.43
Lillet White French Aperiti,8131,B,339,10.38,128,2.6,7.3604651162790695,26,33,265.29
Cigar Box Malbec Mendoza,14008,B,338,8.1,144,2.3,7.8506024096385545,32,39,234.0
Bolla Pinot Grigio,24673,B,338,8.96,137,2.5,7.371024734982332,38,45,246.11
Malibu Passion Fruit Rum,5731,B,337,9.02,137,2.5,7.656742556917688,45,52,246.57
Alexander Vly Vyd Cab Svgn,25711,B,337,9.73,132,2.6,7.420245398773006,38,45,256.09
Hardys Shiraz Ausl,37607,B,337,9.39,134,2.5,7.602112676056338,24,31,251.57
Rhum Barbancourt RSV Special,4804,B,336,12.14,118,2.8,7.74364406779661,28,35,285.62
Dom Chandon Blanc de Noir C,8223,B,336,10.36,127,2.6,7.632516703786192,38,45,263.86
Cavicchioli Prosecco,21233,B,336,7.53,149,2.3,7.7789757412398925,34,41,224.95
Sokol Blosser Evolution Pnt,24755,B,336,7.79,147,2.3,8.25,35,43,228.8
St Francis Old Vines Znfdl,28548,B,336,11.03,123,2.7,7.279863481228669,28,35,272.25
99 Bananas,5897,B,335,7.46,150,2.2,7.457516339869281,26,33,223.57
Trapiche Cab Svgn Oak Cask,26395,B,335,3.94,206,1.6,7.345132743362832,50,57,162.47
Ciroc Amaretto Vodka,3458,B,333,15.14,105,3.2,7.482014388489208,33,40,317.54
Morgan Winery Highland Chard,31541,B,333,13.15,113,2.9,7.37,45,52,295.94
Riunite Lambrusco,8978,B,332,10.78,124,2.7,7.704918032786885,26,33,267.54
Juan Gil Jumilla Rd,47014,B,332,8.16,143,2.3,7.9361702127659575,31,38,232.77
Geyser Peak Cab Svgn,12479,B,331,7.94,144,2.3,7.698895027624309,53,60,229.27
Barefoot Bubbly Prosecco,21232,B,331,6.62,158,2.1,7.453125,32,39,209.34
De Loach Pnt Nr,44035,B,331,6.84,156,2.1,7.91254752851711,36,43,212.79
Deep Eddy Lemon Vodka,3989,B,330,11.93,118,2.8,7.57841726618705,25,32,280.6
Jose Cuervo Strawberry Marg,5767,B,330,10.36,126,2.6,7.154564315352697,31,37,261.49
TGI Fridays Ultimte Mudslide,5255,B,329,9.35,133,2.5,7.35480093676815,35,42,248.04
Educated Guess Cab Svgn Napa,14363,B,329,13.51,110,3.0,7.761437908496732,37,44,298.16
Ranga Ranga Svgn Bl,15875,B,329,7.18,151,2.2,7.471698113207547,30,37,217.36
Mumm Napa Brut Rose,22019,B,328,9.73,130,2.5,7.946875,39,46,252.64
Sauza Conmemorativo,3945,B,327,13.84,109,3.0,7.322077922077922,22,29,300.86
Rosemount Diamond Cab Svgn,6946,B,327,4.79,185,1.8,8.010498687664041,28,35,176.99
Jadot Ch d Jacques Morgon 11,25186,B,326,8.66,137,2.4,8.333333333333334,30,37,237.62
Campo Viejo Tempranillo,40053,B,326,5.99,165,2.0,7.573170731707317,24,31,197.62
Pavao Vinho Verde Adegas Wh,12520,B,325,4.72,186,1.7,7.8882352941176475,43,50,175.16
Decoy Duckhorn Chard Sonoma,15355,B,324,9.12,133,2.4,7.938337801608579,43,50,243.1
Cline Cool Climate Pnt Nr,17756,B,324,9.8,129,2.5,7.869047619047619,33,40,252.0
Dom Chandon Rose Spklg,44717,B,324,9.08,134,2.4,7.4164305949008495,33,40,242.57
Kendall Jackson Vntrs RSV Me,6984,B,323,10.96,121,2.7,7.2176470588235295,47,53,266.09
Chloe Pnt Nr,23516,B,323,7.58,146,2.2,7.420382165605096,28,35,221.28
Morgan Winery Metalico Chard,38681,B,322,11.03,121,2.7,6.903225806451613,32,38,266.52
Menage a Trois White,41033,B,322,5.91,165,2.0,7.170081967213115,30,36,195.09
Bogle Russian River Pnt Nr,44072,B,322,7.23,149,2.2,7.826415094339622,26,33,215.78
Ninety+Cellars Lot 53 Cab Sv,16877,B,321,6.16,161,2.0,7.306569343065694,33,39,198.87
Troublemaker Red,41970,B,321,8.81,135,2.4,7.881188118811881,33,40,237.82
Jack Daniels Honey + Glass,1064,B,320,18.39,93,3.4,7.9411764705882355,37,44,343.07
Firefly Apple Pie Moonshine,2598,B,320,11.44,118,2.7,7.660777385159011,30,37,270.59
Meukow VS Cognac,4626,B,320,11.19,120,2.7,7.646362098138748,55,62,267.61
Manischewitz Concord Kosher,7423,B,320,5.47,171,1.9,7.812760055478502,29,36,187.1
Canadian Rich & Rare,2212,B,319,8.72,135,2.4,7.5481758652946676,25,32,235.87
Campo Viejo Tempranillo RSV,40054,B,319,7.48,146,2.2,7.55794701986755,31,38,218.45
Jim Beam Devils Cut Bourbon,2290,B,318,18.04,94,3.4,8.069868995633188,32,39,338.72
Evan Williams Honey Reserve,3863,B,318,15.5,101,3.1,7.595291479820628,21,28,313.98
Cutty Sark,2658,B,317,12.49,113,2.8,7.3760683760683765,25,31,281.4
Lairds Apple Jack,4522,B,317,10.06,126,2.5,7.832826747720365,28,35,252.55
Jagermeister Spice,7224,B,317,11.59,117,2.7,8.361344537815127,33,40,271.07
Chambord Royale de France,8725,B,317,11.84,116,2.7,7.6400778210116735,28,35,273.98
Alderbrook Pnt Nr RRV,22509,B,317,12.07,115,2.8,7.333333333333333,53,59,276.63
Sutter Home Pnt Grigio Cal,39654,B,317,6.75,153,2.1,7.143459915611814,27,33,206.87
Josh Cellars Svgn Bl,19947,B,316,8.72,135,2.3,7.723076923076923,30,37,234.76
Oberon Cab Svgn Napa,43092,B,316,14.48,104,3.0,8.245125348189415,45,52,302.52
Cusumano Nero D'Avola Sicily,44362,B,316,6.66,154,2.1,8.164429530201343,38,45,205.16
Joel Gott Chard,12772,B,315,9.2,131,2.4,7.098802395209581,39,45,240.75
Breca OV Garnacha Calatayud,20255,B,315,9.65,128,2.5,8.302752293577981,32,39,246.57
Irony Cab Svgn,44337,B,315,8.44,137,2.3,7.321428571428571,35,41,230.59
Irony Pnt Nr Monterey,44340,B,315,8.84,133,2.4,7.601769911504425,29,36,235.99
Jim Beam Black,1258,B,314,17.03,96,3.3,7.792332268370607,34,41,327.03
Ole Smoky White Lightnin',1725,B,314,14.17,105,3.0,8.337423312883436,26,33,298.31
West Cork Irish Whiskey,1727,B,314,17.05,96,3.3,8.21938775510204,25,32,327.22
Gentleman's Collection Cab S,24788,B,314,9.45,129,2.4,7.909090909090909,73,80,243.61
Great Western X Dry,7728,B,313,6.07,161,1.9,8.427762039660056,49,56,194.93
Melini Chianti DOCG Riserva,19175,B,313,7.38,146,2.1,7.465346534653466,32,38,214.94
Middle Sister Rebel Red,12944,B,312,6.8,151,2.1,8.442396313364055,24,31,205.99
Rodney Strong Merlot Sonoma,25994,B,312,11.72,115,2.7,7.861486486486487,39,46,270.43
C Back Goats Do Roam Rouge,35130,B,312,5.51,168,1.9,7.702702702702703,42,49,185.43
McClelland Highland Single,2183,B,311,14.61,103,3.0,7.548895899053628,25,31,301.45
A by Acacia Pnt Nr Cal,44234,B,311,9.45,128,2.4,7.213709677419355,34,40,242.44
Wild Horse CC Merlot,29407,B,310,10.33,122,2.5,7.838323353293413,41,48,253.08
The Crossings Svgn Bl Marlbo,36473,B,310,8.38,136,2.3,7.9753086419753085,31,38,227.94
Bombay Dry Gin,3437,B,309,13.84,106,2.9,7.881136950904393,24,31,292.46
Citra Pnt Grigio,45535,B,309,6.57,153,2.0,7.561111111111111,22,28,201.5
Camarena Silver Tequila,2026,B,308,14.61,103,3.0,7.778501628664495,26,33,300.0
Ch Greysac,6572,B,308,11.76,114,2.7,7.654228855721393,36,42,269.15
Absolut Mandrin,8050,B,308,12.77,110,2.8,7.510028653295129,29,35,280.47
Jesse James America's Outlaw,2085,B,307,10.6,120,2.6,7.69964664310954,24,30,255.12
Patron Citronge Orange,8097,B,307,9.44,128,2.4,8.40521327014218,28,35,240.75
Banfi Principessa Gavia Gav,17967,B,307,8.96,131,2.3,7.311046511627907,34,40,234.55
Clos du Bois Pnt Grigio Cal,41751,B,307,6.2,157,2.0,7.912825651302605,36,43,195.11
Capt Morgan White Pineapple,4282,B,306,9.69,126,2.4,7.710213776722091,30,36,243.52
Midnight Moon Apple Pie,6206,B,306,8.02,138,2.2,8.20949263502455,29,36,221.55
Drambuie Liqueur,8660,B,305,9.69,125,2.4,7.928571428571429,24,31,243.12
Vegan Vines Chard,23259,B,305,6.12,158,1.9,8.5,42,49,193.21
Capt Morgan White Coconut,4249,B,304,10.39,121,2.5,7.533464566929134,24,30,251.34
Cuervo Watermelon Margaritas,5810,B,304,10.6,120,2.5,7.1479958890030835,26,32,253.87
1800 Reposado Gold Tequila,8476,B,303,8.98,130,2.3,7.231927710843373,30,36,233.28
Barefoot Svgn Bl Cal,31497,B,303,7.28,144,2.1,7.556851311953353,24,30,210.04
Red Diamond Cab Svgn Wash,41143,B,302,5.26,169,1.8,7.635883905013193,22,28,178.24
Rosita Tequila Wh,3320,B,301,6.64,151,2.0,7.08,36,42,199.93
Pama Pomegranate Liqueur,5146,B,301,14.17,103,2.9,7.333333333333333,23,29,292.07
Estancia Meritage,24453,B,301,15.43,99,3.0,7.776744186046511,41,47,304.78
Hornitos Lime Shot Tequila,3883,B,300,15.43,99,3.0,7.658461538461538,29,35,304.27
TGI Fridays Long Island Iced,5215,B,300,9.41,126,2.4,7.33943661971831,30,36,237.61
Viniq Shimmery Liqueur,7340,B,300,14.72,101,3.0,7.767543859649122,31,37,297.19
Sandeman Founders RSV Port,7969,B,299,9.03,129,2.3,7.589333333333333,22,28,232.38
Middle Sister Mischief Maker,12945,B,299,6.75,149,2.0,8.403508771929825,28,35,200.91
Ghost Pines Red L Martini,16394,B,299,9.03,129,2.3,8.054794520547945,34,41,232.38
F Coppola Rosso Bianco Pnt G,28682,B,299,5.34,167,1.8,7.728395061728395,37,43,178.7
Ecco Domani Colle Pnt Grigio,41786,B,299,5.86,160,1.9,7.54066985645933,60,66,187.2
Margaritaville Gold Tequila,3784,B,298,7.29,143,2.1,7.647382920110193,32,38,208.44
Sailor Jerry Spiced Rum Trav,4197,B,298,13.07,107,2.8,7.787096774193548,34,40,279.1
Hardys Cab Svgn Ausl,37601,B,298,9.2,127,2.3,7.732456140350878,24,30,234.16
Ruffino Prosecco Sparkling,15428,B,297,7.94,137,2.2,7.477715877437326,34,40,217.17
99 Apples Schnapps Liqueur,5027,B,296,7.51,140,2.1,7.26158940397351,24,30,210.85
Les Darons Lang J Carrel Rou,24771,B,296,8.66,131,2.3,6.979020979020979,26,32,226.42
Trivento Select Mendz Malbec,43798,B,296,6.45,151,2.0,7.503787878787879,26,32,195.41
Hornitos Anejo Tequila,3999,B,295,15.93,96,3.1,7.3689839572192515,23,29,306.57
A by Acacia Unoaked Chard Ca,18568,B,295,6.89,146,2.0,7.2796934865900385,27,33,201.62
Sandeman Tawny Port,6535,B,294,7.14,143,2.1,7.724852071005917,28,34,204.9
Chocolate Shop Red,17754,B,294,8.05,135,2.2,7.169675090252707,39,45,217.56
Harveys Bristol Cream Sherry,6552,B,293,13.99,102,2.9,7.577712609970675,23,29,286.33
Jason Stephens Syrah,23257,B,293,9.33,125,2.3,8.75,30,37,233.82
Fish Eye Pnt Grigio,43450,B,293,11.33,114,2.6,7.469594594594595,21,27,257.67
Three Olives Blueberry Vodka,3662,B,292,8.75,129,2.3,7.453608247422681,27,33,226.05
Avalon Cab Svgn Cal,38542,B,292,7.18,143,2.0,7.72189349112426,58,64,204.77
Baileys Vanilla Cinnamon,3498,B,291,14.72,99,2.9,7.555555555555555,36,42,292.7
Smirnoff Sorbet Mango/Pasion,3517,B,291,6.83,146,2.0,8.266666666666667,28,35,199.38
Sterling Svgn Bl,6278,B,291,7.55,139,2.1,8.030581039755353,43,49,209.62
Pinnacle Pineapple Vodka,6670,B,291,7.24,142,2.0,7.6841121495327105,23,29,205.27
Caymus Conundrum Red,18951,B,291,12.07,110,2.6,7.675324675324675,34,40,265.04
Danzante Del Vnzi Pnt Grigio,32479,B,291,6.75,147,2.0,8.26036866359447,30,37,198.2
DeKuyper Anisette,5125,B,290,5.96,156,1.9,7.403743315508021,25,31,185.92
Big House Red,13723,B,290,11.56,112,2.6,7.5997150997151,22,28,258.94
Rive Droite Rive Gauche CDR,24928,B,290,6.16,153,1.9,7.836477987421383,41,47,189.02
Monsanto Chianti Clsc RSV,31160,B,290,13.24,105,2.8,7.883161512027492,28,34,277.12
Cloudy Bay Svgn Bl Marlboro,39523,B,290,15.53,97,3.0,7.3315649867374,38,44,300.13
Spellbound Chard,13968,B,289,8.38,131,2.2,8.25077399380805,39,46,220.08
Vendange Pnt Grigio,14895,B,289,5.15,168,1.7,7.4419595314164,18,24,172.53
Yellow Tail Big Bold Red,18641,B,289,6.01,155,1.9,7.754295532646048,41,47,186.38
Noble Vines 1 Red Blend,19191,B,289,6.53,149,1.9,7.680722891566265,33,39,194.28
Gekkeikan Black & Gold Sake,58,B,288,9.28,125,2.3,7.758389261744966,20,26,231.2
R M Woodbridge Wh Znfdl Cal,6329,B,288,6.2,152,1.9,7.69959266802444,27,33,188.98
Cruzan Pineapple Rum,4414,B,287,7.93,135,2.1,7.316561844863732,23,29,213.35
Grayson Cellars Pnt Nr Cntrl,46582,B,287,6.84,145,2.0,7.491379310344827,93,99,198.15
Banshee Pnt Nr Sonoma Cnty,14991,B,286,11.99,109,2.6,7.8062015503875966,37,43,261.88
Dolin Sweet Red Vermouth,16758,B,286,8.55,129,2.2,7.68503937007874,22,28,221.15
Renwood Timberline Znfdl,21254,B,286,14.28,100,2.9,8.05,29,35,285.8
Cavit Riesling Trentino,43365,B,286,6.89,144,2.0,7.518556701030928,23,29,198.52
Jose Cuervo Tradicional,3969,B,285,14.67,99,2.9,7.43236074270557,24,30,289.17
Bota Box RedVolution,16441,B,285,10.96,114,2.5,7.8293601003764115,21,27,249.94
Skyy Infusions Citrus Vodka,3515,B,284,15.5,96,3.0,7.597333333333333,18,24,296.72
Menage a Trois Cab Svgn,17163,B,284,7.09,142,2.0,7.2006578947368425,29,35,200.68
Cambria Katherines Chard,22584,B,284,11.91,109,2.6,7.700934579439252,30,36,260.09
Hpnotiq Liqueur,5160,B,283,7.96,133,2.1,7.192419825072887,24,30,212.26
Oyster Bay Chard Marlboro,10609,B,283,7.84,134,2.1,7.851620947630923,28,34,210.65
Peter Vella Sangria B/B,11440,B,283,9.14,124,2.3,7.809815950920245,20,26,227.45
High Valley Svgn Bl 13 Lake,23230,B,283,9.39,123,2.3,7.4,53,59,230.54
Calico Jack Mango Rum,4044,B,281,9.62,121,2.3,7.637254901960785,24,30,232.52
Moet & Chandon Imperial,26787,B,281,6.86,143,2.0,7.258215962441315,29,35,196.35
Stolichnaya Razberi,599,B,280,17.03,91,3.1,7.67003367003367,22,28,308.82
Madria Sangria,12901,B,279,5.19,164,1.7,7.590286425902864,23,29,170.18
Jim Beam Rye,757,B,278,13.95,100,2.8,7.51984126984127,23,29,278.5
Brugal Anejo Rum,4270,B,278,12.97,104,2.7,7.493472584856397,27,33,268.54
Irish Mist Honey Liqueur,5358,B,278,18.83,86,3.2,7.220913107511046,21,26,323.57
Bird Dog Peach Whiskey,2514,B,277,11.41,110,2.5,7.8,26,32,251.42
Tiefenbrunner Pnt Grigio,21859,B,277,8.49,128,2.2,7.275,32,38,216.88
Seagrams VO Canadian Whiskey,854,B,276,11.67,109,2.5,7.4147727272727275,27,33,253.81
Grind Espresso Shot,5566,B,276,11.44,110,2.5,7.457399103139013,20,26,251.29
St Brendans Irish Cream,5148,B,275,14.17,99,2.8,7.654808959156785,23,29,279.17
Godiva Dark Chocolate,5815,B,275,15.71,94,2.9,7.557195571955719,24,30,293.95
Amarula Cream Liqueur,8173,B,275,14.28,98,2.8,8.302272727272728,27,33,280.25
Sebastiani Chard Sonoma,8929,B,275,5.8,154,1.8,7.986486486486487,29,35,178.61
M Chiarlo Barbera D'Asti,23778,B,275,6.45,146,1.9,7.521551724137931,29,35,188.35
Speyburn Brandan Orach,2246,B,274,13.96,99,2.8,7.634020618556701,17,23,276.59
Sterling Merlot,6896,B,274,10.1,116,2.4,7.157894736842105,47,52,235.26
Yellow Tail Pnt Nr,13963,B,274,6.75,142,1.9,7.838650865998177,28,34,192.33
Noble Vines 242 Svgn Bl,19190,B,274,7.09,139,2.0,7.645833333333333,34,40,197.11
Sterling Vintner Clt Svgn Bl,39923,B,274,6.55,145,1.9,7.040462427745664,22,27,189.46
Mirassou Merlot Cal,39412,B,273,5.88,152,1.8,7.397540983606557,29,35,179.18
Gnarly Head Cab Svgn Cal,46734,B,273,6.84,141,1.9,7.931034482758621,36,42,193.25
Gr Marnier Raspberry Peach,5706,B,272,20.6,81,3.4,7.665048543689321,25,31,334.76
Great Western Brut,7725,B,272,6.07,150,1.8,8.528301886792454,53,59,181.72
Frisk Prickly Rsl,15827,B,272,6.75,142,1.9,7.533950617283951,30,36,191.62
Franciscan Merlot Napa,24846,B,272,12.25,105,2.6,7.8765432098765435,30,36,258.15
Rombauer El Dorado Znfdl,33032,B,272,19.3,84,3.2,7.813186813186813,41,47,324.02
Bacardi Coco Rum,4204,B,271,7.74,132,2.1,7.565573770491803,29,35,204.82
Nicholson Ranch Chard Son Ct,21277,B,271,13.79,99,2.7,8.620689655172415,47,53,273.39
Mumm Napa Bl de Blanc,24648,B,271,9.67,118,2.3,7.716981132075472,35,41,228.94
Vina Zaco Tempranillo Rioja,12368,B,270,7.09,138,2.0,8.59656652360515,33,39,195.67
Banfi Rosso di Montalcino,31200,B,270,11.99,106,2.5,7.586538461538462,31,37,254.45
Cakebread Svgn Bl,6681,B,269,15.89,92,2.9,7.554285714285714,27,33,292.38
Sweet Baby Vyds Blueberry,16669,B,269,8.55,125,2.2,7.8229571984435795,25,31,214.48
St Supery Svgn Bl Napa,21129,B,269,11.56,108,2.5,7.873362445414847,22,28,249.39
HandCraft Artisan Coll Chard,16428,B,268,6.2,147,1.8,8.185185185185185,52,58,182.3
The Beach House Pinot Grigio,19260,B,268,6.45,144,1.9,7.675810473815462,22,28,185.94
Ch Ste Michelle Pnt Gris Was,36161,B,268,5.84,151,1.8,7.594080338266385,24,30,176.93
Bogle Svgn Bl Cal,39775,B,268,5.84,151,1.8,7.693581780538302,22,28,176.93
Skyy Infusions Blood Orange,3172,B,267,10.31,114,2.3,7.400447427293065,20,25,234.64
Salignac VS Cognac,8808,B,267,13.95,98,2.7,7.47112462006079,17,22,272.93
W Hill Est Merlot Cntrl Cst,20864,B,267,8.55,125,2.1,7.6434108527131785,31,37,213.68
Franzia Chianti Tap,26755,B,267,9.67,117,2.3,7.6156941649899395,20,26,227.24
WolfHound Irish Whiskey,2145,B,266,12.68,102,2.6,7.345744680851064,20,25,259.73
Montezuma Blue Tequila Liqu,5606,B,266,7.19,136,2.0,6.795238095238095,60,65,195.58
Absolut Apeach,3731,B,265,13.38,100,2.6,7.7272727272727275,17,23,266.3
Sutter Home Moscato Cal,28070,B,265,6.66,141,1.9,7.007125890736342,22,27,187.88
Fat Bastard Chard,34137,B,265,6.84,139,1.9,7.316017316017316,20,25,190.4
Three Olives Strawberry,168,B,264,8.95,121,2.2,7.279620853080568,20,25,217.39
Cruzan Passion Fruit Rum,4211,B,264,7.8,130,2.0,7.36060606060606,26,31,202.94
Gazdina Rakija Pear Brandy,8267,B,264,18.45,85,3.1,7.912650602409639,30,36,312.12
The Other Red,20557,B,264,7.84,130,2.0,7.637254901960785,23,29,203.46
Beaulieu Cab Svgn Napa,34431,B,264,10.32,113,2.3,7.2946058091286305,31,36,233.43
14 Hands Chard Wash,42765,B,264,5.85,150,1.8,7.566037735849057,21,26,175.75
Spalletti Toscana Rosso Palz,20419,B,263,12.82,101,2.6,7.320987654320987,25,30,259.68
Cambria Julias Vyd Pnt Nr,22583,B,263,13.6,98,2.7,8.2,49,55,267.46
Cesari Mara Vino di Ripasso,38635,B,263,11.48,107,2.5,8.464285714285714,50,56,245.73
Gnarly Head Authentic Black,22387,B,262,6.62,141,1.9,7.538461538461538,32,37,186.25
Nobilo Icon Svgn Bl Marlboro,38348,B,262,9.26,119,2.2,7.571428571428571,27,32,220.28
El Charro Silver Tequila,5090,B,261,10.23,113,2.3,7.381333333333333,18,23,231.09
Noilly Prat Sweet Vermouth,7990,B,261,7.68,130,2.0,7.827464788732394,16,22,200.22
Siduri Pnt Nr Sonoma Cst,21596,B,260,14.56,94,2.8,8.476190476190476,45,51,275.16
Santa Margherita Prosecco V,40621,B,260,10.52,111,2.3,7.697270471464019,23,28,233.89
Bulleit Bourbon,1424,B,259,9.69,116,2.2,7.679352997145576,18,23,224.04
Gekkeikan Plum Wine,8696,B,259,7.48,132,2.0,7.847222222222222,26,32,196.84
Riff Pnt Grigio,15444,B,259,6.57,140,1.8,7.923766816143497,35,41,184.48
Clos du Bois Svgn Bl N Cst,6183,B,258,5.99,147,1.8,7.898412698412699,40,46,175.81
LaBelle Winery Cranberry,12111,B,258,10.73,110,2.3,7.7973856209150325,24,30,235.3
Line 39 Chard,16314,B,258,5.29,156,1.7,7.207692307692308,27,32,165.22
Kendall Jackson Vntrs Rsl Rs,17168,B,258,5.99,147,1.8,7.3232323232323235,24,29,175.81
Predator Old Vine Znfdl Lodi,17432,B,258,10.34,112,2.3,7.788844621513944,26,32,230.99
William Grant Scotch,1748,B,257,10.29,112,2.3,7.815699658703072,15,21,229.98
Stoli Salted Karamel,3039,B,257,13.38,98,2.6,8.021604938271604,26,32,262.25
Beringer Knights Vly Cab Svg,8700,B,257,16.52,88,2.9,7.475138121546961,45,50,291.4
La Posta Angel Plucci Malbec,41405,B,257,9.8,115,2.2,7.989010989010989,21,27,224.44
Pusser's British Navy Rum,4412,B,255,13.63,97,2.6,7.8,21,26,263.65
Bella Sera Pinot Noir Delle,44041,B,255,7.61,129,2.0,7.447761194029851,28,33,197.01
Olmeca Altos Reposado,3617,B,254,15.82,90,2.8,7.551282051282051,24,29,283.49
Sauza Extra Gold Tequila,3626,B,254,10.39,111,2.3,7.508823529411765,16,21,229.74
Alamos Red Mendoza,16393,B,254,4.66,165,1.5,7.461883408071749,28,33,153.86
14 Hands Pinot Grigio,19671,B,254,5.89,147,1.7,7.481792717086835,24,29,172.98
Arca Nova Vinho Verde,34870,B,254,5.84,147,1.7,6.980769230769231,19,24,172.24
Ghost Pines Chard L Martini,46380,B,254,9.03,119,2.1,7.742990654205608,34,39,214.18
Crown Royal Black,2499,B,253,21.53,77,3.3,7.575520833333333,21,26,330.07
Serpent's Bite Cider Whiskey,2830,B,253,10.44,110,2.3,7.698245614035088,21,26,229.84
Souverain Chard N Cst,6593,B,253,7.84,127,2.0,7.43265306122449,23,28,199.17
Dynamite Cab Svgn N Cst,25802,B,253,8.21,124,2.0,7.445086705202312,30,35,203.82
Blackstone Pnt Nr Monterey,37792,B,253,4.63,165,1.5,8.129390018484289,31,37,153.06
Martin Codax Albarino,46060,B,253,8.49,122,2.1,7.463815789473684,24,29,207.27
Grey Goose Le Melon,3139,B,252,17.64,85,3.0,7.662790697674419,51,56,298.18
Willamette Whole Clst Pnt Nr,11238,B,252,13.24,98,2.6,7.580110497237569,38,43,258.32
William Grant Scotch,1760,B,251,19.69,80,3.1,7.904458598726115,18,23,314.4
Warre's Otima 10-Yr Tawny,32796,B,251,12.9,99,2.5,7.572340425531915,20,25,254.48
Prairie Organic Cucumber Vod,9037,B,250,11.93,102,2.5,7.008064516129032,20,25,244.24
Yellow Tail Pink Moscato,18642,B,250,5.81,147,1.7,7.6079664570230605,33,38,170.44
Estancia Unoaked Chard,17910,B,249,6.57,138,1.8,7.841176470588235,29,34,180.88
Beringer Fndrs Est Cab Svgn,33037,B,249,10.88,107,2.3,7.046153846153846,25,30,232.77
Salmon Run NY Pnt Nr,37312,B,249,7.99,125,2.0,7.1440677966101696,16,21,199.48
Five Rivers Pnt Nr,37926,B,249,8.05,124,2.0,7.174603174603175,27,32,200.22
Dom Bousquet Cab Svgn Mendza,16655,B,248,7.23,131,1.9,6.867647058823529,22,27,189.37
Salmon Run Coho Red NY,37310,B,248,6.75,136,1.8,7.149659863945578,31,36,182.98
Sauza Blue Silver Tequila,4313,B,247,19.42,80,3.1,7.3196902654867255,22,27,309.74
Appleton Special Gold Rum,4787,B,247,15.03,91,2.7,7.32725321888412,19,24,272.49
Carolans Irish Cream,5128,B,247,8.98,117,2.1,7.4941176470588236,21,26,210.62
Layer Cake Primitivo Puglia,10238,B,247,10.66,108,2.3,7.430939226519337,26,31,229.48
Smirnoff Light Lemon Sorbet,3510,B,246,8.65,119,2.1,8.073170731707316,29,34,206.3
King Est Pnt Gris Ore,26557,B,246,11.4,104,2.4,7.508064516129032,32,37,236.83
Ketel One 325 Commemorative,3757,B,245,21.63,75,3.3,9.294117647058824,98,104,325.56
La Maialina Gertrude Red,17011,B,245,9.2,115,2.1,7.103139013452915,22,27,212.32
Firefly Sweet Tea Vodka,3218,B,244,10.23,109,2.2,7.316596931659693,22,27,223.43
Beefeater Gin,859,B,243,17.29,84,2.9,7.6891891891891895,17,22,289.88
Jadot Bourgogne Pinot Noir,8744,B,243,12.32,99,2.5,7.329166666666667,24,29,244.7
Dom Bousquet Malbec Mendoza,16656,B,243,7.58,127,1.9,6.982142857142857,34,39,191.94
Absolut Citron,419,B,242,15.99,87,2.8,7.686792452830189,21,26,278.19
Brady's Irish Cream,8520,B,242,12.3,99,2.4,7.63972286374134,18,23,243.99
Phillipine de St-Cyrille CdP,22963,B,242,16.55,86,2.8,7.334600760456274,25,30,283.03
Frei Bros RSV Mendcno Merlot,34429,B,242,11.72,102,2.4,8.0,30,35,238.17
Penfolds Koonunga Hil Shiraz,43308,B,242,6.89,133,1.8,7.602564102564102,34,39,182.61
Taylor Fladgate 10-Yr Tawny,21032,B,241,15.12,89,2.7,7.5583941605839415,17,22,269.96
Farnum Hill Semi-Dry Cider,43920,B,241,8.05,122,2.0,7.884816753926701,37,42,196.98
Platte Valley KY Moonshine,2912,B,240,12.87,97,2.5,7.578231292517007,21,26,248.55
Dr McGillicuddy's Vanilla,5202,B,239,10.31,108,2.2,7.70464135021097,20,25,222.0
BV Coastal Estate Cab Svgn,6398,B,239,5.91,142,1.7,7.609065155807365,24,29,168.08
R Mondavi Privt Slct Chard,33683,B,239,10.38,107,2.2,7.339534883720931,25,30,222.75
Tohu Svgn Bl Marlboro,35393,B,239,8.6,118,2.0,7.81941309255079,21,26,202.75
Teachers Highland Cream,2926,B,238,21.87,74,3.2,7.497584541062802,20,25,322.65
Villa Jolanda Strwby Moscato,20731,B,238,5.95,141,1.7,7.285,26,31,168.29
Greg Norman Limestone Shiraz,33348,B,237,7.23,128,1.9,7.275956284153006,28,33,185.12
Rain Organics Vodka,3695,B,236,7.68,124,1.9,7.405994550408719,20,25,190.39
Capt Morgan Tattoo Rum,4345,B,236,15.62,87,2.7,7.590909090909091,24,29,271.53
Hochstadter's Slow and Low,4283,B,235,13.84,92,2.6,8.417910447761194,24,29,255.05
Schmitt Sohne Relax Mosel,10895,B,235,13.51,93,2.5,7.790816326530612,30,35,251.99
Groth Svgn Bl Napa Valley,25846,B,235,12.05,99,2.4,7.822714681440443,20,25,237.98
Jadot Chardonnay,8496,B,234,11.62,100,2.3,7.669201520912548,31,36,233.2
Peter Vella Merlot Calif B/B,31787,B,234,10.8,104,2.2,7.763948497854077,22,27,224.82
Rodney Strong Cab Svgn Alexa,46985,B,234,15.75,86,2.7,7.494949494949495,26,31,271.5
John Power Irish Whiskey,1862,B,233,19.22,78,3.0,7.39261744966443,22,27,299.27
Vivanco Rioja Rsva 08,23383,B,233,11.48,101,2.3,11.333333333333334,27,34,231.29
L Martini Cab Svgn Napa,38898,B,233,20.13,76,3.1,7.563706563706564,23,28,306.28
Appleton Est VX Jamaican Rum,8671,B,232,14.49,89,2.6,7.6728110599078345,32,37,259.3
Sequoia Grove Cab Svgn,11915,B,232,19.6,77,3.0,7.340314136125654,34,39,301.57
C Y Toro Gran Reserva Cab Sv,16829,B,232,9.52,110,2.1,7.687134502923977,28,33,210.17
Kunde Chard Sonoma Valley,25419,B,231,9.33,111,2.1,7.708502024291498,28,33,207.62
Beringer Fndrs Est Merlot,31203,B,231,5.99,139,1.7,7.4940711462450595,22,27,166.35
Fuki Sake,38322,B,231,6.62,132,1.8,7.4630872483221475,21,26,174.88
Metcalfe's Vermont Maple,8262,B,230,15.82,85,2.7,8.574193548387097,21,26,269.76
Carpano Antica Formula,43131,B,230,8.72,115,2.0,8.285714285714286,19,24,200.28
Reyka Vodka,3476,B,229,15.5,86,2.7,7.981851179673321,20,25,266.44
Tanqueray Ten Gin,3690,B,229,22.39,72,3.2,7.660759493670886,19,24,320.24
Don Miguel Gascon Malbec Rsv,13489,B,229,12.83,94,2.4,7.470370370370371,25,30,242.41
Wente Southern Hill Cab Svgn,19453,B,228,9.65,109,2.1,7.371052631578947,32,37,209.77
Casa Silva Carmenere,23795,B,228,10.8,103,2.2,7.655172413793103,36,41,221.92
Olmeca Altos Plata Tequila,3425,B,227,15.55,85,2.7,7.570441988950276,19,24,265.7
Ghost Pines Merlot L Martini,46381,B,227,9.14,111,2.0,8.097938144329897,22,27,203.71
Kahlua Original Mudslide RTD,5253,B,226,11.84,98,2.3,7.6048667439165705,25,30,231.34
Barenjager Honey Liqueur,5462,B,226,14.7,88,2.6,7.4903474903474905,18,23,257.77
R Mondavi Chard Napa,8113,B,226,11.1,101,2.2,7.5027932960893855,27,32,223.99
BV Beaurouge Red,17377,B,226,10.13,106,2.1,7.222222222222222,20,24,213.98
Bartenura Moscato,21317,B,226,9.33,110,2.1,7.694871794871795,18,23,205.36
Verrazzano Chianti Clsc,25603,B,226,11.4,100,2.3,7.341121495327103,24,29,227.0
Pommery Brut Royale,26426,B,226,19.6,76,3.0,7.651162790697675,24,29,297.64
Merry Wh Chocolate Liqueur,5741,B,225,9.77,107,2.1,7.448275862068965,38,43,209.68
Sweet Baby Vyds White Peach,16670,B,225,8.27,117,1.9,7.933717579250721,20,25,192.91
Plantation Original Dark Rum,4833,B,224,10.78,102,2.2,8.420118343195266,20,25,219.76
Irish Manor Irish Cream,5185,B,224,14.61,88,2.5,7.966019417475728,20,25,255.84
Kenwood Svgn Bl Sonoma,6596,B,224,5.97,137,1.6,7.529569892473118,20,25,163.54
Cannonball Chard,15528,B,224,9.33,110,2.0,7.6521739130434785,27,32,204.45
Castello Chianti Classico,19821,B,224,10.32,104,2.2,7.851851851851852,21,26,215.02
F Coppola Rosso Bianco Rosso,28681,B,224,5.95,137,1.6,7.554179566563468,19,24,163.27
Nozzole Chianti Clsc RSV,15824,B,223,10.73,102,2.2,7.648083623693379,21,26,218.76
Turnbull Syrah 11,23279,B,223,16.44,82,2.7,7.222222222222222,33,37,270.78
Duck Pond Willamette Pnt Nr,36992,B,223,10.06,105,2.1,7.347560975609756,30,34,211.82
Caymus Conundrum White,37071,B,223,11.56,98,2.3,7.967948717948718,24,29,227.06
Canadian Club Classic,2161,B,222,15.26,85,2.6,7.8860103626943,22,27,260.3
Margaritaville Silver,5212,B,222,15.38,85,2.6,7.410714285714286,18,23,261.32
Cockburns Special RSV,20855,B,222,8.6,114,1.9,7.492063492063492,26,31,195.41
Latour Pouilly Fuisse,26427,B,222,14.19,88,2.5,7.785123966942149,24,29,251.01
Farnum Hill X-Dry Cider,43918,B,222,7.79,119,1.9,7.712418300653595,33,38,185.98
Irishman Founders RSV Whisky,1817,B,220,16.79,81,2.7,7.713080168776371,17,22,271.8
Malibu Black,5780,B,220,10.44,103,2.1,7.829268292682927,22,27,214.33
Ravenswood Znfdl Sonoma,26462,B,220,10.8,101,2.2,7.705035971223022,25,30,217.99
A to Z Ore Chard,44620,B,220,10.73,101,2.2,8.494071146245059,14,19,217.28
Kahlua White Russian RTD,5330,B,219,11.42,98,2.2,7.732413793103448,21,26,223.65
GranGala Triple Orange,5817,B,219,22.89,69,3.2,7.57421875,17,22,316.64
Small Batch 1792,1282,B,218,18.7,76,2.9,7.651282051282052,17,22,285.54
Patron Anejo Tequila,3763,B,218,20.28,73,3.0,8.486988847583643,20,25,297.36
Trivento Amado Sur Malbec,11854,B,218,8.38,114,1.9,7.272237196765499,19,23,191.15
Fantini Monteplciano D'Abruz,20699,B,218,7.94,117,1.9,7.582010582010582,21,26,186.06
Livingston Clrs Wh Znfdl Cal,28888,B,218,8.1,116,1.9,7.8328125,24,29,187.93
Zardetto Prosecco Conegliano,30602,B,218,8.27,115,1.9,7.509216589861751,25,29,189.89
Oyster Bay Pnt Nr Marlboro,38369,B,218,9.0,110,2.0,7.516908212560386,34,38,198.09
Midnight Moon Strawberry,680,B,217,13.86,88,2.5,8.319444444444445,25,30,245.26
Kahlua w/50mL Absolut+Glass,1556,B,217,14.84,86,2.5,6.976190476190476,35,39,253.79
J & B Rare,2722,B,217,17.59,79,2.7,7.817757009345795,16,21,276.3
Gnarly Head Pnt Nr,13422,B,217,6.45,130,1.7,7.878571428571429,27,32,167.31
Rioja Bordon Rsva Tempranllo,22344,B,217,9.99,104,2.1,7.635294117647059,27,32,208.22
Warre's Late Bottled Vintage,27512,B,217,14.09,88,2.5,7.757446808510639,22,27,247.29
Kermit Lynch Cotes du Rhone,29616,B,217,8.55,113,1.9,7.753554502369668,25,30,192.63
Plymouth Gin,3201,B,216,21.96,70,3.1,7.561549100968188,20,24,308.01
Tomaiolo Pinot Grigio,17073,B,216,6.84,126,1.7,7.2508710801393725,25,29,171.9
La Crema Chardonnay Monterey,12110,B,215,10.45,101,2.1,7.105555555555555,27,31,211.98
Petrone Limoncello,5375,B,214,14.72,85,2.5,7.787307032590052,21,26,251.0
Rodney Strong Chalk Hill Cha,6742,B,214,12.49,93,2.3,7.695035460992908,27,32,231.21
Korbel Sweet Rose,12227,B,214,8.44,113,1.9,7.564102564102564,23,27,190.06
Little Penguin Chard Ausl,39979,B,214,7.84,117,1.8,7.678383128295255,18,23,183.18
Devils Spring Vodka,3079,B,213,10.21,102,2.1,8.0,15,20,208.55
R Mondavi Fume Bl Napa Vly,8455,B,213,10.88,99,2.2,7.44672131147541,30,34,215.29
Sandeman Fine Rich Madeira,8780,B,213,10.13,103,2.1,7.837962962962963,18,23,207.74
Bota Box Znfdl,12343,B,213,11.18,98,2.2,7.651006711409396,16,20,218.24
Girls in the Vineyard Cab S,16351,B,213,12.83,91,2.3,7.369230769230769,31,35,233.79
Ca'Montini Pinot Grigio Tre,34504,B,213,9.45,106,2.0,7.933333333333334,28,33,200.64
Fort Ross Pnt Nr Sonoma Cst,10264,B,212,19.6,74,2.9,8.0,26,31,288.28
Yellow Tail Sangria,19870,B,212,5.89,134,1.6,7.762282091917591,32,37,158.03
Lagaria Venezie Pnt Grigio,28214,B,212,8.1,114,1.9,7.70566037735849,25,29,185.32
Glen Moray Classic Scotch,2035,B,211,14.28,86,2.5,7.3050108932461875,16,20,245.48
Dewars Special RSV 12-Yr,2628,B,211,23.43,67,3.1,7.826855123674911,23,28,314.44
Jose Cuervo Tradicional Slvr,3183,B,211,13.7,88,2.4,7.246153846153846,18,22,240.45
F Coppola Votre Sante Pnt Nr,12078,B,211,7.48,119,1.8,7.344827586206897,32,36,177.67
Bodegas Izadi Tempranillo Rd,15743,B,211,10.38,101,2.1,7.7405063291139244,21,25,209.29
Steele Pnt Nr,30656,B,211,11.64,95,2.2,7.730769230769231,26,30,221.63
The Monterey Vyds Pnt Nr,42642,B,211,8.21,113,1.9,7.118181818181818,35,39,186.14
Jim Beam Devils Cut,2226,B,210,27.6,62,3.4,7.442352941176471,19,23,340.47
Capt Morgan Parrot Bay Coco,4280,B,210,18.74,75,2.8,7.593800978792822,33,37,280.55
After Shock Hot & Cool Cinmn,5458,B,210,12.79,91,2.3,7.5,15,19,231.77
Fernet-Branca Italian Liquer,5525,B,210,18.24,76,2.8,8.476114649681529,23,28,276.78
S S Pierce Vodka,8550,B,210,9.39,106,2.0,9.5,3,8,198.59
Lamberti Prosecco X Dry,11698,B,210,7.84,116,1.8,8.583850931677018,22,27,181.46
Peter Vella Chablis B/B,6755,B,209,10.34,101,2.1,7.70756062767475,24,28,207.9
Sensi 18K Prosecco,23129,B,209,12.24,92,2.3,7.461811722912966,21,25,226.19
Hopler Gruner Veltliner,33731,B,209,7.48,118,1.8,7.225721784776903,17,21,176.82
Bonterra Mendocino Org Znfdl,45770,B,209,9.45,105,2.0,8.13125,37,42,198.75
Miraval Cotes de Prvnce Rose,19224,B,208,12.74,90,2.3,7.297169811320755,19,23,230.22
Tommasi Valpo Clsc Supr Rafl,33579,B,208,10.52,99,2.1,7.85,21,25,209.2
Dewars Special Reserve 12 Yr,2258,B,207,9.77,103,2.0,7.579868708971554,21,25,201.12
Taylor Nys Cream Sherry,6360,B,207,9.26,106,2.0,7.712749615975422,18,22,195.8
Bushmills Black Bush,1875,B,206,20.71,71,2.9,7.384615384615385,16,20,292.11
Bacardi Grand Melon,4200,B,206,7.68,116,1.8,8.007936507936508,25,30,177.88
Sterling Chard,11067,B,206,8.24,112,1.8,7.376,41,45,184.25
Silverado Chard,28580,B,206,14.83,83,2.5,7.9,22,26,247.19
Lyeth Estate Meritage N Cst,33982,B,206,10.8,98,2.1,8.505,23,28,210.94
Appleton Special Gold Rum,4480,B,205,9.92,102,2.0,7.4875,18,22,201.67
Kahlua Especial,5334,B,205,17.82,76,2.7,7.593406593406593,14,18,270.3
Bonterra Merlot Organic Mndc,32138,B,205,9.2,106,1.9,8.183544303797468,20,25,194.22
Corner Creek Rsv Bourbon,2879,B,204,22.21,68,3.0,8.023952095808383,21,25,301.03
Midnight Moon,6105,B,204,14.84,83,2.5,8.556420233463035,24,29,246.06
Tin Cup Whiskey,1464,B,203,19.22,73,2.8,7.393129770992366,19,23,279.35
Espolon Reposado Tequila,3921,B,203,17.9,75,2.7,7.265625,16,20,269.58
La Belle Orange Liqueur,6224,B,203,12.22,91,2.2,7.8655462184873945,18,22,222.74
Sean Minor Cab Svgn,15009,B,203,12.58,90,2.3,7.725806451612903,18,22,226.0
Effen Cucumber Vodka,361,B,202,14.28,84,2.4,7.442413162705667,20,24,240.19
El Jimador Blanco Tequila,3314,B,202,19.28,72,2.8,7.612947658402204,16,20,279.09
Bacardi Pineapple Fusion,4075,B,201,15.87,80,2.5,7.4953789279112755,24,28,252.58
Bacardi Party Drinks Bahama,5230,B,201,9.92,101,2.0,7.634285714285714,24,28,199.7
Spellbound Merlot,14663,B,201,8.78,107,1.9,8.55072463768116,20,25,187.87
Markham Merlot,22275,B,201,14.93,82,2.5,7.952702702702703,26,30,244.99
Seagrams 7 Crown,485,B,200,10.39,98,2.0,7.621621621621622,25,29,203.86
Ole Smoky Apple Pie Moonshne,1715,B,200,13.76,85,2.4,8.321663019693654,21,26,234.61
Cluny Scotch Whiskey,1845,B,200,11.27,94,2.1,8.434782608695652,17,22,212.32
Glenfarclas 12-Yr Scotch,2957,B,200,25.89,62,3.2,7.3469945355191255,23,27,321.81
Piper Sonoma Brut,8280,B,200,8.9,106,1.9,7.574257425742574,26,30,188.68
The Dreaming Tree Pnt Nr CA,23212,B,199,7.99,112,1.8,7.614942528735632,20,24,178.33
Valckenberg Gewurz Pfalz,34393,B,199,8.05,111,1.8,7.140161725067386,16,20,178.99
Bacio Divino 12 Pazzo,23356,B,198,14.47,83,2.4,8.475862068965517,57,62,239.38
Four Star Cab Svgn,23173,B,197,9.45,102,1.9,10.0,41,46,192.96
Kendall Jackson Gr RSV Cab S,24286,B,197,14.83,81,2.4,7.130434782608695,24,28,241.73
Black Box Malbec,13940,B,196,10.45,97,2.0,7.761542957334892,27,31,202.4
Ca'Momi Cab Svgn Napa,18742,B,196,11.25,93,2.1,7.333333333333333,27,31,210.0
Flor de Cana Gran Rsv Rum,4764,B,195,14.81,81,2.4,7.6688311688311686,22,26,240.33
Midnight Moon Blueberry,6980,B,195,13.96,84,2.3,8.193353474320242,28,32,233.34
Duckhorn Decoy Svgn Bl,13662,B,195,9.43,102,1.9,7.821428571428571,40,44,191.77
Sandeman Imperial 20-Yr Taw,21055,B,195,24.02,64,3.0,7.632241813602015,18,22,306.07
R Mondavi Merlot Napa,23692,B,195,12.66,88,2.2,7.636363636363637,25,29,222.2
St Hilaire Blanc de Blancs,29649,B,195,10.13,98,2.0,7.921282798833819,28,32,198.76
Bushmills Irish Honey,2859,B,194,12.94,87,2.2,8.04,20,24,224.07
Tommasi Poggio Al Tufo Rompi,44182,B,194,10.73,95,2.0,7.748466257668712,23,27,204.04
Martell VS Cognac,4989,B,193,16.66,76,2.5,7.724137931034483,26,30,253.59
Kahlua Midnight,5773,B,193,15.26,80,2.4,7.213740458015267,22,26,242.7
Il Tramonto Limoncello,435,B,192,12.79,87,2.2,7.418544194107453,18,22,221.62
Seagrams VO Gold,2448,B,192,11.42,92,2.1,7.229166666666667,22,26,209.41
Black Velvet Reserve,2689,B,192,14.72,81,2.4,7.916666666666667,15,19,237.75
Hennessy Privilege VSOP,9388,B,190,17.14,74,2.6,7.342592592592593,25,29,255.21
Catena RSV Cab Svgn,23973,B,189,10.38,95,2.0,7.9748427672955975,43,47,198.08
Newton Chard Napa/Sonoma,36262,B,189,11.18,92,2.1,7.573394495412844,29,33,205.57
Rebel Yell Small Batch Rye,2008,B,188,16.66,75,2.5,7.540084388185654,14,18,250.28
Tuaca Italian Liqueur,5075,B,188,15.03,79,2.4,7.650602409638554,15,19,237.72
Blue Chair Bay Coconut Rum,5259,B,188,13.38,84,2.2,7.7323076923076925,20,24,224.3
Antigal Uno Malbec Mendoza,18551,B,188,10.2,96,2.0,7.589743589743589,18,22,195.84
Pine Ridge Chn Bl/Viognier,29077,B,188,9.65,99,1.9,7.78740157480315,26,30,190.48
Tanqueray Sterling Vodka,829,B,187,10.71,93,2.0,7.2,129,133,200.14
Grand MacNish 12 Yr Old,2607,B,187,17.18,74,2.5,7.816326530612245,17,21,253.48
Corazon de Agave Blanco,8057,B,187,18.37,71,2.6,7.383606557377049,18,22,262.12
Slingshot Cab Svgn,11821,B,187,10.66,94,2.0,8.067073170731707,22,26,199.67
Acrobat Pnt Nr Ore,13614,B,187,11.68,89,2.1,7.942675159235669,48,52,209.01
MacMurray Ranch Chard Sonoma,13694,B,187,10.8,93,2.0,7.6421052631578945,23,27,200.98
Gruet Brut New Mexico,36284,B,187,7.89,109,1.7,7.369158878504673,31,35,171.78
Hornitos Black Barrel,3959,B,186,18.24,71,2.6,7.495495495495495,16,20,260.49
Absinthe Ordinaire,5977,B,186,16.42,75,2.5,7.672489082969432,16,20,247.15
Muga Rioja RSV,27368,B,186,14.38,80,2.3,8.05464480874317,27,31,231.29
C Krug Cab Svgn,11499,B,185,18.24,71,2.6,7.258823529411765,44,48,259.79
Terra d'Oro Deaver Vyd Znfdl,13341,B,185,13.24,84,2.2,8.011363636363637,22,26,221.34
Trimbach Pnt Bl,19223,B,185,9.2,100,1.8,7.8088235294117645,23,27,184.5
Dom Carneros Brut,21864,B,185,15.23,78,2.4,7.279475982532751,14,18,237.38
Malibu Tropical Banana Rum,5759,B,184,9.44,99,1.9,7.59020618556701,20,24,186.39
Liberty School Merlot CC,19122,B,184,7.3,112,1.6,8.0,25,29,163.9
Barr Hill Gin,2580,B,183,29.36,56,3.3,7.736442516268981,16,20,327.81
Sonoma-Cutrer Pnt Nr,13278,B,183,19.86,68,2.7,7.310344827586207,54,58,269.61
Durigutti Malbec Mendoza,15168,B,183,9.73,97,1.9,7.539823008849558,23,27,188.71
Justin Vyds 13 Svgn Bl C Cst,22515,B,183,8.78,102,1.8,7.576512455516014,31,35,179.26
Schmitt Sohne Auslese,29619,B,183,9.52,98,1.9,8.133333333333333,19,23,186.66
Jim Beam Choice,1273,B,182,23.19,63,2.9,7.674698795180723,14,18,290.54
Gazdina Rakija Plum Brandy,8252,B,182,16.01,75,2.4,7.783475783475783,17,21,241.41
Metaxa Ouzo,8637,B,182,13.48,82,2.2,7.74468085106383,13,17,221.51
Rutherford Ranch Cab Svgn,32090,B,182,11.68,88,2.1,7.359223300970874,26,30,206.19
Absolut Berri Acai,3235,B,181,12.4,85,2.1,7.599078341013825,15,19,211.87
Cazadores Reposado Tequila,8154,B,181,16.05,75,2.4,7.833333333333333,16,20,241.04
Hennessy Black Cognac,4664,B,180,27.77,57,3.2,7.274368231046932,21,25,316.18
Bacardi Party Drinks Zombie,5246,B,180,9.77,96,1.9,7.559105431309904,20,24,187.54
Midnight Moon Blackberry,6150,B,180,13.56,81,2.2,8.19205298013245,32,36,220.95
Savory & James Deluxe Cream,8191,B,180,14.45,79,2.3,7.408602150537634,15,19,228.08
Bota Box Pnt Nr,21201,B,180,11.4,89,2.0,7.702732240437158,14,18,202.58
Russian Standard Original,3755,B,179,12.02,86,2.1,7.8977272727272725,20,24,207.44
Malibu Black,5776,B,179,16.29,74,2.4,7.288659793814433,21,25,241.49
Heidsieck Brut Monopole Epe,32084,B,179,18.91,69,2.6,8.12448132780083,52,56,260.19
George Dickel Rye,2795,B,178,18.74,69,2.6,7.6050955414012735,20,24,258.29
Firefly Sweet Tea Vodka,3237,B,178,18.17,70,2.5,7.312629399585921,21,25,254.33
Pearl Vodka PET,3793,B,178,11.8,87,2.0,8.627450980392156,17,21,204.96
Yago Sant'Gria Red,15156,B,178,8.84,100,1.8,7.440677966101695,19,23,177.4
Opici Sangria,15503,B,178,8.6,102,1.7,8.603015075376884,19,23,174.97
Crown Royal RSV,2435,B,177,29.76,55,3.2,7.681647940074907,21,25,324.59
Caffo Sambuca Secolare,9118,B,177,10.35,92,1.9,8.185185185185185,19,23,191.42
Grahams Six Grapes,27429,B,177,12.9,83,2.1,7.7712765957446805,16,20,213.7
Kinky Gold Liqueur,6267,B,176,12.3,85,2.1,7.174242424242424,14,17,208.08
Plomari Ouzo,8655,B,176,12.3,85,2.1,7.653846153846154,16,20,208.08
Morgan Winery Cd Crows Monte,40786,B,176,9.8,95,1.9,7.225806451612903,21,24,185.73
Omaka Springs Svgn Bl,22441,B,175,10.06,93,1.9,8.345588235294118,20,24,187.64
Russian Standard Platinum,3062,B,174,15.62,75,2.3,7.9787234042553195,53,57,233.15
Malibu Light Bl Hawaiian RTD,5875,B,174,12.22,84,2.1,7.442424242424242,16,20,206.22
Cabot Trail Cana Cream Maple,8482,B,174,14.28,78,2.2,8.707920792079207,15,19,222.92
St Francis Merlot,19962,B,174,9.86,94,1.9,7.264437689969605,20,23,185.24
Bota Box Svgn Bl,22569,B,174,11.72,86,2.0,7.525439407955597,13,17,201.95
Capt Morgan White Grapefruit,4299,B,173,9.77,94,1.8,7.731958762886598,30,34,183.86
Skyy Infusions TX Grapefruit,4817,B,173,7.8,105,1.6,7.453642384105961,13,17,164.28
Kahlua French Vanilla,5168,B,173,13.66,80,2.2,7.97029702970297,17,21,217.4
Sapling Vermont Maple Liquer,7986,B,172,22.38,62,2.8,8.601880877742946,20,24,277.47
Maso Canali Pinot Grigio Tr,37657,B,172,12.16,84,2.0,7.591489361702128,21,25,204.52
Taittinger Brut La Francais,8072,B,171,24.99,58,2.9,7.307070707070707,40,43,292.36
David Bruce Pnt Nr Anderson,23258,B,171,19.35,66,2.6,11.0,79,84,257.26
Michter's Straight Rye,2678,B,170,31.99,52,3.3,8.222591362126245,24,28,329.81
St Remy XO Napoleon Brandy,5107,B,170,10.14,92,1.8,7.661290322580645,15,19,185.68
Rosenblum RSV Znfdl Monte Rs,10242,B,170,15.17,75,2.3,7.142857142857143,29,32,227.11
Mark West Pnt Nr RRV,13854,B,170,10.34,91,1.9,8.091503267973856,23,27,187.5
Rob Stuart Big Fire Pnt Gris,38771,B,170,11.4,86,2.0,7.726315789473684,70,74,196.88
Ghost Pines Znfdl L Martini,13931,B,169,9.33,95,1.8,7.552941176470588,19,22,177.58
Roederer Est Brut,26250,B,169,13.63,79,2.1,7.476712328767123,18,21,214.64
Chivas Regal,2648,B,168,12.21,83,2.0,7.675767918088737,16,20,202.55
X Rated Fusion Liqueur,5130,B,168,13.17,80,2.1,7.333333333333333,41,44,210.36
Mer Soleil Silver Chard,45885,B,168,12.98,80,2.1,7.627027027027027,31,35,208.84
El Jimador Reposado Tequila,4767,B,166,19.28,66,2.5,7.402243589743589,14,17,253.01
Kirk & Sweeney 12Yr Old Rum,463,B,165,24.63,58,2.8,7.598765432098766,30,33,285.1
Bowmore Small Batch Sngl Mlt,2826,B,165,29.59,53,3.1,7.588235294117647,16,19,312.49
Capt Morgan Black Spiced Rum,4351,B,165,15.5,73,2.3,7.317647058823529,19,22,226.16
F Coppola Diamond Red,18423,B,165,9.93,91,1.8,7.673076923076923,16,19,181.02
Ch Beauchene Chtnf Pape RSV,43225,B,165,18.29,67,2.5,7.721603563474387,19,22,245.68
AnCnoc 12 Yr Old Scotch,2686,B,164,26.8,55,3.0,7.737226277372263,16,19,296.49
Bulleit 10 Yr Old Bourbon,2780,B,164,28.46,54,3.0,7.653696498054475,24,27,305.54
Cold River Blueberry Vodka,3390,B,164,22.55,60,2.7,7.672473867595818,13,16,271.97
El Mayor Reposado Tequila,8273,B,164,17.05,69,2.4,7.432539682539683,22,25,236.49
Ch de Montfort Vouvray,8464,B,164,10.66,88,1.9,7.714285714285714,19,22,186.99
Burgess Cab Svgn Napa,11456,B,164,22.72,60,2.7,7.731182795698925,16,19,272.99
Carpano Antica Formula,870,B,163,17.64,68,2.4,8.452954048140043,16,20,239.8
Uncle Val's Botanical Gin,892,B,163,24.99,57,2.9,7.635235732009925,13,16,285.43
Capt Morgan Silver Spicd Rum,4263,B,163,13.27,78,2.1,7.580152671755725,24,27,207.99
Sweet Revenge,5740,B,163,14.05,76,2.1,8.603988603988604,18,22,214.02
Herradura Silver Tequila,62,B,162,28.67,53,3.1,7.331569664902998,12,15,304.78
Ocean Vodka,513,B,162,23.01,59,2.7,8.407809110629067,15,19,273.05
Cold River Vodka,3174,B,162,21.73,61,2.7,7.871794871794871,20,23,265.34
Pol Roger Brut,16129,B,162,25.33,57,2.8,8.505154639175258,38,42,286.49
Frei Bros RSV Pnt Nr RRV,34430,B,162,15.06,73,2.2,7.682352941176471,21,24,220.9
Lunazul Reposado Tequila,3363,B,161,9.69,91,1.8,7.283333333333333,15,18,176.64
Cabo Wabo Reposado Tequila,3794,B,161,27.77,54,3.0,7.211946050096339,15,18,299.03
Havens Cab Svgn 11,23393,B,161,11.68,83,1.9,10.666666666666666,36,41,193.93
Campo Viejo Gran RSV Rioja,40055,B,161,10.52,87,1.9,7.581673306772909,22,25,184.05
Benedictine Liqueur Dom,5318,B,160,18.65,65,2.5,7.880208333333333,15,18,244.3
W Hill Cab Svgn Napa,6529,B,160,23.17,59,2.7,7.828125,17,20,272.3
Lugny Les Charmes Macon,8749,B,160,9.8,90,1.8,7.519434628975265,29,32,177.09
Beringer Fndrs Est Merlot,33039,B,160,10.32,88,1.8,7.126016260162602,17,20,181.73
Sogno di Sorrento Crema Lem,6126,B,159,18.11,66,2.4,8.392543859649123,27,31,239.98
Midnight Moon Moonshine,6193,B,159,13.23,78,2.0,8.178571428571429,15,19,205.12
Vincent Van Gogh Double Esp,450,B,158,19.52,64,2.5,7.57027027027027,18,21,248.37
Rumpleminze,896,B,158,18.6,65,2.4,7.64367816091954,14,17,242.44
Viniq Ruby Shimmery Liqueur,7358,B,157,14.17,74,2.1,7.857142857142857,15,18,210.94
Zaccagnini Pnt Grigio,15047,B,157,8.24,98,1.6,7.5220994475138125,19,22,160.85
CastelGiocondo Brunello 07,15549,B,157,27.58,53,3.0,9.0,19,23,294.29
Madrigal Petite Sirah,23075,B,157,11.72,82,1.9,9.5,30,34,191.84
Ch Carignan Brdx,31466,B,157,15.06,72,2.2,7.80794701986755,20,23,217.46
Duval-Leroy Champagne Brut,37435,B,157,20.91,61,2.6,8.743243243243244,26,30,256.24
Wente Riva Ranch Chard,44081,B,157,10.96,85,1.8,7.505154639175258,39,42,185.51
Duckhorn Decoy Znfdl Napa Vl,13663,B,156,11.38,83,1.9,8.031496062992126,43,46,188.43
Bota Box Merlot Cal,39357,B,156,11.33,83,1.9,7.780203784570597,11,14,188.01
Aperol Liqueur,376,B,155,18.97,64,2.4,7.340298507462687,12,15,242.5
Kahlua Mocha,5192,B,155,13.56,76,2.0,7.7942857142857145,15,18,205.03
Old Grand Dad Bonded,1168,B,154,14.28,73,2.1,7.459016393442623,14,17,209.72
Castellare Chianti Clsc,33965,B,154,13.72,75,2.1,7.0625,16,19,205.57
Cazadores Blanco Tequila,3472,B,153,11.1,83,1.8,7.934010152284264,16,19,184.3
Milagro Reposado Tequila,3532,B,153,20.58,61,2.5,7.933665008291874,15,18,250.95
Ridge Three Valleys Sonoma,42255,B,153,16.33,68,2.2,7.881481481481481,21,24,223.54
Pampero Ron Anejo Aniversari,4239,B,152,15.14,71,2.1,7.311953352769679,15,18,214.54
Gr Marnier Cordon Rouge VAP,1336,B,151,19.42,62,2.4,6.805555555555555,26,29,242.18
The Botanist Islay Dry Gin,2280,B,151,27.4,52,2.9,7.644796380090498,15,18,287.67
Fabrizia Blood Orange,5669,B,151,13.38,75,2.0,7.756923076923077,18,21,201.02
Margaritaville Gold Tequila,3758,B,150,14.59,72,2.1,7.592039800995025,15,18,209.21
Wild Turkey Russell's RSV,178,B,149,20.76,60,2.5,7.36318407960199,14,17,248.73
Glendalough Double Barrel,2034,B,149,21.32,59,2.5,7.996047430830039,11,14,252.06
Sortilege Liqueur,2158,B,148,12.4,77,1.9,7.601351351351352,16,19,191.58
Old Pulteney Single Malt Sc,2630,B,148,29.91,50,3.0,7.59882005899705,13,16,297.55
Crown Royal XO,2675,B,148,34.88,46,3.2,7.443609022556391,16,19,321.32
Galliano L'Autentico Liqueur,5378,B,148,20.15,61,2.4,8.134782608695652,12,15,244.23
J Vineyards Pnt Gris,34825,B,148,9.73,87,1.7,7.559907834101383,17,20,169.71
Avalon Cab Svgn Napa,38541,B,148,11.99,79,1.9,7.7368421052631575,24,27,188.39
Vermont Ice Maple Creme,5962,B,147,17.26,65,2.3,8.54653937947494,15,18,225.27
Solerno Blood Orange Liqueur,6950,B,147,23.52,56,2.6,7.871720116618076,17,20,262.96
Old Forester 100 Bourbon,1744,B,146,17.05,65,2.2,7.3354037267080745,16,19,223.13
Forbidden Secret Dark Mocha,8491,B,146,14.92,70,2.1,7.904580152671755,15,18,208.73
Black Stallion Cab Svgn Napa,15138,B,146,15.58,68,2.1,7.55440414507772,18,21,213.3
Finca Sandoval Tinto Manchue,25484,B,146,11.99,78,1.9,8.363636363636363,43,46,187.11
Johnnie Walker Black Label,825,B,145,29.99,49,3.0,7.836065573770492,17,20,294.91
Metaxa Amphora,4702,B,145,16.66,66,2.2,7.650246305418719,13,16,219.8
1800 Ultimate Peach Margrita,7353,B,144,12.02,77,1.9,7.164251207729468,18,21,186.06
Absente 'Absinthe Refined',8658,B,144,24.28,54,2.7,7.326612903225806,16,19,264.45
Pacifica Cab Svgn/Merlot 11,23381,B,144,11.76,78,1.8,8.0,56,59,184.04
Angels Envy Whiskey,743,B,143,36.5,44,3.2,7.5831435079726655,15,18,323.1
Glen Moray 12 Yr Scotch,2030,B,143,23.48,55,2.6,7.421511627906977,16,19,259.14
High West Double Rye Whiskey,2841,B,143,25.73,53,2.7,8.457207207207206,17,20,271.27
Bacardi 8,4228,B,143,14.7,70,2.0,7.629343629343629,18,21,205.04
Lexington Bourbon,1226,B,142,19.99,60,2.4,7.771289537712895,21,24,238.27
Sean Minor Carneros Pnt Nr,15007,B,142,13.79,72,2.0,7.852348993288591,18,21,197.9
Distroya Spiced Liqueur,5359,B,141,14.28,70,2.0,8.228915662650602,19,22,200.67
Bauchant Orange Liqueur,5705,B,141,15.99,66,2.1,7.387755102040816,13,16,212.35
R Mondavi Private Sel Pnt Nr,13836,B,141,10.73,81,1.7,7.470967741935484,18,21,173.95
Ruffino Chianti Clsc Rsv Gld,17814,B,141,23.64,55,2.6,7.536144578313253,20,23,258.2
Foley Johnson Cab Svgn,21287,B,141,15.43,68,2.1,8.307692307692308,21,24,208.6
Flag Hill Straight Bourbon,2083,B,140,31.49,47,3.0,7.681818181818182,15,18,296.94
Capt Morgan Black Spiced Rum,4363,B,140,23.73,54,2.6,7.583783783783784,13,16,257.77
Jos Phelps Pnt Nr,13979,B,140,22.87,55,2.5,8.164912280701754,22,25,253.06
Roth Est Red Heritage Sonoma,23840,B,140,11.68,77,1.8,8.866666666666667,19,22,180.85
Courvoisier VS Cognac,4686,B,139,42.96,40,3.5,7.514285714285714,18,21,345.59
Bauers Obstler Echt,5836,B,139,19.08,60,2.3,7.182352941176471,12,15,230.31
Jackson Morgan Salted Carmel,6015,B,139,16.42,65,2.1,7.578740157480315,14,17,213.65
Loft Cab Svgn,23161,B,139,13.69,71,2.0,7.84841075794621,11,14,195.09
Beringer Fndrs Est Chard,33038,B,139,10.8,80,1.7,7.139204545454546,15,18,173.28
Erath Pnt Nr Estate OR,46621,B,139,15.48,67,2.1,7.654205607476635,18,21,207.45
Ardbeg Exploration Pk +50mls,1112,B,138,34.91,44,3.1,7.888888888888889,21,24,310.42
Glenmorangie Quinta Ruban,2893,B,138,39.67,42,3.3,7.452747252747253,12,15,330.9
Green Chartreuse Liqueur,5346,B,138,36.22,44,3.1,8.221590909090908,12,15,316.19
La Crema Pnt Nr Monterey,12109,B,138,12.33,75,1.8,7.212996389891697,25,28,184.48
Clontarf Irish Whiskey,2595,B,137,12.3,75,1.8,7.565819861431871,17,20,183.58
Olmeca Altos Plata Tequila,3457,B,137,22.38,55,2.5,7.438620689655172,11,14,247.64
Hpnotiq Liqueur,5149,B,137,23.19,54,2.5,7.2982731554160125,10,13,252.08
Metcalfe's Maple Liqueur,5697,B,137,15.14,67,2.0,8.294554455445544,13,16,203.68
Aberlour 16 Year Old Single,1728,B,136,41.35,41,3.3,7.796407185628743,14,17,335.39
JP Wiser's Rye,2412,B,136,15.38,66,2.1,7.342105263157895,14,17,204.54
Benton Lane Pnt Nr Ore,31384,B,136,17.44,62,2.2,7.373983739837398,14,17,217.81
Monkey 47 Dry Gin,2045,B,135,30.39,47,2.9,7.396039603960396,15,18,286.45
Elk Cove Pnt Gris Ore,29352,B,135,11.91,75,1.8,7.621301775147929,11,14,179.32
Treana Red Calif,31070,B,135,12.98,72,1.9,7.775,20,23,187.21
Patron Citronge Lime Liqueur,4724,B,134,16.79,63,2.1,8.495049504950495,16,19,212.13
Avion Silver Tequila,6402,B,134,29.62,48,2.8,7.6997319034852545,12,15,281.76
Flowers Pnt Nr Sonoma Coast,15232,B,134,29.99,47,2.9,7.871794871794871,22,25,283.51
La Gr Comtadine Vacqueyras C,24294,B,134,12.98,72,1.9,8.095238095238095,64,67,186.51
Napa Cellars Cab Svgn Napa,47090,B,134,15.58,66,2.0,7.155963302752293,18,21,204.34
Calumet Bourbon,2838,B,133,35.43,43,3.1,7.826923076923077,10,13,307.0
Casamigos Blanco,8398,B,133,33.33,45,3.0,7.1571125265392785,14,17,297.76
Carpineto Vino Nobile RSV d,36100,B,132,20.54,57,2.3,8.152380952380952,35,38,232.87
Herradura Reposado Tequila,63,B,131,30.46,46,2.8,7.324427480916031,12,15,282.51
Glenmorangie Original VAP,159,B,131,27.99,48,2.7,8.479452054794521,17,20,270.81
Malibu Rum Punch RTD,7320,B,131,13.17,71,1.8,7.5306372549019605,16,19,185.76
Baileys Irish Cream w/4 Glss,381,B,130,14.5,67,1.9,6.870917573872473,98,100,194.16
Angel's Envy NH Blend Bourbn,1099,B,130,33.33,44,3.0,7.68520568498289,28,31,294.38
George Dickel No 8 Bourbon,1386,B,130,14.59,67,1.9,7.607142857142857,11,14,194.77
Belvedere UF Intense Vodka,3168,B,129,18.97,58,2.2,7.414330218068536,18,21,221.23
Chalk Hill Chard,21576,B,129,11.91,74,1.7,7.9855072463768115,18,21,175.3
Moet & Chandon Imperial,27802,B,129,16.33,63,2.0,7.465116279069767,15,18,205.26
Argyle Willamette Pnt Nr,37049,B,129,13.6,69,1.9,7.72093023255814,18,21,187.32
Tanqueray Bloomsbury,2654,B,128,22.47,53,2.4,7.711111111111111,11,14,239.85
Tomatin 12 Yr Old Scotch,1746,B,127,19.99,56,2.3,7.152974504249292,15,17,225.34
Knappogue Castle Irish Whsky,1835,B,127,19.7,57,2.2,7.756880733944954,17,20,223.69
Cold River Gin,211,B,126,19.83,56,2.2,7.5656108597285066,11,14,223.55
Amaretto DiSaronno,644,B,126,20.76,55,2.3,7.55,8,11,228.73
E.H. Taylor Jr Small Batch,8295,B,123,31.0,45,2.7,7.358333333333333,19,21,276.17
Frangelico Hazelnut Liqueur,8420,B,123,31.0,45,2.7,7.2926829268292686,26,28,276.17
Dom Seguinot-Bordet Chablis,13397,B,123,13.69,67,1.8,7.20873786407767,14,16,183.51
Svedka Strwbry Lemonad Vodka,3288,B,122,16.66,61,2.0,8.026277372262774,23,26,201.63
Cointreau Liqueur,758,B,121,28.77,46,2.6,7.714285714285714,10,13,263.86
Tanteo Jalapeno Tequila,934,B,121,26.08,48,2.5,8.297935103244837,13,16,251.23
Laphroaig Cask Strength 10Yr,2661,B,121,47.99,36,3.4,8.0,50,53,340.82
Pinch 15-Yr by Haig & Haig,2862,B,121,27.68,47,2.6,7.473988439306359,12,14,258.82
Ciroc Snap Frost Vodka,3286,B,121,36.08,41,3.0,7.4004576659038905,15,17,295.49
BR Cohn Silver Cab Svgn Snm,25531,B,121,15.68,62,2.0,8.511848341232227,20,23,194.8
Johnnie Walker Select Casks,2054,B,120,34.64,42,2.9,7.345864661654136,14,16,288.35
Hudson Baby Bourbon Whiskey,2992,B,120,35.96,41,2.9,7.851010101010101,12,15,293.78
Appleton Estate Reserve Rum,4521,B,120,16.66,60,2.0,7.438356164383562,31,33,199.96
Cakebread Cab Svgn,18507,B,120,44.51,37,3.2,7.279220779220779,20,22,326.85
Highland Park 12 Yr Single,2954,B,119,35.87,41,2.9,7.264705882352941,15,17,292.19
Belaire Sparkling Rose,21181,B,119,19.72,55,2.2,8.395348837209303,13,16,216.64
El Mayor Anejo Tequila,8275,B,118,20.71,53,2.2,7.544474393530997,22,24,221.08
Casamigos Reposado,8393,B,116,34.81,41,2.8,7.556818181818182,23,25,284.18
Buchanans Deluxe 12Yr Scotch,2886,B,115,49.2,34,3.4,7.470731707317073,18,20,336.4
Mount Gay Black Barrel Rum,4091,B,115,21.7,51,2.3,7.52760736196319,9,11,223.42
Stags Leap Chard Napa,31083,B,115,18.66,56,2.1,7.932584269662922,17,19,207.17
Tommy Guns Vodka,3376,B,114,31.99,42,2.7,7.695522388059701,10,12,270.07
Zaya Grand Reserva Rum,4250,B,114,27.77,45,2.5,8.281553398058252,10,13,251.63
Mount Veeder Cab Svgn,22914,B,114,19.86,54,2.1,7.6,18,20,212.8
Le Mistral Red,23820,B,114,16.12,59,1.9,8.944444444444445,28,31,191.72
Death's Door Gin,2241,B,113,20.46,53,2.1,7.245353159851301,9,11,215.04
Meukow 90,4624,B,113,15.14,61,1.9,7.512437810945274,19,21,184.98
M Chiarlo Barberesco Anni 09,20422,B,113,18.06,56,2.0,9.4,35,38,202.03
Black Box Shiraz Cntrl Coast,42350,B,113,10.73,73,1.5,8.087264150943396,19,22,155.73
DUKE Kentucky Bourbon,2245,B,112,26.66,46,2.4,7.743119266055046,12,14,244.38
Sambuca Romana,895,B,111,18.17,55,2.0,7.794117647058823,14,16,200.84
James E Pepper 1776 Rye,2822,B,111,23.25,49,2.3,7.7967914438502675,12,14,227.19
Merriam Pnt Nr Cuvee RRV,21836,B,111,15.03,61,1.8,6.576923076923077,18,20,182.67
Glenmorangie LaSanta,2694,B,110,37.31,38,2.9,7.512195121951219,9,11,286.51
Jordan Cab Svgn Alex Valley,26943,B,110,33.11,41,2.7,8.555555555555555,18,21,269.9
Evan Williams Single Barrel,1186,B,109,17.98,55,2.0,7.554770318021202,13,15,197.98
WhistlePig 10Yr Rye,2549,B,109,29.49,43,2.5,7.622641509433962,14,16,253.55
Laphroaig Quarter Cask,2769,B,109,38.4,38,2.9,7.725925925925926,10,12,289.34
Montelobos Mezcal,3870,B,109,28.02,44,2.5,7.888392857142857,9,11,247.15
Patron XO Cafe Dark Cocoa,4447,B,109,20.63,51,2.1,8.912037037037036,11,14,212.08
Anne Amie Pnt Nr,15092,B,109,16.44,58,1.9,8.409090909090908,16,19,189.32
Glenmorangie Collection 4 Pk,1133,B,108,23.01,48,2.2,7.231132075471698,11,13,222.95
Glenrothes Vintage Rsv,2787,B,108,33.08,40,2.7,8.337142857142856,10,12,267.32
Stranahan's Colorado Whiskey,2902,B,108,37.0,38,2.8,7.4603174603174605,14,16,282.71
Patron Reposado Tequila,3764,B,106,20.76,51,2.1,8.764705882352942,11,14,209.8
Art In The Age Snap,5771,B,106,22.38,49,2.2,7.941964285714286,9,11,217.83
Tyrconnell Irish Whiskey,1836,B,105,21.73,49,2.1,7.705521472392638,11,13,213.62
Karner Blue Gin,2202,B,105,23.07,48,2.2,7.748091603053435,12,14,220.11
Paraduxx Red Duckhorn Napa,42053,B,105,22.6,48,2.2,7.862068965517241,14,16,217.86
Dom Vacheron Sancerre Blanc,19215,B,104,18.79,53,2.0,7.928571428571429,12,14,197.7
Robert Sinskey Pnt Nr Carner,25966,B,104,23.8,47,2.2,6.886363636363637,15,17,222.5
Smugglers Notch Vodka,3176,B,103,20.89,50,2.1,7.788819875776397,12,14,207.45
D'Usse VSOP Cognac,4320,B,103,36.02,38,2.7,7.6103896103896105,13,15,272.4
J Drouhin Chablis,8741,B,103,16.33,56,1.8,7.926229508196721,14,16,183.41
Stolichnaya Ohranj Orange,598,B,102,17.82,53,1.9,8.092436974789916,12,14,190.67
Pigs Nose Scotch,2609,B,102,18.11,53,1.9,8.100456621004566,11,13,192.21
Don Julio 70th Anniversary,3107,B,102,47.47,33,3.1,7.909090909090909,14,16,311.2
Tanqueray Rangpur Gin,3377,B,102,18.25,53,1.9,7.4188481675392675,9,11,192.95
Casamigos Anejo,8395,B,102,37.31,37,2.8,7.6,26,28,275.88
Mirafiore Barolo,18865,B,102,23.22,47,2.2,7.4033613445378155,13,15,217.64
Jameson 12 Year Old,1890,B,101,41.66,35,2.9,7.658064516129032,11,13,290.1
Wild Turkey Russell's Rsv,1781,B,100,37.59,36,2.8,7.955882352941177,59,61,274.21
The Black Grouse Scotch,2590,B,100,28.98,42,2.4,7.390845070422535,7,9,240.76
Heitz Cab Svgn Napa,41990,B,100,35.48,38,2.6,7.912280701754386,14,16,266.4
Pyrat XO Reserve Rum,4317,B,99,23.73,46,2.2,8.004347826086956,10,12,216.77
Art In The Age Root Liqueur,5702,B,99,21.89,48,2.1,7.963800904977376,12,14,208.2
Cabo Wabo Anejo Tequila,3918,B,98,33.07,38,2.6,7.038327526132404,8,10,254.61
Ch de Sancerre Sancerre,27799,B,97,17.41,53,1.8,8.067415730337078,16,18,183.78
Bunnahabhain 12 Yr Single,759,B,96,37.0,36,2.7,8.379310344827585,9,11,266.53
Veuve Clicquot Ponsardin Rs,43788,B,96,34.01,38,2.5,7.58421052631579,10,12,255.55
American Harvest Organic,9066,B,94,24.42,44,2.1,8.833333333333334,20,22,214.27
Shafer One Pnt Five Cab Svgn,14061,B,94,51.61,30,3.1,8.6875,20,22,311.5
Sheep Dip Scotch,2047,B,93,25.36,43,2.2,7.949238578680203,7,9,217.19
St George Botanivore Gin,2302,B,92,23.43,44,2.1,8.243478260869566,11,13,207.64
Johnnie Walker Gold Rsv,2570,B,92,57.14,28,3.3,7.270769230769231,12,14,324.28
Crystal Head Vodka,3409,B,92,32.14,38,2.4,8.638235294117647,9,11,243.18
Chauffe-Coeur Calvados VSOP,4513,B,92,35.15,36,2.6,7.335164835164835,15,17,254.32
Sapling Maple Bourbon,2116,B,91,27.33,41,2.2,8.635379061371841,14,16,223.03
Piper Heidsieck Brut,7872,B,91,25.5,42,2.2,8.145454545454545,15,17,215.43
Laphroaig 15 Yr Single Malt,2800,B,90,59.69,27,3.3,6.742647058823529,11,13,327.83
Duckhorn Merlot Napa,44854,B,90,35.37,36,2.5,7.991228070175438,20,22,252.33
Jack Daniels Master Dist VAP,938,B,89,22.55,44,2.0,7.582089552238806,9,11,200.36
Sauza Tres Generacions Anejo,3984,B,89,32.3,37,2.4,7.446153846153846,8,10,239.78
Bolla Amarone Valpolicella,18096,B,89,20.94,46,1.9,7.497695852534562,14,16,193.06
Patron Silver Tequila,4979,B,88,57.14,28,3.1,9.339901477832512,11,13,317.13
James E Pepper Bourbon,2214,B,87,21.58,45,1.9,7.47906976744186,12,14,193.78
Crown Royal Special Reserve,2438,B,87,54.26,28,3.1,7.282442748091603,11,13,307.29
Dewars Scratch Cask Scotch,2622,B,87,18.65,48,1.8,7.188034188034188,9,11,180.14
Don Ramon Silver Tequila,9256,B,87,22.05,44,2.0,8.011764705882353,11,13,195.88
Saldo Znfdl Cal,15228,B,87,20.68,46,1.9,7.541176470588235,20,22,189.69
Hirsch Selection Bourbon,515,B,86,25.36,41,2.1,8.616326530612245,12,14,208.85
Bakers Bourbon,1347,B,86,31.24,37,2.3,7.514925373134329,7,9,231.8
Casamigos Reposado Tequila,4580,B,86,22.38,44,2.0,7.675925925925926,9,11,196.2
Pernod Anise Liqueur,8369,B,86,24.26,42,2.0,7.5966386554621845,11,13,204.27
Pommery Falltime Extra Dry C,25264,B,86,20.54,46,1.9,7.416666666666667,16,18,187.96
The Glenlivet 12 Yr Single,1339,B,85,35.38,35,2.4,7.725,8,10,245.26
Perrier Jouet Blason Rose,16179,B,85,34.24,35,2.4,7.470967741935484,22,24,241.27
Laphroiag Select Single Malt,2899,B,84,37.85,33,2.5,7.580645161290323,11,13,252.18
Mount Gay Extra Old Rum,4898,B,84,29.84,38,2.2,8.054187192118226,10,12,223.92
Duckhorn Cab Svgn Napa,43873,B,83,46.66,30,2.8,7.801369863013699,13,15,278.31
Don Julio Reposado Tequila,3925,B,82,37.87,33,2.5,7.597510373443983,11,13,249.21
Seghesio Old Vine Znfdl,38528,B,82,25.48,40,2.0,7.6796875,15,17,204.42
Bowmore 12-Yr Scotch,2979,B,81,35.43,34,2.4,7.596153846153846,10,12,239.58
Moet & Chandon Nectar Imper,27801,B,81,31.29,36,2.2,7.102325581395349,9,11,225.14
Herradura Anejo Tequila,3947,B,80,34.84,34,2.4,7.3879598662207355,11,13,236.1
Espolon Anejo Tequila,8128,B,80,21.73,43,1.9,7.269709543568465,12,14,186.46
Ridge Lytton Spring Znfdl,41981,B,80,24.66,40,2.0,8.8,11,13,198.64
Rhum Barbancourt Estate RSV,659,B,79,23.25,41,1.9,7.3544303797468356,17,19,191.67
Scapa 16 Yr Old Single Malt,2631,B,79,55.99,27,2.9,7.6415929203539825,9,11,297.47
Cointreau Noir Liqueur,5188,B,79,23.7,41,1.9,7.421052631578948,8,10,193.51
J Lohr Seven Oaks Cab Svgn,39517,B,79,20.39,44,1.8,7.866412213740458,15,17,179.49
Caol Ila 12 Yr Islay Single,2602,B,78,43.84,30,2.6,7.248945147679325,9,11,261.52
Auchentoshan American Oak,2821,B,78,28.02,37,2.1,7.7844311377245505,9,11,209.08
Caparzo Brnllo di Montalcino,14194,B,78,25.5,39,2.0,7.510204081632653,24,26,199.45
Tres Generaciones Reposado,3941,B,77,29.36,36,2.1,7.386075949367089,10,12,212.64
David Bruce Pnt Nr RRV,43359,B,77,27.02,38,2.0,7.908045977011494,19,21,203.99
Jim Beam Single Barrel,1964,B,76,23.07,41,1.9,7.326829268292683,8,10,187.27
Ciroc Coconut Vodka,3086,B,76,35.03,33,2.3,7.467153284671533,13,15,230.75
Mumm Cordon Rouge Brut,7868,B,76,23.02,41,1.9,7.472636815920398,11,13,187.06
Grgich Hills Chard Napa,25716,B,76,25.8,38,2.0,7.889908256880734,11,13,198.04
Ferrari-Carano Cab Svgn Alex,41787,B,76,21.08,42,1.8,8.16030534351145,15,17,179.01
Bushmills 10 Yr Irish Whisky,2852,B,75,30.14,35,2.1,7.423076923076923,11,13,212.63
Casa Noble Blanco Crystal,4334,B,75,25.54,38,2.0,7.7318181818181815,7,9,195.74
Joseph Phelps Cab Svgn Napa,10051,B,75,38.7,31,2.4,8.424460431654676,16,18,240.94
Perrin Chtnf du Pape,29192,B,75,21.99,41,1.8,7.666666666666667,11,13,181.62
Courvoisier 12 Yr Cognac,4677,B,74,34.61,33,2.2,7.763005780346821,10,12,226.33
Glenmorangie Nectar D'Or,942,B,73,45.45,28,2.6,7.220994475138122,32,33,257.62
Crown Royal Maple Whisky,2466,B,73,29.62,35,2.1,7.378947368421053,11,12,207.96
Faust Cab Svgn Napa Valley,15230,B,73,32.46,34,2.1,7.96875,12,14,217.72
Frogs Leap Cab Svgn Napa,37541,B,73,19.17,44,1.7,7.640449438202247,9,11,167.3
1800 Anejo Tequila,175,B,72,26.8,37,1.9,7.062992125984252,8,9,196.46
Dalwhinnie Distillers Edtion,1657,B,72,51.46,26,2.8,6.829113924050633,8,9,272.26
Kirk and Sweeney 18 Yr Rum,4147,B,72,28.77,35,2.1,7.8076923076923075,8,10,203.55
Franciscan Magnificat Red,24458,B,72,26.52,37,1.9,7.6,27,28,195.42
Glenfiddich Ancient RSV 18,1228,B,71,69.76,23,3.1,8.004032258064516,8,10,314.8
Teeling Irish Whiskey,2737,B,71,27.77,36,2.0,8.079754601226995,10,12,198.58
Hudson Manhattan Rye,2994,B,71,35.96,31,2.3,7.88622754491018,7,9,225.99
Oban Little Bay Single Malt,1848,B,70,47.01,27,2.6,7.403225806451613,5,6,256.56
Talisker Storm Scotch,2772,B,70,46.15,28,2.5,7.304347826086956,8,9,254.22
Flora Springs Cab Svgn Napa,44838,B,70,21.42,40,1.8,7.666666666666667,8,9,173.18
RumChata Liqueur,5929,B,69,34.88,31,2.2,7.414233576642336,11,12,219.42
Cardhu Scotch,2591,B,68,29.4,34,2.0,7.719858156028369,7,8,199.96
Papa's Pilar Dark Rum,4018,B,68,26.46,36,1.9,8.118881118881118,12,14,189.7
Milagro Anejo Tequila,192,B,66,27.68,35,1.9,7.83984375,9,10,191.17
Avion Anejo Tequila,6433,B,66,39.05,29,2.3,7.924050632911392,11,12,227.04
Moet & Chandon Imperial,26285,B,66,45.45,27,2.4,7.245382585751979,10,11,244.94
Justin Isosceles Paso Roble,31356,B,65,54.41,24,2.7,6.838709677419355,29,30,266.0
Tullamore Dew 12 Yr Old,233,B,64,30.21,33,1.9,7.951515151515151,14,15,196.66
Redbreast 15 Yr Old Irish,2041,B,64,61.14,23,2.8,7.727810650887574,20,21,279.75
Bruichladdich Scotish Barley,2333,B,64,39.05,29,2.2,7.589147286821706,6,7,223.59
Nikka Whisky Taketsuru 12 Yr,2636,B,64,48.83,26,2.5,8.947368421052632,13,15,250.03
Casa Noble Reposado,4386,B,64,34.34,31,2.1,7.580357142857143,9,10,209.68
Grande Absente Absinthe,8652,B,64,39.84,28,2.3,7.788235294117647,7,8,225.84
Cade Cab Svgn Napa Cuvee,13949,B,64,39.03,29,2.2,8.413793103448276,11,12,223.53
Chivas Regal 18-Yr Scotch,2644,B,63,58.13,23,2.7,7.272340425531915,9,10,270.66
The Glenlivet Nadurra 16 Yr,1880,B,62,46.71,26,2.4,7.301980198019802,10,11,240.68
Ciroc Red Berry Vodka,3100,B,62,34.28,30,2.1,7.413680781758957,7,8,206.17
The Glenlivet 12 Yr Gift Pk,311,B,61,32.8,30,2.0,7.077669902912621,7,8,200.07
Connemara Irish Whiskey,2159,B,61,30.53,32,1.9,7.875,9,10,193.01
Tom Cat Barrel Aged Gin,2828,B,61,33.81,30,2.0,7.865900383141763,7,8,203.1
Patron Roca Silver Tequila,5833,B,61,50.77,25,2.4,8.444444444444445,10,11,248.92
Rebel Yell Variety Pack,1009,B,60,38.75,28,2.1,9.857142857142858,7,9,215.64
Remy Martin VSOP Cognac,4732,B,60,69.76,21,2.9,7.780876494023905,8,9,289.35
Belle Glos Alturas Pnt Nr,45474,B,58,33.55,29,2.0,7.963636363636364,24,25,197.3
Jameson Gold Rsv,2521,B,57,69.22,20,2.8,7.6644736842105265,11,12,280.94
Bib & Tucker Bourbon,2810,B,55,43.74,25,2.2,8.244897959183673,10,11,219.35
Veuve Clicquot Gold Label,19220,B,54,44.29,25,2.2,7.425373134328358,20,21,218.73
Angel's Envy Rye,2123,B,53,57.96,21,2.5,6.531914893617022,10,11,247.91
KAH Reposado Tequila,9358,B,53,41.98,25,2.1,8.009900990099009,17,18,210.95
The Glendronach 12 Yr Scotch,2682,B,51,42.39,25,2.0,8.39047619047619,6,7,207.98
Cragganmore 12-Yr Sngle Malt,2856,B,51,42.1,25,2.0,7.409638554216867,11,12,207.25
KAH Blanco Tequila,9360,B,51,35.99,27,1.9,8.464285714285714,9,10,191.62
Ardbeg Corryvreckan Scotch,384,B,50,54.68,21,2.4,7.65,30,31,233.88
Far Niente Chard Napa,24503,B,50,47.29,23,2.2,7.681818181818182,17,18,217.46
Glenmorangie Original 18Yr,2606,B,49,79.36,18,2.7,7.414285714285715,8,9,278.96
Talisker 18 Yr Old Scotch,2935,B,49,74.62,18,2.7,7.893939393939394,11,12,270.43
Silverado Solo SLD Cab Svgn,43638,B,49,62.06,20,2.4,7.777777777777778,21,22,246.62
Edradour 10 Yr Single Malt,2237,B,48,35.71,26,1.8,7.8068965517241375,6,7,185.15
Highland Park 15 Yr Old,2946,B,48,62.01,20,2.4,7.0,6,7,244.02
Patron Roca Anejo Tequila,6608,B,48,62.96,20,2.4,8.217948717948717,32,33,245.92
Laphroaig Triple Wood,2270,B,47,54.34,21,2.2,7.4036697247706424,5,6,226.02
Grgich Hills Cab Svgn Napa,25714,B,47,38.35,25,1.9,8.226415094339623,7,8,189.88
Balvenie 15 Yr Sherry Cask,2082,B,46,74.07,18,2.6,7.325925925925926,9,10,261.1
Johnnie Walker Collection 4,2604,B,46,73.52,18,2.6,7.2215189873417724,5,6,260.11
Usquaebach Old Rare Whisky,2906,B,46,72.99,18,2.6,8.40495867768595,15,16,259.16
Ardbeg Uigeadail Scotch,664,B,44,54.01,20,2.2,7.427350427350428,7,8,218.02
Balvenie 17 Yr Doublewood,2368,B,43,108.52,14,3.1,8.19626168224299,14,15,305.5
The Macallan 12 Yr Old,2532,B,41,96.89,15,2.7,7.470588235294118,8,9,282.0
Nikka Coffey Grain Whisky,2625,B,40,43.16,22,1.8,8.284722222222221,7,8,185.86
Caymus Spec Select Cab Svgn,16931,B,39,109.93,13,3.0,7.482758620689655,22,23,292.91
Crown Royal X R Extra Rare,2433,B,38,91.9,14,2.7,7.330935251798561,7,8,264.37
Avion Silver Tequila,7537,B,38,70.86,16,2.4,7.869047619047619,3,4,232.13
Firesteed Citation Pnt Nr,12428,B,38,41.37,21,1.8,7.7272727272727275,23,24,177.35
Grand Mayan Ultra Aged Teq,8237,B,37,74.62,16,2.3,8.04,10,11,235.02
The Macallan Edition No 1,2096,B,36,78.12,15,2.4,7.0,3,4,237.18
Highland Park Dark Origins,2982,B,36,52.23,19,1.9,7.104651162790698,8,9,193.97
Pol Roger Brut Vintage,26876,B,36,54.05,18,2.0,9.25,85,86,197.29
Lagavulin Distillers Edition,2109,B,34,64.74,16,2.1,7.385964912280702,7,8,209.83
Vieux Telegraphe Chtnf Pape,27097,B,34,51.72,18,1.9,7.333333333333333,16,17,187.54
Hakushu 12 Yr Japanese Whsky,2940,B,33,65.64,16,2.1,9.0,6,7,208.15
O'Shaugnessey Cab Svgn Howel,18578,B,33,52.62,18,1.8,8.5,15,16,186.38
Roederer Cristal,26248,B,32,132.44,11,2.9,7.506849315068493,25,26,291.14
Ch Pichon Longville 12 Pauil,90011,B,31,94.76,13,2.4,5.857142857142857,30,30,242.42
Perrier Jouet BE Luxury Case,24650,B,29,77.23,14,2.1,8.272727272727273,32,33,211.69
Darioush Cab Svgn,37849,B,29,62.06,15,1.9,7.40625,14,15,189.76
Antinori Tignanello,15463,B,28,54.19,16,1.8,8.571428571428571,13,14,174.2
Perrier Jouet Belle Epoque,18600,B,27,72.72,14,1.9,7.8,64,65,198.24
Veuve Clicquot Brut Yellow,19611,B,27,61.28,15,1.8,7.231958762886598,6,7,181.92
Stags Leap Csk 23 Cab Svgn,37421,B,27,107.14,11,2.5,8.75,11,12,240.58
Ch Lynch Bages 12 Pauillac,90089,B,27,77.92,13,2.1,7.333333333333333,27,28,205.14
Midleton Rare Irish Whiskey,1876,B,26,106.61,11,2.4,7.143790849673203,4,5,235.45
Clase Azul Reposado Tequila,2482,B,25,78.73,13,1.9,7.343096234309623,6,7,198.5
Auchentoshan 21 Yr Scotch,2964,B,24,166.66,8,3.0,7.68520568498289,0,1,283.33
Veuve Clicquot Brut Grande,19218,B,24,80.53,12,2.0,7.280701754385965,10,10,196.64
From the Tank Red Keg,23047,B,24,149.67,9,2.7,7.68520568498289,0,1,268.04
Jameson 18 Year Old,999,B,23,89.84,11,2.1,8.446540880503145,5,6,203.37
Krug Grande Cuvee Brut,43020,B,22,96.61,11,2.0,7.633333333333334,9,9,206.27
Balvenie Portwood 21 Yr Sin,2247,B,17,162.69,7,2.4,8.2,11,11,235.31
Jack Daniels Sinatra Select,1343,B,16,122.96,8,2.0,8.108695652173912,1,1,198.37
Speymalt Macallan 1993 20 Yr,2747,B,16,123.07,8,2.0,8.0,35,35,198.46
The Macallan Rare Cask,2945,B,14,213.17,6,2.3,7.2439024390243905,4,4,244.57
BenRiach Barrel 94,4300,B,14,134.32,7,2.0,9.0,22,22,194.02
Ch Grand Leoville 10 Brdx,20064,B,11,315.43,4,2.8,6.666666666666667,0,0,263.67
Ch Palmer Margaux 09 Medoc,17601,B,9,234.48,4,2.2,8.0,3,3,206.29
Jack Daniels Sinatra Century,1722,B,7,351.55,3,2.3,8.375,3,3,222.13
Bowmore Mizurana,2953,B,3,746.26,1,3.0,6.0,0,0,224.63
Remy Martin Louis XIII,500,B,1,2290.07,0,inf,7.518518518518518,0,0,inf
The Macallan M Decanter,1991,B,1,3787.87,0,inf,7.68520568498289,0,0,inf
Russian Standard Vodka,3349,C,2234,0.71,1254,1.8,8.64406779661017,170,223,178.11
Dr McGillicuddy's Root Beer,5708,C,2129,0.38,1674,1.3,7.43940990516333,259,302,127.2
Burnett's Peach Vodka,3162,C,2049,0.76,1161,1.8,7.472049689440993,144,186,176.48
Bacardi Limon Rum,4252,C,2036,0.77,1150,1.8,9.466666666666667,184,237,177.07
Maurice's Mentholated Mint,6879,C,1972,0.74,1154,1.7,8.564814814814815,181,227,170.84
Pearl Vodka,3562,C,1966,0.77,1130,1.7,7.4375,258,298,174.0
Pearl Cucumber Vodka,3568,C,1927,0.79,1104,1.7,7.59047619047619,209,249,174.49
Shady Fruit Real Ruby Red Gr,6432,C,1864,0.64,1207,1.5,7.65,134,173,154.46
Dr McGillicuddy's Peach,5390,C,1823,0.77,1088,1.7,7.219512195121951,142,178,167.55
Jim Beam Honey,2037,C,1795,0.73,1109,1.6,7.809756097560975,247,285,161.89
Jim Beam Kentucky Fire,1261,C,1789,0.74,1099,1.6,8.304347826086957,266,307,162.72
DeKuyper Hot Damn Cinnamon,5490,C,1780,0.76,1082,1.6,8.23404255319149,130,170,164.49
Skyy Watermelon Fresca Vodka,3282,C,1717,0.79,1042,1.6,7.792207792207792,182,219,164.71
Three Olives Blueberry Vodka,3137,C,1697,0.76,1057,1.6,7.046875,163,196,160.61
Shady Fruit Valencia Orange,6270,C,1697,0.77,1050,1.6,7.285714285714286,112,146,161.66
Cabin Fever Maple Liqueur,5656,C,1653,1.16,844,2.0,7.878787878787879,230,266,195.83
Kinky Vodka,3702,C,1554,0.71,1046,1.5,7.672413793103448,109,142,148.55
Jim Beam Maple,1663,C,1549,0.74,1023,1.5,8.054455445544555,250,284,151.41
Wicked 87 Whiskey,2797,C,1383,0.75,960,1.4,7.212121212121212,127,154,144.03
Bacardi Coconut,4379,C,1320,0.73,951,1.4,8.5625,134,165,138.82
Absolut Mandrin,8027,C,1238,1.55,632,2.0,7.704485488126649,89,115,195.9
Blue Chair Bay Banana Rum,4705,C,1219,0.76,896,1.4,9.0,113,143,136.12
Bacardi Superior Rum,8368,C,1203,1.51,631,1.9,7.848942598187311,92,118,190.61
Frangelico Hazelnut Liqueur,8205,C,1179,1.53,621,1.9,7.411242603550296,110,134,189.94
Beefeater Gin,8096,C,1167,1.54,616,1.9,7.735294117647059,88,113,189.59
Paul Masson Red Berry Brandy,5308,C,1156,0.75,878,1.3,7.7745098039215685,91,116,131.68
UV Ruby Red Grapefruit Vodka,3730,C,1106,0.73,870,1.3,7.666666666666667,90,113,127.07
Bacardi Tangerine,4959,C,1095,0.71,878,1.2,7.817610062893082,95,118,124.7
UV Sangria Vodka,3701,C,1089,0.79,830,1.3,7.488888888888889,89,111,131.17
Bacardi Pineapple Fusion,540,C,1080,0.72,866,1.2,8.761904761904763,146,172,124.71
Bacardi Mango Fusion,4304,C,1058,0.79,818,1.3,8.434782608695652,136,160,129.29
E&J Peach Brandy,5381,C,1056,0.73,850,1.2,7.8429752066115705,84,107,124.17
Blue Chair Bay Coconut Rum,4703,C,1020,0.77,814,1.3,9.8,98,125,125.33
St Brendans Irish Cream,5536,C,960,1.15,646,1.5,7.8347107438016526,81,102,148.59
Absolut Vanilia,3571,C,958,1.47,571,1.7,7.817021276595745,74,95,167.82
Svedka Grapefruit Jalapeno,3219,C,905,0.74,782,1.2,10.0,97,122,115.73
Jagermeister Spice,5054,C,893,1.42,561,1.6,7.8125,188,207,159.25
Crown Royal No Harvest Rye,2508,C,857,1.59,519,1.7,8.738636363636363,91,112,165.08
Kinky Flame Whisky,4723,C,801,0.77,721,1.1,8.714285714285714,71,90,111.06
Deep Eddy Ruby Red Vodka,9109,C,789,0.76,720,1.1,7.282242990654206,96,112,109.51
Bacardi Dragon Berry,4042,C,730,0.72,712,1.0,8.35,104,121,102.53
Woodford Reserve Bourbon,2170,C,702,2.53,372,1.9,7.715151515151515,54,69,188.47
Barenjager Honey Liqueur,5680,C,632,1.46,465,1.4,6.818181818181818,50,62,135.85
Casamigos Anejo Tequila,8623,C,610,2.34,361,1.7,7.846534653465347,129,142,168.96
Skyy Infusions Blueberry,4868,C,594,0.79,613,1.0,7.540983606557377,110,122,96.88
Smirnoff Peppermint Twist,3917,C,587,0.79,610,1.0,8.818181818181818,137,151,96.3
Bacardi Oakheart Spiced Rum,4025,C,585,1.37,462,1.3,8.60655737704918,68,82,126.61
RumChata Liqueur,5502,C,557,0.77,601,0.9,6.778625954198473,76,86,92.62
1800 Reposado Gold Tequila,8470,C,550,2.08,364,1.5,7.506072874493927,47,58,151.26
Jack Daniels Single Barrel,1276,C,472,3.87,247,1.9,7.611111111111111,92,102,191.14
Wycliff Brut,24837,C,468,3.42,262,1.8,7.558011049723757,88,98,178.92
Gentleman Jack,1535,C,464,3.14,272,1.7,7.496296296296296,76,86,170.7
Jagermeister Liqueur,5094,C,464,2.68,294,1.6,7.885964912280702,53,63,157.7
New Amsterdam Mango Vodka,7404,C,448,0.77,539,0.8,7.928571428571429,36,46,83.06
Fish Eye Shiraz,42678,C,436,3.33,256,1.7,7.556451612903226,46,55,170.4
Gallo X Dry Vermouth,7261,C,427,3.61,243,1.8,7.651785714285714,30,39,175.58
Bota Mini Pnt Grigio,15255,C,425,2.68,282,1.5,7.565315315315315,40,49,150.93
Benvolio Pnt Grigio Friuli,11529,C,419,3.76,236,1.8,7.833333333333333,55,64,177.51
Capt Morgan White Grapefruit,8438,C,407,0.72,532,0.8,7.666666666666667,124,133,76.56
Bota Mini Chard,15252,C,407,2.61,279,1.5,7.378048780487805,33,41,145.76
Santa Rita 120 Merlot,6368,C,406,4.13,222,1.8,7.631944444444445,45,53,183.13
Wolfschmidt Vodka Plastic,3889,C,399,3.7,232,1.7,8.36231884057971,42,51,171.83
M & R Asti,8534,C,395,4.02,222,1.8,7.463182897862233,56,64,178.21
St Germain Liqueur,6225,C,393,2.98,257,1.5,7.5911330049261085,45,53,153.05
M D 20/20 Orange Jubilee,10283,C,392,2.57,276,1.4,7.855491329479769,87,95,141.95
B & B Liqueur Dom,5317,C,388,2.46,281,1.4,7.695238095238095,34,42,138.17
Capt Morgan Cannon Blast,4751,C,385,0.72,517,0.7,8.714285714285714,60,69,74.46
Mionetto Prosecco Brut,35294,C,376,3.44,234,1.6,7.693931398416886,65,73,160.84
Skyy Infusions Grapefuit,4857,C,370,0.75,497,0.7,7.714285714285714,38,46,74.5
Turning Leaf RSV Merlot Cal,27233,C,362,4.1,210,1.7,7.241379310344827,40,47,172.29
Glen Ellen Chard RSV,8523,C,360,3.22,236,1.5,7.435897435897436,29,36,152.26
Stolichnaya Chocolat Kokonut,3147,C,358,0.71,502,0.7,9.285714285714286,69,78,71.3
Barefoot Wh Znfdl Cal,31500,C,357,3.22,235,1.5,7.61864406779661,33,40,151.63
Dom Chandon Brut,32294,C,357,2.97,245,1.5,7.27027027027027,71,78,145.62
Belvedere Vodka,3651,C,353,2.93,245,1.4,7.533742331288344,33,40,143.83
The Naked Grape Pnt Grigio,14623,C,351,4.69,193,1.8,7.739234449760765,32,39,181.45
Yellow Tail Rsl,43043,C,351,4.51,197,1.8,7.8311688311688314,35,43,177.93
Gallo Copperidge Cab Svgn,24094,C,350,4.57,196,1.8,7.432624113475177,48,55,178.86
Chivas Regal,2615,C,345,2.57,259,1.3,7.6923076923076925,32,39,133.17
J Roget Brut,7740,C,345,4.1,205,1.7,7.4935064935064934,52,59,168.2
Moletto Prosecco,19336,C,342,2.71,251,1.4,7.470588235294118,64,71,136.15
Simply Naked Chard,15917,C,340,4.66,191,1.8,7.873076923076923,28,35,178.01
The Naked Grape Moscato,16175,C,338,4.69,190,1.8,7.498550724637681,33,40,178.06
Corbett Canyon Cab Svgn,24003,C,335,4.54,192,1.7,7.690962099125365,35,42,174.41
Grey Goose L'Orange Vodka,3831,C,333,2.89,240,1.4,7.6438356164383565,35,42,138.74
Gallo Copperidge Merlot Cal,28312,C,328,4.72,186,1.8,7.45721271393643,45,52,175.96
Backhouse Pnt Nr,15290,C,325,3.99,202,1.6,7.189814814814815,27,33,161.04
Simply Naked Pnt Grigio,15916,C,323,4.57,188,1.7,7.434959349593496,36,43,171.82
Patron Anejo Tequila,7992,C,321,5.55,170,1.9,8.425531914893616,52,59,188.76
Drambuie,5339,C,318,2.35,260,1.2,8.372222222222222,33,40,122.25
Bota Mini Cab Svgn,15251,C,316,2.73,241,1.3,7.407407407407407,36,42,131.35
Remy Martin VSOP Cognac,4897,C,315,3.28,219,1.4,8.303370786516854,31,38,143.75
Capt Morgan White Coconut,8467,C,315,0.73,464,0.7,7.090909090909091,153,159,67.82
Beringer Classic Chenin Blan,6438,C,304,3.22,217,1.4,7.332236842105263,41,47,139.92
Santa Rita 120 Chard,6932,C,304,3.99,195,1.6,7.658536585365853,28,34,155.75
Canyon Rd Chard,21813,C,304,3.19,218,1.4,7.637362637362638,83,89,139.27
Peychaud's Bitters,9129,C,303,3.84,199,1.5,7.517006802721088,27,33,152.55
Beringer Classic Wh Merlot,32652,C,303,3.99,195,1.6,7.7639344262295085,34,40,155.5
Arrow White Creme de Cacao,5187,C,302,6.1,157,1.9,7.579268292682927,29,35,191.95
Rosita Triple Sec,5286,C,302,2.93,227,1.3,7.359872611464968,27,33,133.03
Turning Leaf RSV Pnt Grigio,28736,C,301,4.1,192,1.6,7.591304347826087,36,42,157.11
Baroca White Rum,4140,C,295,4.75,176,1.7,7.752380952380952,41,47,167.41
Terrazas Alto Malbec Argn,34647,C,294,5.15,169,1.7,6.993103448275862,26,32,174.02
Castillo Silver Label Rum,4232,C,293,6.48,150,2.0,7.7272727272727275,63,69,194.87
Flip Flop Chard,15292,C,291,3.37,208,1.4,7.476394849785407,30,36,140.05
Barefoot Refresh Sweet White,18856,C,291,3.92,193,1.5,7.7405063291139244,35,41,151.04
Barton Long Island Iced Tea,756,C,286,5.34,164,1.7,7.5,26,32,174.77
Sequin Delicately Pnt Grigio,18368,C,284,5.4,162,1.8,7.6279863481228665,28,34,175.13
Sutter Home Svgn Bl,25039,C,284,5.34,163,1.7,7.180094786729858,27,33,174.16
Salviano Orvieto 13 Clsco,24666,C,282,5.19,165,1.7,9.05,50,57,171.09
Gallo Fairbanks Sherry,6266,C,276,5.06,165,1.7,7.6971544715447155,25,31,167.13
Goslings Dark'N Stormy RTD,4062,C,274,5.83,153,1.8,7.30728051391863,26,31,178.74
Lindemans Bin 50 Shiraz,23895,C,273,5.4,159,1.7,8.210884353741497,25,31,171.71
Primal Roots Red Cal,15911,C,271,5.91,151,1.8,7.731343283582089,33,39,178.98
Villa Cornaro Pnt Grigio LTD,33278,C,270,5.36,159,1.7,8.147540983606557,37,43,170.13
Rex Goliath Pnt Grigio,42212,C,269,4.07,182,1.5,7.511278195488722,23,29,147.98
Cono Sur Svgn Bl Cntrl Vly,45333,C,269,4.76,168,1.6,7.2176470588235295,29,34,160.03
R M Woodbridge Svgn Bl Cal,8359,C,268,3.2,205,1.3,7.735849056603773,34,40,130.97
Casa Liliana Good Pnt Grg,44734,C,261,5.44,155,1.7,7.047058823529412,22,27,168.51
Marques de Caceres Rose,26236,C,260,4.76,165,1.6,7.4972972972972975,23,28,157.33
Foxhorn SE Merlot Australia,31456,C,259,5.22,158,1.6,7.893305439330544,19,25,164.44
Smirnoff Ruby Red Grapefruit,3707,C,257,0.74,417,0.6,8.428571428571429,78,84,61.67
Taylor Sherry,6296,C,257,5.34,155,1.7,7.773242630385488,22,27,165.67
Villa Pozzi Moscato,16918,C,256,5.8,149,1.7,7.726775956284153,25,30,172.33
Villa Pozzi Nero D'Avola,46428,C,253,6.03,145,1.7,7.914027149321267,30,35,174.68
Riva Rey Tempranillo,13498,C,252,4.63,165,1.5,7.631868131868132,26,31,152.76
Gekkeikan Nigori Sake,43124,C,251,4.1,175,1.4,7.785087719298246,37,42,143.46
R M Woodbridge Chard Cal,39599,C,250,4.51,166,1.5,7.773381294964029,24,29,150.17
Geyser Peak Chard,6566,C,248,5.84,146,1.7,8.065217391304348,28,33,170.2
Stemmari Pt Nr,11152,C,247,5.26,153,1.6,8.009803921568627,27,32,161.2
Backhouse Chard,13268,C,247,3.86,179,1.4,7.494318181818182,23,28,138.09
Alamos Torrontes,10298,C,245,4.51,165,1.5,7.736462093862816,21,26,148.66
M D 20/20 Banana Red,23373,C,245,2.71,213,1.2,7.598684210526316,57,62,115.23
Cavit Pinot Grigio Delle Ve,33334,C,245,6.2,141,1.7,7.4245416078984485,26,31,174.3
Graffigna Centenario Malbec,42172,C,245,6.66,136,1.8,7.782312925170068,39,44,180.65
Twisted Pnt Grigio Cal,46310,C,244,4.72,161,1.5,7.458762886597938,20,25,151.77
Canyon Rd Pnt Nr,13932,C,242,3.13,197,1.2,7.601449275362318,86,91,123.08
The Naked Grape Pnt Nr,14624,C,241,4.57,162,1.5,7.387878787878788,29,34,148.42
Barefoot Refresh Summer Red,18860,C,239,3.86,176,1.4,7.836956521739131,31,36,135.83
R Mondavi Pvt Sel Rsl,29477,C,239,4.75,159,1.5,8.127659574468085,25,30,150.68
Juarez Triple Sec,269,C,238,3.17,194,1.2,7.347517730496454,31,36,122.84
Skol Vodka,3868,C,238,4.77,158,1.5,7.960629921259843,48,53,150.68
Simply Naked Unoaked Svgn Bl,16826,C,238,4.69,159,1.5,7.443661971830986,21,26,149.41
Andre Cold Duck,7818,C,237,3.71,179,1.3,7.5,32,37,132.61
Di Padrino Sweet Vermouth,18877,C,236,5.15,151,1.6,7.490787269681742,18,23,155.91
Nathanson Creek Cab Svgn,28258,C,236,5.36,148,1.6,7.674955595026643,24,29,159.06
Sycamore Lane Chard Cal,33212,C,236,5.7,144,1.6,6.991071428571429,41,46,164.02
R M Woodbridge Pnt Nr Cal,43808,C,236,3.3,189,1.2,7.748344370860927,32,37,124.8
Twisted Old Vine Znfdl,46311,C,236,4.76,157,1.5,7.63125,22,27,149.89
Jaboulet Cts Rhone Parl Rose,11089,C,235,6.86,131,1.8,7.868852459016393,25,30,179.56
Skinnygirl White Wine,17457,C,235,5.84,142,1.7,7.389908256880734,25,30,165.67
Covey Run Rsl Columbia Vly,36579,C,234,3.92,173,1.4,7.572815533980583,29,34,135.45
Salmon Run NY Chard,37311,C,234,6.89,130,1.8,7.28,23,28,179.57
Rioja Vega Tempranillo Garna,15748,C,232,5.44,146,1.6,8.080645161290322,27,32,158.88
R Mondavi Heritage Red,18449,C,232,4.53,160,1.4,8.058510638297872,31,36,144.98
Gnarly Head Pnt Grigio,12069,C,231,5.33,147,1.6,7.584487534626039,19,24,156.92
Zin 91 Old Vine Znfdl CA,12663,C,229,5.4,146,1.6,8.666666666666666,45,50,157.26
Jacobs Crk Chard,6975,C,228,4.79,154,1.5,7.592592592592593,23,28,147.79
Wyndham Bin 555 Shiraz,27303,C,228,5.91,139,1.6,7.147435897435898,25,29,164.16
Foxhorn SE Cab Svgn Australi,31452,C,227,5.15,148,1.5,7.706666666666667,20,25,152.91
Paul Masson Wh Znfdl,8423,C,226,4.69,155,1.5,8.021097046413502,25,30,145.6
Calling All Angels Chard,17978,C,226,5.47,144,1.6,7.479166666666667,29,34,157.24
Barefoot Bubbly Pink Moscato,20447,C,226,6.53,132,1.7,7.7441016333938295,28,33,171.8
Castle Rock Paso Ro Cab Svgn,35605,C,226,6.66,130,1.7,8.084967320261438,24,29,173.5
Sycamore Lane Pnt Grigio Cal,42386,C,226,5.66,141,1.6,6.917721518987341,40,44,159.95
W Hill Est Chard Cntrl Cst,13744,C,225,6.03,137,1.6,7.576158940397351,35,40,164.73
Catena Padrillos Malbec,16703,C,225,6.53,131,1.7,7.768656716417911,28,33,171.42
Bonpas Cote du Rhone Rouge R,21001,C,225,7.38,123,1.8,7.662790697674419,29,34,182.24
Jacobs Crk Shrz/Cab Svgn,24842,C,225,4.6,156,1.4,7.703389830508475,22,27,143.88
Redwood Creek Svgn Bl Cal,35670,C,225,7.33,124,1.8,7.524390243902439,28,33,181.62
Hob Nob Chard,46422,C,225,6.57,131,1.7,7.490196078431373,20,25,171.94
E&J Peach Brandy,5373,C,224,7.47,122,1.8,7.7407407407407405,24,29,182.94
Patron Reposado Tequila,7995,C,224,4.95,150,1.5,8.6,29,34,148.92
Beringer Classic Wh Zin Mosc,17867,C,223,3.22,186,1.2,7.337037037037037,21,25,119.84
The Beach House Chard,19258,C,223,6.45,131,1.7,7.6863636363636365,19,24,169.61
Fabrizia's Italian Margarita,4411,C,219,7.24,123,1.8,7.939655172413793,16,21,178.08
Belle Ambiance Pnt Grigio,20791,C,217,5.4,142,1.5,7.601063829787234,22,27,153.09
Cantine Maschio Prosecco Brt,15761,C,216,2.49,208,1.0,7.098360655737705,37,41,103.72
Barefoot Sparklng Pnt Grigio,10927,C,214,6.57,128,1.7,7.593283582089552,18,22,167.69
Middle Sister Sweet & Sassy,15315,C,214,6.57,128,1.7,8.393129770992367,23,28,167.69
Belguardo Serrata Toscana,23998,C,213,6.75,126,1.7,9.0,33,38,169.57
Cruz Garcia Real Sangria Re,36558,C,213,6.66,126,1.7,7.761670761670762,18,23,168.44
Beringer Classic Moscato,11414,C,212,3.26,180,1.2,7.491039426523297,24,28,117.57
Tineta Avante 10 Tinto Fino,25691,C,212,7.33,120,1.8,9.181818181818182,34,39,176.29
Arrow Brown Creme de Cacao,5155,C,211,5.79,135,1.6,7.664150943396226,18,22,156.31
Walnut Crest Vnto Pnt Grigio,37735,C,211,7.58,118,1.8,7.2140350877192985,17,21,178.85
Sharpe Hill Ballet of Angel,38483,C,211,7.23,121,1.7,7.153846153846154,28,32,174.67
Sheffield Very Dry Sherry,8077,C,210,6.84,124,1.7,7.646551724137931,17,21,169.49
The Naked Grape Cab Svgn,15265,C,210,4.76,149,1.4,7.8283582089552235,21,26,141.39
Handcraft Pnt Grigio,23479,C,210,6.2,130,1.6,7.830357142857143,28,33,161.37
Cape Indaba Svgn Bl S Africa,33055,C,209,6.16,130,1.6,7.91358024691358,22,27,160.46
Sycamore Lane Merlot Cal,33214,C,209,5.82,134,1.6,6.901477832512315,34,38,155.97
Colombo Cape Bleue Rose VdP,13991,C,208,6.57,126,1.7,7.4,18,22,165.32
Col-di-Sasso Sangiovese/Cab,23870,C,208,6.16,130,1.6,7.567251461988304,30,34,160.08
Sycamore Lane Cab Svgn Cal,33210,C,208,5.74,135,1.5,7.003787878787879,42,46,154.53
Manischewitz Blackberry Kshr,7413,C,207,5.19,141,1.5,7.813868613138686,18,22,146.58
Paso a Paso Tempranillo,11354,C,207,6.57,126,1.6,7.844660194174757,22,26,164.92
Pearl Cucumber Vodka,3940,C,206,6.15,129,1.6,8.822222222222223,17,22,159.18
Cavit Alta Luna Pnt Grigio,16151,C,205,7.38,118,1.7,7.47093023255814,30,34,173.95
Menage a Trois Pnt Grigio,17162,C,205,6.12,129,1.6,6.928934010152284,21,25,158.41
Ch Beauchene CDR White RSV,12473,C,204,7.99,113,1.8,7.3108108108108105,25,29,180.55
Foxhorn Wh Znfdl Cal,31458,C,204,5.4,137,1.5,7.892857142857143,12,16,148.43
Bolla Prosecco Extra Dry,18801,C,203,7.14,119,1.7,7.307228915662651,30,34,170.26
Placido Chianti,22192,C,203,7.23,118,1.7,7.059006211180124,20,24,171.33
Allens Triple Sec,658,C,202,2.2,214,0.9,7.496598639455782,37,41,94.28
Totts Brut Calif,6362,C,202,5.29,138,1.5,7.393665158371041,26,30,146.19
Carlo Rossi Burgundy Calif,8907,C,201,4.63,147,1.4,7.671296296296297,15,19,136.43
Rene Junot Red,6322,C,200,8.16,111,1.8,7.494736842105263,17,21,180.67
The Naked Grape Chard,15266,C,200,4.54,148,1.4,7.454545454545454,17,21,134.76
David Girard Vyds Code Rouge,21145,C,200,7.79,113,1.8,8.393939393939394,23,28,176.52
Stonehedge Cab Svgn Cal,26779,C,200,6.8,121,1.7,8.506172839506172,32,37,164.92
Grand Marnier Rasp-Peach,5760,C,199,1.51,257,0.8,7.5,28,32,77.52
M D 20/20,7485,C,199,2.85,187,1.1,7.896825396825397,59,63,106.5
Di Majo Norante Sangiovese,31233,C,199,7.43,116,1.7,7.124352331606218,23,27,171.96
Primaterra Pnt Grigio,46600,C,199,7.58,115,1.7,6.784403669724771,23,27,173.69
Segura Viudas Brut RSV,10680,C,198,7.18,117,1.7,7.732718894009216,25,29,168.62
M D 20/20 Electric Melon Red,12494,C,197,2.68,192,1.0,7.914893617021277,42,46,102.76
Canyon Rd Pnt Grigio,12589,C,197,3.09,179,1.1,7.962616822429907,50,54,110.34
Les Hauts de Lagarde Rouge,20992,C,197,6.7,121,1.6,8.225641025641025,27,31,162.47
Rex Goliath Malbec,16948,C,196,3.89,159,1.2,7.882352941176471,24,28,123.49
Sweet Baby Vyds Strawberry,18812,C,196,8.5,107,1.8,8.187096774193549,13,17,182.54
Basilica Sambuca,5220,C,195,5.79,130,1.5,7.7272727272727275,17,21,150.27
Beringer Classic Chard,10254,C,195,3.37,170,1.1,7.326190476190476,26,30,114.64
R M Woodbridge Malbec,15889,C,195,5.95,128,1.5,7.861788617886178,25,29,152.33
The Path Cab Svgn,19041,C,195,6.62,121,1.6,8.013698630136986,19,23,160.68
Mezzacorona Cab Svgn,21510,C,195,7.48,114,1.7,8.07981220657277,23,27,170.8
Alamos Ridge Chard Mendoza,33148,C,195,4.54,147,1.3,7.873684210526315,25,29,133.06
Principato Pnt Nr Pavia,46498,C,195,6.75,120,1.6,7.647540983606557,113,117,162.25
Bacardi Tangerine Rum,4290,C,194,7.87,111,1.7,8.654545454545454,22,27,174.74
Parducci Petite Sirah,10603,C,194,7.58,113,1.7,7.452830188679245,21,25,171.49
Ecco Domani Merlot Venezie,27460,C,193,6.53,122,1.6,7.755868544600939,20,24,158.76
Redwood Creek Merlot Cal,35668,C,193,7.33,115,1.7,7.648829431438127,17,21,168.21
Columbia Crest Two Vns Chard,6460,C,192,4.76,142,1.4,7.349775784753363,23,27,135.2
Penfolds T Hyland Shiraz,35800,C,192,7.99,110,1.7,7.62962962962963,19,23,175.16
M & R Asti 4 Pak,40175,C,191,8.21,108,1.8,7.851162790697674,17,21,177.09
Grayson Cellars Cab Svgn Pas,42399,C,191,6.57,121,1.6,7.111111111111111,25,29,158.42
Bodegas Borsao Berola,19120,C,190,8.55,105,1.8,7.857142857142857,21,25,180.25
Latour Pinot Noir Valmoissin,36344,C,190,8.72,104,1.8,8.034883720930232,27,31,182.03
Shady Fruit Real Ruby Red Gr,3672,C,189,8.26,107,1.8,7.5588235294117645,15,19,176.7
Gallo Twin Valley Cab Svgn C,6734,C,189,6.49,121,1.6,7.801556420233463,20,24,156.63
Mommys Time Out Garganega/P,44266,C,189,5.84,127,1.5,7.481343283582089,23,27,148.58
Blufeld Rsl,15321,C,188,5.99,125,1.5,7.610344827586207,21,25,150.08
Cashmore Black Opal Shiraz,23764,C,188,4.69,142,1.3,7.353383458646617,29,33,132.8
Bigi Orvieto Amabile,38644,C,188,6.75,118,1.6,8.053254437869823,22,26,159.31
Little Black Dress Merlot,43820,C,188,5.88,126,1.5,7.59349593495935,20,24,148.69
Don Miguel Gascon Colosal Rd,18835,C,187,8.16,107,1.7,7.66412213740458,18,22,174.7
Kenwood Chard 12,21690,C,187,5.55,130,1.4,9.0,35,40,144.07
Jim Beam,1393,C,186,3.14,172,1.1,12.0,56,62,108.08
C Y Toro Casillero Diab Malb,15620,C,186,6.7,118,1.6,7.6608187134502925,18,22,157.87
Anterra Chardonnay,19169,C,186,5.4,131,1.4,9.8,25,30,141.73
Dom Pere Caboche Cote Rhone,13445,C,184,7.23,113,1.6,7.25,21,25,163.11
Woodwork Pnt Nr,22047,C,184,6.49,119,1.5,6.967032967032967,15,19,154.54
3 Ball Znfdl,24772,C,184,8.78,102,1.8,8.303921568627452,41,45,179.75
Ch Pesquie Cotes du Ventoux,35049,C,184,8.66,103,1.8,7.86896551724138,25,29,178.52
Corvo Sicily Nero D'Avola,38950,C,184,6.8,116,1.6,7.049180327868853,16,20,158.19
R Mondavi Meritage Pvt Slctn,45457,C,184,5.19,133,1.4,7.920634920634921,20,24,138.2
R M Woodbridge Moscato,13461,C,183,5.88,125,1.5,7.675561797752809,19,23,146.7
Di Padrino Dry Vermouth,18875,C,183,5.15,133,1.4,7.587341772151898,15,19,137.29
Ron Rio Silver Rum,978,C,182,5.3,131,1.4,8.109375,41,45,138.9
Rancho Zabaco Heritage Znfdl,32203,C,182,8.38,104,1.8,7.785185185185185,20,24,174.65
R M Woodbridge Cab Svgn Cal,39598,C,182,4.76,138,1.3,7.774736842105263,21,25,131.63
Campo Viejo Gr Cava Brut Rsv,23270,C,181,6.7,116,1.6,7.695740365111562,17,21,155.74
Four Vines Naked Chard,36199,C,181,8.05,106,1.7,8.003663003663004,18,22,170.71
Smoking Loon Znfdl Cal,45276,C,181,4.56,141,1.3,8.203007518796992,27,31,128.48
Barton Light Rum,775,C,180,4.56,140,1.3,7.161676646706587,45,49,128.13
Fontana Candida Frascati,8630,C,180,5.47,128,1.4,7.145669291338582,19,23,140.33
Moonlight Meadery Apple Pie,15980,C,180,8.72,102,1.8,7.23121387283237,21,25,177.18
Light Horse Cab Svgn,23388,C,180,6.84,115,1.6,8.565217391304348,15,19,156.92
Rosita Tequila Gold,3321,C,179,6.93,114,1.6,6.946808510638298,18,21,157.51
Mud House Svgn Bl,23235,C,179,7.18,112,1.6,7.4916201117318435,40,44,160.33
Hahn Cab Svgn Santa Lucia,27330,C,179,7.89,107,1.7,7.760273972602739,17,21,168.07
Erath Pnt Gris Ore,32107,C,179,8.27,104,1.7,7.49746192893401,17,21,172.07
Barefoot Cellars Pnt Nr,13492,C,178,5.84,123,1.4,7.305605786618445,18,22,144.19
Sequin Delicately Moscato,18369,C,178,5.36,129,1.4,7.621621621621622,14,18,138.14
Rio Madre Rioja Graciano,18787,C,178,6.89,114,1.6,8.068027210884354,17,21,156.62
Skinnygirl W Peach Margarita,5662,C,176,7.19,111,1.6,7.626168224299065,18,22,159.09
Chi Chi's Orange Cream RTD,8579,C,176,6.01,121,1.5,7.230769230769231,16,19,145.45
Senators Club,1895,C,175,5.07,131,1.3,7.324675324675325,39,43,133.21
Skinnygirl Grapefruit Marg,8298,C,175,7.8,106,1.7,7.506607929515418,14,18,165.23
Banfi Chianti Clsc Tuscany,41827,C,175,8.16,104,1.7,7.341584158415841,21,25,169.0
Malibu 50ml Sampler Pack,1136,C,174,3.87,150,1.2,7.255474452554744,99,102,116.05
Two Oceans WstrnCape Svgn Bl,11367,C,174,6.07,120,1.4,8.528301886792454,21,25,145.34
Root 1 Carmenere,12155,C,174,6.7,114,1.5,7.595744680851064,18,22,152.7
Canyon Rd Cab Svgn,21795,C,174,3.24,164,1.1,7.428571428571429,27,31,106.18
Santa Rita RSV Merlot,29118,C,174,6.8,113,1.5,7.906666666666666,35,39,153.83
Sileni Sauvignon Blanc,40801,C,174,7.33,109,1.6,7.086206896551724,20,23,159.71
Intorcia Marsala Dry,46297,C,174,7.74,106,1.6,7.2846153846153845,27,30,164.12
Goosebump Velvety Red,16878,C,173,5.22,129,1.3,8.116788321167883,23,27,134.39
Castle Rock Chard Cntrl Cst,35606,C,173,6.07,119,1.5,8.17361111111111,18,22,144.92
Arrow Creme de Banana,5015,C,172,5.88,121,1.4,7.720524017467249,16,20,142.22
Hazlitt Red Cat Finger Lakes,10372,C,172,5.33,127,1.4,7.539877300613497,16,20,135.41
Delas Cotes du Rhone,19126,C,172,8.44,101,1.7,7.604026845637584,17,21,170.39
M Chiarlo Moscato D'Asti Ni,34947,C,172,6.28,117,1.5,7.709677419354839,25,29,146.98
Clayhouse Svgn Bl Paso Roble,46763,C,172,8.05,103,1.7,7.758064516129032,28,32,166.41
Tarima Monastrell Jumilla,14386,C,171,5.99,119,1.4,7.6239316239316235,21,25,143.13
Gallo Copperidge Wh Znfdl,24098,C,171,4.66,135,1.3,7.342007434944238,30,33,126.24
Colavita Pnt Nr,25163,C,171,3.24,162,1.1,7.684549356223176,65,69,105.27
Newport Vyds Great White RI,35088,C,171,5.8,121,1.4,7.169381107491857,20,23,140.84
Black Velvet Cinnamon Rush,2153,C,170,6.61,113,1.5,9.0,16,20,149.91
Totts Extra Dry,6361,C,170,5.4,125,1.4,7.646739130434782,42,46,135.5
BV Coastal Estate Pnt Nr,8246,C,170,6.12,118,1.4,7.742268041237113,23,27,144.25
Flag Hill Cayuga White,21752,C,170,7.58,106,1.6,8.093457943925234,20,24,160.54
Fetzer Eagle Peak Merlot,28239,C,170,8.55,100,1.7,8.209944751381215,22,26,170.5
Paso Creek Cab Svgn,46628,C,170,9.65,94,1.8,7.621848739495798,16,20,181.14
Charles Smith Eve WA Chard,13637,C,169,8.16,102,1.7,7.775,32,36,166.08
Cupcake Riesling,15392,C,169,4.96,131,1.3,7.421800947867299,17,20,129.48
Wlm Hill Est No Cst Svgn Bl,21319,C,169,8.55,99,1.7,7.308474576271187,16,19,170.0
Three Olives Vodka w/Flask,1039,C,168,10.31,90,1.9,6.5,15,18,186.12
Duboeuf Beaujolais,6236,C,168,6.49,114,1.5,7.703389830508475,17,21,147.67
Bacardi Black,8617,C,168,7.19,108,1.6,7.634241245136187,35,39,155.43
Bridlewood Pnt Nr,14625,C,168,6.62,113,1.5,7.753623188405797,49,53,149.14
Zorvino Bacca Z Blackberry,19556,C,168,9.39,95,1.8,8.023364485981308,24,28,177.63
C Y Toro Frontera Cab Svgn,43801,C,168,5.84,120,1.4,7.528138528138528,20,23,140.08
Mr Boston Rock & Rye,5268,C,167,6.56,113,1.5,7.236180904522613,18,21,148.02
Ryans Irish Cream,5822,C,167,6.24,116,1.4,7.538071065989848,17,20,144.37
Meridian Santa Barbara Chard,6530,C,167,5.33,125,1.3,7.1440677966101696,50,53,133.43
Fonseca Bin No 27,7266,C,167,9.14,96,1.7,7.482142857142857,17,20,174.72
Cavit Chardonnay Trentino,33988,C,167,6.49,113,1.5,7.274618585298197,17,20,147.23
Martin Codax Tempranilo Ergo,46062,C,167,7.09,109,1.5,7.968085106382978,21,25,153.89
Livingston Burgundy Calif,6314,C,166,7.74,104,1.6,7.910377358490566,13,17,160.3
Jewell Towne Vyds So Hampton,18562,C,166,7.99,102,1.6,7.923076923076923,20,24,162.87
Hayes Valley Cab Svgn CC,20475,C,166,6.75,111,1.5,7.885964912280702,19,23,149.7
Pepperwood Grove Cab Svgn,26390,C,166,5.4,124,1.3,7.357142857142857,23,26,133.9
Livingston Nat Flvrs Chard,28887,C,166,8.38,100,1.7,7.580968280467446,14,17,166.8
Livingston Merlot Cal,29942,C,166,8.49,99,1.7,7.491883116883117,15,18,167.89
F Coppola Diamond Znfd,32137,C,166,9.39,94,1.8,7.732142857142857,17,21,176.56
Trentadue Old Patch Red Son,44708,C,166,7.53,105,1.6,7.009615384615385,19,22,158.11
Skyy Infusions Dragon Fruit,3189,C,165,10.15,90,1.8,7.767676767676767,15,19,183.02
Paul Masson Red Berry Brandy,5223,C,165,6.15,116,1.4,7.3125,16,19,142.46
C K Mondavi Willw Pnt Grigio,45294,C,165,7.53,105,1.6,7.392857142857143,18,21,157.64
McCormick Vodka,601,C,164,5.38,123,1.3,7.626168224299065,32,35,132.84
Red Rock Pnt Nr,15401,C,164,5.84,118,1.4,8.0,23,27,138.4
Monte Velho Tinto Alentejo R,17296,C,164,7.14,107,1.5,7.8,17,21,153.03
Mouton Cadet Sauvignon Blanc,18758,C,164,6.62,111,1.5,8.193333333333333,16,20,147.36
Christian Bros Dry Sherry,6375,C,163,3.76,147,1.1,7.4,12,15,110.71
Cesari Lugana Cento Filari,16647,C,163,8.49,98,1.7,10.222222222222221,36,41,166.37
Ice Pik Vodka,3598,C,162,10.21,89,1.8,7.115384615384615,17,20,181.88
Pallini Limoncello Liqueur,5147,C,162,9.44,93,1.7,7.413793103448276,33,36,174.89
Taylor Red Port,6214,C,162,9.08,94,1.7,7.781544256120528,17,20,171.52
Rosemount Diamond Chard,6659,C,162,5.95,117,1.4,7.726190476190476,21,24,138.85
Tilia Malbec Syrah  Mendoza,17612,C,162,6.75,110,1.5,8.292929292929292,21,25,147.89
Ruffino Unoaked Chard Toscna,19458,C,162,5.33,123,1.3,7.275229357798165,16,19,131.41
Cameron Hughes Cam Col Cab S,21685,C,162,9.39,93,1.7,6.533333333333333,20,23,174.42
Ecco Domani Prosecco,22361,C,162,3.24,158,1.0,9.5,39,43,102.46
Barefoot Bubbly Peach Fusion,22362,C,162,6.45,112,1.4,7.735042735042735,16,19,144.56
Brazin Old Vine Znfdl Lodi,12685,C,161,8.38,98,1.6,7.879746835443038,18,21,164.27
Charles & Charles Red,13958,C,161,7.18,106,1.5,7.259090909090909,17,20,152.05
La Merika Pnt Grigio Montery,23403,C,161,6.16,114,1.4,8.142857142857142,15,19,140.84
XYZin Old Vines Znfdl,45266,C,161,6.53,111,1.5,7.188888888888889,16,19,145.01
Jose Cuervo Lite Wh Peach,5655,C,160,8.79,95,1.7,6.93287037037037,12,15,167.72
Landhaus Mayer Gruner Veltli,23866,C,160,8.16,99,1.6,7.815950920245399,23,26,161.59
Block Nine Caiden Vyd Pnt Nr,18381,C,159,8.44,97,1.6,8.110132158590309,20,24,163.83
Gallo Cafe Znfdl Cal,25995,C,159,6.57,110,1.4,7.532786885245901,14,17,144.54
Sauvion Vouvray,28156,C,159,8.9,95,1.7,7.908333333333333,16,19,168.23
Cecchi Bonizio Red Blend,45063,C,159,4.79,129,1.2,8.086021505376344,15,19,123.42
Peter Vella Delicious Blush,6782,C,158,9.65,90,1.8,7.399521531100478,16,19,174.63
Lobster Reef Svgn Bl,15399,C,158,7.28,104,1.5,8.127659574468085,16,20,151.67
Menage a Trois Moscato,16469,C,158,4.79,128,1.2,7.011811023622047,13,16,123.03
Z-52 Znfdl Lodi Old Vines,17100,C,158,5.19,123,1.3,9.666666666666666,21,25,128.06
Roscato Bianco,19283,C,158,6.89,107,1.5,7.275862068965517,20,23,147.55
Villa Jolanda Peach Moscato,20729,C,158,5.99,115,1.4,7.538265306122449,17,20,137.58
Banfi Pnt Grigio Rime,28238,C,158,5.95,115,1.4,7.478260869565218,31,34,137.12
Flip Flop Cab Svgn,15291,C,157,3.35,153,1.0,7.6625,12,15,102.56
Ninety+Cellars Lot 35 Tempo,23360,C,157,6.16,113,1.4,7.880952380952381,18,21,139.08
Nisia 13 O V Verdejo Rueda,25689,C,157,6.03,114,1.4,8.857142857142858,28,32,137.6
O Wines Chard,19381,C,156,6.57,109,1.4,7.826530612244898,12,15,143.17
Farnum Hill Farmhouse Cider,43922,C,156,5.99,114,1.4,7.586206896551724,17,20,136.71
Luigi Bosca La Linda Malbec,45600,C,156,7.33,103,1.5,8.26984126984127,17,21,151.23
Skinnygirl Spicy Lime RTD,5667,C,155,7.4,102,1.5,7.582417582417582,23,26,151.46
Marcus James Merlot Mendoza,6648,C,155,5.15,123,1.3,7.666666666666667,18,21,126.35
Taylor Fladgate LBV Port,7265,C,155,10.45,86,1.8,7.453333333333333,16,19,179.99
Barefoot Bubbly Red Moscato,18593,C,155,6.53,109,1.4,7.558620689655172,17,20,142.28
Black Velvet,2115,C,154,4.88,126,1.2,8.4,17,21,122.6
Joel Gott Znfdl,12773,C,154,9.99,88,1.8,7.7272727272727275,19,22,175.41
Beringer Fndrs Est Chard,31202,C,154,6.07,113,1.4,7.72680412371134,20,23,136.73
Ravenswood Vntrs Blnd Shiraz,39716,C,154,5.4,119,1.3,7.490322580645161,10,13,128.97
R M Woodbridge Cab/Merlot,46568,C,154,6.03,113,1.4,7.875226039783001,21,24,136.28
Grind Espresso Shot,5361,C,153,0.79,311,0.5,8.0,74,77,49.17
De Loach Merlot Cal,14471,C,153,6.49,109,1.4,8.326086956521738,17,20,140.92
Jacobs Crk Cab Svgn,22027,C,153,4.79,126,1.2,7.73224043715847,17,20,121.07
Murphy-Goode Cab Svgn Cal,25992,C,153,7.43,101,1.5,8.026819923371647,13,16,150.79
Blackstone Chard Monterey,27808,C,153,4.54,130,1.2,8.054285714285715,24,27,117.87
Sutter Home Pnt Grigio Cal,39652,C,153,3.89,140,1.1,7.2885906040268456,41,44,109.1
F Coppola Sofia Rose,41965,C,153,9.73,89,1.7,7.361563517915309,20,23,172.55
Joseph Carr Chard Napa,45845,C,153,10.66,85,1.8,8.08695652173913,27,30,180.61
St Urbans-Hof Rsl,446,C,152,10.34,86,1.8,7.857142857142857,22,25,177.3
Old New England Pumpkin Nog,1049,C,152,5.55,117,1.3,9.192307692307692,92,96,129.89
Chi Chi's Ruby Red Margarita,8322,C,152,6.24,110,1.4,7.348837209302325,19,22,137.73
Clos du Bois RSV Chard RRV,27515,C,152,8.96,92,1.7,7.7665505226480835,21,24,165.04
Kijafa Cherry,6585,C,151,5.15,121,1.2,7.60427807486631,16,19,124.71
Carlo Rossi Rhine Calif,8367,C,151,9.93,87,1.7,7.777777777777778,14,17,173.17
Gnarly Head Authentic Red,16159,C,151,6.89,105,1.4,7.832684824902723,19,22,144.25
Satellite Svgn Blanc Marlbor,18304,C,151,5.82,114,1.3,8.0,15,18,132.58
Middle Sister Pnt Nr Goodie,18881,C,151,6.53,108,1.4,8.47787610619469,16,20,140.43
Woodbridge Harvest Spice Red,24587,C,151,4.51,129,1.2,8.5,24,28,116.71
Forest Glen Chard,25622,C,151,5.33,119,1.3,7.917808219178082,27,30,126.87
Ch Ste Michelle Indn W Chard,39648,C,151,9.03,91,1.7,7.653992395437262,16,19,165.14
Nicolis Valpo Clsc,44828,C,151,8.6,94,1.6,7.649122807017544,19,22,161.16
Mouton Cadet Rose,46093,C,150,6.53,107,1.4,8.018292682926829,18,21,139.96
Jim Beam Candy Cane 4/50mLs,1006,C,149,3.14,154,1.0,9.5,124,128,96.73
Caffo Amaretto Liqueur,9136,C,149,10.81,83,1.8,7.945945945945946,17,20,179.48
Talamonti Moda Montepulciano,20800,C,149,5.84,113,1.3,7.825174825174825,14,17,131.92
Black Ink Red Wine,23275,C,149,7.09,103,1.4,7.654135338345864,15,18,145.36
Lavergne Brdx Rouge,25260,C,149,5.19,120,1.2,6.703703703703703,19,22,124.36
Carpineto Chianti Clsc,38651,C,149,10.73,83,1.8,8.019047619047619,18,21,178.82
Schmitt Sohne Spatlese Psprt,6584,C,148,8.1,96,1.5,8.047619047619047,16,19,154.84
Antico Colle Rosso di Montep,20395,C,148,6.49,107,1.4,8.166666666666666,35,38,138.6
Chronic Cellars Purple Parad,20725,C,148,9.86,87,1.7,7.284722222222222,18,21,170.84
Cavit Merlot Trentino,26827,C,148,6.89,104,1.4,7.34757281553398,14,17,142.81
Barcraft Watermelon Fresca V,3928,C,147,9.52,88,1.7,7.722222222222222,30,33,167.3
Patron XO Cafe Liqueur,4054,C,147,9.41,88,1.7,8.516363636363636,15,18,166.33
Bacardi Party Mai Tai,5194,C,147,9.62,87,1.7,7.563131313131313,19,22,168.18
Arrow Kirsch,8351,C,147,8.26,94,1.6,7.531034482758621,12,15,155.84
Ninety+Cellars Lot 37 Shiraz,15837,C,147,5.26,118,1.2,7.47741935483871,15,18,124.36
Picpoul d Pinet HB Languedoc,17016,C,147,7.58,98,1.5,7.285714285714286,15,18,149.28
Bonterra Viognier Orgnic,31163,C,147,9.39,88,1.7,8.258241758241759,16,19,166.15
Castle Rock Merlot Cal,35607,C,147,4.63,126,1.2,7.525252525252525,14,17,116.67
Crios Malbec,44138,C,147,8.44,93,1.6,9.137614678899082,17,21,157.52
Gnarly Head Chard Cal,10357,C,146,5.19,119,1.2,7.503289473684211,25,28,123.11
Mirassou Pnt Grigio Cal,10422,C,146,6.07,110,1.3,7.584541062801932,12,15,133.13
The Crusher Cab Svgn,11926,C,146,8.05,95,1.5,8.18421052631579,19,22,153.32
Menage a Trois Chard,13097,C,146,5.99,110,1.3,7.2635983263598325,13,16,132.25
Skinnygirl Sangria,16180,C,146,6.84,103,1.4,7.204081632653061,20,23,141.33
Flag Hill Apple Cran NH,37121,C,146,8.72,91,1.6,8.227272727272727,14,17,159.57
G Vigouroux Pigmentum Malbec,11080,C,145,6.62,105,1.4,7.122222222222222,24,27,138.56
Kendall Jackson Pnt Gris VR,23464,C,145,7.23,100,1.4,7.382352941176471,17,20,144.8
Gordons London Dry Gin,818,C,144,7.35,99,1.5,7.739130434782608,312,315,145.49
Cribari Chianti,8567,C,144,6.75,103,1.4,7.566233766233767,14,17,139.43
Ch Beaulieu Grand Vin Brdx,12534,C,144,6.89,102,1.4,7.483333333333333,19,22,140.87
Dr McGillicuddy's Peach,5087,C,143,9.35,87,1.6,7.969387755102041,11,14,163.53
Piehole Pecan Pie,7851,C,143,0.79,301,0.5,7.5,38,41,47.53
Edna Valley Paragon Svgn Bl,11320,C,143,7.74,96,1.5,7.888268156424581,14,17,148.78
Battle Axe Malbec Mendoza,16329,C,143,9.08,89,1.6,8.327433628318584,15,18,161.15
Uvaggio Primitivo Lodi,17194,C,143,8.27,93,1.5,8.4,54,57,153.79
W Hill Est Cntrl Cst Pnt Nr,24029,C,143,10.34,83,1.7,7.651612903225806,17,20,171.97
C Y Toro Casa Diablo Svgn Bl,25984,C,143,5.88,110,1.3,7.589285714285714,20,23,129.68
Screech Rum,4431,C,142,11.1,80,1.8,7.751243781094527,19,22,177.55
Terra de Touros White,21699,C,142,2.39,172,0.8,10.0,25,29,82.39
Hay Maker Svgn Bl,23239,C,142,6.12,108,1.3,7.536082474226804,17,20,131.84
Mr Boston Peach Schnapps,106,C,141,3.4,144,1.0,7.961038961038961,15,18,97.92
McManis Pnt Nr Cal,689,C,141,7.33,98,1.4,7.82,18,21,143.77
Skyy Infusions Pineapple,3412,C,141,9.28,87,1.6,7.6,10,13,161.77
Richards Wild Irish Rose Red,8446,C,141,4.64,123,1.1,8.024316109422493,13,16,114.39
Clifford Bay Svgn Bl Marlbor,13451,C,141,8.05,94,1.5,7.58252427184466,26,29,150.67
Sean Minor 4B Pinot Noir,17330,C,141,8.96,89,1.6,8.051724137931034,20,23,158.96
Skeleton Malbec,19895,C,141,6.45,105,1.3,8.464454976303317,19,22,134.87
Latour Macon Village Chamery,26428,C,141,9.14,88,1.6,7.911764705882353,23,26,160.55
Dominio de Eguren Protocolo,31790,C,141,5.15,117,1.2,8.258823529411766,20,23,120.51
Yellow Tail Shiraz/Cab Ausl,37827,C,141,5.15,117,1.2,8.020833333333334,26,29,120.51
Man Chenin Blanc,46199,C,141,5.15,117,1.2,7.330645161290323,20,23,120.51
McCormick Gold Label Bourbon,976,C,140,7.47,97,1.4,7.283018867924528,18,21,144.62
Sutter Home Chard,6241,C,140,4.05,131,1.1,7.032967032967033,55,58,106.49
Rex Goliath Free Range Red,14704,C,140,3.94,133,1.1,7.3544303797468356,17,20,105.03
Hi! Prosecco,24310,C,140,6.53,104,1.3,7.11864406779661,28,31,135.22
Four Vines Truant Znfdl,36200,C,140,8.21,92,1.5,7.650602409638554,13,16,151.62
Blue Fish Pfalz Rsl,41759,C,140,5.44,113,1.2,8.023255813953488,14,17,123.42
Bols Orange Curacao,860,C,139,8.79,89,1.6,8.050420168067227,25,28,156.32
Natura Valle Svgn Bl Casabla,12140,C,139,5.91,108,1.3,7.729166666666667,23,26,128.18
Cupcake Shiraz,14280,C,139,4.96,118,1.2,7.870689655172414,15,18,117.43
Rex Goliath Red Sangria,21321,C,139,4.07,131,1.1,7.682758620689655,12,15,106.37
Oops Spicy Splendr Carmenere,46785,C,139,5.86,109,1.3,8.475,12,15,127.64
Shellback Spiced Rum,4150,C,138,8.63,89,1.6,9.5,78,82,154.34
Arrow Blackberry Brandy,5507,C,138,4.54,123,1.1,7.626086956521739,19,22,111.94
Sokol Blosser Evolution Whit,33819,C,138,10.8,80,1.7,7.9391891891891895,16,19,172.65
McCormick Long Island Iced,982,C,137,5.46,112,1.2,7.592233009708738,10,13,122.31
Jim Beam Jacob's Ghost,1340,C,137,14.05,70,2.0,8.290322580645162,30,33,196.21
Copa di Vino Pnt Grigio,15729,C,137,1.66,203,0.7,8.0,25,28,67.44
Layer Cake Centrl Cst Pnt Nr,16484,C,137,10.52,81,1.7,7.6223776223776225,16,19,169.78
L Bernard Cotes du Rhone,33953,C,137,7.99,93,1.5,8.41304347826087,16,19,147.96
Cono Sur Chard Cntrl Vly,46217,C,137,4.72,120,1.1,7.574074074074074,25,28,113.72
Marcus James Cab Svgn Mendza,6145,C,136,5.19,114,1.2,7.705479452054795,13,16,118.82
Veuve du Vernay Sprklng Brut,21595,C,136,3.54,139,1.0,8.571428571428571,175,178,98.13
Secoli 13 Prosecco Valdobbia,23397,C,136,8.05,92,1.5,9.75,36,40,147.97
Stonehedge Merlot Cal,28690,C,136,6.66,101,1.3,7.6716417910447765,34,37,134.59
Estancia Svgn Bl Pinnacles,45921,C,136,5.13,115,1.2,7.731182795698925,14,17,118.13
Juarez Silver Tequila,272,C,135,7.4,96,1.4,7.741573033707865,22,25,141.35
Piccini Chianti,6721,C,135,10.95,79,1.7,7.859649122807017,26,29,171.95
Ca'Momi Rosso di Napa,18747,C,135,6.84,99,1.4,6.887755102040816,18,21,135.9
Rosenblum Vntr Cve XXX Znfdl,24020,C,135,7.38,96,1.4,7.1477272727272725,13,16,141.16
Sauza Giro Gold Tequila,428,C,134,6.83,99,1.4,7.32824427480916,49,52,135.29
Old New England Choc Egg Nog,1158,C,134,5.34,112,1.2,7.415384615384616,86,89,119.63
DiSaronno Amaretto,5831,C,134,5.34,112,1.2,8.5,23,26,119.63
C Y Toro Frontera Pnt Grigio,13837,C,134,5.73,108,1.2,7.271084337349397,13,16,123.92
Brotte La Griveliere CDR,15334,C,134,6.07,105,1.3,8.011904761904763,18,21,127.54
Broadbent Vinho Verde Wh,44915,C,134,6.45,102,1.3,7.060790273556231,21,24,131.48
Capt Morgan Long Isl Tea RTD,5106,C,133,9.52,84,1.6,7.766233766233766,9,12,159.13
Mooiplaas The Bean Pinotage,14852,C,133,8.16,90,1.5,7.6647727272727275,20,23,147.33
Boones Strawberry Hill,24882,C,133,1.94,185,0.7,8.283018867924529,64,67,71.84
Ch Ste Michelle Hrse Hvn Svg,27503,C,133,7.09,97,1.4,7.5042194092827,11,14,137.33
Folie A Deux Cab Svgn,41030,C,133,11.03,78,1.7,6.826086956521739,14,16,171.29
Gruet Rose Brut,44986,C,133,11.1,77,1.7,7.244274809160306,12,15,171.83
Walnut Crest Merlot Rapel,6378,C,132,6.62,100,1.3,7.477611940298507,19,22,132.2
Gallo Fairbanks Wh Port,7269,C,132,5.44,110,1.2,7.653333333333333,19,22,119.84
Fat Bastard Pnt Nr,10581,C,132,6.62,100,1.3,7.772277227722772,17,20,132.2
Girls in the Vineyard Svgn B,16352,C,132,11.48,76,1.7,7.2362204724409445,20,23,174.09
Greg Norman Svgn Blanc Marlb,24595,C,132,5.86,106,1.2,7.0,17,20,124.38
Little Penguin Shiraz Ausl,39983,C,132,7.89,91,1.5,8.091703056768559,9,12,144.33
Five Oaks Cab Svgn Cal,42751,C,132,2.45,164,0.8,7.842105263157895,353,356,80.42
Natura Colchagua Carmenere,45525,C,132,5.91,106,1.2,7.735294117647059,18,21,124.91
Blue Chair Bay Banana Rum,4696,C,131,13.17,71,1.8,8.146341463414634,17,20,185.76
Arrow Sloe Gin,5277,C,131,6.05,104,1.3,7.715976331360947,13,16,125.9
Ch de la Chaize Brouilly,6658,C,131,11.03,77,1.7,7.698863636363637,19,22,170.0
LaBelle Winery Granite Red,14383,C,131,10.32,80,1.6,7.936781609195402,15,18,164.44
Primaterra Pnt Nr,14811,C,131,7.53,93,1.4,7.258064516129032,23,26,140.46
Whitehaven Svgn Bl,15332,C,131,8.55,88,1.5,7.775147928994083,35,38,149.67
Blanc de Bleu Mousseux Brut,23168,C,131,9.93,81,1.6,7.8046875,49,52,161.3
Bota Box Nighthawk Dark Red,24357,C,131,12.24,73,1.8,7.580043859649122,14,17,179.08
Masciarelli Trebbiano Abruzo,45823,C,131,6.66,99,1.3,7.559139784946237,20,23,132.1
Smirnoff Sours Watermelon,3705,C,130,0.72,300,0.4,11.0,1,5,43.27
Moillard CdR Violettes Rouge,43618,C,130,7.84,91,1.4,6.9113924050632916,15,17,142.77
Flag Hill Sugar Maple Liquer,5627,C,129,13.38,69,1.9,7.960352422907489,14,17,185.8
Ch Tanunda Gr Barossa Shiraz,14710,C,129,10.38,79,1.6,7.683333333333334,16,19,163.65
Mirassou Moscato,15466,C,129,6.03,103,1.3,7.480225988700565,18,21,124.73
Alverez de Toledo Mencia Rbl,17837,C,129,6.89,97,1.3,7.171428571428572,51,54,133.33
Zenato Pinot Grigio Veneto,27567,C,129,7.23,94,1.4,7.650943396226415,19,22,136.58
Night Harvest Chard,27807,C,129,3.37,138,0.9,7.957446808510638,23,26,93.25
McCormick Triple Sec,981,C,128,2.89,149,0.9,7.655737704918033,16,19,86.01
Dr McGillicuddy's Apple Pie,5683,C,128,0.39,405,0.3,9.0,1,4,31.6
C Y Toro Casillero Pnt Nr,13505,C,128,5.8,105,1.2,7.666666666666667,16,19,121.85
For A Song  The Score,22675,C,128,5.33,110,1.2,9.25,36,39,116.81
Dom Fond Croze La Croix Coq,24291,C,128,11.99,73,1.8,7.590909090909091,19,22,175.2
The Federalist 1776 Zinfande,25141,C,128,10.27,79,1.6,7.560283687943262,16,19,162.15
Ravenswood Znfdl Napa,26818,C,128,10.45,78,1.6,7.891304347826087,22,25,163.56
Takara Sake Sho Chiku Bai G,33446,C,128,4.06,126,1.0,7.361963190184049,16,19,101.95
Frei Bros Rsv Znfdl,11441,C,127,10.96,76,1.7,7.7637795275590555,19,22,166.85
Harthill Farms Cab Svgn,22413,C,127,2.49,160,0.8,7.0,0,2,79.53
Cepa 21 Ribera Duero 06 Tnto,25690,C,127,11.68,74,1.7,8.818181818181818,26,29,172.24
Bargetto Chaucer's Hney Mead,34850,C,127,8.6,86,1.5,7.213872832369942,11,14,147.8
Drylands Svgn Bl Marlboro,40483,C,127,10.2,79,1.6,7.628930817610063,21,24,160.96
Folonari Soave Dry White,8242,C,126,7.99,89,1.4,8.251162790697675,25,28,141.9
Cellar No 8 Pnt Nr,12450,C,126,5.22,110,1.1,7.071428571428571,14,16,114.69
Purple Cowboy Red,12951,C,126,6.7,97,1.3,8.142857142857142,12,15,129.94
C Y Toro Frontera Carmenere,15482,C,126,5.96,103,1.2,7.24223602484472,20,23,122.55
Bollini Pinot Grigio,19035,C,126,7.18,94,1.3,7.635658914728682,29,32,134.51
Morgan Winery Svgn Bl Mont S,33573,C,126,9.93,80,1.6,7.243243243243243,15,18,158.19
Babich Svgn Bl Marlboro,43685,C,126,9.58,81,1.6,7.65625,16,19,155.38
Villa Pozzi Pnt Grigio Vnzie,46429,C,126,5.8,104,1.2,7.802197802197802,17,20,120.9
UV Sangria Vodka,3597,C,125,6.51,98,1.3,6.885714285714286,14,16,127.57
Kendall Jackson Vnts RSV Cab,19419,C,125,6.62,97,1.3,7.2265625,17,19,128.65
Rosemount Diamond Merlot,24299,C,125,5.88,103,1.2,7.923913043478261,14,17,121.24
Hahn Merlot Central Coast,29691,C,125,7.94,89,1.4,7.185185185185185,14,16,140.89
Duck Pond Pnt Gris Ore,36991,C,125,7.18,93,1.3,7.093896713615023,16,18,133.98
Shelton Wild Thing Znfdl,39062,C,125,12.41,71,1.8,7.174242424242424,13,15,176.14
Canadian Club 1858 VAP,60,C,124,7.4,92,1.3,7.65979381443299,12,15,135.47
Leaf Vodka Alaskian Glacial,3294,C,124,12.31,71,1.7,8.233333333333333,14,17,174.72
UV Ruby Red Grapefruit Vodka,3648,C,124,6.05,101,1.2,7.551724137931035,14,17,122.49
Exotico Blanco Tequila,6495,C,124,11.02,75,1.7,8.046332046332047,12,15,165.32
Sweet Baby Vyds Raspberry,18813,C,124,7.89,89,1.4,7.95045045045045,26,29,139.88
La Crema Pnt Gris Monterey,19199,C,124,11.56,73,1.7,7.409252669039146,16,19,169.32
Pichot Dom Moriette Vouvray,22289,C,124,8.84,84,1.5,7.354838709677419,22,24,148.07
The Divining Rod Red,22593,C,124,7.58,90,1.4,7.76595744680851,12,15,137.11
Frost Bitten Ice Rsl,23438,C,124,8.55,85,1.5,6.957446808510638,12,14,145.62
Cavit Pinot Grigio Bottega,34060,C,124,9.08,83,1.5,7.40625,16,19,150.06
Svedka Orange Cream Pop,3785,C,123,6.98,94,1.3,8.692307692307692,16,19,131.04
Flora de Cana Black 5 YO Rum,4302,C,123,11.15,74,1.7,8.818181818181818,12,15,165.62
Kris Pnt Nr delle Venezie,10702,C,123,8.05,87,1.4,7.503703703703704,25,28,140.72
Ch Mylord Cuvee Milady,20509,C,123,7.43,91,1.4,6.627450980392157,19,21,135.2
Latour 13 Cuvee Bourgog Blnc,21267,C,123,10.66,76,1.6,8.0,19,22,161.94
Codice Sierra Cantabria Red,27146,C,123,6.57,97,1.3,8.09433962264151,14,17,127.13
Jam Jar Sweet Shiraz,13709,C,122,6.75,95,1.3,7.950704225352113,15,18,128.34
Renwood Old Vine Zinfandel,21251,C,122,11.72,72,1.7,7.953271028037383,21,24,169.11
Allegrini Valpolicella Clsc,33960,C,122,9.8,79,1.5,8.011111111111111,14,17,154.64
Magnificent Wine Co House Re,42735,C,122,8.1,87,1.4,7.30827067669173,14,16,140.58
Firefly Blackberry Moonshine,2582,C,121,11.8,72,1.7,7.533333333333333,13,15,168.99
Alverdi Pnt Grigio,13981,C,121,5.26,107,1.1,8.353846153846154,13,16,112.82
Cannonball Svgn Bl,19340,C,121,8.38,85,1.4,7.365079365079365,17,19,142.41
Joel Gott Pnt Nr,20483,C,121,11.91,71,1.7,7.25,12,14,169.77
C Y Toro Casa Diablo Merlot,25985,C,121,6.66,95,1.3,8.094736842105263,24,27,126.95
Pinnacle Strawbery Shortcake,3125,C,120,7.03,92,1.3,8.0,13,16,129.89
Sheffield Tawny Port,8075,C,120,6.75,94,1.3,7.442396313364055,13,15,127.28
Gerard Bertrand Corbieres Ro,16458,C,120,8.55,84,1.4,7.659574468085107,15,18,143.25
Cavicchioli Sw Italian Spkln,19174,C,120,7.38,90,1.3,8.122222222222222,20,23,133.09
Riunite Lambrusco Rose,34635,C,120,5.29,106,1.1,7.302469135802469,26,28,112.68
Castello Montauto Vernaccia,37765,C,120,6.12,99,1.2,9.5,20,23,121.19
Orleans Hill Syrah Lodi,38263,C,120,6.16,99,1.2,7.267441860465116,18,20,121.59
Phillips Sixth Sense Syrah,41157,C,120,10.73,75,1.6,7.7272727272727275,17,20,160.48
New Amsterdam Gin,2101,C,119,4.37,117,1.0,7.25,14,16,101.98
DeKuyper Triple Sec,5276,C,119,4.61,114,1.0,7.50251256281407,14,16,104.75
Blood Orange Liqueur,6461,C,119,11.41,72,1.7,7.0,36,38,164.79
Caffo Limoncino Dell'l Sola,9115,C,119,10.35,76,1.6,8.375,18,21,156.95
Banfi Chianti Superiore,13994,C,119,5.8,101,1.2,7.728155339805825,16,19,117.49
Bodega Elena de Mendoza Mlbc,14620,C,119,4.76,112,1.1,10.0,29,32,106.44
Skinnygirl Red Wine,17459,C,119,6.07,99,1.2,7.977528089887641,18,21,120.19
Luiano Sangiovese,23379,C,119,7.99,86,1.4,8.157894736842104,15,18,137.9
Louis M Martini Cab Svgn,23851,C,119,6.81,93,1.3,7.4655172413793105,32,34,127.31
Cono Sur Cab Svgn Cntrl Vly,45330,C,119,4.63,113,1.1,7.8076923076923075,22,25,104.97
Yellow Tail Bubbles White,46096,C,119,6.8,94,1.3,7.82051282051282,16,19,127.22
Oops Cheeky Little Svgn Bl,46788,C,119,5.62,103,1.2,8.423645320197044,18,21,115.65
Bols Triple Sec,5417,C,118,5.83,101,1.2,8.157303370786517,30,33,117.3
Meiomi Chard,21834,C,118,10.52,75,1.6,7.695035460992908,19,21,157.57
Murphy-Goode Svgn Bl,25703,C,118,7.58,88,1.3,7.941964285714286,14,17,133.75
Luna di Luna Merlot/Cab Ca'M,31910,C,118,6.75,93,1.3,7.801801801801802,20,23,126.22
Rye Harbor Vodka,3153,C,117,13.23,66,1.8,7.608247422680412,10,12,175.95
Middle Sister Smarty Pants C,12946,C,117,6.57,94,1.2,8.491525423728813,11,14,123.99
LaLuca Prosecco,22222,C,117,7.28,90,1.3,7.892857142857143,18,21,130.52
Opici Fish Bottle Bianco,23389,C,117,7.53,88,1.3,8.51937984496124,14,17,132.74
Schmitt Sohne Spatlese,29621,C,117,8.21,84,1.4,8.227272727272727,14,17,138.61
Barefoot Wh Znfdl Cal,31501,C,117,7.53,88,1.3,7.319672131147541,20,22,132.74
Gekkeikan Sake Haiku Prm Sel,31796,C,117,7.28,90,1.3,7.923076923076923,17,20,130.52
Carmel Road Pnt Nr Monterey,44107,C,117,10.52,75,1.6,7.7006369426751595,27,29,156.9
Prairie Organic Kosher Vodka,970,C,116,12.11,69,1.7,7.578947368421052,14,16,167.62
Svedka Grapefruit Jalapeno,3230,C,116,7.08,91,1.3,8.294117647058824,12,15,128.16
Skyy Infusions Pacific Blueb,4818,C,116,7.51,88,1.3,7.525597269624574,11,13,132.0
Kahlua Hazelnut,5169,C,116,12.2,69,1.7,7.615384615384615,14,16,168.24
Rosemount Shiraz/Cab Svgn,6987,C,116,6.7,93,1.2,8.2375,14,17,124.68
Callia Alta Malbec,12416,C,116,5.26,105,1.1,7.21978021978022,16,18,110.47
Lobster & Shrimp Muscadet,17341,C,116,3.86,123,0.9,8.073170731707316,18,21,94.63
Stark Raving Red,17937,C,116,6.84,92,1.3,6.59375,12,14,125.97
The Dreaming Tree Everyday,18817,C,116,8.6,82,1.4,7.142857142857143,11,13,141.25
Rutherford Ranch Chard,21098,C,116,9.33,79,1.5,7.630434782608695,13,15,147.12
Ch Plaisance Cuvee Alix Roug,24858,C,116,10.13,76,1.5,8.214285714285714,65,68,153.3
Gallo Twin Valley Merlot Cal,28919,C,116,6.89,92,1.3,7.4576271186440675,14,16,126.43
Beringer Wh Znfdl/Chard LVS,29081,C,116,5.44,103,1.1,7.546153846153846,19,21,112.34
C Krug Merlot Napa,32508,C,116,10.95,73,1.6,7.7936507936507935,30,32,159.39
Beringer Fndrs Est Pnt Nr,32650,C,116,5.99,98,1.2,7.061643835616438,14,16,117.89
Rancho Zabaco Dncg Bul Znfdl,35941,C,116,5.51,103,1.1,8.008771929824562,22,25,113.06
Yalumba Y Series Viognier,36511,C,116,7.94,85,1.4,7.935483870967742,17,20,135.73
Ch Lamothe de Haux Brdx Wh,41927,C,116,9.14,80,1.4,7.18018018018018,19,21,145.62
Torino Don David RSV Malbec,47009,C,116,8.44,83,1.4,8.025157232704403,19,22,139.93
Schug Pnt Nr Carneros,18972,C,115,7.09,90,1.3,8.333333333333334,29,32,127.7
Merriam Danielle Svgn Bl RRV,19320,C,115,10.32,75,1.5,7.115384615384615,27,29,154.07
Mayu Pedro Ximenez,23796,C,115,8.84,81,1.4,8.148148148148149,24,27,142.59
Hartley & Gibson Amontillad,29646,C,115,7.14,90,1.3,7.853881278538813,9,11,128.15
Eppa Red Sangria Organic,46489,C,115,7.48,88,1.3,7.694835680751174,11,13,131.16
DeKuyper Green Creme de Ment,878,C,114,7.46,87,1.3,7.713414634146342,12,14,130.42
Shady Fruit Valencia Orange,3677,C,114,8.59,81,1.4,7.3076923076923075,10,12,139.95
Pimms Cup No 1,8962,C,114,13.84,64,1.8,7.5948717948717945,13,15,177.64
Mojoshot Blue Lagoon RTD,9191,C,114,0.73,279,0.4,9.5,34,37,40.8
Hugel Gentil White,24971,C,114,7.18,89,1.3,8.39090909090909,16,19,127.95
Toasted Head Merlot Cal,33672,C,114,7.18,89,1.3,7.828282828282828,16,18,127.95
Intorcia Marsala Sweet,46298,C,114,8.16,84,1.4,7.329411764705882,20,22,136.4
Platte Valley Fireshine,2440,C,113,13.17,65,1.7,8.03225806451613,14,16,172.53
Southern Comfort Cherry,6942,C,113,7.46,87,1.3,7.777777777777778,14,16,129.84
F Coppola Directors Pnt Nr,13147,C,113,13.01,66,1.7,7.54054054054054,21,23,171.47
Simply Naked Cab Svgn,15915,C,113,2.97,138,0.8,9.0,19,22,81.93
The Dreaming Tree CC Chard,16261,C,113,8.72,80,1.4,7.355400696864112,14,16,140.38
Hess Treo Winemaker's Blend,18884,C,113,9.67,76,1.5,7.821428571428571,11,13,147.83
The Path Pnt Nr,19039,C,113,6.45,94,1.2,8.074074074074074,13,15,120.74
Charles & Charles Chard,20184,C,113,3.78,122,0.9,6.5,30,32,92.43
Benziger Merlot,24874,C,113,7.94,84,1.3,7.397435897435898,32,34,133.96
Rosemount Cab Svgn/Merlot,32065,C,113,4.76,109,1.0,8.5,19,22,103.72
Bota Box Shiraz Cal,39358,C,113,11.03,72,1.6,7.665105386416862,11,13,157.89
Pinnacle Rainbow Sherbet,3121,C,112,6.93,90,1.2,9.2,13,16,124.59
Wild Turkey American Honey,4141,C,112,0.71,281,0.4,6.862068965517241,27,29,39.88
Yealands Svgn Bl Marlborough,13766,C,112,8.21,83,1.3,7.493055555555555,15,17,135.61
Trivento Rsv Cab Malbec,20030,C,112,5.19,104,1.1,7.935483870967742,11,13,107.82
14 Hands Svgn Bl,23241,C,112,5.8,98,1.1,7.76595744680851,34,36,113.98
Bridlewood Slct Pnt Nr Lucia,23401,C,112,10.8,72,1.6,9.5,35,38,155.54
Tom Gore Cabernet Svgn CA,23649,C,112,7.89,84,1.3,7.6894409937888195,17,19,132.94
Mayu Carmenere Syrah,23797,C,112,8.84,80,1.4,8.6,24,27,140.72
Warre's Kings Tawny Porto,32074,C,112,8.6,81,1.4,7.784,10,12,138.8
McManis Merlot Cal,40561,C,112,7.48,87,1.3,7.397058823529412,15,17,129.44
Black Velvet,855,C,111,8.65,80,1.4,7.491803278688525,10,12,138.57
Piehole Apple Pie,7788,C,111,7.96,84,1.3,7.642335766423358,10,12,132.94
Bols Peach Schnapps,7828,C,111,6.39,93,1.2,7.4186046511627906,13,15,119.1
Venta Morales Tempranillo,13711,C,111,5.15,104,1.1,8.448979591836734,14,17,106.93
Smoking Loon Malbec Carancho,21353,C,111,4.59,110,1.0,8.080357142857142,12,14,100.94
Pico & Vine Cab Svgn Napa,23400,C,111,7.14,88,1.3,9.5,17,20,125.9
Mas Donis Montsant Old Vines,34763,C,111,7.79,84,1.3,7.758620689655173,17,19,131.51
Redwood Creek Pnt Grigio,37527,C,111,7.18,88,1.3,7.400990099009901,16,18,126.25
Quinta do Crasto Douro Rd,44921,C,111,9.45,77,1.4,7.278846153846154,14,16,144.84
Natura Chard Casablanca,45526,C,111,5.95,97,1.1,6.671428571428572,25,27,114.93
St Brendans Salted Caramel,1022,C,110,10.6,72,1.5,8.625,13,16,152.71
Prairie Organic Gin,9028,C,110,11.59,69,1.6,7.472222222222222,9,11,159.68
Line 39 Lk Cnty Petite Sirah,10452,C,110,6.07,95,1.2,7.214876033057851,15,17,115.56
W Hill Cab Svgn Central Cst,13745,C,110,6.57,91,1.2,7.786885245901639,32,34,120.23
Diseno Red Blend Mendoza,21861,C,110,6.62,91,1.2,8.28888888888889,62,64,120.68
Zorvino Vyds Pearz,22297,C,110,6.75,90,1.2,7.7292817679558015,11,13,121.86
Perrier Jouet Grand Brut,23067,C,110,13.81,63,1.7,7.5607476635514015,17,19,174.3
Zenato Valpolicella Clsc,27581,C,110,9.99,74,1.5,7.0638297872340425,25,27,148.25
Concannon Petite Sirah Cntrl,39282,C,110,6.84,90,1.2,6.2,14,16,122.67
Skinnygirl Vodka,3404,C,109,13.33,64,1.7,7.7407407407407405,15,17,170.47
Tooters Mango Smash 15 Pk,7898,C,109,7.57,85,1.3,7.68520568498289,11,13,128.46
Layer Cake Sea of Stones Red,22416,C,109,10.45,72,1.5,7.966292134831461,13,15,150.93
Castell Del Remei Gotim Bru,35048,C,109,7.94,83,1.3,7.946666666666666,15,17,131.56
Lindemans Bin 40 Merlot,37785,C,109,8.21,81,1.3,8.158904109589042,13,15,133.78
Ken Forrester Petit Chenin B,43489,C,109,8.05,82,1.3,6.731958762886598,17,19,132.47
Svedka 100 Vodka,3138,C,108,9.29,76,1.4,9.0,11,14,141.66
Kinky Flame Whisky,4760,C,108,13.17,64,1.7,8.142857142857142,57,59,168.66
The Messenger Telegram Red 2,17187,C,108,11.03,70,1.5,7.8933333333333335,27,29,154.35
Vindicated Cab Svgn,21552,C,108,12.9,65,1.7,8.59016393442623,21,24,166.93
Hunt & Harvest Cab Svgn,24489,C,108,12.49,66,1.6,8.440298507462687,13,15,164.25
Luigi Bosca Malbec,45601,C,108,11.03,70,1.5,8.257425742574258,16,18,154.35
Black Opal Cashmore Chard,6563,C,107,4.54,109,1.0,7.347593582887701,16,18,98.57
Skinnygirl Mojito RTD,8152,C,107,7.24,86,1.2,6.557377049180328,13,15,124.47
Yellow Tail Sweet Red Roo,16427,C,107,6.66,90,1.2,7.72987012987013,11,13,119.38
Zorvino Fragole Z Strawberry,19557,C,107,9.39,75,1.4,7.9869281045751634,16,18,141.76
Dibon Cava Brut Rsv,20204,C,107,7.58,84,1.3,6.930348258706467,11,13,127.36
Corral De Peidra Cab Svgn,22842,C,107,7.28,86,1.2,7.25,26,28,124.82
Rocca Delle Macie Chianti C,24778,C,107,14.66,60,1.8,7.472972972972973,14,16,177.13
Hahn Chard Monterey,27331,C,107,7.89,82,1.3,6.594827586206897,12,14,129.94
Edna Valley Paragon Pnt Nr,36153,C,107,9.58,75,1.4,8.12962962962963,15,17,143.18
F Coppola Sofia Bl de Bl,36383,C,107,9.39,75,1.4,7.193693693693693,11,13,141.76
Skinnygirl Sweet'Arita,3797,C,106,12.77,64,1.7,7.188622754491018,16,18,164.54
Hedges Red Columbia Vly,6687,C,106,10.06,73,1.5,7.5476190476190474,14,16,146.04
Gnarly Head Malbec,19668,C,106,6.53,90,1.2,7.71875,27,29,117.66
Tenuta Santo Pietro Viper Su,20405,C,106,10.96,70,1.5,7.957142857142857,18,20,152.43
C Y Toro Frontera Shiraz,29650,C,106,6.12,93,1.1,7.155963302752293,12,14,113.91
Yellow Tail RSV Shiraz Ausl,38011,C,106,6.45,91,1.2,7.7,13,15,116.94
Spy Valley Svgn Bl Marlboro,44911,C,106,10.52,71,1.5,7.240223463687151,13,15,149.34
Midnight Moon Cherry,686,C,105,14.95,59,1.8,8.12290502793296,18,20,177.19
Alberta Rye Dark Batch,2339,C,105,15.82,58,1.8,8.5,12,14,182.27
Sebastiani Cab Svgn Sonoma,8149,C,105,11.25,68,1.5,7.644295302013423,13,15,153.71
Cosentino The Franc,18768,C,105,8.49,79,1.3,8.446153846153846,25,27,133.53
Smoking Loon Viognier Cal,34907,C,105,6.66,89,1.2,7.973684210526316,10,12,118.26
Castano Solanera Yecla Mona,37217,C,105,8.66,78,1.3,8.034883720930232,14,16,134.86
Marietta Old Vine Cve Cal Rd,41899,C,105,8.21,80,1.3,7.25,14,16,131.3
Penn Dutch Pumpkin Cr Liquer,5014,C,104,3.96,115,0.9,6.462809917355372,12,14,90.76
Asbach Uralt German Brandy,8664,C,104,14.59,60,1.7,7.545454545454546,12,14,174.21
Colores del Sol Malbec Rsv,11745,C,104,6.12,92,1.1,8.1,14,16,112.83
24 Knots Pnt Nr,16315,C,104,9.45,74,1.4,7.133333333333334,10,12,140.2
Kendall Jackson Vntr RSV Zin,17167,C,104,6.82,87,1.2,7.433179723502304,16,18,119.1
Natura Malbec Ville de Rapel,17202,C,104,6.12,92,1.1,7.604395604395604,13,15,112.83
Natura Pnt Nr,21076,C,104,6.07,93,1.1,7.133333333333334,18,20,112.36
Hogue Cellars Rsl Wash,25918,C,104,5.88,94,1.1,7.887096774193548,20,22,110.59
Renzo Masi Chianti Rufina,36138,C,104,7.38,84,1.2,6.771428571428571,10,12,123.9
DiSaronno Cavalli Collection,1065,C,103,10.07,72,1.4,6.816901408450704,11,13,144.03
Cabot Trail Maple Whisky,3518,C,103,15.74,57,1.8,8.857142857142858,19,21,180.07
Dom Ste Michelle Brut Cuvee,6358,C,103,8.55,78,1.3,7.364161849710983,16,18,132.72
Atamisque Malbec,16540,C,103,13.63,61,1.7,7.255,14,16,167.57
Skinnygirl Rose Wine,17458,C,103,6.03,92,1.1,7.17037037037037,11,13,111.45
Murphy-Goode Chard Sonoma,25704,C,103,7.53,83,1.2,7.742063492063492,12,14,124.55
C R Clrs Fortissimo Red,26551,C,103,14.19,60,1.7,7.225,7,9,170.97
Castano Yecla Monastrell Red,38822,C,103,6.84,87,1.2,8.48076923076923,12,14,118.7
Gekkeikan Sake Zipang Spklg,44761,C,103,3.68,118,0.9,7.72093023255814,16,18,87.07
Dr McGillicudy's Buttersctch,5371,C,102,0.79,254,0.4,8.666666666666666,38,40,40.14
Achaval Ferrer Malbec,15146,C,102,12.92,63,1.6,7.791666666666667,14,16,162.35
R Mondavi Pvt Sel Merlot,33684,C,102,10.32,70,1.5,7.401315789473684,9,11,145.1
Edna Valley San Luis Cab Svg,43379,C,102,9.58,73,1.4,7.552238805970149,12,14,139.8
Ruffino Il Ducale Toscana Rd,44217,C,102,10.95,68,1.5,7.467889908256881,14,16,149.46
Monkey Bay Svgn Bl,13731,C,101,11.61,66,1.5,7.378109452736318,12,14,153.14
Peter Lehmann Layers Red,14415,C,101,5.4,97,1.0,8.69281045751634,25,27,104.44
The Divining Rod Cab Svgn,17209,C,101,11.03,68,1.5,7.359550561797753,16,18,149.27
Loukatos Mavrodaphne Patras,17471,C,101,7.14,84,1.2,7.46078431372549,16,18,120.1
Once Upon A Vine Pnt Nr,18778,C,101,6.62,87,1.2,7.2317073170731705,12,14,115.64
Dom La Fage Cve Nicholas VdP,24558,C,101,7.43,82,1.2,8.515151515151516,27,29,122.51
Sella & Mosca Vermentino Ca,25375,C,101,6.66,87,1.2,7.975,17,19,115.99
Hogue Cellars Chard Wash,25915,C,101,4.39,107,0.9,9.333333333333334,16,19,94.17
Bertani Due Uve White Venet,27528,C,101,7.33,83,1.2,7.709677419354839,25,27,121.68
Crios Rose of Malbec,41412,C,101,8.21,78,1.3,8.509803921568627,21,23,128.78
Black Stallion Carnrs Pnt Nr,22938,C,100,12.74,63,1.6,7.769911504424779,13,15,159.63
BV Coastal Estate Merlot,25581,C,100,6.07,91,1.1,7.225806451612903,17,19,110.18
Russian Standard Vodka,3365,C,99,18.65,52,1.9,8.849056603773585,10,12,192.17
Bacardi Mojito Cocktail,5560,C,99,12.79,62,1.6,7.668384879725086,11,13,159.14
Piehole Apple Pie,7902,C,99,0.72,262,0.4,8.0,40,42,37.76
Ferrari Carano Pnt Grigio,21627,C,99,10.27,69,1.4,7.320610687022901,10,12,142.6
MSH Cellars Svgn Bl Napa Vly,22475,C,99,8.21,78,1.3,10.2,36,39,127.5
BV Coastal Estate Chard,22531,C,99,6.16,90,1.1,7.2,41,43,110.44
Ch Bruni Brdx Superieur,25187,C,99,7.53,81,1.2,7.875,31,33,122.1
Flag Hill Red Raspberry Fru,39491,C,99,8.1,78,1.3,8.006666666666666,9,11,126.64
Woop Woop Shiraz,44292,C,99,8.38,77,1.3,7.481481481481482,14,16,128.81
Stolichnaya Vanil,162,C,98,18.39,52,1.9,8.0625,10,12,189.86
Forbidden Secret Wh Choc Cr,8443,C,98,14.7,58,1.7,7.814285714285714,11,13,169.74
Yellow Tail Svgn Bl,13793,C,98,6.8,85,1.2,7.808421052631579,12,14,115.45
Zum Rsl,16400,C,98,6.7,86,1.1,7.543478260869565,16,18,114.6
Gerard Bertrand Pnt Nr Rsv,16460,C,98,8.16,77,1.3,8.142857142857142,15,17,126.47
Santa Rita RSV Chard,23423,C,98,6.8,85,1.2,8.037037037037036,9,11,115.45
Canella Bellini Fusion,23943,C,98,4.13,109,0.9,7.4714285714285715,27,29,89.97
Sycamore Lane Merlot Cal,33213,C,98,3.5,118,0.8,6.636363636363637,75,77,82.83
Matua Pnt Nr Marlboro,41912,C,98,8.21,77,1.3,7.305882352941176,14,16,126.85
Newton Claret Napa,43784,C,98,11.56,65,1.5,7.818181818181818,18,20,150.52
Juarez Gold Tequila,541,C,97,7.8,79,1.2,6.916666666666667,22,24,123.01
Bird Dog Chocolate Whiskey,2880,C,97,11.02,66,1.5,8.6,18,20,146.22
Jeremiah Weed Sweet Tea Vdka,3395,C,97,10.15,69,1.4,7.205882352941177,12,14,140.32
Richards Wild Irish Rose Red,6472,C,97,2.71,134,0.7,8.724137931034482,18,20,72.51
14 Hands Hot to Trot White,14130,C,97,5.8,91,1.1,7.503597122302159,23,25,106.08
Duboeuf Bjls Nouveau 2014,16380,C,97,4.69,102,1.0,7.758064516129032,32,34,95.39
Casal Garcia Vinho Verde Ros,21573,C,97,4.76,101,1.0,7.684684684684685,9,11,96.1
Villa Cornaro Prosecco,22389,C,97,3.37,120,0.8,7.918367346938775,14,16,80.86
Ch Francs Brdx CdFrancs,25337,C,97,11.18,66,1.5,7.037037037037037,13,15,147.27
Florio Sweet Marsala Italy,31347,C,97,7.09,83,1.2,7.495238095238095,23,25,117.28
McWilliams Hanwood Est Chard,36370,C,97,4.63,102,1.0,7.75,16,18,94.78
Christian Bros Ruby Port,190,C,96,3.06,125,0.8,8.88888888888889,167,169,76.65
Flag Hill Cranberry Liqueur,5633,C,96,11.62,64,1.5,8.607476635514018,22,24,149.37
Fireball Cinnamon Whisky,5954,C,96,2.96,127,0.8,8.5,0,2,75.39
Marie Brizard Chocolat Royal,6990,C,96,12.41,62,1.5,6.707692307692308,8,10,154.36
Ty Ku Sake Junmai Ginjo,14329,C,96,8.6,75,1.3,7.896907216494846,9,11,128.5
Stone Barn Chard,14962,C,96,3.19,123,0.8,7.777777777777778,1,3,78.26
Foss Marai Prosecco,22014,C,96,9.93,70,1.4,7.451923076923077,14,16,138.08
Gallo Twin Valley Wh Merlot,33879,C,96,6.45,86,1.1,7.858333333333333,13,15,111.28
Ch Beauchene Cotes du Rhone,43224,C,96,9.2,72,1.3,6.9245283018867925,18,20,132.91
Nino Franco Prosecco Rustic,45240,C,96,9.99,69,1.4,8.487603305785123,11,13,138.5
Norton RSV Malbec Mendoza,45392,C,96,12.25,63,1.5,7.241758241758242,12,14,153.37
J Vineyards Brut 20,46551,C,96,16.77,54,1.8,7.733333333333333,25,27,179.45
New Amsterdam Citron Vodka,3414,C,95,2.96,127,0.7,7.68520568498289,8,10,74.99
Parducci Cab Svgn,10606,C,95,7.58,79,1.2,7.530612244897959,10,12,120.01
Alphonse Dolly Sancerre Cvee,13225,C,95,13.6,59,1.6,7.126436781609195,16,18,160.75
Bridlewood Cab Svgn,15264,C,95,9.52,71,1.3,7.818840579710145,11,13,134.49
The Naked Grape Pnt Grigio,19376,C,95,11.91,63,1.5,7.625,15,17,150.43
Ilauri Le Pinciaie 10 Red,20400,C,95,9.08,72,1.3,8.0,17,19,131.35
Millet Roger Sancerrre,21735,C,95,17.56,52,1.8,7.7696969696969695,15,17,182.66
Rosemount Gewurz/Rsl,23249,C,95,6.57,85,1.1,7.921052631578948,15,17,111.73
Macrostie Carneros Chard,25963,C,95,11.61,64,1.5,7.982456140350878,14,16,148.52
Peter Vella Delicious Red B/,27176,C,95,9.2,72,1.3,7.464174454828661,9,11,132.21
Ch Graville Lacoste Graves,31581,C,95,11.18,65,1.5,8.042372881355933,11,13,145.75
Jelu Malbec San Juan,43129,C,95,7.89,78,1.2,7.298136645962733,10,12,122.44
Casa Liliana Good Chianti,44733,C,95,5.19,96,1.0,7.388888888888889,18,20,99.3
DeKuyper Cane Trial Pack,1483,C,94,2.39,140,0.7,8.26923076923077,189,191,67.03
Ch Bonnet Red,25777,C,94,8.96,72,1.3,8.386363636363637,13,15,129.79
Montinore Pnt Nr Ore,36268,C,94,11.84,63,1.5,7.679611650485437,22,24,149.2
Crown Royal w/2 Glasses,366,C,93,17.18,52,1.8,9.5,20,22,178.76
Skyy Barcraft White Sangria,3943,C,93,9.59,70,1.3,7.142857142857143,19,21,133.56
Korbel Natural,6481,C,93,10.13,68,1.4,7.608695652173913,15,17,137.27
Gallo Twin Valley Hearty Bur,6635,C,93,6.66,84,1.1,7.557823129251701,11,13,111.3
Placido Sangiovese Primever,7371,C,93,7.14,81,1.1,7.742424242424242,11,13,115.24
Latour Beaujolais Villages,8877,C,93,9.08,72,1.3,7.531914893617022,9,11,129.96
C Y Toro Privada Rsv Casa Di,10715,C,93,9.14,71,1.3,7.666666666666667,10,12,130.39
F Coppola Rosso Bianco Chard,14433,C,93,5.8,90,1.0,7.604060913705584,10,12,103.87
Bitch Grenache Aragon,16727,C,93,9.33,71,1.3,7.885416666666667,9,11,131.74
Picket Fence Chard RRV,18617,C,93,8.38,74,1.3,7.765625,16,18,124.85
Penfolds Bin 8 Cab Svgn/Shir,19282,C,93,13.51,59,1.6,7.5588235294117645,13,15,158.52
Santa Rita Secret Rsv Red,23452,C,93,5.84,89,1.0,7.944444444444445,20,22,104.22
Fess Parker Chard,29810,C,93,10.38,67,1.4,7.663793103448276,9,11,138.95
Freixenet Cordon Negro Brut,34123,C,93,2.57,135,0.7,7.595959595959596,23,25,69.14
Frei Bros RSV Svgn Bl RRV,45876,C,93,10.34,67,1.4,7.421052631578948,15,17,138.68
DeKuyper Peachtree Schnapps,806,C,92,10.39,67,1.4,7.598130841121495,7,9,138.27
Sauza 901 Silver Tequila,2988,C,92,18.51,50,1.8,7.652892561983471,8,10,184.55
Paul Masson Rose Carafe,8272,C,92,2.92,126,0.7,6.82051282051282,39,41,73.3
Black Box Rsl,12211,C,92,11.03,65,1.4,7.952254641909814,12,14,142.46
Canyon Rd Pnt Grigio,13933,C,92,5.91,88,1.0,7.631147540983607,20,22,104.28
Moonlight Meadery Sensual,17350,C,92,9.45,70,1.3,7.009708737864078,15,17,131.86
Torremoron Tinto,20439,C,92,4.68,99,0.9,7.0,14,16,92.8
Kim Crawford Svgn Bl Sptfire,21326,C,92,16.23,53,1.7,7.365,14,16,172.81
Ch Croix de Jaugue St Emilio,25201,C,92,12.41,61,1.5,6.473684210526316,21,23,151.11
Sierra Cantabria Unica Rsv 0,25496,C,92,12.24,61,1.5,8.222222222222221,23,25,150.07
Pepperwood Grove Chard,26391,C,92,5.15,95,1.0,8.175675675675675,14,16,97.35
Jewell Towne Marechal Foch,35318,C,92,7.46,79,1.2,7.179245283018868,12,14,117.16
Acquese Moscato D'Asti Dolc,38416,C,92,8.21,75,1.2,7.810185185185185,18,20,122.91
Pike Creek Canadian Whisky,2171,C,91,14.49,56,1.6,7.120833333333334,9,11,162.39
Midnight Moon Peach,6102,C,91,14.38,56,1.6,9.228571428571428,7,9,161.78
Riunite Raspberry,6240,C,91,5.36,92,1.0,7.693121693121693,10,12,98.77
Black Opal Cashmore Cab Svgn,6724,C,91,4.63,99,0.9,7.26875,9,11,91.8
Villa Sandi Il Fresco Prosec,13967,C,91,8.6,73,1.2,8.666666666666666,9,11,125.11
Martinshof Gruner Veltliner,17001,C,91,9.33,70,1.3,7.054794520547945,12,14,130.31
Taken Red Napa,21824,C,91,16.89,52,1.8,7.275510204081633,9,11,175.33
Deep Eddy Vodka,3930,C,90,12.11,61,1.5,7.928571428571429,13,15,147.64
Cesari Bardolino Chiaretto,21412,C,90,5.29,92,1.0,9.384615384615385,37,39,97.58
LaBelle Winery 2013 Dry Rsl,22566,C,90,9.14,70,1.3,8.242424242424242,20,22,128.27
Catena RSV Chard,23974,C,90,11.25,63,1.4,8.146788990825687,16,18,142.3
Fleur de Pnt Nr California,24398,C,90,11.4,63,1.4,7.934782608695652,9,11,143.25
Simi Merlot,34219,C,90,11.18,63,1.4,7.705882352941177,15,17,141.86
Canyon Oaks Chard Cal,38105,C,90,8.05,75,1.2,7.8023255813953485,40,42,120.38
M & R Asti,6638,C,89,16.23,52,1.7,7.330024813895782,9,11,169.97
Diseno Malbec Mendoza,10576,C,89,6.49,83,1.1,8.116504854368932,12,14,107.48
Canyon Rd Chard,11153,C,89,5.99,86,1.0,7.7,17,19,103.26
Canyon Rd Cab Svgn,11154,C,89,6.03,86,1.0,7.8,33,35,103.6
Moonstone Asian Pear Sake,16725,C,89,4.63,98,0.9,7.971698113207547,15,17,90.78
LaBelle Winery Seyval Blanc,18879,C,89,9.99,67,1.3,7.8584070796460175,16,18,133.35
Ch Les Granges Brdx,25188,C,89,6.16,85,1.0,7.666666666666667,11,13,104.71
El Coto de Rioja Crianza Re,33265,C,89,7.43,77,1.2,7.8,12,14,115.0
Fat Bastard Shiraz,34138,C,89,7.28,78,1.1,7.205882352941177,15,17,113.84
Menage a Trois Rose Blend,43737,C,89,5.88,87,1.0,7.315789473684211,17,19,102.31
Oops Voluptuous Beauty Valle,46783,C,89,5.74,88,1.0,8.366666666666667,10,12,101.08
Absolut Grapevine Vodka,3061,C,88,11.32,62,1.4,8.733333333333333,16,18,141.15
Monte Alban Mezcal,3998,C,88,13.63,57,1.5,7.769230769230769,9,11,154.88
Calico Jack Pin/Coc Rum,4073,C,88,5.9,86,1.0,8.6,18,20,101.9
Pitu Brazilian Rum Cachaca,4453,C,88,10.76,64,1.4,7.875,19,21,137.61
Cruzan Estate Diamond Dark,4846,C,88,12.4,60,1.5,7.599033816425121,9,11,147.73
Villa Massa Limoncello,5689,C,88,14.84,54,1.6,7.7228260869565215,8,10,161.62
Tooters Apple-tini 15 Pk,7849,C,88,7.8,75,1.2,7.982494529540482,15,17,117.17
Hob Nob Wicked Red,17500,C,88,6.45,83,1.1,8.235294117647058,11,13,106.55
Peter Paul Live Free or Die,19269,C,88,15.64,53,1.7,6.304347826086956,22,24,165.91
Bon Affair Svgn Bl Spritzer,24377,C,88,3.39,114,0.8,6.854166666666667,28,30,77.24
Tenshen White,24975,C,88,11.76,61,1.4,8.5,14,16,143.87
Canyon Rd Merlot Cal,26811,C,88,3.19,117,0.8,7.6455696202531644,65,67,74.93
Taylor Golden Sherry,6357,C,87,9.2,69,1.3,8.014150943396226,16,18,126.52
Kim Crawford Chard Unoaked,17906,C,87,10.59,64,1.4,7.723270440251572,16,18,135.74
Cooks Spumante,21957,C,87,4.82,95,0.9,7.274881516587678,14,16,91.58
Black Opal Cshmre Cab/Merlot,22757,C,87,4.82,95,0.9,7.729508196721311,15,17,91.58
A Bichot Morgon Les Charmes,25286,C,87,12.83,58,1.5,8.333333333333334,37,39,149.41
Columbia Crest Twin Vns Merl,37943,C,87,4.66,97,0.9,7.774436090225564,12,14,90.05
R M Woodbridge Merlot Cal,39600,C,87,4.54,98,0.9,7.838235294117647,16,18,88.88
Natura Valle Cab Svgn Cntrl,45524,C,87,5.8,87,1.0,7.241935483870968,21,23,100.46
Primaterra Primitivo,46599,C,87,7.53,76,1.1,6.75,11,13,114.46
Marcus James Malbec Mendoza,47027,C,87,5.29,91,1.0,7.964285714285714,9,11,95.94
Malibu Red,5077,C,86,12.69,58,1.5,8.384615384615385,12,14,147.74
Linie Aquavit,5322,C,86,17.42,50,1.7,7.886792452830188,11,13,173.1
Skinnygirl Pina Colada,5678,C,86,6.93,79,1.1,9.3,43,45,109.18
Ch Fage Graves de Vayres,14191,C,86,7.28,77,1.1,7.0,22,24,111.9
If You See Kay Red Blend,17981,C,86,11.68,61,1.4,7.72972972972973,15,17,141.74
Ponzi Tavola Pnt Nr,17985,C,86,16.43,51,1.7,7.801980198019802,9,11,168.11
Ravenswood Besieged Red,19908,C,86,9.58,67,1.3,7.328767123287672,12,14,128.37
Pepperwood Grove Pnt Nr,26392,C,86,5.29,90,1.0,7.35064935064935,17,19,95.39
Sandeman Character Sherry,29461,C,86,5.8,86,1.0,7.661375661375661,11,13,99.88
Heron Pnt Nr Cal,41629,C,86,9.08,69,1.2,7.042857142857143,10,12,124.97
Root 1 Svgn Bl,45752,C,86,6.53,81,1.1,7.595238095238095,9,11,105.98
Beringer Chard Napa Vly,8704,C,85,8.66,70,1.2,7.51063829787234,18,20,121.33
Charles Smith Boom Boom Syra,10441,C,85,10.95,62,1.4,7.184873949579832,10,12,136.44
LaBelle Winery Riesling,14381,C,85,10.52,64,1.3,7.923728813559322,17,19,133.73
Honoro Vera Garnacha Calatyd,17219,C,85,6.45,81,1.0,7.780487804878049,15,17,104.71
Plungerhead Lodi Cab Svgn,20167,C,85,8.78,70,1.2,8.11304347826087,11,13,122.17
Frey Vyds Organic Agrul Red,20932,C,85,7.43,76,1.1,7.475409836065574,12,14,112.39
Gerard Bertrand Languedoc Rg,22340,C,85,7.14,77,1.1,8.9,16,18,110.17
Mionetto Frizzante Prosecco,32592,C,85,11.56,61,1.4,8.826086956521738,10,12,140.19
Pepperwood Grove Merlot Cal,32679,C,85,5.44,88,1.0,8.263157894736842,13,15,96.17
Salmon Run Chard/Rsl,44529,C,85,6.89,79,1.1,6.930232558139535,15,17,108.23
McCormick Blended Whiskey,602,C,84,5.36,89,0.9,8.063636363636364,26,28,94.9
Sobieski Vodka,3159,C,84,5.59,87,1.0,11.5,11,14,96.91
Colombo Marsala Dry,7284,C,84,6.16,83,1.0,8.08235294117647,10,12,101.73
F Coppola Sophia Chard,20160,C,84,10.27,64,1.3,7.461538461538462,17,19,131.35
Flight Song Svgn Bl,21151,C,84,6.57,80,1.0,7.348571428571429,13,15,105.06
10 Span Chard CC,21374,C,84,5.13,90,0.9,7.321428571428571,22,24,92.84
Penny Wise Svgn Bl,23260,C,84,4.51,97,0.9,6.0,16,17,87.05
Santa Julia Malbec,23968,C,84,8.27,71,1.2,7.571428571428571,22,24,117.87
Kendall Jackson Vt RSV Syrah,32604,C,84,6.5,80,1.0,7.381818181818182,13,15,104.5
Beringer Classic Wh Znfdl,41974,C,84,4.57,96,0.9,7.2473867595818815,11,13,87.62
3 Blind Moose Merlot Cal,42603,C,84,5.99,84,1.0,8.022222222222222,19,21,100.32
Kendall Jackson Sp Sel Chard,44729,C,84,8.16,72,1.2,7.804347826086956,23,25,117.09
Drambuie Glass Pack,1019,C,83,20.6,45,1.8,9.59016393442623,13,15,184.92
Cutty Sark Prohibition,2112,C,83,15.55,52,1.6,7.526315789473684,10,12,160.67
Ophir London Dry Gin,2382,C,83,19.22,46,1.8,8.3125,14,16,178.63
Molletto Grappa di Barbera,4779,C,83,21.59,44,1.9,7.758196721311475,9,11,189.31
Christian Bros Cream Sherry,8409,C,83,5.38,88,0.9,7.216666666666667,6,8,94.5
Korbel Sweet Cuvee,15314,C,83,8.96,68,1.2,7.538461538461538,39,41,121.96
Maipe Malbec Mendoza,17020,C,83,7.14,76,1.1,7.377358490566038,14,16,108.87
Trimbach Riesling,19244,C,83,12.07,59,1.4,7.62,11,13,141.55
Bellafina Prosecco,23969,C,83,5.51,87,1.0,8.083333333333334,14,16,95.64
Casa Silva Los Lingues Cab S,24782,C,83,10.95,62,1.3,7.611111111111111,24,26,134.83
Adelsheim Pnt Gris Ore,38473,C,83,10.38,63,1.3,8.025974025974026,15,17,131.27
Folonari Pnt Nr Venezie,13603,C,82,11.64,59,1.4,8.109677419354838,9,11,138.17
Angeline Rsv Cab Svgn,16971,C,82,7.43,74,1.1,8.223214285714286,7,9,110.39
Jadot Beaujolais Villages,19798,C,82,2.73,123,0.7,9.25,26,28,66.91
Querry Cider,21617,C,82,4.79,93,0.9,8.5,10,12,88.63
Tiziano Chianti,35590,C,82,7.53,74,1.1,8.30188679245283,14,16,111.13
Jaume Serra Cristalino Brut,39681,C,82,2.64,125,0.7,7.893939393939394,56,58,65.8
DeKuyper Creme de Cassis,877,C,81,7.02,76,1.1,7.88659793814433,6,8,106.64
McClelland Islay Single Mal,2182,C,81,14.17,53,1.5,7.904761904761905,8,10,151.52
Three Olives Grape Vodka,3065,C,81,0.71,239,0.3,7.0,13,15,33.91
Pinnacle Peach Vodka,3530,C,81,6.93,76,1.1,8.7,12,14,105.96
MacGavin's Highland Scotch,3539,C,81,13.13,56,1.4,9.0,13,15,145.85
Deep Eddy Lemon Vodka,8848,C,81,0.77,229,0.4,8.396694214876034,18,20,35.32
The Messenger Telegram Red 1,17188,C,81,11.4,60,1.4,6.8088235294117645,30,32,135.9
Clos du Bois Rouge,17297,C,81,5.88,83,1.0,7.9071428571428575,12,14,97.6
Bluebird Pinot Noir,17957,C,81,9.14,67,1.2,6.9411764705882355,9,11,121.69
Tenuta Santo Pietro Pio Il C,20404,C,81,8.1,71,1.1,8.26984126984127,19,21,114.55
Rocca Delle Macie Chianti C,23155,C,81,12.58,57,1.4,7.473684210526316,13,15,142.76
Cupcake Black Forest,24303,C,81,4.99,90,0.9,7.753246753246753,23,25,89.91
Terra d'Oro Ch Bl/Viognier,24967,C,81,8.1,71,1.1,7.4375,12,14,114.55
Cape Indaba Chard S Africa,33035,C,81,5.88,83,1.0,8.044444444444444,14,16,97.6
Montes RSV Colchagua Malbec,37158,C,81,8.49,69,1.2,8.084745762711865,10,12,117.28
Adelsheim Pnt Nr Ore,38476,C,81,15.89,50,1.6,7.958333333333333,12,14,160.45
Napa Cellars Chard,46189,C,81,11.33,60,1.4,7.4935064935064934,16,18,135.48
Klinker Brick Farrah Syrah,11003,C,80,11.25,60,1.3,8.418604651162791,13,15,134.17
Girard Svgn Bl Napa Vly,11227,C,80,9.73,64,1.2,7.745098039215686,15,17,124.77
Massimo Malbec Mendoza,15139,C,80,6.66,77,1.0,7.658536585365853,11,13,103.23
Ch Vrai Caillou Wh Brdx,15584,C,80,6.49,79,1.0,7.035714285714286,10,12,101.9
The Seeker Svgn Bl,16891,C,80,8.21,70,1.1,7.965811965811966,10,12,114.61
Joel Gott Alakai Red,18134,C,80,9.65,64,1.2,7.507042253521127,16,18,124.26
Pierre Dupond Renjardire CdR,24646,C,80,5.94,82,1.0,9.666666666666666,18,20,97.49
R Mondavi Pvt Sel Znfdl,26632,C,80,4.62,93,0.9,7.86,10,12,85.98
3 Blind Moose Pnt Grigio Cal,43832,C,80,5.8,83,1.0,8.25,14,16,96.33
Kahlua Pumpkin Spice Liqueur,1013,C,79,10.29,62,1.3,7.863636363636363,24,26,127.51
St Brendans Peppermint Bark,1021,C,79,10.76,61,1.3,8.526315789473685,29,31,130.39
Black Velvet Toasted Caramel,2024,C,79,4.44,94,0.8,9.5,15,17,83.76
Citadelle Gin,3481,C,79,16.29,49,1.6,8.378787878787879,9,11,160.43
Tres Agaves Blanco Tequila,8444,C,79,17.38,48,1.6,7.109090909090909,8,10,165.72
Paul Masson Chablis,8688,C,79,6.62,77,1.0,7.240223463687151,10,12,102.27
Clayhouse Syrah Paso Robles,10021,C,79,7.89,71,1.1,7.266666666666667,8,10,111.65
M & R Sparkling Rose,12191,C,79,6.66,77,1.0,7.241935483870968,13,15,102.58
Redtree Pnt Nr,12963,C,79,4.79,91,0.9,6.603448275862069,10,11,87.0
Gouleyant Malbec Cahors,13956,C,79,7.79,71,1.1,7.456310679611651,11,13,110.94
B & G Vouvray,17235,C,79,7.38,73,1.1,7.7898550724637685,13,15,107.98
Finca La Linda Cab Svgn,19360,C,79,7.43,73,1.1,8.368421052631579,14,16,108.35
The Monterey Vyds Chard,42640,C,79,6.8,76,1.0,6.9743589743589745,14,16,103.65
LaBelle Winery Blueberry,753,C,78,13.79,53,1.5,8.224489795918368,22,24,146.67
Deanston SM Virgin Oak,2235,C,78,19.56,45,1.7,8.292553191489361,8,10,174.69
Walnut Crest Cab Svgn Rapel,6547,C,78,6.8,76,1.0,7.25,12,14,103.0
Lindemans Bin 85 Pnt Grigio,12116,C,78,7.74,71,1.1,8.39607843137255,9,11,109.88
Moonlight Meadery Desire,17349,C,78,9.65,64,1.2,7.208333333333333,6,8,122.7
Bolla Torr'Alta Veronese Ros,23079,C,78,10.06,62,1.3,7.714285714285714,214,216,125.28
Killibinbin Seduction Cab Sv,24497,C,78,8.1,69,1.1,8.512195121951219,8,10,112.41
Silverado Merlot Napa,28946,C,78,18.06,46,1.7,8.0,12,14,167.86
Fess Parker Snt Barbr Pnt Nr,31561,C,78,15.17,51,1.5,7.243243243243243,18,20,153.84
Merriam Cab Svgn Dry Creek,39774,C,78,18.11,46,1.7,7.64,16,18,168.09
Martin Ray Cab Svgn Napa,41062,C,78,11.91,57,1.4,8.170731707317072,11,13,136.31
Lake Sonoma Chard RRV,45831,C,78,11.48,58,1.3,8.064220183486238,11,13,133.83
Leblon Natural Cane Cachaca,4450,C,77,18.51,46,1.7,7.782608695652174,9,11,168.84
Rene Junot White,6186,C,77,7.84,70,1.1,7.651685393258427,13,15,109.88
Midnight Moon Cranberry,6881,C,77,13.86,53,1.5,8.780821917808218,29,31,146.1
Bridlewood Chard Monterey,10931,C,77,8.27,68,1.1,8.0,15,17,112.85
Wente Louis Mel Svgn Bl,12270,C,77,8.72,66,1.2,7.432835820895522,39,41,115.89
La Cote Blanche Mcon V Chard,20152,C,77,8.9,66,1.2,7.361702127659575,14,16,117.07
Grape Time Winery Rsl Granny,21784,C,77,8.66,67,1.1,7.729166666666667,14,16,115.48
Volpaia Chianti Clsco,25005,C,77,11.68,57,1.4,7.958333333333333,23,25,134.12
Triga Alicante Tinto 11,25497,C,77,12.98,54,1.4,8.6,16,18,141.39
Canyon Rd Merlot,28039,C,77,5.88,81,1.0,7.217741935483871,16,18,95.16
Hess Collection Chard Napa,29489,C,77,13.6,53,1.5,7.64935064935065,9,11,144.72
Martin/Weyrich Moscato Alleg,31573,C,77,6.49,77,1.0,7.375,12,14,99.97
Simi Landslide Cab Svgn Alex,38406,C,77,15.68,50,1.5,7.266304347826087,12,14,155.4
St George Terrior Gin,2199,C,76,23.61,40,1.9,8.387218045112782,14,16,189.44
Lucano Limencello,6505,C,76,7.96,69,1.1,10.0,14,16,110.0
Smirnoff Wh Peach Sorbet,8801,C,76,0.78,221,0.3,6.5,10,11,34.43
Moonlight Meadery Sumptuous,16568,C,76,8.84,66,1.2,7.074468085106383,16,17,115.92
Anew Rsl,19382,C,76,6.7,75,1.0,7.679611650485437,12,14,100.92
Girard Cab Svgn,19581,C,76,15.78,49,1.6,7.760416666666667,11,13,154.87
Edmeades Mendocino Znfdl,28983,C,76,10.06,61,1.2,7.640625,9,11,123.66
Girard Chard RRV,37126,C,76,12.07,56,1.4,8.049504950495049,14,16,135.45
3 Blind Moose Cab Svgn Cal,42601,C,76,5.84,81,0.9,8.279069767441861,17,19,94.22
DeKuyper Sour Apple Pucker,889,C,75,9.84,62,1.2,7.545454545454546,9,11,121.49
Lidestri Pink Limoncello,3533,C,75,13.23,53,1.4,7.23444976076555,7,8,140.87
Mojoshot Sourberry RTD,9219,C,75,0.78,219,0.3,7.68520568498289,13,15,34.21
Chops & Burgers Bordeaux,17340,C,75,5.26,84,0.9,7.375,7,9,88.83
Corvo Moscato Siciliarvo,18664,C,75,6.57,76,1.0,7.513888888888889,30,32,99.27
Murphy-Goode Homefront Red,19669,C,75,6.06,79,0.9,7.75,22,24,95.34
Ch Moulin de Pillardot 10,23951,C,75,7.28,72,1.0,8.0,36,38,104.5
Clos du Bois RSV Cab Svgn,27514,C,75,10.96,58,1.3,7.841176470588235,13,15,128.22
Dom Carneros Pnt Nr Napa Vly,28122,C,75,14.28,51,1.5,7.6438356164383565,15,17,146.36
Canaletto Mntplcno Abruzzo,33706,C,75,5.51,82,0.9,7.261904761904762,29,30,90.91
Rihaku Nigori Dreamy Clouds,41416,C,75,8.49,66,1.1,8.076923076923077,13,15,112.85
Tozai Well of Wisdom Sake,42953,C,75,14.86,50,1.5,8.084905660377359,11,13,149.3
Ferreira Dona Antonio RSV,44916,C,75,11.4,57,1.3,6.915966386554622,7,8,130.77
Belvedere Wild Berry,3233,C,74,16.66,47,1.6,7.314432989690721,9,10,157.03
Belvedere Cytrus Vodka,3640,C,74,16.54,47,1.6,7.314516129032258,13,14,156.46
Arrow Cherry Brandy,4845,C,74,6.39,76,1.0,7.952755905511811,10,12,97.25
Maurice's Mentholated Mint,6042,C,74,7.51,70,1.1,8.84,7,9,105.43
Corazon de Agave Anejo,8059,C,74,21.73,41,1.8,7.972027972027972,6,8,179.34
F Coppola Directors Chard,13143,C,74,10.27,60,1.2,7.7317073170731705,17,19,123.29
Ninety+Cellars Lot 66 Rsl Mo,17535,C,74,5.99,79,0.9,7.482142857142857,7,9,94.16
Steele Clear Lake Merlot Cty,20781,C,74,9.73,62,1.2,8.217391304347826,16,18,120.0
Art of Eart Montepulciano d',21992,C,74,5.26,84,0.9,7.166666666666667,12,13,88.23
Dom D'Andezon CdRhone Red,23420,C,74,8.27,67,1.1,7.857142857142857,13,15,110.63
13 Celsius Svgn Bl,23522,C,74,4.11,95,0.8,7.548148148148148,25,27,77.99
Gallo Copperidge Chard Cal,24097,C,74,2.57,120,0.6,7.35,70,71,61.67
Ch Corconnac Svgn Bl,24244,C,74,14.47,51,1.5,8.714285714285714,63,65,146.35
Zorvino Vyds Mango Magnifico,25125,C,74,8.55,66,1.1,7.898305084745763,9,11,112.49
M Lynch Bordeaux Rouge Medoc,25158,C,74,10.06,61,1.2,8.75,15,17,122.02
Cambas Mavrodafne of Patras,35972,C,74,8.84,65,1.1,7.354838709677419,25,26,114.38
Mionetto Il Prosecco Veneto,40424,C,74,5.51,82,0.9,8.875,54,56,90.3
James Oliver American Whisky,2593,C,73,23.61,39,1.9,7.763636363636364,8,10,185.67
Barenjager Honey & Bourbon,7629,C,73,15.26,49,1.5,7.0,11,12,149.26
Folonari Valpolicella,8231,C,73,9.02,64,1.1,8.203252032520325,11,13,114.76
Kringle Cream,8543,C,73,14.81,50,1.5,6.2592592592592595,11,12,147.05
Big House Birdman Pnt Grigio,10175,C,73,5.19,84,0.9,7.564356435643564,13,15,87.05
Terra d'Oro Znfdl Port,13618,C,73,12.32,54,1.4,7.115384615384615,11,12,134.12
Jolivet Sancerre,26885,C,73,13.07,53,1.4,8.295698924731182,13,15,138.14
Frogs Leap Svgn Bl Napa,34752,C,73,14.56,50,1.5,7.485714285714286,7,8,145.8
Gran Gala Liqueur,5603,C,72,0.79,213,0.3,7.666666666666667,37,39,33.73
Midnight Moon Raspberry,6115,C,72,14.07,51,1.4,8.275675675675675,9,11,142.35
Bolla Bardolino,8366,C,72,5.84,79,0.9,7.241935483870968,9,10,91.71
Due Torri Pnt Nr del Venezie,10227,C,72,6.16,76,0.9,8.276315789473685,14,16,94.18
Alto Moncayo Veraton Garnach,14719,C,72,14.96,49,1.5,7.333333333333333,10,11,146.77
Goose Ridge Red g3,15529,C,72,5.19,83,0.9,7.68520568498289,0,2,86.45
Moonlight Meadery Wild,15979,C,72,8.44,65,1.1,6.966101694915254,8,9,110.24
Ch St Jean Pnt Nr Sonoma Cst,19635,C,72,13.07,52,1.4,6.943661971830986,9,10,137.19
Bone Shaker Znfdl,22170,C,72,13.07,52,1.4,7.245901639344262,11,12,137.19
Ch Valfontaine 10,23949,C,72,6.49,74,1.0,7.166666666666667,34,35,96.67
Canyon Rd Svgn Bl,24033,C,72,3.15,107,0.7,7.7894736842105265,25,27,67.35
Bouvet Brut,24075,C,72,5.56,80,0.9,7.909090909090909,1,3,89.48
Bully Hill Goat Wh Semi-Dry,25043,C,72,5.74,79,0.9,7.244186046511628,33,34,90.92
Andre Spumante Calif,28038,C,72,3.71,99,0.7,7.764705882352941,1,3,73.09
Produttori del Barbaresco P,33587,C,72,20.4,42,1.7,8.036764705882353,9,11,171.39
Canyon Oaks Cab Svgn Cal,38103,C,72,7.94,67,1.1,8.317460317460318,15,17,106.93
Red Guitar Temp/Garnacha Nvr,44818,C,72,6.53,74,1.0,7.675675675675675,8,10,96.97
Barton Gin,861,C,71,4.67,87,0.8,6.920454545454546,14,15,81.43
Twenty 2 Vodka,3204,C,71,15.71,48,1.5,7.029411764705882,10,11,149.37
Amaro Montenegro Liqueur,4389,C,71,16.54,46,1.5,8.325443786982248,7,9,153.26
Flag Hill Raspberry Liqueur,5641,C,71,11.1,57,1.2,7.853448275862069,12,14,125.55
Brancaia Tre Rosso Toscana,13487,C,71,12.32,54,1.3,7.925,15,17,132.27
Mohua Pinot Noir,13895,C,71,10.27,59,1.2,7.684782608695652,23,24,120.76
Porta Vita Rosso,17990,C,71,8.27,66,1.1,7.27536231884058,12,13,108.37
Souverain Svgn Bl No Coast,19451,C,71,6.84,72,1.0,7.328467153284672,8,9,98.55
Tenuta Santo Pietro Percept,20406,C,71,13.69,51,1.4,8.1,24,26,139.43
Belvedere Pink Grapefruit,3296,C,70,15.99,47,1.5,7.515151515151516,10,11,149.62
Russo Limoncello,5070,C,70,17.85,44,1.6,7.170984455958549,6,7,158.09
Bastille 1789 French Whiskey,6227,C,70,18.39,44,1.6,7.316091954022989,5,6,160.46
Walnut Crest Chard Central,6344,C,70,6.62,73,1.0,7.447619047619048,9,10,96.27
Cocktail Time Strawberry Rtd,7211,C,70,8.45,64,1.1,7.448275862068965,10,11,108.77
Bols Blue Curacao,8401,C,70,8.26,65,1.1,8.2,8,10,107.54
Root 1 Pnt Nr,16537,C,70,6.84,72,1.0,7.245901639344262,8,9,97.86
Gekkeikan Suzaku Sake,20905,C,70,5.95,77,0.9,8.447368421052632,8,10,91.27
Cherry Tart Pnt Nr,21144,C,70,12.49,53,1.3,7.657534246575342,11,12,132.23
Essenciel Paradis Prvnc Rose,21341,C,70,8.55,64,1.1,8.4,9,11,109.41
The Naked Grape Box Merlot,23406,C,70,11.91,54,1.3,7.741379310344827,6,7,129.13
Warre's Fine Selected Ruby P,28497,C,70,8.16,65,1.1,7.708333333333333,7,8,106.89
Cecchi Cern Chianti Clsc RSV,31345,C,70,15.64,47,1.5,6.8,37,38,147.98
Matanzas Creek Svgn Bl Sonom,36573,C,70,11.25,56,1.2,7.529411764705882,10,11,125.5
Jewell Towne Seyval NH,42118,C,70,6.81,72,1.0,7.942857142857143,15,17,97.64
Spasso Pnt Grigio Veneto,44413,C,70,3.44,101,0.7,7.68520568498289,18,19,69.4
Fish Eye Chard Cal,45632,C,70,11.1,56,1.2,7.7368421052631575,5,6,124.66
Cles des Ducs Armagnac VSOP,2242,C,69,16.05,46,1.5,8.0,9,11,148.83
Firefly Moonshine,2664,C,69,10.5,57,1.2,8.529411764705882,8,10,120.38
Candia Vyds Noiret Vault RSV,11480,C,69,10.06,59,1.2,7.7272727272727275,44,45,117.83
Charles Smith C Smith Cab Sv,13636,C,69,10.45,57,1.2,6.934782608695652,13,14,120.09
Mile Marker Pnt Nr,18337,C,69,10.2,58,1.2,7.255813953488372,12,13,118.64
Saracco Moscato d'Asti,19127,C,69,10.95,56,1.2,7.445652173913044,9,10,122.93
Steelhead Red,23101,C,69,6.53,73,0.9,9.0,47,49,94.93
Zorvino Vyds Peachez,25126,C,69,6.62,72,1.0,7.972027972027972,7,9,95.58
Forest Glen Cab Svgn Cal,25621,C,69,5.36,80,0.9,7.5588235294117645,10,11,86.0
Cline Viognier Sonoma Count,28606,C,69,6.62,72,1.0,7.64,12,13,95.58
Forest Glen Chard,33075,C,69,10.13,58,1.2,7.541666666666667,14,15,118.24
Sierra Cantabria Rioja Tint,35490,C,69,7.58,67,1.0,7.745454545454545,26,27,102.28
Clos de Los Siete Mendoza,42886,C,69,13.24,51,1.4,7.816666666666666,16,17,135.17
Duckhorn Svgn Bl Napa,43877,C,69,17.64,44,1.6,7.560209424083769,11,12,156.03
Finlandia Grapefruit Fusion,3722,C,68,9.02,61,1.1,7.523809523809524,20,21,110.76
Southern Comfort Caramel,5434,C,68,8.64,63,1.1,7.333333333333333,8,9,108.4
Hawk Crest Cab Svgn,6783,C,68,8.38,64,1.1,8.057471264367816,8,10,106.76
Buried Cane Cab Svgn,11396,C,68,8.44,63,1.1,7.72093023255814,8,9,107.14
Hob Nob Malbec VDP D'Oc,16378,C,68,6.66,71,1.0,8.4,16,18,95.17
C Y Toro Marques Cs Cab Svgn,19356,C,68,12.25,53,1.3,7.537878787878788,18,19,129.08
Smashberry Red,22004,C,68,3.91,93,0.7,9.0,44,46,72.92
Dom Fouassier Sancerre 13,23384,C,68,12.16,53,1.3,9.0,30,32,128.6
Elk Cove Pnt Nr Ore,29353,C,68,17.41,44,1.5,8.343137254901961,11,13,153.88
Sonoma-Cutrer Cutrer V Chard,30735,C,68,19.07,42,1.6,7.362229102167182,14,15,161.05
Luiano Chianti Clsc,34998,C,68,10.66,56,1.2,8.371794871794872,11,13,120.41
Castellani Biagio Chianti,36419,C,68,6.53,72,0.9,7.871794871794871,11,12,94.24
Talbott Kali Hart Mtry Chard,36620,C,68,10.95,56,1.2,7.569148936170213,8,9,122.03
Ch Ste Michelle Indn Wl Merl,38690,C,68,10.13,58,1.2,7.729508196721311,9,10,117.37
Columbia Crest Two Cab Svgn,39437,C,68,4.51,87,0.8,7.774834437086093,21,22,78.32
3 Blind Moose Chard Cal,42602,C,68,5.88,76,0.9,7.478260869565218,20,21,89.42
Montezuma Blue,897,C,67,4.92,83,0.8,7.078260869565217,22,23,81.2
Sauza Extra Gold Tequila,971,C,67,11.42,54,1.2,7.903225806451613,17,18,123.71
Jim Beam Bonded Bourbon,1252,C,67,13.84,49,1.4,9.0,8,10,136.18
Clement Select Barrel Rhum,4040,C,67,17.98,43,1.6,8.292682926829269,7,9,155.22
Sogno di Sorrento Lemoncell,6116,C,67,18.65,42,1.6,8.565610859728507,24,26,158.09
St Elder Elderflower Liqueur,8151,C,67,0.71,217,0.3,9.0,12,14,30.84
Broadbent Gruner Veltliner,14920,C,67,7.84,65,1.0,7.354166666666667,7,8,102.5
Red Diamond Pnt Nr,18565,C,67,5.95,75,0.9,6.854838709677419,19,20,89.29
Kentia Albarino Rias Baixas,21271,C,67,9.2,60,1.1,8.06,8,9,111.03
Ch Larose Trintaudon 09,23947,C,67,15.48,47,1.4,7.573529411764706,19,20,144.03
De Loach Russian River Chard,25647,C,67,13.42,50,1.3,8.104477611940299,12,13,134.1
Cantele Salice Salentino Rsv,29182,C,67,8.21,64,1.0,7.471698113207547,15,16,104.89
Rosemount Pnt Nr Ausl,31524,C,67,6.03,75,0.9,8.04225352112676,9,10,89.89
Frey Cab Svgn Organic Mendcn,36843,C,67,11.25,55,1.2,7.182795698924731,12,13,122.78
Fulton's Harvest Apple Pie L,1029,C,66,5.26,79,0.8,7.2727272727272725,21,22,83.33
I.W. Harper Bourbon,2043,C,66,23.07,38,1.7,7.25,7,8,174.51
Rebel Yell American Whisky,2239,C,66,15.78,46,1.4,8.857142857142858,13,15,144.33
Three Olives Vodka,3058,C,66,0.71,216,0.3,6.333333333333333,17,18,30.61
Broker's London Dry Gin,3439,C,66,13.48,49,1.3,7.291925465838509,7,8,133.4
Rumson's Spiced Rum,4315,C,66,23.07,38,1.7,7.0,16,17,174.51
Cocktail Time Key Lime Rtd,7202,C,66,8.33,63,1.0,7.173913043478261,16,17,104.86
Viniq Shimmery Liqueur,7344,C,66,7.74,65,1.0,8.727272727272727,9,11,101.08
Malibu Peach Sparkler RTD,8958,C,66,7.99,64,1.0,9.058823529411764,11,13,102.7
The Calling Cab Svgn Rio Lgo,17326,C,66,16.89,44,1.5,8.052631578947368,16,17,149.32
Antinori Villa Wh,18375,C,66,7.89,65,1.0,7.4393063583815024,7,8,102.05
Dom du Gr Montmirall Gigonda,19394,C,66,19.35,41,1.6,7.473684210526316,30,31,159.82
Tom Gore Chardonnay CA,23650,C,66,7.99,64,1.0,7.649484536082475,26,27,102.7
Boya Svgn Bl,23800,C,66,9.2,60,1.1,7.090909090909091,19,20,110.2
Ransom Dry Vermouth,25281,C,66,12.92,51,1.3,7.779661016949152,11,12,130.6
L Martini RSV Cab Svgn Alex,38897,C,66,18.49,42,1.6,7.4409090909090905,13,14,156.23
Martin Ray Chard RRV,41065,C,66,11.18,54,1.2,7.954545454545454,12,13,121.48
Beringer Fndr Est Pnt Grigio,42663,C,66,5.8,75,0.9,7.260869565217392,10,11,87.5
Santa Margherita Chianti Cls,46694,C,66,16.1,45,1.5,7.672413793103448,9,10,145.78
Svedka Vodka,778,C,65,10.23,56,1.2,7.9655172413793105,16,17,115.32
Bully Boy American Whiskey,2130,C,65,22.05,38,1.7,7.178438661710037,6,7,169.32
Bluecoat Gin,2803,C,65,20.46,40,1.6,7.544715447154472,9,10,163.09
Pinnacle Mimosa Vodka,3618,C,65,7.29,67,1.0,8.25,14,15,97.35
Boca Loca Cachaca,4190,C,65,19.52,41,1.6,7.766666666666667,8,9,159.3
Hornitos Spiced Honey Liquer,5325,C,65,12.94,50,1.3,8.466666666666667,13,15,129.7
Smoking Loon Red Loonatic,16325,C,65,4.68,83,0.8,7.621621621621622,14,15,78.0
Damilano Lecinquevgne Barolo,17316,C,65,20.91,39,1.7,8.273972602739725,15,16,164.88
Rainstorm Pnt Nr,17507,C,65,9.99,57,1.1,8.6,12,14,113.96
Julia James Pnt Nr,20102,C,65,6.7,70,0.9,8.045454545454545,26,27,93.33
Yellow Tail Sangria Blanco,23197,C,65,6.84,69,0.9,7.493857493857494,10,11,94.3
Dry Creek Cab Svgn Sonoma,25838,C,65,12.49,51,1.3,7.166666666666667,10,11,127.42
Columbia Crest Vns Merlot/Ca,32670,C,65,4.69,83,0.8,7.235294117647059,13,14,78.08
Ch Ste Michelle Eroica Rsl W,34951,C,65,11.48,53,1.2,7.690987124463519,9,10,122.16
Beringer Classic Wh Zin Spkl,40240,C,65,5.33,78,0.8,7.344262295081967,9,10,83.24
Grayson Cellars Chard N Cst,42401,C,65,6.45,71,0.9,7.032520325203252,11,12,91.57
Stolichnaya Blueberi,213,C,64,17.03,43,1.5,7.362637362637362,6,7,147.65
Darnley's View Gin,2543,C,64,18.89,41,1.6,7.83,5,6,155.5
Anna de Codorniu Brut Cava,15079,C,64,7.74,64,1.0,8.536423841059603,9,10,99.54
Santa Cristina Antinori Wh,16990,C,64,6.7,69,0.9,7.820224719101123,19,20,92.61
Raymond R Field Blend Lot 7,17921,C,64,8.9,60,1.1,7.745098039215686,16,17,106.73
Girard Old Vine Znfdl,22697,C,64,10.46,55,1.2,7.534246575342466,7,8,115.71
Luna di Luna Chard/Pnt Grig,31172,C,64,11.72,52,1.2,7.690298507462686,8,9,122.48
Frogs Leap Merlot Napa,35581,C,64,25.16,36,1.8,8.044117647058824,15,16,179.46
Colosi Sicilia Dry Red,35709,C,64,7.09,67,1.0,8.098039215686274,7,8,95.26
Fat Bastard Cab Svgn,43232,C,64,6.57,70,0.9,7.92,25,26,91.7
Rough Rider Straight Bourbon,2818,C,63,25.57,35,1.8,7.669683257918552,8,9,179.5
Pinnacle Pecan Pie,3236,C,63,6.78,68,0.9,8.304347826086957,15,16,92.43
Belvedere Mango Passion,3952,C,63,16.42,44,1.4,7.286885245901639,7,8,143.84
Barbarossa Spiced Rum,4424,C,63,8.39,61,1.0,8.5,47,48,102.82
Flag Hill Blueberry Liqueur,5643,C,63,10.71,54,1.2,8.14018691588785,7,8,116.17
Korbel Brut,6195,C,63,19.04,41,1.5,7.387640449438202,10,11,154.89
Blossom Hill Chard,6245,C,63,7.58,64,1.0,7.630952380952381,18,19,97.73
Arak-Gantous & Abouraad,8632,C,63,12.85,50,1.3,7.9576271186440675,10,11,127.25
Paul Masson Ruby Burgundy,8687,C,63,6.62,69,0.9,7.60377358490566,6,7,91.33
Arak Razzouk,9304,C,63,14.38,47,1.3,7.753623188405797,7,8,134.61
Flaco Tempranillo,16526,C,63,6.03,72,0.9,6.869565217391305,6,7,87.17
Pine Ridge Forefront Cab Svg,16728,C,63,12.83,50,1.3,7.5,10,11,127.15
Ch Ste Michelle Indn Wls Red,17134,C,63,9.8,57,1.1,7.627272727272727,11,12,111.12
JP Chenet Pnt Noir,19646,C,63,5.99,73,0.9,7.609375,17,18,86.88
Yellow Tail Sangria Bubbles,23196,C,63,3.39,96,0.7,9.0,20,22,65.36
Parducci Pnt Nr,23220,C,63,7.74,64,1.0,7.669724770642202,9,10,98.75
Ozeki Dry Sake,24048,C,63,6.7,69,0.9,7.613636363636363,4,5,91.88
Secco-Bertani Verona,27472,C,63,8.6,61,1.0,7.796875,7,8,104.1
Ch de la Ragotiere Muscadet,31318,C,63,7.58,64,1.0,7.394366197183099,21,22,97.73
Florio Dry Marsala Italy,31346,C,63,7.48,65,1.0,7.8734177215189876,7,8,97.08
Smoking Loon Syrah,34906,C,63,4.65,82,0.8,8.03448275862069,9,10,76.54
Liberty School Chard Cntrl C,35380,C,63,8.6,61,1.0,8.574468085106384,8,9,104.1
Big House White,36209,C,63,5.15,78,0.8,7.389830508474576,10,11,80.55
Talbott Sleepy Hollow Chard,36623,C,63,19.72,40,1.6,7.60655737704918,17,18,157.63
Tilia Chard Mendoza,46475,C,63,6.75,68,0.9,8.212121212121213,20,21,92.22
DeKuyper Creme de Cacao Whit,876,C,62,6.66,68,0.9,8.15,9,10,90.88
El Toro Gold Tequila,1889,C,62,5.5,75,0.8,7.363636363636363,10,11,82.58
Cleveland Black Rsv Whiskey,2189,C,62,19.83,40,1.6,8.444444444444445,6,7,156.82
Gran Centenario Anejo,3944,C,62,31.99,31,2.0,7.1461538461538465,9,10,199.17
Fireball Cinnamon Whisky,5033,C,62,12.97,49,1.3,7.4784053156146175,119,120,126.82
Eden Heirloom Blnd Ice Cider,13454,C,62,17.0,43,1.4,7.645833333333333,5,6,145.19
Copa di Vino Chard,14236,C,62,1.71,135,0.5,6.4,10,11,46.05
Ch St Pierre Rose,17489,C,62,8.78,59,1.1,8.023809523809524,15,16,104.34
Seven Falls Cab Svgn,18175,C,62,7.43,65,1.0,7.618181818181818,24,25,95.99
Antinori Villa Chianti Class,18733,C,62,18.49,41,1.5,7.914572864321608,8,9,151.42
Coppa La Rocca Gavi,18836,C,62,9.33,58,1.1,8.470588235294118,11,12,107.56
Penfolds Bin 9 Cab Svgn,20921,C,62,11.68,52,1.2,8.021052631578947,14,15,120.35
Santos Sangria,21750,C,62,6.84,67,0.9,7.02803738317757,8,9,92.1
C Y Toro Casa Diablo Chard,22077,C,62,6.07,71,0.9,7.224489795918367,12,13,86.76
Tangent Pnt Gris,22168,C,62,7.43,65,1.0,9.428571428571429,22,24,95.99
Glam Prosecco,22230,C,62,8.96,59,1.1,7.533333333333333,10,11,105.41
Buehler Estate Cab Svgn Napa,25462,C,62,20.77,39,1.6,7.5,14,15,160.49
Santa Rita Medalla Cab Svgn,33307,C,62,10.59,54,1.1,7.258620689655173,6,7,114.59
Champalou Vouvray Cuvee Fon,34020,C,62,13.6,48,1.3,8.148148148148149,25,26,129.86
Pouilly Fume Minet Vls Vgns,37913,C,62,13.15,49,1.3,7.451612903225806,14,15,127.7
R M Woodbridge Pnt Grigio,39798,C,62,4.69,81,0.8,7.939890710382514,17,18,76.26
Kenwood Yulupa Cab Svgn Cal,39841,C,62,5.84,73,0.8,8.733333333333333,85,86,85.1
Prinz Salm Two Princes Nahe,41633,C,62,8.6,60,1.0,7.347368421052631,8,9,103.27
Wente Sandstone Mntry Merlot,44082,C,62,9.03,59,1.1,7.914285714285715,25,26,105.82
Pacific Rim Yakima Gewurz,46829,C,62,8.1,62,1.0,8.515151515151516,7,8,100.22
Apple Orchard Liqueur,1214,C,61,5.34,76,0.8,9.0,14,16,80.72
Coldcock American Herbal Whi,2103,C,61,14.95,45,1.4,7.64,7,8,135.05
Don Felix Anejo Tequila,3528,C,61,31.24,31,2.0,7.693548387096774,7,8,195.23
Boggy Meadow Switchel Vodka,3939,C,61,22.55,37,1.6,7.6938775510204085,7,8,165.87
Calvados Boulard Grnd Brandy,4498,C,61,28.56,33,1.8,8.106382978723405,10,11,186.67
Sutter Home Merlot Cal,6768,C,61,3.86,89,0.7,6.8076923076923075,35,36,68.62
Zanetti Prosecco Frizzante,12374,C,61,6.66,68,0.9,7.428571428571429,27,28,90.14
Bella Sera Moscato,15263,C,61,7.71,63,1.0,7.874074074074074,8,9,96.99
Ch St Jean Svgn Bl Sonoma,15900,C,61,6.45,69,0.9,7.503496503496503,15,16,88.71
Wine by Joe Pnt Nr,17351,C,61,11.18,52,1.2,7.85,11,12,116.79
Ch St Jean Alexander Cab Svg,19740,C,61,10.95,53,1.2,6.556451612903226,11,12,115.58
Whitehall Tre Leoni Red Napa,20912,C,61,15.75,44,1.4,8.02127659574468,14,15,138.62
Marco Barbanera Chianti DOCG,24246,C,61,4.05,87,0.7,7.68520568498289,12,13,70.29
Rodney Strong Chard Sonoma C,24787,C,61,12.98,48,1.3,7.746666666666667,7,8,125.85
Perrin Gigondas,29112,C,61,19.72,39,1.6,7.3584905660377355,13,14,155.11
Sandeman Ruby Port,31419,C,61,7.48,64,1.0,7.806451612903226,9,10,95.53
Jacobs Crk Shiraz,33326,C,61,4.63,81,0.8,7.802919708029197,6,7,75.16
Canella Prosecco Di Conegli,38481,C,61,10.96,53,1.2,7.558139534883721,13,14,115.64
Fat Bastard Merlot,40219,C,61,6.75,67,0.9,7.038461538461538,13,14,90.75
Taylor Madeira NY,40926,C,61,3.28,96,0.6,7.531645569620253,6,7,63.26
Writer's Block Cab Franc,43184,C,61,10.45,54,1.1,8.347826086956522,16,17,112.91
Kahlua Peppermint Mocha,1181,C,60,11.02,52,1.2,8.533333333333333,10,11,115.0
SW4 London Dry Gin,2802,C,60,18.93,40,1.5,7.809523809523809,5,6,150.72
Ancho Reyes Chile Liqueur,5135,C,60,17.26,42,1.4,8.0,6,7,143.92
Bols Amaretto Liqueur,5414,C,60,6.15,70,0.9,7.958333333333333,8,9,85.91
Penfolds Koonunga Hill Chard,6280,C,60,6.89,66,0.9,7.955223880597015,14,15,90.93
Absolut Pears,8063,C,60,1.59,137,0.4,9.666666666666666,8,10,43.68
Beringer Classic Svgn Bl,12234,C,60,3.24,96,0.6,7.5772357723577235,6,7,62.35
Mantane Primitivo Puglio,14974,C,60,8.9,58,1.0,7.777777777777778,42,43,103.34
Ken Wright Clrs Willa Pnt Nr,14983,C,60,17.8,41,1.5,7.663043478260869,15,16,146.15
Lange Willamette Chard,16778,C,60,11.03,52,1.2,7.980392156862745,7,8,115.05
Hidden Crush Cab Svgn C Cst,19246,C,60,6.57,68,0.9,10.25,1,3,88.79
Heartland Spice Trader Sh/CS,22339,C,60,9.08,57,1.1,7.578947368421052,6,7,104.39
Bodegas La Cartuja Priorat,24593,C,60,10.13,54,1.1,7.510416666666667,9,10,110.26
Clos du Bois Znfdl Sonoma,26134,C,60,6.07,70,0.9,7.889655172413793,8,9,85.35
Nathanson Creek Wh Znfdl,28266,C,60,5.36,75,0.8,7.4,14,15,80.2
Canyon Oaks Chard Cal,38104,C,60,3.94,87,0.7,7.157894736842105,26,27,68.76
Canyon Oaks Merlot Cal,38106,C,60,3.92,87,0.7,7.190476190476191,1,2,68.59
Tisdale Merlot Cal,39997,C,60,2.61,107,0.6,8.666666666666666,1,2,55.96
Pinnacle Raspberry Vodka,3732,C,59,11.93,50,1.2,6.617021276595745,20,21,118.65
Skinnygirl Wh Cherry Vodka,3903,C,59,11.59,50,1.2,9.333333333333334,18,20,116.95
Sauza Cucumber Chili Tequila,4060,C,59,9.35,56,1.1,8.5,7,8,105.04
Calvados Marquis De St Loup,4491,C,59,19.04,39,1.5,8.433734939759036,7,8,149.9
Stoli 80 VAP Lemonade Shaker,7590,C,59,13.27,47,1.3,10.0,17,19,125.13
Blue Nun Authentic White,8728,C,59,9.45,56,1.1,7.837209302325581,8,9,105.6
Malibu Rum Sparkler RTD,8943,C,59,7.74,62,1.0,8.80952380952381,16,17,95.57
Fish Eye Cab Svgn,10647,C,59,11.4,51,1.2,7.542483660130719,9,10,115.98
Clayhouse Adobe Cntrl Cst Wh,10666,C,59,7.74,62,1.0,8.261603375527427,10,11,95.57
Casalini Pnt Grigio,12067,C,59,4.57,80,0.7,8.2,25,26,73.44
The Crusher Pnt Nr,12681,C,59,8.1,60,1.0,8.292682926829269,7,8,97.77
Yellow Tail Tree Free Chard,13795,C,59,6.45,68,0.9,7.568265682656826,10,11,87.24
Copa di Vino Cab Svgn,14235,C,59,1.64,134,0.4,6.636363636363637,15,16,43.99
Inkblot Cab Franc,16174,C,59,21.7,37,1.6,9.2,20,21,160.02
Murrieta's Well The Whip Wh,16555,C,59,11.18,51,1.2,7.292929292929293,14,15,114.86
Trentadue Znfdl Alex Vly,16968,C,59,10.8,52,1.1,7.541666666666667,9,10,112.89
Trimbach Gewurztraminer,17101,C,59,12.74,48,1.2,7.833333333333333,7,8,122.61
Novelty Hill Cab Svgn CV,17308,C,59,15.17,44,1.3,8.054794520547945,13,14,133.79
Candia Vyds Black Ice,18534,C,59,18.79,40,1.5,7.74,20,21,148.91
Waterstone Cab Svgn,18638,C,59,16.55,42,1.4,8.121951219512194,12,13,139.75
Wolf Blass Yllw Lbl Cab Svgn,19055,C,59,6.75,66,0.9,7.576923076923077,7,8,89.25
Motto Cab Svgn Backbone,24297,C,59,7.43,63,0.9,7.066115702479339,14,15,93.63
Marc Bredif Vouvray,27932,C,59,11.99,50,1.2,7.5,8,9,118.95
Jewell Towne Cayuga Wh NH,37083,C,59,7.51,63,0.9,7.8936170212765955,15,16,94.14
Gekkeikan Sake Horin,39110,C,59,7.92,61,1.0,7.985714285714286,12,13,96.67
Phillips Incognito Lodi Rd,40538,C,59,10.8,52,1.1,8.057692307692308,6,7,112.89
Angeline Chard RRV,41070,C,59,7.28,64,0.9,7.67816091954023,7,8,92.69
DeKuyper Creme de Cacao Dark,875,C,58,6.56,66,0.9,7.30188679245283,7,8,87.24
DeKuyper Razzmatazz,887,C,58,10.15,53,1.1,7.666666666666667,11,12,108.51
Jameson Trilogy Pack,1036,C,58,29.84,31,1.9,7.12962962962963,6,7,186.05
General John Stark Vodka,3773,C,58,21.73,37,1.6,7.677777777777778,9,10,158.78
Patron XO Cafe Incendio,4748,C,58,16.66,42,1.4,8.0,7,8,139.02
Jackson Morgan Pepmint Mocha,6021,C,58,16.54,42,1.4,7.453125,8,9,138.52
Marie Brizard Orange Curacao,6929,C,58,13.33,47,1.2,7.705882352941177,4,5,124.35
Primaterra Prosecco,14810,C,58,8.66,58,1.0,7.136363636363637,11,12,100.23
Sivas-Sonoma Cab Svgn,16205,C,58,11.25,51,1.1,7.613636363636363,16,17,114.24
Tenuta di Arceno Chianti Cls,16494,C,58,11.68,50,1.2,8.353383458646617,9,10,116.4
The Seeker Malbec,16889,C,58,7.79,61,1.0,7.3076923076923075,6,7,95.06
Hess Select Pnt Nr,20162,C,58,7.43,62,0.9,8.5,8,9,92.84
Rosatello Sw Sparkling Rose,20180,C,58,9.65,55,1.1,7.833333333333333,5,6,105.8
Cafaggio Basilica Chianti Cl,20552,C,58,9.58,55,1.1,7.034883720930233,12,13,105.42
Ch Haut-Robert 10,23950,C,58,7.38,63,0.9,9.0,14,15,92.53
Drouhin Laforet Red Bourgog,25382,C,58,12.24,49,1.2,7.933333333333334,23,24,119.16
El Coto de Rioja RSV Coto d,33267,C,58,13.6,46,1.3,7.927835051546392,6,7,125.6
Warre's Altano Douro Portuga,34674,C,58,5.84,70,0.8,7.462962962962963,17,18,82.31
D'Arenberg Footbolt Shiraz,35646,C,58,11.61,50,1.2,7.788235294117647,10,11,116.05
Qupe Central Coast Syrah Cal,36123,C,58,11.76,50,1.2,7.453125,6,7,116.8
Punt e Mes Sweet Vermouth,344,C,57,15.74,43,1.3,8.354609929078014,4,5,133.96
Double Cross Vodka,3279,C,57,22.21,36,1.6,7.651428571428571,11,12,159.12
Flag Hill Spiced Rum,5983,C,57,21.42,36,1.6,8.276923076923078,13,14,156.28
Wild Turkey Rare Breed,8677,C,57,27.47,32,1.8,7.277777777777778,9,10,176.97
Torresella Pinot Grigio Ven,8787,C,57,6.7,65,0.9,7.5607476635514015,8,9,87.4
Dom de Dionysos Cairanne Cig,14552,C,57,13.24,46,1.2,7.427083333333333,43,44,122.86
3 Brooms Svgn Bl Marlborough,15876,C,57,9.65,54,1.1,7.251748251748252,9,10,104.89
Ch Haut Gravet Saint-Emillon,16724,C,57,25.97,33,1.7,9.0,45,46,172.06
Pink Flamingo Rose,17596,C,57,8.1,59,1.0,7.551020408163265,13,14,96.1
Sartori Amarone,18575,C,57,26.34,33,1.7,7.425742574257426,15,16,173.29
Picket Fence Pnt Nr RRV,18618,C,57,10.66,52,1.1,7.6231884057971016,7,8,110.24
Gunsight Rock Cab Svgn,19037,C,57,9.8,54,1.1,7.4375,25,26,105.7
Tenuta Alzatura Sagrantino,19552,C,57,12.9,47,1.2,7.416666666666667,11,12,121.27
J Lohr Cypress Cab Svgn,22517,C,57,5.91,69,0.8,7.846153846153846,127,128,82.08
Trefethen Chard Napa,22662,C,57,21.19,37,1.5,7.916666666666667,10,11,155.43
Malamatina Retsina,25418,C,57,4.07,84,0.7,7.133333333333334,31,32,68.12
Dry Creek Chenin Blanc Dry,25831,C,57,6.89,64,0.9,7.176470588235294,7,8,88.63
Righetti Amarone Valpo Clsc,27591,C,57,20.94,37,1.5,8.45,6,7,154.51
Henkell Brut,27679,C,57,9.33,55,1.0,7.666666666666667,25,26,103.13
Ch D'Arcins Haut Medoc,29400,C,57,12.49,48,1.2,7.59375,10,11,119.33
Fanal Madeira Full Rich,35999,C,57,8.44,58,1.0,7.608695652173913,6,7,98.09
Five Rivers Cab Svgn,37923,C,57,7.43,62,0.9,7.2592592592592595,9,10,92.03
La Carraia Sangiovese Umbri,38197,C,57,8.05,60,1.0,7.882882882882883,6,7,95.8
Pinnacle Vodka Gift Pak,1035,C,56,8.59,57,1.0,9.5,7,8,98.09
Mother's Apple Pie Liqueur,2851,C,56,4.5,79,0.7,7.0,23,24,70.99
Kinky Vodka,3670,C,56,12.02,48,1.2,6.970588235294118,5,6,116.03
Tooters Red-diculous 15 Pk,7867,C,56,7.68,60,0.9,7.906086956521739,15,16,92.75
Toasted Head Untamed Red,13693,C,56,7.58,61,0.9,7.814814814814815,12,13,92.14
Byron Santa Barbara Pnt Nr,14437,C,56,11.68,49,1.1,7.716216216216216,6,7,114.37
Scagliola Mati Barbera,14457,C,56,7.74,60,0.9,7.605633802816901,12,13,93.11
Casa Ferreirinha Esteva Doro,14703,C,56,7.58,61,0.9,7.032258064516129,15,16,92.14
Fuki Plum Wine,18653,C,56,6.57,65,0.9,7.203389830508475,19,20,85.78
Dachshund Rsl,19648,C,56,8.96,56,1.0,8.428571428571429,7,8,100.18
Rodney Strong Knotty Vn Znfl,26501,C,56,13.07,46,1.2,7.348484848484849,12,13,120.99
King Est Pnt Nr Ore,26558,C,56,16.54,41,1.4,7.564356435643564,6,7,136.11
J Lohr Arroyo Seco Chard,29696,C,56,12.66,47,1.2,8.307692307692308,15,16,119.08
Hahn Meritage Central Coast,39689,C,56,8.66,57,1.0,7.916666666666667,10,11,98.48
Canella Prosecco,45860,C,56,3.44,90,0.6,7.620689655172414,33,34,62.07
Grant's Ale Cask Finish,2711,C,55,15.03,43,1.3,7.5,4,5,128.58
Smith & Cross Jamacian Rum,4272,C,55,20.43,37,1.5,7.7534246575342465,6,7,149.92
The Pogues Irish Whiskey,7017,C,55,25.59,33,1.7,7.860215053763441,5,6,167.78
R Mondavi Pnt Nr Napa Vly,10205,C,55,16.99,40,1.4,7.318181818181818,39,40,136.71
Carpene Malvolti Prosecco,11199,C,55,9.8,53,1.0,7.033707865168539,13,14,103.83
Palagetto Vernaccia Gimigano,11200,C,55,9.26,54,1.0,7.044444444444444,12,13,100.93
Debauchery Carmenere,13393,C,55,6.07,67,0.8,7.68520568498289,10,11,81.71
J Lohr Falcon's Perch Pnt Nr,18952,C,55,9.18,55,1.0,7.382978723404255,16,17,100.49
Chalk Hill Pnt Nr RRV,21693,C,55,23.17,34,1.6,7.833333333333333,8,9,159.66
Apothic Crush,23273,C,55,6.45,65,0.8,7.2729591836734695,14,15,84.23
Ch Rollan de By Medoc,25204,C,55,17.0,40,1.4,9.6,15,16,136.75
C Krug Svgn Bl Napa,41222,C,55,10.32,52,1.1,7.92,10,11,106.55
Neil Ellis Sincerely Svgn Bl,44207,C,55,6.2,67,0.8,7.105263157894737,9,10,82.58
Codorniu Original Spklg Cava,44269,C,55,6.45,65,0.8,8.765625,15,16,84.23
Bex Rsl Mosel,45605,C,55,6.12,67,0.8,7.9743589743589745,6,7,82.05
DeKuyper Blue Curacao,564,C,54,6.61,64,0.8,7.888888888888889,5,6,84.49
Snake River Stampede Whisky,2098,C,54,16.29,41,1.3,9.083333333333334,8,9,132.64
Ungava Gin,2310,C,54,23.19,34,1.6,8.55045871559633,9,10,158.26
Pinnacle Habanero Vodka,3572,C,54,7.68,59,0.9,8.6,12,13,91.07
Ch Monet,5495,C,54,11.67,48,1.1,7.375,5,6,112.27
Paul Masson Chablis,6762,C,54,4.51,77,0.7,7.6891891891891895,19,20,69.79
Capt Morgan White Pineapple,8495,C,54,0.71,195,0.3,7.4,9,10,27.69
Junipero Gin,9092,C,54,21.89,35,1.5,8.700787401574804,10,11,153.76
Andre Bourgogne Pnt Nr RSV,10164,C,54,10.45,51,1.1,6.875,7,8,106.24
Bila-Haut Cotes Roussillon,13567,C,54,9.33,54,1.0,6.8125,9,10,100.38
Cono Sur Organic Cab Svgn,15057,C,54,6.8,63,0.9,7.373134328358209,6,7,85.7
Cono Sur Organic Chard,15059,C,54,6.2,66,0.8,7.125,10,11,81.83
Ruca Malen Malbec Rsv,18001,C,54,11.03,49,1.1,8.678571428571429,8,9,109.15
Forma de Art Red,19577,C,54,9.45,53,1.0,7.162790697674419,28,29,101.03
Barefoot Cellars Rosa Red,23414,C,54,1.62,129,0.4,8.75,59,60,41.83
Double Canyon Heaven H Cab S,24863,C,54,16.54,40,1.4,9.25,13,14,133.66
Forest Glen Merlot Cal,25623,C,54,5.44,70,0.8,8.173913043478262,8,9,76.65
Guenoc Petite Sirah N Cst,26646,C,54,9.93,52,1.0,7.82,32,33,103.56
J Lohr Hilltop Cab Svgn,31075,C,54,17.87,39,1.4,6.611111111111111,12,13,138.92
Flag Hill Marechal Foch NH,32809,C,54,8.78,55,1.0,8.25,5,6,97.38
Morgan Winery Syrah G-17 Mon,33574,C,54,11.64,48,1.1,7.309523809523809,13,14,112.12
Canyon Oaks Cab Svgn Cal,38102,C,54,3.86,84,0.6,6.761904761904762,37,38,64.57
B & G Pnt Nr Bistro,44238,C,54,5.4,71,0.8,8.030303030303031,10,11,76.37
Catskill Most Righteous Brbn,2467,C,53,17.96,38,1.4,8.222222222222221,23,24,137.98
James Oliver Rye Whisky,2655,C,53,21.89,35,1.5,7.5181818181818185,8,9,152.33
Auchentoshan 12 Yr Sngle Mlt,2816,C,53,34.61,28,1.9,7.5606060606060606,6,7,191.55
Flag Hill White Rum,3629,C,53,20.63,36,1.5,8.233333333333333,11,12,147.88
Bowman's Light Vodka,3688,C,53,3.56,86,0.6,8.4,10,11,61.43
Perc Coffee Liqueur,4583,C,53,17.29,39,1.4,8.0,8,9,135.38
Gloria Ferrer Brut,8895,C,53,12.41,46,1.2,7.790697674418604,15,16,114.69
F Coppola Votre Sante Chard,12079,C,53,7.43,60,0.9,7.222222222222222,7,8,88.75
Stone Fruit Rsl,13710,C,53,6.03,66,0.8,8.253333333333334,15,16,79.95
Honeymaker Lavender Mead,17147,C,53,9.03,54,1.0,8.433734939759036,6,7,97.84
Delamotte Brut,20903,C,53,12.66,46,1.2,6.8,85,86,115.84
Massolino Nebbiolo Langhe,21982,C,53,15.64,41,1.3,7.68520568498289,13,14,128.76
Locations E Red Spanish,22291,C,53,11.4,48,1.1,7.870967741935484,8,9,109.93
Dom Cherrier Sancerre,23848,C,53,10.73,50,1.1,7.366863905325443,9,10,106.65
Thierry Delaunay Tour Svgn B,24289,C,53,9.58,53,1.0,7.961038961038961,9,10,100.77
Kunde Cab Svgn Sonoma Valley,25417,C,53,11.68,48,1.1,7.898305084745763,10,11,111.27
Merryvale Starmont Cab Svgn,29371,C,53,18.66,38,1.4,8.131578947368421,12,13,140.64
Schmitt Sohne Blue Rsl,32619,C,53,12.41,46,1.2,7.80327868852459,9,10,114.69
Mionetto Prosecco Superiore,32835,C,53,12.24,47,1.1,7.80327868852459,20,21,113.91
Whitehall Lane Cab Svgn Napa,33370,C,53,23.02,34,1.6,7.779411764705882,10,11,156.21
Carolans Irish Cr Gift Set,356,C,52,9.12,53,1.0,8.647058823529411,10,11,97.39
Smirnoff Raspberry Vodka,913,C,52,10.58,50,1.0,8.0,13,14,104.9
Jim Beam White BBQ Sauce Pak,1878,C,52,10.65,49,1.1,6.5,16,17,105.25
Powers Signature Release,3620,C,52,31.99,29,1.8,7.496598639455782,8,9,182.43
Tooters Tri Berry Punch 15Pk,7855,C,52,7.57,59,0.9,7.68520568498289,16,17,88.73
Pepe Lopez White,8011,C,52,7.24,60,0.9,8.08695652173913,16,17,86.77
A Bichot Chablis Long Depaqt,10734,C,52,11.72,47,1.1,8.208333333333334,12,13,110.4
Beringer Classic Cab Svgn,11037,C,52,3.28,89,0.6,7.3979591836734695,8,9,58.41
Candia Vyds Ice Storm,18535,C,52,19.17,37,1.4,7.3125,12,13,141.2
Little Black Dress Divalicio,18734,C,52,6.03,66,0.8,7.543859649122807,9,10,79.19
M D 20/20 Coco Loco,19763,C,52,2.66,99,0.5,8.13888888888889,39,40,52.6
Kismet Wine Papa's All-Black,19769,C,52,13.15,44,1.2,8.0,20,21,116.95
Milbrandt Traditions Cab Svg,20343,C,52,9.58,52,1.0,7.766666666666667,9,10,99.82
Santi Pinot Grigio Delle Ve,21729,C,52,8.16,56,0.9,7.808219178082192,8,9,92.12
Citra Trebbiano D'Abruzzo,22883,C,52,7.48,59,0.9,7.583333333333333,14,15,88.2
Ch Fougere La Noble Rouge,23149,C,52,7.09,61,0.9,6.75,41,42,85.87
Neyers Vyd Chard Carneros,23345,C,52,14.28,43,1.2,7.21,17,18,121.87
Plantaze Vranac ProCorde Red,23514,C,52,9.05,54,1.0,8.057692307692308,23,24,97.02
Villa Maria Chard NZ,28162,C,52,8.05,57,0.9,7.82051282051282,10,11,91.5
Due Torri Pinot Grigio Dell,35885,C,52,6.03,66,0.8,7.6571428571428575,10,11,79.19
Duck Pond Chard Wash,36989,C,52,7.43,59,0.9,6.95,18,19,87.9
Wente Riverbank Rsl Monterey,44084,C,52,7.94,57,0.9,7.391891891891892,11,12,90.87
Jim Beam Signature Craft,1399,C,51,27.81,30,1.7,7.775,13,14,168.43
Camus Elegance VS Cognac,2793,C,51,17.18,39,1.3,8.755102040816327,13,14,132.39
Krupnik Spiced Honey Liqueur,8212,C,51,16.66,39,1.3,7.968421052631579,7,8,130.36
Joseph Carr Merlot Napa Vly,11249,C,51,11.84,46,1.1,8.117647058823529,8,9,109.9
Freemark Abbey Cab Svgn Napa,11460,C,51,27.02,31,1.6,7.6879432624113475,12,13,166.02
Talbott Pnt Nr Santa Lucia,15550,C,51,19.2,36,1.4,7.954545454545454,39,40,139.95
Ridge Lytton Petite Sirah,17347,C,51,19.35,36,1.4,9.272727272727273,11,12,140.49
Thorny Rose Cab Svgn,17912,C,51,6.16,64,0.8,7.631578947368421,7,8,79.27
Sterling Vyd Aromatic White,18571,C,51,6.5,63,0.8,7.0,14,15,81.43
Rodney Strong Charlottes Svg,19814,C,51,8.9,54,0.9,7.78421052631579,7,8,95.28
Pravis Pnt Grigio Vignetti,19881,C,51,5.91,66,0.8,9.0,10,11,77.64
Huber Hugo Gruner Veltliner,21157,C,51,7.38,59,0.9,6.967213114754099,15,16,86.76
Montignana 09 Chianti Clsco,23396,C,51,8.66,54,0.9,7.68520568498289,71,72,93.99
Frescobaldi Chianti Castigln,37817,C,51,8.66,54,0.9,8.451923076923077,9,10,93.99
Dancing Bull Zabaco Cab Svgn,43193,C,51,5.19,70,0.7,7.513888888888889,10,11,72.76
Hornitos Plata VAP,184,C,50,13.04,44,1.1,4.481481481481482,49,50,114.19
Jim Beam Devils Cut Bourbon,1932,C,50,0.71,188,0.3,6.52760736196319,9,10,26.65
Franciscan Est Svgn Bl Napa,10531,C,50,9.86,50,1.0,7.512195121951219,7,8,99.3
C Y Toro Carmenere de Casa,13433,C,50,12.33,45,1.1,7.3076923076923075,10,11,111.04
Cecchi Litorale Vermentino,15171,C,50,9.33,52,1.0,7.9375,39,40,96.59
Honeymaker Blueberry Mead,17145,C,50,11.56,47,1.1,8.736842105263158,7,8,107.52
Defesa Tinto Red Alentejo,17294,C,50,8.38,55,0.9,8.0,16,17,91.54
SakeMoto Junmai Sake,19513,C,50,5.88,65,0.8,8.447761194029852,6,7,76.68
Cielo Pnt Grigio,19935,C,50,5.26,69,0.7,8.0,41,42,72.53
Mercer Canyons Chard,22905,C,50,4.65,73,0.7,8.363636363636363,10,11,68.19
Vin Vault Chard,23539,C,50,12.41,45,1.1,6.840336134453781,5,6,111.4
Cuvaison Chard,24498,C,50,16.55,39,1.3,7.294117647058823,12,13,128.65
Montinore Pnt Gris Ore,36267,C,50,9.65,51,1.0,7.611111111111111,8,9,98.23
Jewell Towne Chardonnay,42117,C,50,9.6,51,1.0,7.961538461538462,8,9,97.98
Valle de la Puerta Torrontes,43143,C,50,6.03,64,0.8,7.76,8,9,77.65
DeKuyper Root Beer Schnapps,254,C,49,8.79,53,0.9,7.775862068965517,4,5,92.81
Bloom Gin,2089,C,49,16.53,38,1.3,7.75,9,10,127.29
Sloane's Gin,2163,C,49,14.38,41,1.2,9.0,6,7,118.71
Pendleton 1910,2209,C,49,21.58,34,1.4,7.421052631578948,6,7,145.43
Uisce Beatha Irish Whisky,2808,C,49,23.61,32,1.5,7.5588235294117645,4,5,152.11
Hudson Four Grain Bourbon,2878,C,49,29.84,29,1.7,7.983870967741935,17,18,171.02
Commander Quincy's Rum Toddy,4219,C,49,10.68,48,1.0,7.4,9,10,102.31
Papa Pilar Double Barrel Rum,4401,C,49,29.19,29,1.7,9.028571428571428,47,48,169.13
Southern Comfort Lime,5062,C,49,8.39,54,0.9,6.0,7,8,90.68
Lucano Amaro,5959,C,49,11.9,45,1.1,10.4,8,9,107.99
Tres Agaves Anejo Tequila,8454,C,49,24.8,31,1.6,7.178082191780822,5,6,155.91
Cambridge & Sunset Pnt Nr,11449,C,49,8.84,53,0.9,7.478260869565218,9,10,93.08
Candia Vyds Classic Cab Svgn,12086,C,49,9.65,50,1.0,7.2727272727272725,13,14,97.25
Educated Guess Chard,19249,C,49,11.03,47,1.0,8.076923076923077,6,7,103.97
Van Ruiten Family Chard,19747,C,49,7.79,56,0.9,6.0,9,10,87.37
Marques de Caceres Gran RSV,19782,C,49,16.44,39,1.3,7.574257425742574,6,7,126.94
Riondo Blu Prosecco,20407,C,49,9.33,51,1.0,8.0,12,13,95.62
Torres Altos Ibericos Rioja,23245,C,49,7.94,56,0.9,7.605263157894737,7,8,88.21
Ch La Gr Metaine Entre Mers,24290,C,49,8.16,55,0.9,8.283950617283951,20,21,89.43
Bolla Merlot,24672,C,49,8.49,54,0.9,7.8125,6,7,91.22
Lindemans Cawarra Shiraz/Cab,26163,C,49,8.82,53,0.9,8.444444444444445,9,10,92.97
Greg Norman Eden Vly Chard,32055,C,49,7.89,56,0.9,6.8791208791208796,15,16,87.93
Hogue Lt Harvest Clmb Wh Rsl,38731,C,49,6.84,60,0.8,7.9523809523809526,24,25,81.87
Sauza Tres Generaciones Pla,649,C,48,28.67,29,1.7,7.413533834586466,6,7,165.9
Hammer & Sickle Vodka,3306,C,48,20.86,34,1.4,8.215,15,16,141.51
Paul Masson Carafe Wh Znfdl,8422,C,48,3.08,88,0.5,7.777777777777778,78,79,54.38
Sheffield Marsala Silver Lne,10235,C,48,6.89,59,0.8,7.363636363636363,15,16,81.33
Gattinara Travaglini,10750,C,48,17.99,37,1.3,7.591836734693878,18,19,131.43
Oak Leaf Svgn Bl Cal,12188,C,48,1.99,110,0.4,5.0,0,1,43.71
Ch Beaucastel Coud Rouge,13113,C,48,21.85,33,1.5,9.08,15,16,144.83
Catena Vista Flores Malbec,13767,C,48,9.45,50,1.0,9.0625,33,34,95.25
Zonin Prosecco Brut,14119,C,48,2.16,105,0.5,8.756756756756756,0,1,45.54
Common Man Pnt Grigio,15235,C,48,5.99,63,0.8,7.787878787878788,78,79,75.83
Farnum Hill Dooryard Cider,15891,C,48,8.1,54,0.9,7.857142857142857,23,24,88.18
The Naked Grape Harvest Red,17487,C,48,4.6,72,0.7,7.676923076923077,8,9,66.45
L'Ardi Dolcetto D'Acqui,19000,C,48,6.66,60,0.8,7.407407407407407,8,9,79.96
Roaring Meg Pnt Nr,19074,C,48,12.66,44,1.1,7.282608695652174,7,8,110.25
Les Dauphins Cotes du Rhone,20626,C,48,2.7,94,0.5,6.25,70,71,50.91
Tolaini Al Passo Toscana,20674,C,48,17.23,37,1.3,7.339285714285714,7,8,128.62
Fontanafredda Barolo Serralu,24018,C,48,24.99,31,1.5,7.0,9,10,154.89
Ransom Sweet Vermouth,25282,C,48,12.49,44,1.1,7.765625,8,9,109.5
J. Ordonez Victoria Moscatel,25482,C,48,9.93,49,1.0,8.6,10,11,97.64
Chalk Hill Chard RRV,26739,C,48,27.58,29,1.7,8.0,16,17,162.74
Ferrari-Carano Merlot,26947,C,48,13.72,42,1.1,7.585714285714285,9,10,114.77
Lindemans Bin 99 Pnt Nr,29955,C,48,5.26,68,0.7,7.433333333333334,8,9,71.06
Beringer Fndrs Est Svgn Bl,31204,C,48,6.07,63,0.8,7.2727272727272725,25,26,76.34
Penley Est Phoenix Cab Svgn,35650,C,48,12.92,43,1.1,7.90625,12,13,111.37
Campus Oaks Old Vines Znfdl,36660,C,48,9.65,50,1.0,8.25,0,1,96.25
B & B Dom VAP,1020,C,47,18.11,36,1.3,8.5,18,19,130.47
Tap 357 Maple Rye Whisky,1296,C,47,20.6,34,1.4,8.285714285714286,6,7,139.16
Hudson Single Malt Whiskey,2770,C,47,31.0,28,1.7,8.070175438596491,7,8,170.73
Milagro Silver Select Barrel,3324,C,47,37.31,25,1.9,8.267973856209151,7,8,187.28
Remy Martin V,3601,C,47,26.61,30,1.6,7.336538461538462,10,11,158.16
Bacardi Gran Reserva Maestro,4160,C,47,15.5,39,1.2,7.857142857142857,20,21,120.71
Pimms Blackberry & Elderflwr,5925,C,47,14.05,41,1.1,7.6,8,9,114.92
Agave Underground Tequila,8458,C,47,26.27,30,1.6,7.229508196721311,8,9,157.14
Schug Svgn Bl Sonoma Vly,11437,C,47,10.73,47,1.0,8.333333333333334,12,13,100.43
Napa Cellars Pnt Nr Napa,12310,C,47,12.24,44,1.1,6.884615384615385,6,7,107.27
Ch St Michel Brdx Superur,14538,C,47,12.07,44,1.1,7.2727272727272725,9,10,106.52
Clos du Bois Unoaked Chard,18109,C,47,4.36,73,0.6,7.964285714285714,13,14,64.02
Ch Daqueria Tavel Rose,18332,C,47,8.66,52,0.9,7.105263157894737,11,12,90.22
Cryptic California Red,18909,C,47,9.65,49,1.0,8.185185185185185,9,10,95.24
Belle Glos Dairyman Vyd PN,19799,C,47,32.89,27,1.7,7.62962962962963,25,26,175.84
Peachy Canyon Westside Znfdl,21672,C,47,11.33,46,1.0,7.927536231884058,6,7,103.2
Ch Floreal Laguens Brdx,23147,C,47,7.99,54,0.9,5.666666666666667,16,17,86.66
Kikkoman Plum Wine,24047,C,47,5.8,64,0.7,7.246153846153846,4,5,73.84
Cecchi La Mora Vermentino,24119,C,47,8.55,52,0.9,8.857142857142858,10,11,89.65
Ruffino Chianti Clsc Santdam,27911,C,47,10.38,48,1.0,7.555555555555555,8,9,98.78
Beringer Chard Private RSV,31119,C,47,26.66,30,1.6,7.944444444444445,13,14,158.31
Neyers Merlot Napa,34525,C,47,16.54,38,1.2,7.8,26,27,124.69
Jermann Pinot Grigio Venezi,34971,C,47,16.66,38,1.2,7.928571428571429,11,12,125.15
Yalumba Y Series Shiraz Ausl,36510,C,47,7.89,55,0.9,8.142857142857142,7,8,86.12
Ponzi Willamette Pnt Nr,39450,C,47,23.8,31,1.5,7.782051282051282,7,8,149.59
Yellow Tail Cab/Merlot Ausl,40454,C,47,5.29,67,0.7,8.666666666666666,13,14,70.52
Tempranillo Vente Mazzaron,42167,C,47,8.6,52,0.9,7.864864864864865,10,11,89.91
1800 Silver w/ Shot Glasses,1038,C,46,16.41,37,1.2,7.0606060606060606,8,9,122.88
Seagram's Red Berry Vodka,3239,C,46,7.8,54,0.9,9.476190476190476,7,8,84.71
Pura Vida Silver Tequila,4034,C,46,26.66,29,1.6,7.973684210526316,9,10,156.62
Skinnygirl Sprklng Margarita,8565,C,46,7.87,54,0.9,8.285714285714286,12,13,85.09
Commanderie Bargmn Prov Rose,12478,C,46,10.96,46,1.0,7.370833333333334,5,6,100.42
Colosi Nero D'Avola Sicilia,13123,C,46,8.72,51,0.9,7.73109243697479,8,9,89.57
Sandeman 10 Yr Tawny Port,15745,C,46,14.28,40,1.2,7.828571428571428,6,7,114.62
James Mitchell Cab Svgn,17866,C,46,8.9,51,0.9,8.130952380952381,9,10,90.49
Ca'Momi Pinot Noir Napa Vall,18741,C,46,9.8,48,1.0,7.651162790697675,5,6,94.96
Barefoot Cellars Malbec,19850,C,46,7.53,55,0.8,7.506666666666667,4,5,83.23
The Pinot Project Pnt Nr,24798,C,46,8.38,52,0.9,6.8807339449541285,25,26,87.81
M Lynch Bordeaux Blanc Grave,25157,C,46,10.27,47,1.0,8.307692307692308,12,13,97.21
Wilson Winery Znfdl,25609,C,46,16.43,37,1.2,6.588235294117647,24,25,122.95
Cavit Cab Svgn,33987,C,46,6.53,59,0.8,7.669291338582677,7,8,77.51
Sebastiani Pnt Nr Sonoma,36376,C,46,10.52,47,1.0,7.703703703703703,8,9,98.38
Merriam Merlot RRV,37790,C,46,16.88,37,1.2,7.085714285714285,14,15,124.62
J Lohr Riverstone Chard,39518,C,46,16.23,38,1.2,7.649532710280374,12,13,122.2
Belle Glos Clark & Telephone,42264,C,46,32.67,27,1.7,7.918367346938775,13,14,173.39
Kamora Coffee Gift Pack,281,C,45,7.14,56,0.8,7.897435897435898,5,6,80.16
Robert Sinskey Merlot,669,C,45,26.84,29,1.6,6.0,18,19,155.42
Skinnygirl Tangerine Vodka,3406,C,45,10.78,46,1.0,9.0,32,33,98.5
OuterSpace Vodka,3681,C,45,23.07,31,1.5,9.21951219512195,6,7,144.1
Castillo Spiced Rum,4259,C,45,7.74,54,0.8,7.125,20,21,83.46
Piper Sonoma Bl de Bl Sonoma,10916,C,45,9.39,49,0.9,7.391891891891892,22,23,91.93
Murrieta's Well The Spur,12235,C,45,13.99,40,1.1,7.532467532467533,7,8,112.21
Callia Alta Pnt Grigio,12415,C,45,6.12,61,0.7,7.536585365853658,6,7,74.22
The Shepherd Svgn Bl,14657,C,45,8.49,51,0.9,6.9298245614035086,6,7,87.42
Yellow Tail Moscato,14929,C,45,5.47,64,0.7,7.428571428571429,36,37,70.16
Garnet Pnt Nr Monterey Cnty,16165,C,45,9.45,49,0.9,7.928571428571429,7,8,92.22
Canyon Rd Moscato,16290,C,45,3.24,83,0.5,8.448979591836734,38,39,54.0
NxNW Red Columbia Valley,20409,C,45,9.86,48,0.9,7.470588235294118,15,16,94.2
Barkan Clsc Cab Svgn,21381,C,45,9.03,50,0.9,7.95,9,10,90.15
Au Contraire Chard RRV,24014,C,45,9.08,50,0.9,6.428571428571429,38,39,90.4
Signo 11 Bobal de Manchuela,24540,C,45,13.79,40,1.1,6.5,59,60,111.41
Sensi Chianti DOCG,33767,C,45,7.14,56,0.8,7.819672131147541,11,12,80.16
Jaume Serra Cristalino Rose,38165,C,45,6.53,59,0.8,7.597222222222222,11,12,76.66
MezzaCorona Pnt Nr Dolomiti,45203,C,45,5.12,66,0.7,8.372549019607844,6,7,67.88
Jack Daniels Family 4 Pk/50m,2250,C,44,9.69,48,0.9,7.795180722891566,6,7,92.35
Black Button Citrus Gin,2262,C,44,21.2,32,1.4,7.730769230769231,5,6,136.59
Bacardi Anejo Mexican Rum,3615,C,44,11.02,45,1.0,9.0,17,18,98.48
Los Amantes Mezcal,3929,C,44,31.15,27,1.6,7.19375,7,8,165.59
Carlo Rossi Blush Calif,6257,C,44,9.86,47,0.9,7.483870967741935,20,21,93.15
Barefoot Cellars Rsl,13491,C,44,7.28,55,0.8,7.519760479041916,18,19,80.04
Merry Edwards Svgn Bl RRV,13553,C,44,25.34,29,1.5,7.3584905660377355,19,20,149.35
Big House White,13724,C,44,7.14,56,0.8,5.9,12,13,79.27
Masi Passo Doble,14300,C,44,7.43,54,0.8,8.521739130434783,7,8,80.86
LaBelle Winery Raspberry,14382,C,44,10.59,46,1.0,8.285714285714286,5,6,96.54
A Bichot Pouilly-Fuisse,14799,C,44,12.9,41,1.1,8.333333333333334,15,16,106.55
Flowers Chard Sonoma Cst,15233,C,44,29.21,27,1.6,7.890243902439025,10,11,160.35
Honeymaker Dry Mead,17146,C,44,9.08,49,0.9,8.623188405797102,5,6,89.39
Volpaia Citto Toscana,17984,C,44,9.86,47,0.9,7.659574468085107,12,13,93.15
The Tractor Guy Pnt Nr,18396,C,44,12.98,41,1.1,8.5,41,42,106.88
Opici White Sangria,19549,C,44,8.66,50,0.9,8.7289972899729,5,6,87.3
Chapoutier Cotes du Rhone R,21442,C,44,8.66,50,0.9,7.586956521739131,6,7,87.3
Juxtapoz Red North Cst,22087,C,44,13.79,40,1.1,7.652777777777778,13,14,110.16
Couleurs Du Sud Viognier,23394,C,44,6.75,57,0.8,10.6,9,10,77.07
Boya Pnt Nr,23801,C,44,10.66,45,1.0,7.130434782608695,9,10,96.86
Sutter Home Wh Merlot Cal,29129,C,44,6.45,58,0.8,7.385321100917431,7,8,75.34
Clos du Val Carneros Chard,29433,C,44,13.79,40,1.1,7.838709677419355,19,20,110.16
Masi Modello Delle Venezie,33581,C,44,6.75,57,0.8,8.583333333333334,8,9,77.07
Stags Leap Winery Cab Svgn,35959,C,44,32.46,26,1.7,7.175,7,8,169.01
McWilliams Hanwood Shiraz,36371,C,44,6.84,57,0.8,7.886075949367089,8,9,77.58
Liberty Crk Prm RSV Wh Znfdl,36541,C,44,5.51,63,0.7,5.84375,12,13,69.63
Ch Montelena Chard Napa,37048,C,44,26.84,29,1.5,7.7534246575342465,17,18,153.7
McWilliams Hanwood Cab Svgn,38726,C,44,4.66,69,0.6,8.714285714285714,12,13,64.04
Alexander Vly Vyds Gewurz,46816,C,44,6.8,57,0.8,7.191489361702128,8,9,77.36
El Tesoro Anejo Gold Tequil,525,C,43,31.0,26,1.7,7.443181818181818,6,7,163.29
Bols Green Creme De Menthe,831,C,43,7.46,54,0.8,7.877551020408164,6,7,80.1
Bols Cherry Flavored Brandy,838,C,43,7.96,52,0.8,7.631578947368421,16,17,82.74
Svedka Strawberry Colada,3285,C,43,7.29,54,0.8,7.68520568498289,17,18,79.18
White Mountain Vodka,3909,C,43,19.37,33,1.3,8.538461538461538,5,6,129.07
Dictador 12 Yr Rum,4274,C,43,22.21,31,1.4,8.2125,10,11,138.21
Josiah Bartlett Apple Brandy,5681,C,43,23.8,30,1.4,8.52,5,6,143.07
H by Hine Cognac,5990,C,43,39.36,23,1.9,8.333333333333334,19,20,184.01
Le Pive Rose Gris,10415,C,43,8.6,50,0.9,6.790322580645161,7,8,86.0
Freemark Abbey Merlot Napa,11337,C,43,17.44,35,1.2,7.8,7,8,122.47
Sartori Ferdi Bianco,13565,C,43,5.51,62,0.7,7.68520568498289,78,79,68.84
Frescobaldi Tenuta Castglni,16189,C,43,17.87,35,1.2,8.422018348623853,26,27,123.97
Ca'Momi Bianco di Napa,18748,C,43,5.6,62,0.7,7.75,5,6,69.4
Moonlight Meadery Red Dress,18837,C,43,8.66,50,0.9,6.814285714285714,7,8,86.3
Anderra Svgn Bl,18901,C,43,6.07,60,0.7,7.72,4,5,72.25
Davis Bynum Jane's Vyd Pnt,19855,C,43,19.47,33,1.3,7.46,7,8,129.4
Cline Chard Sonoma Cst,24621,C,43,5.88,60,0.7,7.6421052631578945,31,32,71.11
Jewell Towne Rsl NH,35319,C,43,9.66,47,0.9,8.404255319148936,7,8,91.15
Fanal Madeira Rainwater,36000,C,43,8.44,50,0.9,7.0,7,8,85.2
Frey Svgn Bl Organic Mendcno,36850,C,43,9.52,48,0.9,6.657894736842105,7,8,90.49
Lemelson Theas Slctn Pnt Nr,40658,C,43,20.54,32,1.3,7.06,12,13,132.92
Jim Beam w/2 Rocks Glasses,1004,C,42,10.65,44,1.0,8.411764705882353,21,22,94.59
Mother's Holiday Nog,1048,C,42,5.11,64,0.7,7.777777777777778,8,9,65.52
Ciroc Peach Vodka,3046,C,42,35.81,24,1.8,7.42023346303502,6,7,173.44
Stolichnaya Elit Vodka,3578,C,42,36.49,24,1.8,8.43362831858407,6,7,175.08
Cruzan Vanilla Flavored Rum,4421,C,42,8.2,51,0.8,7.453125,6,7,83.0
Woodstock Killer Bee,7193,C,42,8.91,49,0.9,7.0,5,6,86.52
Studebaker Manhattan RTD,8425,C,42,15.17,37,1.1,8.3125,5,6,112.89
Kamchatka Vodka,8708,C,42,4.62,67,0.6,6.883720930232558,20,21,62.3
Cousino Macul RSV Cab Svgn,12154,C,42,10.06,46,0.9,7.9361702127659575,8,9,91.93
Black Box Svgn Bl,12212,C,42,10.52,45,0.9,7.840557275541796,9,10,94.01
Citation Chard,14096,C,42,21.37,31,1.4,7.0,24,25,133.99
Beringer Cab Svgn Napa Vly,15205,C,42,17.76,34,1.2,7.075757575757576,8,9,122.15
Domino Chard,16246,C,42,5.47,62,0.7,7.338028169014085,12,13,67.78
Adissat Lirac,16824,C,42,13.15,40,1.0,9.133333333333333,15,16,105.1
Le Gr Bouqueteau Chinon Roug,16839,C,42,10.38,45,0.9,7.2444444444444445,39,40,93.38
Terrazas Torrontes Rsv 10,17378,C,42,8.27,50,0.8,7.733333333333333,9,10,83.35
Argyle Brut,18014,C,42,13.6,39,1.1,7.849056603773585,7,8,106.89
Cecchi Nobile Montepulciano,18278,C,42,16.1,36,1.2,7.695652173913044,7,8,116.29
Emblem Cab Svgn,19001,C,42,18.18,34,1.2,8.273972602739725,12,13,123.58
Claude Riffault Les Boucauds,19531,C,42,15.03,37,1.1,7.835820895522388,12,13,112.37
Soter Vyds Planet Oregon Pnt,20000,C,42,7.18,54,0.8,9.5,18,19,77.66
Kono Svgn Bl,20745,C,42,7.94,51,0.8,8.196428571428571,30,31,81.67
Heitz Znfdl Ink Grade Vyd,21218,C,42,17.44,35,1.2,7.9787234042553195,11,12,121.04
Cakebread Clrs Two Creeks 12,21311,C,42,26.84,28,1.5,8.434782608695652,12,13,150.15
Delish Svgn Bl,22696,C,42,6.66,56,0.8,7.959183673469388,14,15,74.8
Jekel Rsl Monterey,23148,C,42,7.48,53,0.8,8.285714285714286,32,33,79.27
Antinori Chianti Clsc Pepoli,24265,C,42,14.09,39,1.1,7.675675675675675,18,19,108.8
Saintsbury Carneros Pnt Nr,31847,C,42,21.85,31,1.4,7.7592592592592595,12,13,135.48
Frey Natural Red Organic Ca,36845,C,42,7.33,54,0.8,7.055555555555555,19,20,78.47
Gekkeikan Sake Kobai Plm Cal,37156,C,42,4.1,72,0.6,6.871794871794871,4,5,58.69
Nicolis Valpo Seccal Ripasso,44780,C,42,12.9,40,1.0,6.609375,5,6,104.1
LaBelle Winery Grnt St Apple,46826,C,42,10.34,45,0.9,7.885714285714286,7,8,93.2
Hiram Walker Triple Sec,451,C,41,3.59,76,0.5,7.033333333333333,6,7,54.26
McCormick Silver Rum,604,C,41,5.14,63,0.7,7.393939393939394,7,8,64.92
Chinaco Blanco Tequila,856,C,41,21.73,31,1.3,8.666666666666666,40,41,133.49
Benchmark Egg Nog,1042,C,41,5.34,62,0.7,7.6,5,6,66.17
Kru 82 Vodka,3483,C,41,10.21,45,0.9,7.979166666666667,11,12,91.5
Matusalem Gran Reserva Rum,4391,C,41,18.1,34,1.2,7.32824427480916,8,9,121.83
Twenty Grand Cognac,4921,C,41,15.87,36,1.1,8.6,10,11,114.08
Art in the Age Rhubarb Tea,5707,C,41,21.42,31,1.3,8.05813953488372,5,6,132.53
Herradura Reposado NHSLC,7219,C,41,30.46,26,1.6,9.0,21,22,158.04
Ravenswood Petite Sirah Vnts,11443,C,41,5.33,62,0.7,7.534246575342466,6,7,66.11
Terre Rouge Syrah Les Cotes,12024,C,41,11.56,42,1.0,7.76595744680851,9,10,97.36
Mont Redon Cotes du Rhone,15089,C,41,6.57,56,0.7,7.618811881188119,11,12,73.4
Six Hats Shiraz,15675,C,41,7.28,53,0.8,7.379310344827586,5,6,77.26
Dom Bousquet Chardonnay,16657,C,41,7.23,53,0.8,7.275,19,20,77.0
Red Diamond Malbec,16989,C,41,6.07,58,0.7,7.651515151515151,8,9,70.55
Rhiannon Proprietor's Red,17431,C,41,7.09,54,0.8,7.923076923076923,21,22,76.25
Dewatsuru Kimoto Junmai Sake,17882,C,41,16.32,35,1.2,7.0625,3,4,115.69
Markham Cab Svgn,22270,C,41,27.02,28,1.5,7.576923076923077,6,7,148.87
Zeni 11 Amarone Classico,24603,C,41,20.13,32,1.3,7.773584905660377,18,19,128.48
Novellum Chardonnay RSV VDP,31621,C,41,6.62,56,0.7,7.972972972972973,7,8,73.68
Rombauer Cab Svgn Napa,33028,C,41,30.4,26,1.6,7.333333333333333,21,22,157.89
Tommasi Pinot Grigio Le Ros,33578,C,41,9.86,46,0.9,7.925373134328358,8,9,89.92
Frogs Leap Znfdl Napa,36154,C,41,19.99,32,1.3,7.534883720930233,7,8,128.03
Sterling Vintners Cltn Syrah,37712,C,41,7.3,53,0.8,7.071428571428571,6,7,77.37
Wente Wetmore Cab Svgn,40965,C,41,16.44,35,1.2,7.632183908045977,14,15,116.11
Ricardo Santos Malbec Mendza,42797,C,41,10.64,44,0.9,7.5,52,53,93.41
J Lohr Riverstone Chard,44704,C,41,7.56,52,0.8,7.8076923076923075,23,24,78.74
Atteca Garnacha Old Vines,46554,C,41,9.39,47,0.9,8.0,7,8,87.75
Absolut Vanilia,217,C,40,14.7,37,1.1,7.222222222222222,11,12,108.44
DeKuyper Buttershots,547,C,40,10.31,44,0.9,7.388888888888889,3,4,90.82
Booker's Bourbon,1230,C,40,3.17,79,0.5,7.68520568498289,0,1,50.36
Hpnotiq Sparkle,1672,C,40,15.99,35,1.1,7.6,14,15,113.11
(RI) 1,2156,C,40,26.92,27,1.5,7.6,5,6,146.76
Bonnie Rose Spiced Apple,2200,C,40,10.78,43,0.9,8.387096774193548,15,16,92.87
Damrak Amsterdam Gin,2667,C,40,14.39,37,1.1,7.133333333333334,4,5,107.3
Caffo Vecchio Amaro del Capo,9140,C,40,16.29,35,1.1,7.4,4,5,114.16
F Coppola Diamnd Petite Sira,12429,C,40,9.08,47,0.9,8.0,4,5,85.23
Dom Serene Yamhill Cv Pnt Nr,14631,C,40,23.83,29,1.4,8.411764705882353,9,10,138.07
The Calling Dutton Chard RRV,17325,C,40,13.69,38,1.1,8.142857142857142,26,27,104.65
Thorny Rose Svgn Bl NZ,17915,C,40,5.8,59,0.7,7.492957746478873,7,8,68.12
Ch St Jean Soiree Red,17945,C,40,6.53,55,0.7,6.912280701754386,7,8,72.28
Cupcake Moscato,18529,C,40,5.1,63,0.6,6.815789473684211,18,19,63.88
Candia Vyds Diamond,18533,C,40,10.27,44,0.9,7.7,20,21,90.64
Cave de Tain St Joseph Red,19443,C,40,14.33,37,1.1,9.0,26,27,107.08
The Peach Chenin Bl/Viognier,20324,C,40,7.99,50,0.8,7.090909090909091,14,15,79.95
Fattoria Heba Marellino 11,20427,C,40,11.4,42,1.0,8.25,12,13,95.5
Kendall Jackson AVANT Svgn B,21270,C,40,5.91,58,0.7,7.333333333333333,7,8,68.76
Corvo Pnt Nr,22822,C,40,8.21,49,0.8,7.095890410958904,13,14,81.05
Renwood California Znfdl,23351,C,40,4.89,64,0.6,5.714285714285714,12,13,62.55
Ozeki Hana Awaka Sprkl Sake,24049,C,40,5.91,58,0.7,7.3,6,7,68.76
Honig Svgn Bl Rsv,24056,C,40,12.74,40,1.0,7.326923076923077,9,10,100.96
Le Prelat CdR Rouge,25200,C,40,8.78,48,0.8,6.613636363636363,13,14,83.81
Casa Lapostolle Svgn Bl,27798,C,40,6.49,56,0.7,8.0625,18,19,72.06
Penfolds Rawsons Shiraz/Cab,35801,C,40,6.12,57,0.7,8.026315789473685,12,13,69.97
Frey Chard Organic Mendocino,36844,C,40,9.26,46,0.9,7.3625,14,15,86.07
Two Hands Angels Share Shira,42456,C,40,19.35,32,1.2,7.294117647058823,13,14,124.42
Art In The Age Sage,555,C,39,21.73,30,1.3,7.844036697247707,5,6,130.19
Montezuma Tequila White,865,C,39,5.5,60,0.6,7.241379310344827,9,10,65.5
Red Stag Hardcore Cider,1392,C,39,10.6,43,0.9,8.928571428571429,7,8,90.93
Bowen's American Whiskey,1542,C,39,22.72,29,1.3,8.818181818181818,4,5,133.13
Greenore Irish Whiskey,2563,C,39,34.61,24,1.6,8.617021276595745,11,12,164.31
Beefeater 24,2597,C,39,14.38,37,1.1,7.6,5,6,105.91
Tanqueray Old Tom Gin,2650,C,39,19.68,31,1.3,8.5,10,11,123.91
Ciroc Pineapple Vodka,3652,C,39,37.79,23,1.7,7.346666666666667,6,7,171.7
Rumson's Coffee Rum,4326,C,39,22.38,30,1.3,7.673913043478261,16,17,132.14
Presidente Solera Brandy,4784,C,39,13.23,38,1.0,7.565217391304348,7,8,101.59
Los Amantes Reposado Mezcal,5808,C,39,38.12,23,1.7,7.362962962962963,5,6,172.46
A Bichot Pnt Nr Bourgogne,10732,C,39,9.8,45,0.9,8.304878048780488,6,7,87.43
Arrogant Frog Pnt Nr,14655,C,39,6.53,55,0.7,9.846153846153847,30,31,71.37
Greystone Cellars Cab Svgn,15357,C,39,6.89,53,0.7,7.645833333333333,13,14,73.31
Seven Falls Merlot,18174,C,39,7.14,52,0.8,7.461538461538462,28,29,74.63
Milestone Red,20096,C,39,5.88,58,0.7,8.058823529411764,12,13,67.72
Terrasole 07 Brunelo d Montl,20748,C,39,34.48,24,1.6,8.6,6,7,164.0
Verde Sole Petite Sirah,21428,C,39,9.45,45,0.9,7.648648648648648,19,20,85.86
Maison L'Envoye Two Messenge,22338,C,39,17.1,34,1.1,8.25,30,31,115.49
Hidlago Morenita Crm Sherry,24416,C,39,8.44,48,0.8,7.10126582278481,2,3,81.14
A Bichot St-Amour Champlette,25285,C,39,12.49,40,1.0,8.294117647058824,12,13,98.71
Ch Chantelune Margaux,25338,C,39,32.46,25,1.6,9.0,34,35,159.15
Hogue Cellars WA Svgn Bl,25917,C,39,6.07,57,0.7,8.375,6,7,68.81
Sycamore Lane Wh Znfdl Cal,33216,C,39,5.86,58,0.7,7.067415730337078,9,10,67.61
Talbott Logan Slpy Hl Pnt Nr,36625,C,39,14.18,37,1.1,7.793103448275862,17,18,105.17
Aldial Naia Rueda White,38953,C,39,8.27,49,0.8,7.610169491525424,14,15,80.32
Barefoot Syrah Cal,39209,C,39,7.53,51,0.8,7.590361445783133,5,6,76.64
Grahams 10-Yr Tawny Port,39764,C,39,18.29,33,1.2,7.664335664335664,7,8,119.45
Falesco Vitiano Umbria Bian,42018,C,39,7.94,50,0.8,8.095238095238095,20,21,78.7
Norton Malbec Mendoza,45090,C,39,8.05,49,0.8,7.475,7,8,79.24
Luxardo Maraschino Liqueur,200,C,38,23.43,28,1.4,8.593939393939394,6,7,133.46
Absolut Mango,484,C,38,16.79,34,1.1,7.68520568498289,55,56,112.97
Svedka Raspberry Vodka,779,C,38,9.55,45,0.8,7.854166666666667,6,7,85.2
Aviation American Gin,2238,C,38,18.93,32,1.2,7.824561403508772,5,6,119.95
Grey Goose La Poire Vodka,3199,C,38,34.3,24,1.6,6.9,17,18,161.49
Vendange Cab Svgn,6892,C,38,3.39,75,0.5,8.818181818181818,99,100,50.76
Tooters Ala-Bama Slama 15 Pk,7917,C,38,6.92,52,0.7,7.886446886446887,11,12,72.52
Cabrito Reposado,8348,C,38,13.95,37,1.0,7.68520568498289,0,1,102.97
Cointreau VAP,9439,C,38,21.47,30,1.3,8.0,22,23,127.74
Easton Amador Cnty Znfdl,10470,C,38,11.4,41,0.9,6.978260869565218,4,5,93.08
Bliss Chard,13594,C,38,8.16,48,0.8,7.555555555555555,5,6,78.75
Raymond Family Clsc Cab Svgn,14666,C,38,11.68,40,1.0,8.36111111111111,5,6,94.22
Senda 66 Tempranillo,15552,C,38,8.05,49,0.8,7.0588235294117645,4,5,78.22
Cesari Jema Corvina Veronese,16646,C,38,24.18,28,1.4,7.8,28,29,135.56
Vendange Sweet White,18000,C,38,2.75,83,0.5,6.333333333333333,5,6,45.72
Moet & Chandon Grand Vintage,18806,C,38,36.42,23,1.7,7.407894736842105,6,7,166.37
Franciscan Equilibrium White,19486,C,38,11.76,40,1.0,8.136363636363637,6,7,94.54
Bonpas Blanc Rhone Vly,21002,C,38,7.74,50,0.8,6.611111111111111,11,12,76.7
St Julien Rose CDR,21884,C,38,2.36,90,0.4,7.25,14,15,42.35
Dry Creek Vyds Est Block 10,22524,C,38,18.82,32,1.2,7.15,41,42,119.6
Viberti Barbera D'Alba Gemel,22617,C,38,6.8,53,0.7,7.666666666666667,110,111,71.89
Buil & Gine Montsant 17X1,22632,C,38,7.48,50,0.8,7.2,6,7,75.4
Fulchino Vyds Barbera Red,24024,C,38,13.69,37,1.0,8.17142857142857,15,16,102.0
Gallo Copperidge Wh Znfdl,24099,C,38,2.62,85,0.4,7.45,50,51,44.62
R M Woodbridge Znfdl Cal,24208,C,38,6.07,56,0.7,7.8307692307692305,8,9,67.92
Ch St Louis Vieux Galvesse L,25256,C,38,11.1,41,0.9,6.647058823529412,8,9,91.85
San Quirico Vernaccia,30638,C,38,9.52,45,0.8,7.5,29,30,85.06
Sensi Sangiovese/Cab Svgn T,33768,C,38,14.47,36,1.1,7.3023255813953485,6,7,104.87
Luce Della Vite Lucente Tosc,34580,C,38,18.82,32,1.2,9.166666666666666,16,17,119.6
Lange RSV Willamette Pnt Nr,38137,C,38,19.99,31,1.2,7.357142857142857,12,13,123.26
Felino Vino Cobos Malbec,41348,C,38,12.16,40,1.0,7.170731707317073,7,8,96.14
Blackstone Merlot Cal,42275,C,38,12.9,38,1.0,7.213333333333333,6,7,99.02
Scagliola Moscato D'Asti Prm,45185,C,38,9.08,46,0.8,7.7272727272727275,23,24,83.07
Old New England Egg Nog,1148,C,37,5.26,59,0.6,7.636904761904762,67,68,62.39
Dewars Wh Label & Honey 2 Pk,2502,C,37,26.92,26,1.4,9.0,11,12,141.15
The Macallan 12 Yr Old,2512,C,37,25.36,27,1.4,7.51685393258427,5,6,136.99
High West Campfire Whiskey,2781,C,37,44.11,20,1.8,9.179487179487179,20,21,180.72
High West American Prairie,2790,C,37,24.44,28,1.3,8.126614987080103,14,15,134.5
Ketel One Oranje,3408,C,37,15.62,34,1.1,7.5,10,11,107.52
Pinnacle Blueberry Vodka,3737,C,37,12.4,39,0.9,6.87037037037037,12,13,95.8
Tall Ship Appledore Rum,4121,C,37,22.21,29,1.3,7.738095238095238,6,7,128.2
Hine Rare VSOP,5468,C,37,45.11,20,1.8,8.583333333333334,6,7,182.72
Marcati Limoncello,8337,C,37,12.4,39,0.9,7.0,6,7,95.8
Freixenet Cordon Negro Brut,8875,C,37,15.33,35,1.1,7.428571428571429,7,8,106.51
KAH Tequila 3/50mLs Pak,9116,C,37,18.51,32,1.2,10.472222222222221,24,25,117.04
Dragani Mntplcno d'Abruzzo,12204,C,37,4.02,68,0.5,8.045454545454545,15,16,54.54
Debauchery Svgn Bl,13395,C,37,9.2,45,0.8,9.166666666666666,57,58,82.51
Cherry Pie Stanly Pnt Nr,14684,C,37,29.6,25,1.5,8.144927536231885,10,11,148.0
Gerard Bertrand Chard Rsv Sp,16468,C,37,7.79,49,0.8,8.28125,6,7,75.93
Penner-Ash Willamette Pnt Nr,16782,C,37,24.5,27,1.4,8.796875,7,8,134.67
Tikal Natura Malbec,16860,C,37,13.51,37,1.0,7.612244897959184,4,5,99.99
Marques de Caceres Albarino,17024,C,37,8.72,46,0.8,7.723404255319149,13,14,80.33
Juve Y Camp Rose Brut Pnt Nr,18613,C,37,9.33,45,0.8,7.144736842105263,12,13,83.1
Copain Tous Ensemble Chard,19242,C,37,6.95,52,0.7,7.68520568498289,0,1,71.72
Dom Virginie Thunevin Brdx,19392,C,37,9.93,43,0.9,7.6,20,21,85.72
Vega Sindoa Cab Svgn Navarra,22854,C,37,8.27,47,0.8,6.909090909090909,15,16,78.23
Castello Banfi Brun Montalcn,23172,C,37,20.4,30,1.2,9.266666666666667,11,12,122.87
Tintero Langhe Arneis,24432,C,37,5.95,56,0.7,7.5,12,13,66.36
Mt Beautiful Pnt Nr,24580,C,37,12.25,39,0.9,7.883116883116883,9,10,95.21
Kenwood J London Cab Svgn,24703,C,37,15.43,35,1.1,7.878787878787879,10,11,106.86
Ch du Levant Sauternes,25253,C,37,10.52,42,0.9,7.3,37,38,88.23
Northstar Merlot Columbia,31195,C,37,17.53,32,1.2,8.053571428571429,15,16,113.91
Terrabianca Campaccia,35123,C,37,21.76,29,1.3,7.333333333333333,5,6,126.9
Sycamore Lane Pnt Grigio Cal,42385,C,37,3.65,71,0.5,6.758620689655173,24,25,51.97
Neal Cab Svgn Napa,44493,C,37,31.07,24,1.5,8.181818181818182,6,7,151.65
Broadbent Madeira Rainwater,44912,C,37,10.88,41,0.9,7.276595744680851,5,6,89.73
Skinnygirl Cucumber Vodka,788,C,36,11.19,40,0.9,10.0,0,1,89.76
DeKuyper Orange Curacao,884,C,36,7.08,50,0.7,8.208333333333334,25,26,71.4
Glenkinchie 12 YO Scotch,1740,C,36,40.71,21,1.7,8.32258064516129,4,5,171.21
Glenrothes Sherry Cask Rsv,2207,C,36,46.15,20,1.8,8.170454545454545,7,8,182.3
Bulldog Gin,2990,C,36,15.99,34,1.1,7.481481481481482,4,5,107.31
Grey Goose L'Orange Vodka,3185,C,36,35.33,23,1.6,8.4,5,6,159.52
Zhenka Vodka 80 Proof,3892,C,36,2.18,91,0.4,6.5,18,19,39.62
Agave Loco Pepper Cured Teq,5838,C,36,17.85,32,1.1,7.5,8,9,113.37
Livingston Chablis Cal,6754,C,36,4.72,62,0.6,7.871794871794871,28,29,58.3
Gallo Twin Vly Chard Cal,6891,C,36,3.42,73,0.5,8.045454545454545,40,41,49.62
Sutter Home Cab Svgn,7874,C,36,3.99,67,0.5,6.769230769230769,36,37,53.6
E.H.Taylor Jr Single Barrel,8289,C,36,43.79,20,1.8,6.975903614457831,7,8,177.58
Arrow Blue Curacao,8720,C,36,5.96,55,0.7,7.86,5,6,65.51
Two Oceans WestrnCape Shiraz,11366,C,36,6.07,54,0.7,8.344827586206897,6,7,66.11
Castello Banfi Belnero Prop,11932,C,36,18.29,31,1.2,7.481481481481482,6,7,114.76
Merry Edwards Pnt Nr Sonoma,13552,C,36,31.72,24,1.5,7.882352941176471,15,16,151.13
Quinta do Noval Black Port,13619,C,36,12.07,39,0.9,7.645833333333333,4,5,93.23
Tisdale Vyds Pnt Grigio,14413,C,36,2.59,83,0.4,8.588235294117647,0,1,43.18
Cigar Box Cab Svgn Valle Cen,15076,C,36,7.74,48,0.8,7.964912280701754,6,7,74.65
Gaia Notios Red,15362,C,36,10.8,41,0.9,5.285714285714286,32,33,88.18
Cupcake Chianti,16869,C,36,4.57,63,0.6,7.0,12,13,57.36
Loukatos Retsina,17473,C,36,5.62,57,0.6,7.170731707317073,5,6,63.61
Ca'Momi Chard Napa Vly,18744,C,36,7.58,49,0.7,7.946666666666666,39,40,73.88
Lyric by Etude Pnt Nr,19316,C,36,9.99,42,0.9,9.181818181818182,0,1,84.82
Cesari Boscarel,19831,C,36,6.84,51,0.7,8.45514511873351,38,39,70.18
Querceto Sangiovese,19989,C,36,5.26,58,0.6,8.27699530516432,40,41,61.54
Renwood BBQ Zinfandel,21252,C,36,8.05,47,0.8,7.6,0,1,76.13
Benvolio Toscana Rosso,21260,C,36,8.78,45,0.8,8.0,40,41,79.51
Round Hill Comm Man Cab Svgn,21419,C,36,5.47,57,0.6,8.307692307692308,0,1,62.76
Round Hill Common Man Chard,21420,C,36,5.36,58,0.6,7.827586206896552,0,1,62.12
Le Grande Courtage Rose,21960,C,36,4.02,67,0.5,8.333333333333334,0,1,53.8
Trim Cabernet Sauvignon,21975,C,36,8.49,46,0.8,8.0,40,41,78.18
Schmitt Sohne Auslese Michls,22007,C,36,10.8,41,0.9,7.672413793103448,14,15,88.18
Five Oaks Wh Moscato,22043,C,36,2.54,84,0.4,8.4,41,42,42.76
Complicated Pnt Nr,22919,C,36,12.92,37,1.0,7.142857142857143,10,11,96.45
DeWetshof Limestone Hl Chard,23366,C,36,9.26,44,0.8,7.074074074074074,6,7,81.65
Manon Rose de Provence,23832,C,36,5.91,55,0.7,9.0,0,1,65.23
Olivier & Lafont Ventx Rouge,24292,C,36,7.48,49,0.7,7.8474576271186445,5,6,73.39
Hidlago Panesa Fino Sherry,24418,C,36,9.26,44,0.8,6.215686274509804,5,6,81.65
Dom La Fage Tess Carignan VV,24557,C,36,8.78,45,0.8,8.375,22,23,79.51
Tortoise Creek Cal Pnt Nr,24812,C,36,8.78,45,0.8,8.272727272727273,0,1,79.51
Benziger Tribute Estate Red,25465,C,36,39.99,21,1.7,5.0,15,15,169.69
Kenwood Cab Svgn Sonoma,25557,C,36,9.8,43,0.8,7.393258426966292,4,5,84.0
Kunde Magnolia Lane Svgn Bl,25643,C,36,7.89,48,0.8,7.555555555555555,7,8,75.37
Stival Pnt Grigio,27488,C,36,8.84,45,0.8,7.5,27,28,79.78
Ch Ste Michelle Canoe Rdge C,28223,C,36,10.38,42,0.9,7.552486187845304,7,8,86.45
Zenato Lugana Doc San Bened,35747,C,36,9.33,44,0.8,7.794520547945205,8,9,81.96
Montes Alpha Apalta Cab Svgn,37152,C,36,12.9,37,1.0,8.545454545454545,9,10,96.38
Salmon Creek Cab Svgn,38852,C,36,3.28,74,0.5,8.035714285714286,0,1,48.6
Salmon Creek Chard Cal,38853,C,36,3.39,73,0.5,8.4375,41,42,49.4
Five Oaks Merlot Cal,42753,C,36,2.6,83,0.4,8.0,40,41,43.27
Merieau 13 Bois Jacou Gamay,46590,C,36,8.38,46,0.8,7.666666666666667,40,41,77.68
Carstairs White Seal,1591,C,35,9.92,42,0.8,8.05,29,30,83.33
White Mountain Moonshine,1987,C,35,13.66,36,1.0,6.589743589743589,5,6,97.79
Glen Grant 10 Yr Single Malt,2942,C,35,27.12,25,1.4,7.538461538461538,4,5,137.8
Miodula Honey Vodka,3770,C,35,14.17,35,1.0,8.0,6,7,99.6
Sea Hagg Spiced Rum,4355,C,35,19.91,30,1.2,5.868421052631579,4,5,118.06
Franzia Tap Wh Grenache Cal,6446,C,35,9.8,42,0.8,8.03448275862069,12,13,82.83
DeLeon Platinum Tequila,7891,C,35,35.96,22,1.6,7.1395348837209305,6,7,158.66
Bols Triple Sec,8043,C,35,4.47,63,0.6,7.8,35,36,55.94
Desert Wind Cab Svgn,12387,C,35,10.8,40,0.9,7.611111111111111,3,4,86.95
Dierberg Santa Maria Chard,14209,C,35,15.58,34,1.0,7.68520568498289,5,6,104.44
Verde Sole Znfdl,15981,C,35,9.33,43,0.8,8.8,5,6,80.82
Sean Minor Red Napa Vly,16146,C,35,12.83,37,0.9,7.617647058823529,11,12,94.77
Lobstah White,16178,C,35,5.95,54,0.6,6.666666666666667,63,64,64.54
C Y Toro Frontera Vintage Re,17520,C,35,1.97,94,0.4,7.68520568498289,24,25,37.14
Triton Avante Mencia,18788,C,35,10.27,41,0.9,10.666666666666666,31,32,84.79
Tenuta Guado Al Tasso Bructo,18971,C,35,15.64,33,1.1,7.730337078651686,6,7,104.64
Attems Pnt Grigio Ramato,21849,C,35,11.72,39,0.9,8.39655172413793,13,14,90.58
The Calling Pnt Nr RRV,22294,C,35,17.23,32,1.1,8.263157894736842,19,20,109.82
Perrusset Macon Villages,23432,C,35,10.59,41,0.9,10.8125,19,20,86.1
Ch Maine d'Arman Cote Bourg,25258,C,35,8.72,45,0.8,6.352941176470588,4,5,78.13
Ch Martinon Brdx Rouge,25259,C,35,7.09,50,0.7,6.647058823529412,9,10,70.45
Ch Ste Michelle Canoe Rdg Me,26497,C,35,11.61,39,0.9,7.806451612903226,5,6,90.15
Jordan Chard Sonoma,26944,C,35,18.18,31,1.1,7.411764705882353,26,27,112.81
Truchard Carneros Pnt Nr,32805,C,35,16.12,33,1.1,6.75,12,13,106.23
Inniskillin Icewn Ngra Vidal,38859,C,35,32.46,23,1.5,7.364406779661017,8,9,150.74
Masi Masianco Pnt Grg/Verd,39219,C,35,9.08,44,0.8,7.943396226415095,7,8,79.72
Cono Sur Vision Svgn Bl Csbl,45334,C,35,6.66,51,0.7,7.222222222222222,24,25,68.28
McCormick Gin,600,C,34,5.21,57,0.6,7.204081632653061,4,5,59.52
Bacardi Limon Rum,804,C,34,11.56,38,0.9,8.05,5,6,88.66
Courvoisier VSOP VAP,1012,C,34,25.73,26,1.3,6.75,20,21,132.28
Wiggly Bridge Bourbon Sm Brl,2647,C,34,41.3,20,1.7,7.842553191489362,12,13,167.6
Tullibardine Single Malt,2991,C,34,36.49,22,1.5,7.215909090909091,4,5,157.55
Ice Fox Vodka,3350,C,34,12.3,37,0.9,6.833333333333333,3,4,91.46
Corzo Anejo Tequila,3460,C,34,41.04,20,1.7,7.640776699029126,5,6,167.08
Gallo Twin Valley Wh Znfdl C,6568,C,34,3.22,73,0.5,8.232558139534884,8,9,46.79
Seagrams VO,8065,C,34,0.77,149,0.2,7.68520568498289,12,13,22.88
Berentzen Bushel & Barrel,8282,C,34,0.71,155,0.2,8.5,47,48,21.97
R M Woodbridge Malbec,15888,C,34,4.05,65,0.5,7.909090909090909,23,24,52.48
Haunting Whisper DeChaunac,18800,C,34,8.27,45,0.8,8.0,16,17,74.99
Novy Four Mile Creek Red,19031,C,34,7.79,47,0.7,7.68520568498289,4,5,72.78
Clarendelle Brdx Rouge,19865,C,34,13.01,36,0.9,9.2,20,21,94.06
La Caplana Gavi di Gavi,21364,C,34,10.34,41,0.8,7.0,13,14,83.86
Kendall Jackson Grand Pnt Nr,21369,C,34,14.76,34,1.0,7.415384615384616,7,8,100.18
Plantaze Vranac Montenegro,23510,C,34,7.14,49,0.7,8.32,11,12,69.68
Love Lane Carmenere,23877,C,34,7.38,48,0.7,9.0,25,26,70.84
Ch La Cardone Medoc 09,23946,C,34,13.6,35,1.0,7.75,13,14,96.17
Choyomusubi Ryo Junmai Sake,24050,C,34,8.9,44,0.8,7.065217391304348,6,7,77.8
Nardi Brunllo d Montlcino 10,24727,C,34,34.86,22,1.5,6.666666666666667,43,44,153.96
Corvo Nero d'Avola & Pnt Gr,24929,C,34,11.84,38,0.9,7.235294117647059,23,24,89.73
Elvio Cogno Barolo Cascina N,25514,C,34,33.78,22,1.5,9.727272727272727,19,20,151.59
Ferrari-Carano Siena Sonoma,30713,C,34,11.18,39,0.9,7.686274509803922,15,16,87.19
Cataldi Madonna Malandrino,35358,C,34,9.05,43,0.8,7.5,14,15,78.45
Ramey Russian River Chard,36087,C,34,25.16,26,1.3,6.551724137931035,43,44,130.8
Aquinas Cab Svgn,39550,C,34,8.6,44,0.8,10.4,13,14,76.48
Choya Plum Wine,40296,C,34,13.72,35,1.0,7.3559322033898304,5,6,96.59
Ben Marco Malbec,41409,C,34,12.41,37,0.9,8.657142857142857,7,8,91.86
Benton Lane Pnt Gris Willamt,42801,C,34,11.03,39,0.9,6.5,9,10,86.61
Luigi Bosca RSV Cab Svgn,45599,C,34,11.72,38,0.9,8.576923076923077,3,4,89.27
Portillo Pnt Nr,46555,C,34,5.84,54,0.6,7.9375,8,9,63.02
Hornitos Reposado Tequila,453,C,33,21.01,28,1.2,7.568965517241379,8,9,117.76
Sipsmith Gin,2232,C,33,31.0,23,1.4,7.85,5,6,143.04
Big Peat Scotch,2717,C,33,43.38,20,1.6,7.959183673469388,5,6,169.26
Ultimat Vodka,3565,C,33,25.98,25,1.3,8.928571428571429,5,6,130.95
Grey Goose Le Citron Vodka,3778,C,33,34.3,22,1.5,9.8,5,6,150.46
Bracero Blanco Tequila,3884,C,33,25.92,25,1.3,7.297297297297297,6,7,130.8
Tall Ship Cedar Island Spice,4029,C,33,20.43,28,1.2,8.178082191780822,5,6,116.13
Easton Svgn Bl Sierra Foothl,10469,C,33,10.32,40,0.8,7.188405797101449,6,7,82.53
Canyon Rd Wh Znfdl,11156,C,33,6.07,52,0.6,7.161290322580645,8,9,63.29
Clayhouse Petite Sirah,12165,C,33,15.03,33,1.0,8.333333333333334,7,8,99.6
Nicolas Feuillatte Brut,14972,C,33,21.47,28,1.2,7.778846153846154,15,16,119.04
B & G Sauternes,16592,C,33,11.18,38,0.9,8.067567567567568,5,6,85.91
Sokol Blosser Evolution Red,16684,C,33,11.03,39,0.8,8.076923076923077,4,5,85.32
Don & Sons Pnt Nr Sonoma Cst,16868,C,33,11.84,37,0.9,8.275862068965518,4,5,88.4
Layer Cake Garnacha,18095,C,33,10.38,40,0.8,8.333333333333334,5,6,82.77
Zorvino Vyds Sangiovese,22298,C,33,8.06,45,0.7,7.87012987012987,6,7,72.94
Saved Red,22326,C,33,13.42,35,0.9,7.385964912280702,9,10,94.11
Pezzi King Znfdl Dry Creek,23858,C,33,14.48,34,1.0,8.323529411764707,9,10,97.76
Mija Sangria,24301,C,33,5.47,55,0.6,7.7824267782426775,20,21,60.08
Mirassou Pnt Nr,24817,C,33,13.1,35,0.9,7.613793103448276,8,9,92.99
Schramsberg Blanc de Blancs,25708,C,33,21.85,27,1.2,7.770833333333333,9,10,120.11
David Bruce Pnt Nr Sonoma,27065,C,33,23.48,27,1.2,7.780821917808219,9,10,124.51
Dynamite Merlot N Cst,32303,C,33,8.16,45,0.7,8.277777777777779,6,7,73.39
Michael David Chard,39334,C,33,10.45,40,0.8,7.333333333333333,5,6,83.05
Little Penguin Cab Svgn Ausl,39977,C,33,6.84,49,0.7,8.5,8,9,67.19
Talbott Kali Hart Vyd Pnt Nr,43615,C,33,11.84,37,0.9,7.328947368421052,21,22,88.4
Bols Brown Creme de Cacao,834,C,32,7.68,46,0.7,8.310344827586206,4,5,70.11
Hudson Maple Cask Rye,1050,C,32,32.84,22,1.5,7.545454545454546,4,5,144.98
Old St Nick's Egg Nog,1059,C,32,3.4,69,0.5,7.916666666666667,8,9,46.65
Old Grand Dad,1416,C,32,19.83,28,1.1,8.5,6,7,112.67
Dark Corner Moonshine,2929,C,32,19.54,29,1.1,8.666666666666666,40,41,111.84
AnestasiA Vodka,4353,C,32,26.8,24,1.3,7.842105263157895,5,6,130.99
Camus Grand VSOP Elegance,4527,C,32,26.92,24,1.3,7.814814814814815,12,13,131.27
Clement Mahina Coco Liqueur,4899,C,32,14.28,33,1.0,8.258064516129032,4,5,95.61
Jacquin Peach Brandy,4978,C,32,7.24,47,0.7,8.636363636363637,8,9,68.07
Avion Tequila 3/50ml Sampler,6477,C,32,7.8,45,0.7,7.397435897435898,20,21,70.66
Klinker Brick Old Ghst Znfdl,10267,C,32,24.65,25,1.3,8.785714285714286,16,17,125.62
Voga Moscato Italia,15426,C,32,6.45,50,0.6,7.666666666666667,17,18,64.25
Domino Pnt Grigio,16242,C,32,3.24,70,0.5,7.342105263157895,16,17,45.54
Catalpa Malbec,16538,C,32,8.6,43,0.7,7.803571428571429,12,13,74.19
Cavit Alta Luna Phases Rosso,18357,C,32,6.62,49,0.7,9.0,7,8,65.09
Herencia Altes Garnacha Negr,18783,C,32,5.86,52,0.6,6.583333333333333,5,6,61.24
Hideyoshi Namacho Honjozo Sa,19977,C,32,7.58,46,0.7,7.0,13,14,69.65
Bonpas Ch du Pape Rouge Rsv,21000,C,32,27.62,24,1.3,8.333333333333334,33,34,132.95
Wicked Bright Pnt Gr Veneto,21117,C,32,5.51,54,0.6,8.575757575757576,7,8,59.38
Rosatello Sweet Moscato,21323,C,32,6.16,51,0.6,7.607142857142857,24,25,62.79
Goose Bay Svgn Bl,21410,C,32,13.1,35,0.9,7.2439024390243905,15,16,91.56
Grape Time Winery Amarone,21783,C,32,8.7,43,0.7,7.848484848484849,6,7,74.62
Massolino Barbera D'Alba,21983,C,32,11.68,37,0.9,8.2,6,7,86.46
Lecciaia Brunello M Reserve,22318,C,32,27.92,24,1.3,8.058823529411764,18,19,133.67
Dylan's Ghost Hell Hollow CS,22353,C,32,30.51,23,1.4,9.75,24,25,139.74
Blindfold White,22508,C,32,20.68,28,1.1,7.195652173913044,7,8,115.05
Beringer The Waymaker Red,22568,C,32,17.0,31,1.0,6.8076923076923075,13,14,104.31
Alexander Vly Wicked Weekend,22800,C,32,10.59,39,0.8,7.68520568498289,10,11,82.33
Dom Roux Bourgogne Pnt Nr,23386,C,32,12.58,36,0.9,7.96,5,6,89.73
Fattoria di Basciano Chianti,23827,C,32,9.93,40,0.8,7.023255813953488,4,5,79.72
Ch Montaud Cotes de Provence,24193,C,32,14.19,34,0.9,7.510548523206751,9,10,95.3
Selini Nano Svgn Bl,24546,C,32,2.66,78,0.4,7.592592592592593,7,8,41.26
Ch de Carles Brdx,25211,C,32,8.49,43,0.7,6.898477157360406,8,9,73.72
Grgich Hills Znfdl,25796,C,32,23.02,26,1.2,7.655172413793103,8,9,121.39
Laboure-Roi Pouilly Fuisse,35577,C,32,6.66,49,0.7,9.0,0,1,65.29
MacMurray Ranch Selct Pnt Nr,38355,C,32,9.86,40,0.8,8.5,25,26,79.44
Kenwood Yulupa Chard Cal,39842,C,32,5.99,52,0.6,8.272727272727273,87,88,61.92
Moschofilero Boutari Mantnia,40456,C,32,9.33,41,0.8,8.212121212121213,6,7,77.28
Flag Hill Wild Blueberry Fr,41215,C,32,9.86,40,0.8,8.666666666666666,27,28,79.44
Mont Gras RSV Colch Carmener,43430,C,32,6.7,49,0.7,8.0,16,17,65.48
Quinta do Crasto RSV Douro,44922,C,32,22.81,26,1.2,7.208333333333333,6,7,120.84
Cono Sur Vision Cab Svgn,45331,C,32,7.28,47,0.7,7.666666666666667,11,12,68.26
Meeker Mendocino Cab Svgn,46111,C,32,6.8,49,0.7,7.68520568498289,13,14,65.97
Shafer Merlot Napa,46485,C,32,35.94,21,1.5,7.25,6,7,151.66
Desert Island Iced Tea,529,C,31,5.61,53,0.6,8.628571428571428,3,4,58.98
Bols White Creme De Cacao,833,C,31,7.99,44,0.7,8.30952380952381,7,8,70.38
Fulton's Harvest Pumpkin Liq,1025,C,31,5.26,54,0.6,5.615384615384615,13,13,57.11
Chivas Regal w/ 2 Glasses,1033,C,31,23.07,26,1.2,6.0,5,6,119.6
Granite Lightning Whiskey,1425,C,31,20.73,27,1.1,8.142857142857142,6,7,113.38
Old Forrester 1870 Craft,1999,C,31,34.88,21,1.5,8.8,5,6,147.06
Buchanans Deluxe 18 Yr Old,2908,C,31,53.84,17,1.8,7.225531914893617,7,8,182.7
Danziger Gold Vodka,3416,C,31,10.78,38,0.8,9.866666666666667,106,107,81.75
Brugal XV Rum,4575,C,31,19.37,28,1.1,9.0,17,18,109.59
Beniotome Sesame Shochu,5335,C,31,22.21,26,1.2,9.0,9,10,117.36
Blue Chair Bay CocSpc Cream,5737,C,31,13.38,34,0.9,8.333333333333334,8,9,91.08
Gallo Twin Vly Cab Svgn Cal,6383,C,31,3.33,68,0.5,8.11111111111111,27,28,45.44
Mateus Rose,8254,C,31,9.53,40,0.8,7.833333333333333,11,12,76.87
Baileys Coffee,8544,C,31,12.21,36,0.9,7.68520568498289,12,13,87.01
St George Absinthe Verte,8965,C,31,39.85,20,1.6,8.086206896551724,5,6,157.2
L Einaudi Dolcetto Dogliani,10972,C,31,11.76,36,0.9,8.5,29,30,85.39
Pezzi King Svgn Bl Dry Creek,11209,C,31,8.78,42,0.7,7.0,6,7,73.78
Banfi Centine Bianco Toscana,12224,C,31,6.57,49,0.6,7.5,6,7,63.83
Double Decker Red,13045,C,31,3.83,64,0.5,8.0,24,25,48.73
De Martino Carmenere Estate,14348,C,31,7.23,46,0.7,8.607142857142858,5,6,66.95
Gerard Metz Pnt Gris,17216,C,31,11.76,36,0.9,7.102564102564102,16,17,85.39
Lyrarakis Okto Syrah Blend,18167,C,31,9.52,40,0.8,7.531914893617022,3,4,76.83
Viberti Langhe Nebbolio,18629,C,31,13.79,34,0.9,8.25,16,17,92.47
Pine Ridge Napa Vlly Cab Svg,18974,C,31,32.67,22,1.4,7.232558139534884,19,20,142.33
Pomino Chard,19827,C,31,11.18,37,0.8,7.857142857142857,6,7,83.26
Perez Cruz Cab Svgn Rsva,20598,C,31,10.88,38,0.8,7.914285714285715,7,8,82.13
Line 39 Cab Franc Cntrl Cst,21121,C,31,5.51,53,0.6,7.68520568498289,14,15,58.45
Vincent Delaporte Sancerre,21338,C,31,12.98,35,0.9,9.627906976744185,8,9,89.72
Verde Sole Chard,21427,C,31,6.8,48,0.6,9.4,44,45,64.93
10 Span Pnt Nr CC,21533,C,31,5.13,55,0.6,8.333333333333334,25,26,56.4
Broadbent Vinho Verde Rose,21534,C,31,6.66,48,0.6,7.181102362204724,4,5,64.26
Hermann J Wiemer Dry Rsl,22901,C,31,12.32,35,0.9,7.857142857142857,7,8,87.41
Hermann J Wiemer Semi Dry Rs,22902,C,31,11.1,37,0.8,8.072727272727272,7,8,82.96
Champlain Orchards Ice Cider,23159,C,31,17.56,30,1.0,7.822784810126582,4,5,104.35
Fonterutoli Chianti Clsco,23297,C,31,14.76,32,1.0,6.875,6,7,95.67
Wente Pnt Nr Riva Ranch,23535,C,31,16.89,30,1.0,8.023809523809524,5,6,102.34
Wine & Soul Manoela Douro,24876,C,31,13.15,34,0.9,7.666666666666667,14,15,90.3
Buglioni L'Amarone,24992,C,31,36.18,21,1.5,10.5,7,8,149.79
Tardieu Laurent Le Becs Fins,24993,C,31,12.92,35,0.9,7.0,12,13,89.51
Schug Cab Svgn,25467,C,31,17.23,30,1.0,8.0,17,18,103.36
Ch Pitot Brdx,25789,C,31,6.89,47,0.7,7.888888888888889,5,6,65.36
Gekkeikan Sake Calif,29427,C,31,45.26,19,1.6,7.722543352601156,4,5,167.57
Warre's 20-Yr Tawny Port,32136,C,31,29.41,23,1.3,6.925925925925926,4,5,135.03
Rombauer Merlot Napa,32827,C,31,18.79,29,1.1,8.36111111111111,8,9,107.94
Liberty Creek Prem RSV Chard,36539,C,31,5.33,54,0.6,7.556213017751479,8,9,57.49
Ravenswood Znfdl Lodi,36766,C,31,10.95,38,0.8,9.25,6,7,82.4
Loimer Lois Gruner Veltliner,39974,C,31,9.26,41,0.8,7.62962962962963,14,15,75.77
Drouhin St Veran,44715,C,31,12.32,35,0.9,8.244897959183673,11,12,87.41
Broadbent Auction RSV,46725,C,31,12.98,35,0.9,7.647058823529412,3,4,89.72
Tarantula Azul Tequila Gift,120,C,30,10.44,38,0.8,8.916666666666666,6,7,79.15
Milagro Tequila Anejo SBR,284,C,30,53.43,17,1.8,7.838095238095238,8,9,179.07
Cleveland Christmas Bourbon,1505,C,30,20.43,27,1.1,9.333333333333334,17,18,110.72
Talisker Distillers Edition,1798,C,30,51.09,17,1.8,7.341176470588235,7,8,175.09
Admiral Nelson Egg Nog,1972,C,30,5.46,52,0.6,8.333333333333334,8,9,57.24
Peligroso Reposado Tequila,3070,C,30,16.53,30,1.0,9.0,5,6,99.59
Hiram Walker Pumpkin Spice,5056,C,30,5.55,52,0.6,5.902439024390244,8,8,57.71
Malibu Island Spiced Rum,5145,C,30,9.12,41,0.7,8.5,19,20,73.98
Schmitt Sohne Liebfraumilch,6426,C,30,9.08,41,0.7,7.865168539325842,3,4,73.81
Herradura Reposado Lot 598,7780,C,30,34.58,21,1.4,6.5,18,19,144.05
Gallo Fairbanks Red Port,8079,C,30,3.39,67,0.4,8.833333333333334,17,18,45.1
Studebaker Old Fashioned RTD,8447,C,30,16.92,30,1.0,8.314285714285715,7,8,100.76
Carlo Rossi Chablis Calif,8909,C,30,4.51,58,0.5,8.18867924528302,14,15,52.02
J Lohr Fogs Ranch Pnt Nr,10591,C,30,18.61,28,1.1,10.0,7,8,105.68
Righetti Campolieti Valpo,10621,C,30,11.56,36,0.8,8.428571428571429,8,9,83.28
Canyon Rd Wh Znfdl,10724,C,30,3.15,69,0.4,7.5,25,26,43.47
Zaccagnini Cerasuolo Rose,17119,C,30,10.66,38,0.8,7.521367521367521,5,6,79.98
Coppo L'Avvocata,17983,C,30,11.48,36,0.8,8.0,65,66,82.99
Fattoria Pagliaatura Verm 11,20425,C,30,8.16,43,0.7,10.0,14,15,69.97
Carpineto Montepulciano 11,20429,C,30,7.53,45,0.7,8.411764705882353,48,49,67.22
La Croix de Carbonnieux Roug,20519,C,30,12.58,35,0.9,8.75,14,15,86.89
Rodney Strong Rsv Alex Vy CS,21281,C,30,32.23,22,1.4,7.791208791208791,7,8,139.09
Perez Cruz Carmenere Ltd Ed,21363,C,30,13.42,33,0.9,7.0,13,14,89.74
Riunite Lambrusco Cuties,21517,C,30,5.06,54,0.6,7.794520547945205,5,6,55.1
Moonstone Coc Lemongras Sake,21615,C,30,4.79,56,0.5,8.25,8,9,53.61
Round Hill Chard,22671,C,30,9.14,41,0.7,8.44,0,1,74.06
Fulchino Vyds 603 Red,24022,C,30,10.06,39,0.8,8.564102564102564,7,8,77.7
Grape Time Wh Cranbery Pnt G,24153,C,30,8.72,41,0.7,7.607843137254902,7,8,72.34
J Bouchon Canto Sur,24775,C,30,8.9,41,0.7,7.4375,10,11,73.08
Le Haut Medoc de Lascombes,25339,C,30,23.02,26,1.2,9.666666666666666,5,6,117.54
Aszu Royal Tokaji 5 Puttony,29039,C,30,29.13,23,1.3,8.439024390243903,18,19,132.22
Stags Leap Winery Chard Napa,35960,C,30,20.26,27,1.1,7.05,5,6,110.26
La Carraia Orvieto Clsc,38198,C,30,6.8,47,0.6,7.121951219512195,4,5,63.87
Barefoot Syrah Cal,39470,C,30,3.22,68,0.4,8.627906976744185,8,9,43.95
Zardetto Pros di Coneg Brut,44033,C,30,3.24,68,0.4,7.0,13,14,44.09
Carmel Road Unoaked Chard Mo,44106,C,30,9.86,39,0.8,7.809523809523809,16,17,76.92
Spy Valley Pnt Nr Marlboro,46141,C,30,12.98,34,0.9,7.15,12,13,88.25
Mr Boston Blue Curacao,109,C,29,4.95,54,0.5,8.512195121951219,3,4,53.58
Hornitos Reposado VAP,173,C,29,14.7,31,0.9,4.662790697674419,5,5,92.34
1800 Reposado Gold Tequila,585,C,29,22.55,25,1.2,7.96039603960396,4,5,114.38
Svedka Vanilla Vodka,693,C,29,9.35,39,0.7,7.782608695652174,7,8,73.64
Goslings Dark'n Stormy VAP,1000,C,29,11.62,35,0.8,9.25,8,9,82.1
Bird Dog Apple Whiskey,2181,C,29,0.73,141,0.2,7.68520568498289,7,8,20.58
Laphroaig Cairdeas Islay,2746,C,29,51.42,17,1.7,9.833333333333334,10,11,172.71
Solid Granite Vodka,3815,C,29,21.53,26,1.1,7.595238095238095,6,7,111.75
Metaxa 5 Star,4698,C,29,10.38,37,0.8,8.461538461538462,7,8,77.6
Poli Sarpa Grappa,6624,C,29,33.11,21,1.4,7.208333333333333,11,12,138.58
Tooters Blu-D Kamikazi 15 Pk,7931,C,29,6.47,47,0.6,7.8597785977859775,26,27,61.26
Bridlewood Blend 175 C C,10932,C,29,9.33,39,0.7,7.275862068965517,8,9,73.57
Cecchi Natio Organic Chianti,12253,C,29,5.22,53,0.5,10.0,9,10,55.02
Caposaldo Prosecco Brut,12271,C,29,8.66,41,0.7,7.964912280701754,23,24,70.87
Angelini Sangiovese Pesaresi,12511,C,29,9.67,39,0.7,7.833333333333333,6,7,74.89
Liberty School Cab Svgn,13427,C,29,16.23,30,1.0,7.5394736842105265,9,10,97.02
Redwood Creek Malbec,13718,C,29,7.28,45,0.6,7.846153846153846,5,6,64.98
Badenhorst Secateurs Chen Bl,16560,C,29,8.78,41,0.7,7.088888888888889,5,6,71.36
Nostor Tinto Priorat,17617,C,29,10.34,37,0.8,6.947368421052632,4,5,77.45
Ruca Malen Yauquen Bonarda,18963,C,29,5.47,51,0.6,12.0,12,13,56.33
Ravenswood Barricia Znfdl,19995,C,29,12.32,34,0.9,8.846153846153847,8,9,84.54
Chehalem Pnt Nr Three Vyd,20770,C,29,14.33,32,0.9,8.125,7,8,91.17
Plantaze Krstac Montenegro W,23512,C,29,7.41,44,0.7,8.038461538461538,7,8,65.56
Marquis d Gelida Brut Rsv,24305,C,29,11.18,36,0.8,8.8,9,10,80.53
O Lflv Bour Les Setilles,24390,C,29,15.78,30,1.0,7.68520568498289,17,18,95.67
Ch Messile Aubert Montgne St,24963,C,29,15.17,31,0.9,9.75,16,17,93.8
Champagne Pommerey 04 Gr Cru,25386,C,29,33.11,21,1.4,7.125,19,20,138.58
Flag Hill De Chaunac Red NH,32807,C,29,7.58,44,0.7,7.666666666666667,21,22,66.31
Little Penguin Merlot Ausl,39981,C,29,7.99,43,0.7,7.766990291262136,5,6,68.08
Folie A Deux Amador Znfdl,41032,C,29,11.56,35,0.8,6.878787878787879,6,7,81.89
Red Diamond Chard Wash,41144,C,29,6.12,49,0.6,7.9361702127659575,17,18,59.58
J Lohr Seven Rst Cv Cab Svgn,44703,C,29,8.7,41,0.7,8.192307692307692,12,13,71.04
Hess Clctn 19 Block Cuvee,45035,C,29,22.87,25,1.2,7.852941176470588,5,6,115.18
Gruet Blanc de Noir,45424,C,29,11.1,36,0.8,7.2272727272727275,7,8,80.24
Ciroc Peach Vodka,473,C,28,26.55,23,1.2,8.272727272727273,57,58,121.93
Sobieski Espresso Vodka,751,C,28,7.51,43,0.7,8.457142857142857,5,6,64.85
Tanqueray Ten Gin,868,C,28,24.61,24,1.2,8.043478260869565,5,6,117.4
Absolut Apeach,994,C,28,14.81,31,0.9,8.666666666666666,6,7,91.07
Ole Smoky Pumpkin Pie,1030,C,28,13.56,32,0.9,8.25,17,18,87.14
JP Wiser's Rye w/ 2 Glasses,1037,C,28,15.5,30,0.9,11.0,15,16,93.17
Christian Bros Holiday Nog,1061,C,28,5.3,51,0.5,6.902777777777778,4,5,54.48
Makers Mark Cask Strength,1309,C,28,44.44,18,1.6,9.585365853658537,3,4,157.77
Bonnie Rose Orange Peel,2184,C,28,11.36,35,0.8,8.625,10,11,79.76
Master's London Dry Gin,2855,C,28,21.58,25,1.1,8.0,13,14,109.95
Berentzen Apple Liqueur,5065,C,28,11.42,35,0.8,7.823529411764706,4,5,79.97
P & J Cold Soaked Pineapples,5698,C,28,14.61,31,0.9,7.896551724137931,17,18,90.45
Fetzer Wh Znfdl Cal,6483,C,28,5.88,49,0.6,8.565217391304348,10,11,57.38
Clos du Bois Marlstone,6698,C,28,29.33,22,1.3,7.476190476190476,7,8,128.16
El Jimador Silver Tequila,6764,C,28,13.73,32,0.9,8.090909090909092,35,36,87.69
Barrow's Intense Ginger,7890,C,28,22.21,25,1.1,7.0,3,4,111.52
W Hill RSV Cab Svgn,10676,C,28,28.1,22,1.3,8.365853658536585,10,11,125.46
R M Woodbridge Chard,10722,C,28,3.92,60,0.5,7.0,5,6,46.85
Latour Meursault AC Blanc,11353,C,28,31.75,21,1.3,7.95,3,4,133.34
Buried Cane Chard,11397,C,28,8.21,41,0.7,8.26923076923077,7,8,67.81
Shaya Verdejo Old Vines Whit,13124,C,28,8.78,40,0.7,8.470588235294118,7,8,70.12
Frescobaldi Mormoreto Cab Sv,13602,C,28,29.72,22,1.3,8.84,15,16,129.02
Atamisque Assemblage,16541,C,28,22.75,25,1.1,7.8076923076923075,16,17,112.88
Riebeek Cellars Cab Svgn,17019,C,28,6.45,47,0.6,8.0,27,28,60.1
Lamole Chianti Clsco Racolto,20762,C,28,10.95,36,0.8,7.353658536585366,6,7,78.31
Honoro Vera Organic Jumilla,21169,C,28,5.59,50,0.6,8.8,16,17,55.95
Giorgio Carnevale Barbr Asti,23126,C,28,8.1,42,0.7,8.507042253521126,5,6,67.35
J J Vincent Pouilly Fuisse,23919,C,28,13.99,32,0.9,8.23076923076923,4,5,88.52
Lee Family Farm Rio Tinto S,24001,C,28,11.64,35,0.8,8.666666666666666,21,22,80.74
Schramsberg Mirabelle B Rose,24999,C,28,17.23,29,1.0,8.75,9,10,98.24
Dom La Soumade Rast Prestige,25340,C,28,17.23,29,1.0,7.68520568498289,6,7,98.24
Peter Vella Cab Svgn Cal B/B,31873,C,28,10.45,37,0.8,8.0,9,10,76.5
Acorn Cve Alegria Russ Syrah,39473,C,28,18.49,28,1.0,8.75,29,30,101.77
M Chiarlo Gavi Wh,40583,C,28,7.33,44,0.6,11.0,9,10,64.07
Torres Sangre de Toro Catal,41377,C,28,5.88,49,0.6,7.173913043478261,5,6,57.38
Grayson Cellars Znfdl Cntl C,46299,C,28,6.49,46,0.6,6.867924528301887,5,6,60.29
Courvoisier VS Gift Pak,350,C,27,18.1,27,1.0,8.015873015873016,12,13,98.87
Caribou Crossing Canadian,441,C,27,37.31,19,1.4,8.0,5,6,141.94
Fitch's Goat Moonshine,1262,C,27,16.79,28,1.0,5.5,36,36,95.23
Bacardi 8 Gift Set,1414,C,27,14.28,31,0.9,9.0,57,58,87.82
Dewars 18 Yr Old Founders Rv,2624,C,27,46.76,17,1.6,7.360294117647059,5,6,158.9
Don Eduardo Anejo Tequila,3716,C,27,21.42,25,1.1,7.608695652173913,5,6,107.55
Tall Ship White Island Rum,4012,C,27,21.09,25,1.1,8.06578947368421,11,12,106.72
Fire Water Hot Cinnamon,5487,C,27,10.36,36,0.8,7.5,52,53,74.8
Jefferson's Manhattan RTD,8100,C,27,28.77,22,1.2,6.4,8,8,124.66
Gaia Notios Nemea Wh,10650,C,27,10.59,36,0.8,5.8,59,59,75.62
Ch Beauchene Rose,10735,C,27,9.39,38,0.7,7.064516129032258,5,6,71.21
La Cana Albarino,13122,C,27,9.52,38,0.7,8.581395348837209,11,12,71.7
Fontanafredda Briccotondo,13651,C,27,9.03,39,0.7,7.428571428571429,10,11,69.83
Domino Cab Svgn,16239,C,27,3.37,63,0.4,8.88,5,6,42.66
Chartron Trebuchet Chard Bou,16692,C,27,10.88,35,0.8,8.097222222222221,9,10,76.65
Defesa Rose Alentejo,17292,C,27,8.6,40,0.7,7.8375,10,11,68.15
Alverez de Toledo Godello,17838,C,27,6.7,45,0.6,7.5625,4,5,60.15
Renacer Enamore Red,18240,C,27,17.68,28,1.0,8.3,17,18,97.72
Antinori Tenuta Marchese,18380,C,27,24.48,23,1.2,7.527472527472527,5,6,115.0
Rob Stuart Vignette Pinot Nr,18774,C,27,17.23,28,1.0,7.866666666666666,19,20,96.46
Exem Brdx,19806,C,27,7.84,41,0.7,7.413793103448276,14,15,65.07
Guasti Clemente Barolo Rsva,19887,C,27,32.25,20,1.4,9.142857142857142,16,17,132.0
Justin Obtuse,21078,C,27,6.49,46,0.6,9.11111111111111,28,29,59.2
Dom Bousquet Cab Svgn Rsv,21832,C,27,10.45,36,0.8,6.321428571428571,15,15,75.12
Massolino Barolo Serralunga,21981,C,27,25.97,23,1.2,8.133333333333333,4,5,118.43
Ch Massiac Viognier,22367,C,27,9.93,37,0.7,7.6,28,29,73.23
Mionetto Prosecco DOC Brut,23917,C,27,18.54,27,1.0,7.367924528301887,4,5,100.06
Failla Pnt Nr Sonoma Cst,24575,C,27,23.17,24,1.1,8.5,9,10,111.86
Nardi Rosso di Montalcino 13,24728,C,27,15.06,30,0.9,7.5,16,17,90.18
Bonny Doon Vin Gris de Cigar,25696,C,27,6.75,45,0.6,7.991379310344827,5,6,60.38
Clos du Val Merlot Napa,29434,C,27,16.44,29,0.9,7.795454545454546,19,20,94.23
Clos LaChance Chard,35075,C,27,7.58,42,0.6,6.970588235294118,4,5,63.98
Condesa De Leganza Crianza,36198,C,27,3.22,65,0.4,7.68520568498289,15,16,41.7
Frogs Leap Chard Napa,37542,C,27,20.68,26,1.0,7.716666666666667,4,5,105.69
Cesari Sangioves Romagna RS,41820,C,27,12.98,32,0.8,9.5,31,32,83.72
Valckenberg Dornfelder,42934,C,27,8.21,41,0.7,7.394736842105263,23,24,66.59
Blackstone Montry Pnt Grigio,43673,C,27,5.47,50,0.5,7.351851851851852,8,9,54.35
Punto Final Perdriel Malbec,45061,C,27,10.8,35,0.8,8.2,26,27,76.37
Murphy-Goode Merlot Alexandr,46947,C,27,7.28,43,0.6,7.804878048780488,4,5,62.7
Milagro Tequila Reposado SBR,283,C,26,39.69,18,1.4,7.7701149425287355,4,5,143.66
Hiram Walker Creme de Cassis,694,C,26,6.23,46,0.6,7.089743589743589,6,7,56.92
DeKuyper Watermelon Pucker,906,C,26,10.15,36,0.7,7.217391304347826,4,5,72.65
Smirnoff Citrus Vodka,915,C,26,10.98,34,0.8,8.096774193548388,27,28,75.57
12 Days of Pearls Gift Set,1007,C,26,7.19,43,0.6,9.0,5,6,61.15
Benromach 10Yr Single Malt,2815,C,26,40.57,18,1.4,8.456521739130435,5,6,145.25
Ardmore Legacy Single Malt,2839,C,26,27.0,22,1.2,7.826666666666667,3,4,118.49
Paul Masson Peach Brandy,3888,C,26,0.76,131,0.2,8.333333333333334,7,8,19.88
Rumson's Grand Rsv Rum,4337,C,26,34.91,19,1.4,7.0,74,74,134.75
Woodstock Hot Licks,7205,C,26,8.91,38,0.7,9.0,4,5,68.07
Livingston Clrs Rhine Calif,8038,C,26,4.33,55,0.5,9.0,7,8,47.45
Pacifico Sur Pnt Nr Rsv,10030,C,26,5.19,50,0.5,7.866666666666666,7,8,51.95
Shafer Red Shoulder Chard,14062,C,26,35.37,19,1.4,8.88888888888889,17,18,135.62
Banshee Cab Svgn Napa Vly,16440,C,26,21.33,25,1.0,8.11111111111111,7,8,105.32
Zestos Garnacha,16553,C,26,6.7,44,0.6,7.311111111111111,2,3,59.03
Columna Albarino,17186,C,26,9.33,37,0.7,7.3882352941176475,4,5,69.66
Lincourt Courtney's Chard,17263,C,26,7.28,42,0.6,10.333333333333334,27,28,61.53
Shafer Relentless Syrah,18097,C,26,55.17,15,1.7,10.4,21,22,169.42
James L'Escargot Svgn Blanc,18585,C,26,9.73,37,0.7,8.153846153846153,7,8,71.14
Thunevin Calvet Cuvee Constn,19397,C,26,11.48,34,0.8,8.295454545454545,5,6,77.27
Round Pond Est Svgn Bl Napa,20251,C,26,15.53,29,0.9,7.404494382022472,14,15,89.86
Barkan Clsc Merlot,21382,C,26,9.08,38,0.7,7.538461538461538,4,5,68.71
Massolino Dolcetto D'Alba,21979,C,26,11.64,33,0.8,7.090909090909091,4,5,77.81
EnRoute Pnt Nr,22336,C,26,36.18,19,1.4,7.380952380952381,26,27,137.16
Patz & Hall Sonoma Cst Chard,23116,C,26,21.28,25,1.0,8.470588235294118,7,8,105.2
Gary Farrell RRV Pnt Nr,23195,C,26,27.58,22,1.2,10.25,20,21,119.77
Torres Celeste Crianza,23246,C,26,10.66,35,0.7,7.361702127659575,12,13,74.45
Elderton Barossa Shiraz,23365,C,26,14.28,30,0.9,7.2631578947368425,8,9,86.17
Beringer KVR Cab Svgn,24109,C,26,34.24,19,1.4,7.05,6,7,133.48
I Lauri Spumante Brut Rose,24520,C,26,8.96,38,0.7,8.02,14,15,68.26
Torresella Prosecco Xtra Dry,24594,C,26,8.84,38,0.7,7.288537549407114,6,7,67.8
Kenwood Merlot Sonoma,24705,C,26,7.84,41,0.6,7.793103448275862,14,15,63.85
The Chard Project Chard,24799,C,26,8.55,39,0.7,6.871794871794871,57,57,66.68
Schlosskellerei Gobelsburg,25415,C,26,9.08,38,0.7,5.8,4,4,68.71
Citra Sangiovese Red,26828,C,26,3.94,57,0.5,7.68520568498289,22,23,45.27
Kris Heart Rosso,28146,C,26,7.84,41,0.6,7.16,4,5,63.85
Hess Collection Cab S Mt Vee,34014,C,26,34.41,19,1.4,8.133333333333333,9,10,133.8
Brancott Pnt Nr Marlboro,36859,C,26,6.62,44,0.6,7.327272727272727,5,6,58.67
Stoneleigh Pnt Nr Marlboro,41778,C,26,6.7,44,0.6,9.875,16,17,59.03
Ridge Ponzo Vyds Znfdl,41984,C,26,19.86,26,1.0,8.2,3,4,101.64
Pieropan Soave Clsc,42124,C,26,9.03,38,0.7,7.625,4,5,68.52
Duboeuf Bjls Rd,42256,C,26,3.48,61,0.4,8.333333333333334,34,35,42.54
Barefoot Pnt Grigio Cal,46165,C,26,4.45,54,0.5,7.9772727272727275,21,22,48.1
Skyy Vodka,702,C,25,11.95,32,0.8,6.861111111111111,6,6,77.3
DeKuyper White Creme de Ment,879,C,25,7.4,41,0.6,8.307692307692308,4,5,60.83
Bols Pumpkin Spice,1364,C,25,7.46,41,0.6,7.958333333333333,14,15,61.07
Djinn Spirits Gin,2162,C,25,21.58,24,1.0,7.650793650793651,7,8,103.88
Wemyss The Hive,2684,C,25,38.12,18,1.4,7.515151515151516,13,14,138.06
Nikka Pure Malt whiskey,2734,C,25,54.75,15,1.7,8.466257668711657,8,9,165.46
Llord's Orange Curacao,3508,C,25,4.34,54,0.5,7.925925925925926,30,31,46.58
Kru Peach Mango Vodka,3740,C,25,5.26,49,0.5,8.8,23,24,51.28
Vikingfjord Vodka,3962,C,25,11.93,32,0.8,7.0,18,18,77.24
Capel Premium Pisco,4545,C,25,10.21,35,0.7,7.2,6,6,71.45
Tippy Cow Shamrock Mint,5517,C,25,11.59,33,0.8,8.166666666666666,3,4,76.13
Mezcal De Amor Amaras,7127,C,25,30.82,20,1.2,8.508196721311476,6,7,124.14
Glendalough Poitin Shry Cask,7241,C,25,20.68,25,1.0,10.833333333333334,6,7,101.7
Korbel X Dry,8283,C,25,18.79,26,1.0,7.3580246913580245,7,8,96.93
Pacifico Sur Svgn Bl,10762,C,25,4.05,56,0.4,7.333333333333333,4,5,45.0
Pacific Rim Vin de Glaci Rsl,11819,C,25,10.34,35,0.7,8.789473684210526,5,6,71.9
Albola Chianti,11856,C,25,7.53,41,0.6,7.956521739130435,9,10,61.36
P Michael L'Espirit Brdx,13065,C,25,60.4,14,1.8,6.6,15,15,173.85
Hogue Genesis Meritage,13899,C,25,10.45,35,0.7,7.872340425531915,5,6,72.29
Franzia Tap Pnt Grigio,15085,C,25,11.99,32,0.8,7.248484848484848,8,8,77.43
Writer's Block Pnt Nr,15209,C,25,10.52,34,0.7,9.0,0,1,72.53
Juve y Camps Brut Nature,15247,C,25,10.32,35,0.7,7.327272727272727,6,7,71.83
Maso Canali Pnt Grigio Coll,15333,C,25,7.94,40,0.6,8.48,22,23,63.01
Sunday Mtn Svgn Bl,15832,C,25,10.45,35,0.7,7.090909090909091,28,28,72.29
Simply Naked Merlot,15914,C,25,2.61,69,0.4,7.68520568498289,29,30,36.12
Pennywise Pnt Nr,16753,C,25,6.7,43,0.6,7.921052631578948,6,7,57.88
Cardamaro Vino Amaro,16757,C,25,11.76,33,0.8,8.263157894736842,5,6,76.69
Clos du Bois Chard Calcaire,18962,C,25,7.43,41,0.6,8.5,8,9,60.95
Robert Sinskey Pnt Nr,19293,C,25,17.92,26,1.0,7.857142857142857,29,30,94.67
Lacoste Borie Pauillac,20512,C,25,25.15,22,1.1,7.5,73,74,112.15
Hauts de Smith Rouge Pessac,20517,C,25,22.81,23,1.1,5.666666666666667,13,13,106.81
Felino Vino Cobos Chard,20600,C,25,7.56,41,0.6,7.5,10,11,61.48
A Proper Claret,20706,C,25,10.66,34,0.7,7.781609195402299,4,5,73.01
Epiphany Revelation,21581,C,25,19.59,25,1.0,7.35,6,7,98.98
Le Grande Courtage Brut,21959,C,25,3.76,58,0.4,7.033333333333333,15,15,43.36
Cooks Brut,22000,C,25,7.33,41,0.6,7.052631578947368,9,9,60.54
Trefethen Cab Svgn,22665,C,25,35.56,19,1.3,8.088888888888889,4,5,133.35
Alter Ego de Palmer Mrgx 11,23323,C,25,54.24,15,1.7,5.0,20,20,164.69
The Auctor Red Blend,23347,C,25,6.45,44,0.6,7.68520568498289,24,25,56.79
Anew Rose,23474,C,25,6.89,43,0.6,8.198412698412698,9,10,58.7
Chateau Simon Bordeaux Blanc,23633,C,25,9.67,36,0.7,6.6,19,19,69.53
Bertani Secco 11 Orig V Ed,24012,C,25,17.12,27,0.9,8.666666666666666,0,1,92.52
Grape Time Super Tuscan,24152,C,25,9.24,37,0.7,7.019607843137255,6,6,67.97
Convento Las Claras 12 Tinto,24454,C,25,14.28,30,0.8,7.428571428571429,8,9,84.51
Boundary Breaks OLN Rsl,24588,C,25,10.2,35,0.7,7.096774193548387,6,6,71.41
Sokol Blosser Evolution Sprk,24759,C,25,11.03,34,0.7,7.416666666666667,18,19,74.27
Ransom Selection Pnt Nr,25283,C,25,16.66,27,0.9,7.75,4,5,91.28
Benziger Pnt Nr Sonoma,26663,C,25,13.15,31,0.8,7.333333333333333,0,1,81.09
Masi Amarone Costasera Valp,27111,C,25,40.26,18,1.4,8.408450704225352,8,9,141.91
Trinity Oaks Cab Svgn Cal,34507,C,25,5.22,49,0.5,6.666666666666667,69,69,51.09
Stags Leap Wine Petite Syrah,35962,C,25,27.58,21,1.2,7.485714285714286,7,8,117.44
Renzo Masi Chiant Rufina RS,36139,C,25,9.65,36,0.7,7.673076923076923,4,5,69.46
Nora Albarino Rias Baixas,38952,C,25,10.2,35,0.7,7.636363636363637,15,16,71.41
Phillips Lust Znfdl Lodi,46119,C,25,36.66,18,1.4,7.615384615384615,10,11,135.43
Margaritaville Silver,61,C,24,10.6,34,0.7,8.115384615384615,0,1,71.33
Mr Boston Creme de Banana,114,C,24,5.11,48,0.5,7.921052631578948,2,3,49.53
Bols Creme de Banana,837,C,24,7.93,39,0.6,7.739130434782608,3,4,61.7
Creta Olympia White,901,C,24,3.92,55,0.4,8.0,0,1,43.38
Absolut Ruby Red,995,C,24,15.99,27,0.9,8.31578947368421,3,4,87.62
St George Gin 3/200mls Combo,1259,C,24,21.05,24,1.0,8.5,6,7,100.52
Makers Mark,1390,C,24,27.06,21,1.1,7.928571428571429,8,9,113.97
Donegal Irish Whiskey,2193,C,24,16.41,27,0.9,8.25,7,8,88.75
Old Potrero 18th Century,2920,C,24,46.15,16,1.5,8.833333333333334,9,10,148.84
Yamazaki 12 Yr Japanese,2997,C,24,63.23,14,1.7,8.307692307692308,15,16,174.24
Jose Cuervo Cinge,3860,C,24,9.22,36,0.7,7.2727272727272725,0,0,66.53
Sea Hagg Blueberry Rum,4131,C,24,21.87,23,1.0,6.730769230769231,3,3,102.47
Courvoisier C,4629,C,24,26.98,21,1.1,7.944444444444445,8,9,113.8
Barrow's Intense Ginger,5953,C,24,15.87,27,0.9,6.529411764705882,4,4,87.29
Tsilili Tsipouro,6254,C,24,16.41,27,0.9,7.105263157894737,8,8,88.75
Lancers Rose,7215,C,24,3.97,55,0.4,8.15625,0,1,43.65
Richards Wild Irish White,8207,C,24,3.09,62,0.4,8.833333333333334,0,1,38.51
Maestro Dobel Diamond Tequla,8437,C,24,26.31,21,1.1,7.331288343558282,4,4,112.39
Mother's Pumpkn Spice Liquer,8501,C,24,4.88,50,0.5,8.220183486238533,9,10,48.4
Brownstone Merlot Cal,10706,C,24,6.12,44,0.5,7.0,0,0,54.2
Undone Pnt Nr,11433,C,24,6.89,42,0.6,6.181818181818182,0,0,57.51
Penfolds Bin 389 Cab/Shiraz,11891,C,24,39.73,17,1.4,8.133333333333333,13,14,138.13
Felino Vina Cobos Cab Svgn,12097,C,24,13.42,30,0.8,7.333333333333333,0,0,80.26
La Garenne Entre Mer Wh,12536,C,24,7.43,40,0.6,7.714285714285714,0,1,59.72
Graffigna Centenario Pnt Gri,12757,C,24,6.7,42,0.6,7.909090909090909,6,7,56.71
Cartlidge & Browne Pnt Nr,12924,C,24,8.66,37,0.6,8.857142857142858,7,8,64.47
Dom Ferret Pouilly Fuisse,13081,C,24,20.25,24,1.0,7.481012658227848,5,5,98.6
Borealis Northern Whites,13867,C,24,8.66,37,0.6,6.7272727272727275,0,0,64.47
Sartori Family Pnt Grigio,13993,C,24,5.4,47,0.5,8.357142857142858,0,1,50.91
Bonny Doon Clos de Gilroy Rd,14097,C,24,8.55,37,0.6,6.5,14,14,64.07
Arrogant Frog Chardonnay,14654,C,24,6.49,43,0.6,10.0,0,1,55.81
Sutter Home Moscato,14670,C,24,3.92,55,0.4,5.882352941176471,34,34,43.38
Cuvee Aurora Rose Sparkling,15043,C,24,15.75,28,0.9,8.083333333333334,3,4,86.96
Black Stallion Chard Napa Vy,15137,C,24,10.59,34,0.7,7.882352941176471,0,1,71.3
Poseidons Vyd Molnar Pnt Nr,15643,C,24,13.69,30,0.8,8.307692307692308,0,1,81.07
Domino Pnt Grigio,16248,C,24,5.51,47,0.5,7.206896551724138,0,0,51.43
Sutter Home Pink Moscato,16257,C,24,3.89,56,0.4,8.0,0,1,43.21
Mollydooker Scooter Merlot,16310,C,24,17.23,26,0.9,7.142857142857143,4,4,90.95
Adissat Cotes du Rhone,16694,C,24,9.93,35,0.7,9.5,15,16,69.04
Flip Flop Cab Svgn,16808,C,24,7.94,39,0.6,7.68520568498289,0,1,61.74
Sutter Home Pink Moscato,17040,C,24,3.99,55,0.4,6.659574468085107,10,10,43.76
Murphy-Goode Cab Svgn Alex V,17132,C,24,14.66,29,0.8,7.916666666666667,0,1,83.89
M D 20/20 Habanero Lime Arit,18414,C,24,2.68,67,0.4,8.15,0,1,35.87
Concannon Crimson & Clover,18450,C,24,8.72,37,0.6,6.0,0,0,64.7
Bocelli Sangiovese,18599,C,24,12.16,31,0.8,8.0,0,1,76.41
Tommasi Tenuta Filo Prosecco,19160,C,24,10.13,34,0.7,7.5625,5,5,69.74
San Callisto Montepulcno 09,19228,C,24,14.37,29,0.8,8.5,0,1,83.05
Trimbach Pnt Gris Rsv,19349,C,24,13.9,29,0.8,7.25,0,0,81.69
Alias Cab Svgn,19653,C,24,5.88,45,0.5,8.166666666666666,0,1,53.13
Van Ruiten Family Cab Svgn,19746,C,24,6.77,42,0.6,10.0,8,9,57.01
Cielo Pnt Nr,20534,C,24,5.51,47,0.5,6.866666666666666,0,0,51.43
Villa Jolanda Pineap Moscato,20730,C,24,6.12,44,0.5,7.5,0,0,54.2
Catalpa Cab Svgn,20947,C,24,10.66,34,0.7,8.0,0,1,71.54
Kedem Concord Grape Kosher,21313,C,24,3.92,55,0.4,8.714285714285714,5,6,43.38
10 Span Cab Svgn CC,21375,C,24,4.96,49,0.5,7.869565217391305,0,1,48.79
Round Hill Comm Man Wh Znfdl,21416,C,24,4.05,54,0.4,7.6,0,0,44.09
Gramercy Clrs Grenache,22028,C,24,34.01,19,1.3,9.0,22,23,127.78
Cuttings Red,22264,C,24,33.11,19,1.3,8.178571428571429,8,9,126.07
Grady Family Vyds Znfdl,22831,C,24,9.08,36,0.7,8.5,0,1,66.02
Federico Ferrero Chard Langh,23123,C,24,8.78,37,0.6,8.41025641025641,22,23,64.92
Concannon Founder Chard,23861,C,24,5.95,45,0.5,7.277777777777778,7,7,53.44
Cycles Gladiator Cab Svgn,23891,C,24,9.33,36,0.7,7.431578947368421,24,24,66.92
Dr Konstantin Frank Rose,23898,C,24,9.08,36,0.7,6.625,16,16,66.02
Nortico Alvarinho,23966,C,24,9.52,36,0.7,5.666666666666667,0,0,67.61
A Bichot Petit Chablis,24752,C,24,5.95,45,0.5,7.923076923076923,18,19,53.44
Fattoire Barbi 10 Brunello,25427,C,24,27.62,21,1.1,6.8,18,18,115.14
Cesari Recioto Valpolicella,25741,C,24,25.8,22,1.1,6.0,0,0,111.31
Hogue Clrs Merlot Wash,25919,C,24,5.88,45,0.5,7.25,0,0,53.13
Korbel Brut,27138,C,24,10.8,33,0.7,7.4,38,38,72.0
Emilio Lustau Amontillado S,27432,C,24,11.03,33,0.7,8.11111111111111,4,5,72.76
Gallo Copperidge Merlot Cal,28313,C,24,2.71,67,0.4,8.571428571428571,0,1,36.07
Round Hill Common Man Merlot,28753,C,24,6.03,45,0.5,7.526315789473684,0,0,53.8
Kendall Jackson Grand RSV Me,28984,C,24,13.6,30,0.8,7.391891891891892,4,4,80.8
Barefoot Znfdl Cal,31502,C,24,3.35,60,0.4,9.2,0,1,40.1
Sycamore Lane Cab Svgn Cal,33209,C,24,3.46,59,0.4,7.25,0,0,40.75
Dom du Dupeuble Bjls,34082,C,24,10.73,33,0.7,8.0,11,12,71.77
Trinity Oaks Merlot Cal,34509,C,24,5.44,47,0.5,6.285714285714286,0,0,51.1
Valley of the Moon Znfdl,34703,C,24,13.24,30,0.8,8.714285714285714,0,1,79.72
Frey Pnt Nr Organic Mendocno,36849,C,24,12.92,30,0.8,6.2,0,0,78.76
Trinity Oaks Pnt Grigio Cal,38128,C,24,5.4,47,0.5,7.25,0,0,50.91
Gekkeikan Sake Cap Ace,39111,C,24,2.02,77,0.3,5.666666666666667,0,0,31.14
Kenwood Yulupa Merlot Cal,39843,C,24,6.16,44,0.5,8.571428571428571,0,1,54.38
Tisdale Cab Svgn Cal,39995,C,24,2.7,67,0.4,8.7,0,1,36.0
Tisdale Chard Cal,39996,C,24,2.75,66,0.4,9.083333333333334,0,1,36.33
Wrongo Dongo Jumilla,41087,C,24,4.19,54,0.4,7.75,4,5,44.85
Vendange Shiraz,41172,C,24,2.7,67,0.4,8.25,0,1,36.0
Five Oaks Chard Cal,42752,C,24,2.56,68,0.4,8.117647058823529,0,1,35.06
Merriam Jones Vyd Cab Franc,43097,C,24,23.68,23,1.0,8.0,19,20,106.64
Terra D'Oro Pnt Grigio,43747,C,24,7.89,39,0.6,7.444444444444445,0,0,61.54
Scagliola Dolcetto Sempre,44783,C,24,10.2,34,0.7,6.5,7,7,69.97
Falesco Sangiovese Umbria,45059,C,24,8.78,37,0.6,8.0,4,5,64.92
Hall Svgn Bl Napa,45300,C,24,12.9,30,0.8,7.619047619047619,3,4,78.7
Jose Maria de Fonseca Periq,45866,C,24,6.8,42,0.6,7.190476190476191,3,3,57.13
Tisdale Vyds Wh Znfdl Cal,46059,C,24,2.64,67,0.4,8.142857142857142,0,1,35.6
Mr Boston Cr de Cacao White,112,C,23,4.7,49,0.5,7.409090909090909,8,8,46.5
DeKuyper Island Punch Pucker,929,C,23,9.28,35,0.7,7.636363636363637,24,24,65.34
Avion Tasting Flight 3/375mL,1031,C,23,33.57,19,1.2,7.909090909090909,3,3,124.31
Ole Smoky Moonshine Peaches,1733,C,23,14.17,28,0.8,8.0,3,4,80.75
Crown Royal 75th Anniversary,2392,C,23,50.72,15,1.5,7.6,6,6,152.75
Bowmore Darkest Islay 15 Yr,2639,C,23,52.37,15,1.5,7.647058823529412,5,5,155.22
Calumet Farm Bourbon VAP,2843,C,23,31.15,19,1.2,8.666666666666666,7,8,119.71
Aultmore 12 Yr Scotch,2933,C,23,38.88,17,1.4,7.828571428571428,3,3,133.74
Gibsons 12YO Gold Canadian W,2985,C,23,15.1,28,0.8,8.0,3,4,83.35
Absolut Wild Tea,3193,C,23,11.15,32,0.7,8.75,4,5,71.62
Square One Bergamot Organic,3978,C,23,19.69,24,1.0,8.863636363636363,6,7,95.17
Pumpkin Face Rum,4230,C,23,25.92,21,1.1,6.913043478260869,10,10,109.19
Smoky Quartz Granite Cst Rum,4524,C,23,21.99,23,1.0,7.888888888888889,4,4,100.58
Taylor Dry Sherry,6394,C,23,9.14,35,0.7,7.60377358490566,10,10,64.85
DeLeon Reposado Tequila,7909,C,23,42.96,16,1.4,7.125,4,4,140.61
Herzog Kosher Cab Svgn,11333,C,23,9.2,35,0.7,8.153846153846153,7,8,65.06
Barefoot Cellars Pnt Nr,13696,C,23,4.39,51,0.5,8.342105263157896,11,12,44.94
Billecart-Salmon Brut Rose,15194,C,23,51.69,15,1.5,7.538461538461538,5,5,154.2
Vina Borgia Garnacha,15739,C,23,13.69,29,0.8,8.375,9,10,79.36
Mionetto Il Spriz,17372,C,23,6.57,42,0.5,8.5,20,21,54.97
Montes Twins Red,17503,C,23,10.34,33,0.7,8.3,2,3,68.97
Cecchi Coevo Wood,18276,C,23,35.48,18,1.3,10.857142857142858,10,11,127.75
Altadonna Vermentino,19832,C,23,6.2,43,0.5,12.0,13,14,53.4
Round Pond Est Cab Svgn K&K,20253,C,23,16.66,26,0.9,6.8,7,7,87.55
Ram Island Lavender Lemonade,21700,C,23,4.05,53,0.4,8.166666666666666,7,8,43.16
Foss Marai Prosecco,22016,C,23,4.44,51,0.5,7.142857142857143,6,6,45.19
Rombauer Vyds Chard Carneros,23071,C,23,11.76,31,0.7,6.833333333333333,7,7,73.55
Les Embruns Rose,23793,C,23,8.16,38,0.6,10.142857142857142,24,25,61.27
Angels & Cowboys Rose,23957,C,23,9.45,35,0.7,8.040816326530612,27,28,65.93
Cecchi La Mora Morellino,24118,C,23,9.93,34,0.7,8.344827586206897,8,9,67.59
Chapelle de Bastion Picpoul,24408,C,23,6.8,41,0.6,6.733333333333333,10,10,55.93
Dumangin Champagne Cuvee 17,24736,C,23,26.66,21,1.1,7.619047619047619,7,7,110.75
Domain Drouhin Pnt Nr Ore,24757,C,23,26.45,21,1.1,7.512820512820513,6,6,110.31
Baron La Rose Bordeaux Blanc,25161,C,23,7.89,38,0.6,6.25,14,14,60.25
Ch Beaulieu Lalande de Pomer,25194,C,23,11.48,32,0.7,6.388888888888889,8,8,72.67
Ch des Perligues Graves,25254,C,23,8.44,37,0.6,6.352941176470588,4,4,62.31
Calera Ctrl Coast Chard,25255,C,23,12.66,30,0.8,5.894736842105263,2,2,76.31
Bollinger Brut Special Cuve,26429,C,23,51.36,15,1.5,7.968253968253968,3,4,153.71
Sierra Cantabria Crianza,27370,C,23,10.59,33,0.7,7.2,5,5,69.8
Bodegas Faustino V RSV Rioj,33206,C,23,10.66,33,0.7,7.424242424242424,3,3,70.03
Kesselstatt Rsl RK QbA Mosel,34388,C,23,9.93,34,0.7,6.111111111111111,4,4,67.59
Carpineto Brunello Montalci,36101,C,23,37.58,17,1.4,8.705882352941176,12,13,131.53
Frey Znfdl Organic Mendocino,36852,C,23,9.58,35,0.7,6.75,3,3,66.39
Franzia Sangria Fruity Red,38945,C,23,9.73,34,0.7,7.725,6,6,66.91
Vendange Chard,41170,C,23,2.66,66,0.3,7.7254901960784315,19,19,34.98
Yellow Tail Shiraz/Grenache,41532,C,23,6.24,43,0.5,8.909090909090908,10,11,53.58
Bodegas Borsao 14 Rose,44613,C,23,6.2,43,0.5,8.181818181818182,12,13,53.4
Barefoot Chard Cal,46163,C,23,4.48,51,0.5,8.28,23,24,45.4
Ch Leoville Barton 12 St Jul,90013,C,23,64.93,13,1.8,8.2,42,43,172.87
Schmitt Sohne Funf Rsl,607,C,22,5.74,44,0.5,7.644444444444445,3,3,50.26
Sobieski Raspberry Vodka,635,C,22,7.87,37,0.6,8.1875,17,17,58.85
Bacardi 1873 Solera Rum,973,C,22,11.9,30,0.7,7.5,4,4,72.37
Bowman Brothers Small Batch,1920,C,22,22.55,22,1.0,7.02,5,5,99.61
McIvor 12 Yr Old Scotch,2596,C,22,10.14,33,0.7,7.68520568498289,32,32,66.8
Balvenie 12 Yr Single Barrel,2923,C,22,53.43,14,1.6,7.434782608695652,2,2,153.37
Skyy Infusions Vanilla Bean,3359,C,22,0.77,120,0.2,7.68520568498289,5,5,18.41
Ron Virgin Bold Coconut Rum,4902,C,22,8.65,36,0.6,7.2,15,15,61.7
Don Ramon Reposado Tequila,5549,C,22,25.36,21,1.0,8.6,3,4,105.64
Duboeuf Pouilly Fuisse,6366,C,22,13.42,29,0.8,8.0,8,8,76.85
Palagetto Sottobosco Rosso,11771,C,22,19.17,24,0.9,6.7727272727272725,4,4,91.84
Ravenswood Vntrs Blend Znfdl,12803,C,22,11.25,31,0.7,7.5,3,3,70.36
Diseno Torrontes Salta,15812,C,22,4.54,49,0.4,10.0,5,6,44.69
Mont Redon CdP Red,15820,C,22,24.66,21,1.0,8.571428571428571,4,5,104.17
Merry Edwards Svgn Bl RRV,15846,C,22,17.23,25,0.9,9.333333333333334,0,1,87.08
Blackstone Delectable Red,16232,C,22,5.26,46,0.5,8.297872340425531,4,5,48.11
Tommasi Poggio Tufo Cab Svgn,17863,C,22,6.8,40,0.6,6.5,17,17,54.7
Laya Tinto Almansa,18125,C,22,6.16,42,0.5,7.361702127659575,6,6,52.06
Shatter Grenache VdP Catalan,18232,C,22,11.03,32,0.7,7.444444444444445,3,3,69.67
Robert Sinskey Aries Pnt Nr,18740,C,22,19.6,24,0.9,9.5,29,30,92.87
Sterling Carneros Pnt Nr,18822,C,22,13.33,29,0.8,6.758620689655173,4,4,76.59
Anderra Cab Svgn,18900,C,22,5.91,43,0.5,8.0,5,5,50.99
Lange Pnt Gris Willamette,19003,C,22,10.32,33,0.7,9.444444444444445,14,15,67.39
Dom du Pegau Chntf du Pape R,19961,C,22,45.45,16,1.4,7.4,16,16,141.47
Cambridge Chard Carneros,21502,C,22,11.33,31,0.7,7.0,3,3,70.61
Talley Vyds Chard,21561,C,22,14.86,27,0.8,7.444444444444445,5,5,80.86
Lower East Side Cab Svgn,22022,C,22,21.91,22,1.0,8.0,3,3,98.2
Bolla Prosecco 3pk/187mls,22789,C,22,10.34,33,0.7,10.0,13,14,67.46
Jarhead Chard,23022,C,22,8.38,36,0.6,8.0,13,13,60.72
Ch Dupray St-Emilion,23146,C,22,12.24,30,0.7,6.75,17,17,73.39
Gallo Copperidge Cab Svgn,24095,C,22,2.7,64,0.3,7.647058823529412,6,6,34.47
Silver Totem Cab Svgn,24662,C,22,13.51,29,0.8,7.073529411764706,6,6,77.11
Barefoot Cellars Winter Red,25146,C,22,3.39,57,0.4,6.902439024390244,4,4,38.62
L'Eglise Saint-Hilaire Borde,25159,C,22,7.89,37,0.6,7.333333333333333,12,12,58.92
Valley of the Moon Pnt Bl,34694,C,22,9.67,34,0.6,8.59375,6,7,65.23
Olivier Chablis Savary,39104,C,22,8.78,35,0.6,7.5,9,9,62.16
Eponymous Cab Svgn Napa,39228,C,22,29.79,19,1.2,8.583333333333334,4,5,114.5
Fleur Petite Sirah Californa,41372,C,22,9.73,34,0.6,7.825,7,7,65.43
Ridge Pagoni Ranch Znfdl,41614,C,22,24.99,21,1.0,9.2,11,12,104.86
Heron Chard Cal,41627,C,22,7.18,39,0.6,7.68520568498289,5,5,56.21
Tequila Rose Strawberry Gift,323,C,21,10.6,31,0.7,8.39655172413793,3,3,66.73
Finlandia Vodka,370,C,21,10.36,32,0.7,8.296296296296296,9,9,65.96
DeKuyper Amaretto,548,C,21,6.56,40,0.5,7.5,2,2,52.49
Ciroc Snap Frost Vodka,972,C,21,25.95,20,1.0,7.8,4,4,104.4
Glenfiddich Trio 200ml Pack,1045,C,21,33.55,18,1.2,8.380952380952381,3,3,118.72
Morrigan Irish Whiskey,1790,C,21,15.5,26,0.8,9.0,6,7,80.68
Port Charlotte Scotch Barley,1893,C,21,43.99,15,1.4,7.721153846153846,3,3,135.99
Springbank 10 Yr Scotch,2029,C,21,51.1,14,1.5,8.27659574468085,6,6,146.54
Aberfeldy 12 Yr Single Malt,2742,C,21,37.98,17,1.2,7.657303370786517,2,2,126.33
Revel Stoke Roasted Pecan,2840,C,21,7.36,38,0.6,7.666666666666667,18,18,55.6
Averna Amaro,4007,C,21,21.42,22,1.0,7.40084388185654,5,5,94.85
Fattoria de Limone,4148,C,21,12.3,29,0.7,7.611111111111111,7,7,71.88
Capt Morgan ParrotBay Pineap,4398,C,21,6.51,40,0.5,7.0,6,6,52.29
Screech Spiced Rum,4408,C,21,10.23,32,0.7,8.0,12,12,65.55
Faretti Biscotti Liqueur,5911,C,21,19.08,23,0.9,9.5,3,4,89.54
Cinnabon Cinnamon Liqueur,6156,C,21,16.79,25,0.8,7.838815789473684,13,13,83.98
Antinori Orvieto Clsc Campo,6743,C,21,6.53,40,0.5,7.43859649122807,3,3,52.37
Vecchia Romagna Nera Brandy,6862,C,21,20.73,23,0.9,8.833333333333334,7,8,93.33
Phillips Rapture Cab Svgn,11187,C,21,37.66,17,1.2,8.666666666666666,6,6,125.79
Columbia Winery Cab Svgn,13620,C,21,5.33,44,0.5,7.892857142857143,3,3,47.32
Neal Family Vyds Znfdl Napa,13805,C,21,14.93,27,0.8,7.9,9,9,79.2
Domino Cab Svgn,16245,C,21,5.36,44,0.5,7.391304347826087,12,12,47.45
Delamotte Brut,16796,C,21,24.13,21,1.0,10.0,18,19,100.67
Caprai Montefalco Passito 06,18267,C,21,21.61,22,1.0,9.666666666666666,14,15,95.27
Inspired Red Blend CA,19996,C,21,6.53,40,0.5,7.909836065573771,19,19,52.37
Tenuta Sant'Alfonso Chianti,20049,C,21,9.99,32,0.7,7.68520568498289,6,6,64.78
Alexander Vly Vyds Merlot,21041,C,21,10.27,32,0.7,7.181818181818182,10,10,65.68
Ayala Brut Majeur,21058,C,21,30.61,19,1.1,8.0,6,6,113.42
Carpene Malvolti Sprklg Rose,21789,C,21,13.69,28,0.8,7.714285714285714,10,10,75.83
Stags Leap The Investor Red,23231,C,21,37.16,17,1.2,7.642857142857143,3,3,124.94
Dom Roux Bourgogne Chard,23385,C,21,12.74,29,0.7,8.481481481481481,4,4,73.15
Ch La Croix Lartigue 09,23948,C,21,25.15,20,1.0,8.0,7,7,102.8
Ch Talbot St-Julien 12 GCC,24331,C,21,39.6,16,1.3,10.0,25,26,128.99
Vega Sindoa 14 Chard Navarra,24452,C,21,7.58,37,0.6,7.6,3,3,56.42
J Bouchon Canto Norte,24774,C,21,8.38,35,0.6,7.448275862068965,8,8,59.33
Muxagat Barroca Tinto Doura,24884,C,21,13.33,28,0.8,7.68520568498289,5,5,74.82
NH Winter Warmer Red,24937,C,21,11.43,30,0.7,8.678571428571429,12,12,69.29
Ch Tertre de Viaud C d Bourg,25017,C,21,8.16,36,0.6,7.8,7,7,58.54
R Mondavi Cab Svgn Oakville,27212,C,21,34.48,17,1.2,7.366666666666666,18,18,120.38
Etude Carneros Pnt Nr,33441,C,21,27.58,20,1.0,8.021739130434783,4,4,107.66
Cloudy Bay Chard Marlboro,35967,C,21,15.75,26,0.8,7.310344827586207,11,11,81.33
Acorn Sangiovese Alegria RRV,39472,C,21,18.06,24,0.9,7.103448275862069,5,5,87.09
Capostrano Montepulciano Abr,39581,C,21,4.63,48,0.4,8.0,6,6,44.1
JJ Prum Graacher Himel Rsl K,40837,C,21,19.73,23,0.9,9.0,5,6,91.03
Hall Cab Svgn Napa,45298,C,21,32.67,18,1.2,7.744186046511628,4,4,117.14
Ketel One Citroen Vodka,202,C,20,22.3,21,1.0,7.523809523809524,6,6,94.45
Yukon Jack,911,C,20,15.32,26,0.8,7.333333333333333,4,4,78.29
Corralejo Blanco Tequila,998,C,20,18.51,23,0.9,8.566037735849056,4,4,86.05
Old New England Egg Nog,1156,C,20,9.28,33,0.6,7.398058252427185,20,20,60.93
Catskill Wicked White Whisky,2458,C,20,11.8,29,0.7,8.333333333333334,4,4,68.7
Bracero Reposado Tequila,3900,C,20,29.76,18,1.1,6.666666666666667,7,7,109.12
Ole Smoky Shine Nog,4834,C,20,14.07,27,0.7,6.666666666666667,13,13,75.03
Delord Bas-Armagnac 25 Yr,5196,C,20,59.25,13,1.5,6.0,9,9,153.95
P & J Cold Soaked Peaches,5688,C,20,7.8,36,0.6,7.5,2,2,55.86
Sandeman Rainwater Madeira,8717,C,20,10.06,32,0.6,7.3428571428571425,7,7,63.44
Livon Pnt Grigio,11207,C,20,10.34,31,0.6,6.857142857142857,5,5,64.31
Ravenswood Teldschi Znfdl,12607,C,20,18.36,23,0.9,7.875,29,29,85.71
Merriam Vyds Miktos Red,12656,C,20,23.64,21,1.0,7.4324324324324325,11,11,97.26
Castillo Monastrell Red,12662,C,20,9.08,33,0.6,7.444444444444445,5,5,60.27
Neal Family Svgn Bl Napa Vly,13605,C,20,11.91,29,0.7,6.045454545454546,15,15,69.02
Dom Serene Evenstad 11 Pnt N,14632,C,20,36.12,17,1.2,8.814814814814815,21,21,120.23
Il Poggione Brunlo d Montlcn,16264,C,20,53.68,14,1.4,7.166666666666667,10,10,146.58
HandCraft Artisan Coll Pet S,16430,C,20,3.91,51,0.4,8.6,27,27,39.55
Blackstone Winemakers Malbec,17911,C,20,4.13,49,0.4,11.0,7,8,40.65
Pulenta Est Malbec Mendoza,18212,C,20,17.44,24,0.8,9.0,4,4,83.52
Banshee Mordecai Proprietary,18589,C,20,13.15,28,0.7,8.333333333333334,4,4,72.53
Iris Vineyard Pnt Nr,18637,C,20,13.07,28,0.7,8.805555555555555,4,4,72.31
Avancia Cuvee De O Valdeoras,20254,C,20,9.45,33,0.6,7.68520568498289,11,11,61.49
Valdivieso Cab Franc Rsva,20944,C,20,13.51,27,0.7,7.918918918918919,7,7,73.51
Honig Bartolucci Vyds Cab Sv,20948,C,20,51.28,14,1.4,7.975,15,15,143.22
Moonlight Meadery Last Apple,20954,C,20,10.45,31,0.6,7.333333333333333,4,4,64.65
Farnum Hill Dooryard Still,21103,C,20,7.89,36,0.6,7.0,14,14,56.18
Wicked Smooth Merlot,21115,C,20,5.29,43,0.5,8.217391304347826,5,5,46.0
Mumm Cordon Rouge Brut,21409,C,20,40.81,16,1.2,7.8,28,28,127.8
Gr Montmirail Muscat Venise,21734,C,20,13.69,27,0.7,7.521739130434782,8,8,74.0
Graham's Six Grapes Gift Pk,22860,C,20,12.25,29,0.7,8.666666666666666,30,30,70.01
Tranzind Red Blend,22937,C,20,8.55,34,0.6,7.866666666666666,7,7,58.48
Klinker Brick Marisa Znfdl,22968,C,20,23.33,21,1.0,9.5,10,11,96.61
Hugel Les Amours Pnt Bl,23469,C,20,7.43,37,0.5,8.90625,6,6,54.52
Ch Gloria St Julien 12,23752,C,20,23.52,21,1.0,11.0,29,30,97.01
Dom St Andrieu Rose CdP,23902,C,20,10.52,31,0.6,7.0,10,10,64.87
Martin Ray 14 Rose of Pnt Nr,23991,C,20,9.86,32,0.6,7.2631578947368425,6,6,62.8
Genbei San Demonslayer Sake,24051,C,20,3.89,51,0.4,7.6,3,3,39.45
Vega Sindoa 14 Garnacha Nava,24203,C,20,4.82,46,0.4,8.0,29,29,43.91
Olivier & Lafont Ventoux Bl,24288,C,20,7.14,37,0.5,8.428571428571429,2,2,53.45
Gran Passione Gavi,24335,C,20,7.99,35,0.6,7.0476190476190474,7,7,56.54
Carpineto Rosso di Montalcno,24897,C,20,18.91,23,0.9,6.764705882352941,19,19,86.97
Grgich Hills Fume Bl Napa,25715,C,20,16.44,25,0.8,7.914893617021277,5,5,81.1
Lake Sonoma Znfdl Dry Creek,34735,C,20,13.15,28,0.7,9.571428571428571,6,7,72.53
Rozes LBV 00 Porto,39308,C,20,8.49,34,0.6,7.68520568498289,12,12,58.28
Cakebread Merlot Napa,40136,C,20,32.87,17,1.2,6.928571428571429,4,4,114.7
Jacobs Crk Rsl,41918,C,20,4.82,46,0.4,7.352941176470588,25,25,43.91
Edna Valley San Luis Obs Mer,43380,C,20,8.27,35,0.6,8.0,13,13,57.52
Mitolo Jester McLaren Shiraz,44972,C,20,10.32,31,0.6,9.0,4,4,64.25
Barefoot Merlot Cal,46164,C,20,4.27,48,0.4,7.888888888888889,22,22,41.33
No. 3 London Dry Gin,72,C,19,26.11,19,1.0,8.636363636363637,4,4,99.61
Mr Boston Wild Cherry Brandy,104,C,19,6.42,38,0.5,8.666666666666666,3,3,49.4
Frangelico Gift Pack-Candle,652,C,19,16.41,24,0.8,5.476923076923077,2,2,78.97
Southern Comfort & Egg Nog,1236,C,19,13.56,26,0.7,8.0,5,5,71.79
Jefferson's Rsv Groth Resrve,2086,C,19,58.82,13,1.5,8.0,2,2,149.54
Catskill Otay,2487,C,19,21.87,21,0.9,8.571428571428571,36,36,91.17
Highland Park 18 Yr Single,2882,C,19,89.92,10,1.9,7.0227272727272725,2,2,184.92
Full Throttle Vanila Whiskey,2910,C,19,14.7,25,0.8,7.75,15,15,74.75
Wiggly Bridge Gold Rum,4627,C,19,36.43,16,1.2,9.666666666666666,16,17,117.66
Bolla Soave,7361,C,19,8.6,33,0.6,7.5,4,4,57.17
Arrow Creme de Strawberry,8114,C,19,6.39,39,0.5,8.023255813953488,6,6,49.28
Grand Mayan Silver Agave,8221,C,19,63.99,12,1.6,8.104166666666666,5,5,155.95
Spud Pumpkin Spice Vodka,8402,C,19,14.92,25,0.8,8.571428571428571,27,27,75.3
A Bichot Chard Bourgogne,10731,C,19,9.99,31,0.6,8.518518518518519,3,3,61.61
R M Woodbridge Moscato,12218,C,19,1.98,69,0.3,7.909090909090909,3,3,27.43
Conterno Fantino Barb Alba,12324,C,19,19.86,22,0.9,7.166666666666667,21,21,86.87
Jos Phelps Chard,13978,C,19,23.8,20,1.0,8.330985915492958,3,3,95.1
Tozai Blossom of Peace,14724,C,19,11.48,29,0.7,8.46376811594203,3,3,66.05
LaBelle Winery Americus,16996,C,19,13.79,26,0.7,7.947368421052632,6,6,72.39
Tangent Albarino,17069,C,19,7.51,36,0.5,9.0,4,4,53.42
Mark West Pnt Nr Santa Lucia,18419,C,19,7.94,35,0.5,7.5,10,10,54.93
Carlo Rossi Moscato Sangria,18561,C,19,10.06,31,0.6,7.705882352941177,2,2,61.83
Ruca Malen Cab Svgn Rsv,18615,C,19,10.88,30,0.6,8.352941176470589,3,3,64.31
G Bertrand T Jeffrsn Cremant,18668,C,19,8.78,33,0.6,12.0,14,15,57.76
Ty Ku Coconut Nigori,18838,C,19,6.41,38,0.5,7.828571428571428,4,4,49.36
Ram Island Mead Iced Tea,19488,C,19,4.13,48,0.4,7.625,8,8,39.62
Contratto 08 Milesimato Brut,19566,C,19,14.14,26,0.7,8.5,6,6,73.3
Lions de Suduiraut Sauternes,20515,C,19,12.74,27,0.7,8.5,6,6,69.58
Bright Light White,21086,C,19,4.82,44,0.4,7.68520568498289,19,19,42.8
Ken Volk Pnt Nr Cuvee St Mar,21105,C,19,19.6,22,0.9,7.777777777777778,4,4,86.3
Kesselstatt Piesporter Gold,22075,C,19,20.4,22,0.9,11.0,18,19,88.06
QM Alvarinho White,22174,C,19,13.69,26,0.7,5.7894736842105265,8,8,72.13
Beaux Freres Pnt Nr Will Vly,22830,C,19,39.73,15,1.3,8.5,5,5,122.93
Mercer Canyons Red,22906,C,19,3.87,50,0.4,8.571428571428571,24,24,38.35
Plantaze Merlot Montenegro W,23513,C,19,7.48,36,0.5,8.068965517241379,29,29,53.32
Chapoutier Bel Cotes Rhn Ros,23660,C,19,8.55,33,0.6,7.076923076923077,18,18,57.0
Casa Silva Svgn Gris,23799,C,19,10.66,30,0.6,8.0,9,9,63.65
Ch du Courlat 10,23944,C,19,17.23,23,0.8,6.75,2,2,80.93
St Mayhem White Aged/Peppers,24406,C,19,15.64,25,0.8,5.888888888888889,19,19,77.1
Scott Family Est Chard Arroy,24527,C,19,13.07,27,0.7,9.2,15,15,70.47
Kumeu River Village Chard,25122,C,19,12.16,28,0.7,7.68520568498289,19,19,67.98
Grahams 2000 Vintage Port,25182,C,19,30.87,18,1.1,7.68520568498289,6,6,108.34
Firestone Santa Ynez Rsl,25879,C,19,6.45,38,0.5,9.0,8,8,49.51
Gloria Ferrer Carneros Chard,26219,C,19,11.33,29,0.7,8.666666666666666,7,7,65.62
Stella Pinot Grigio Umbria,28578,C,19,7.89,35,0.5,8.714285714285714,7,7,54.76
Schmitt Sohne Kabinett,29620,C,19,8.38,34,0.6,7.615384615384615,3,3,56.43
Vampire Transylvania Merlot,35290,C,19,4.27,47,0.4,7.0,8,8,40.28
Flora Springs Trilogy Cal,36570,C,19,42.76,15,1.3,8.0,8,8,127.47
Truchard Znfdl,37046,C,19,9.93,31,0.6,7.655629139072848,5,5,61.43
Aquinas Napa Chard,39577,C,19,9.45,32,0.6,7.5,28,28,59.93
Crios Cab Svgn,41415,C,19,8.6,33,0.6,9.25,5,5,57.17
Charles Heidsieck Brut RSV,41605,C,19,40.26,15,1.3,9.0,12,12,123.72
Greg Norman Pnt Nr Cal Est,42789,C,19,10.06,31,0.6,7.357142857142857,4,4,61.83
Masciarelli Rose d'Abruzzo,45647,C,19,6.49,38,0.5,6.805194805194805,8,8,49.66
Ch Cantenac Brown Margaux 11,90080,C,19,40.26,15,1.3,12.0,53,54,123.72
Absolut Raspberri,216,C,18,15.62,24,0.8,7.0,22,22,74.99
Glenfiddich 12 Year Old Sco,847,C,18,35.65,16,1.1,7.333333333333333,2,2,113.29
DeKuyper Hot Damn Cinnamon,882,C,18,10.39,29,0.6,7.777777777777778,2,2,61.17
Absolut Mandrin,899,C,18,14.5,25,0.7,7.75,23,23,72.25
Crown Royal +2 Reusable Cups,1003,C,18,16.66,23,0.8,7.130368098159509,18,18,77.45
Ole Smoky Blue Flame,1762,C,18,14.07,25,0.7,7.375,3,3,71.18
Knappogue Castle Irish 12 Yr,1788,C,18,29.19,18,1.0,6.5,3,3,102.54
GlenDronach Tawny Port 15 Yr,2733,C,18,58.95,12,1.5,7.526315789473684,2,2,145.74
The Deveron 12 Yr Scotch,2863,C,18,34.34,16,1.1,7.552631578947368,6,6,111.19
Haig Club Scotch,2897,C,18,47.24,14,1.3,9.023809523809524,4,4,130.42
Smirnoff Mango Vodka,3186,C,18,9.99,30,0.6,8.0,22,22,59.97
Flipflop Spiced Rum,4104,C,18,7.08,36,0.5,7.0,28,28,50.49
Dictador 20 Yr Rum,4287,C,18,44.44,14,1.3,7.5,26,26,126.5
P & J Cold Soaked Peaches,5685,C,18,13.56,26,0.7,7.88,13,13,69.87
R M Woodbridge Wh Znfdl Cal,6140,C,18,3.44,51,0.4,8.066666666666666,2,2,35.19
Paul Masson Rose,6919,C,18,4.69,44,0.4,8.1,0,0,41.09
Carlo Rossi Rhine Calif,8908,C,18,4.57,44,0.4,8.642857142857142,21,21,40.56
KAH Anejo Tequila,9361,C,18,48.5,14,1.3,8.465116279069768,4,4,132.19
Almaden Pnt Grigio B/B,11749,C,18,10.8,29,0.6,7.162790697674419,15,15,62.35
Volpe Rossa Pnt Grigio,12389,C,18,7.23,35,0.5,8.066666666666666,0,0,51.02
Piazzo Barbaresco,12507,C,18,18.24,22,0.8,7.415384615384616,10,10,81.04
New Age Valentin Bianchi Whi,13504,C,18,7.28,35,0.5,8.384615384615385,20,20,51.19
Manabito Ginjo Sake,17880,C,18,18.29,22,0.8,7.4375,3,3,81.15
M Abbona Dogliani Papa Celso,18237,C,18,16.89,23,0.8,7.3,21,21,77.98
Sutter Home Rsl,18363,C,18,4.1,47,0.4,8.428571428571429,27,27,38.42
Atalon Pauline's Cuvee Red N,18851,C,18,13.07,26,0.7,11.5,7,8,68.6
Castello di Meleto Chianti,19189,C,18,9.93,30,0.6,9.142857142857142,5,5,59.79
Tasca D'Almerita Rosso 06,19231,C,18,23.97,19,0.9,6.0,9,9,92.91
Barefoot Perfectly Pink,19370,C,18,3.94,48,0.4,7.6,22,22,37.66
Heinrich Vollmer Riesling,19700,C,18,8.27,33,0.5,8.0,3,3,54.56
Mt Tabor Galilee Chard,20788,C,18,11.1,28,0.6,7.297297297297297,3,3,63.22
Stags Leap Hands of Time Chr,20963,C,18,10.96,29,0.6,7.2,11,11,62.82
Arindo Verdejo Rueda,21273,C,18,7.14,36,0.5,9.0,8,8,50.7
Ch Les Ormes Saint-Julien,21730,C,18,38.4,15,1.2,8.0,8,8,117.6
Maison Bouachon Les Barianne,22481,C,18,6.84,36,0.5,7.68520568498289,3,3,49.62
Peter Michael Danseuse Pnt N,22702,C,18,68.24,11,1.6,12.0,50,51,156.88
Corvo Pnt Grigio,22821,C,18,6.89,36,0.5,7.0,19,19,49.8
Mazis Chambertin Gr Cru,22910,C,18,74.83,11,1.6,7.68520568498289,0,0,164.13
Darkhorse Svgn Bl,23415,C,18,2.95,55,0.3,7.888888888888889,52,52,32.59
Plantaze Cab Montenegro,23511,C,18,7.43,35,0.5,8.485714285714286,8,8,51.72
Round Hill Cab Svgn,23823,C,18,9.08,31,0.6,8.421052631578947,0,0,57.18
Gerard Bertrand 14 Gris Bl,23987,C,18,8.6,32,0.6,7.804651162790698,4,4,55.64
Tenet Syrah The Pundit,24243,C,18,12.98,26,0.7,8.636363636363637,4,4,68.36
Ch Calon 12 Segur St-Estphe,24311,C,18,60.68,12,1.5,8.5,15,15,147.82
Ch Reserve de la Comtesse 12,24330,C,18,32.41,17,1.1,7.0,23,23,108.04
Guigal Chtnf du Pape,25817,C,18,32.67,17,1.1,7.107142857142857,5,5,108.48
Gallo Fairbanks Cream Sherry,28272,C,18,2.92,56,0.3,5.555555555555555,0,0,32.42
Round Hill Merlot Cal,29469,C,18,9.39,31,0.6,8.333333333333334,0,0,58.14
Cavit Pinot Noir Delle Vene,36197,C,18,5.8,39,0.5,6.8,0,0,45.7
Dr Frank Johannisberg Rsl,37798,C,18,11.33,28,0.6,7.285714285714286,26,26,63.87
Lange Three Hills Cve Pnt Nr,38153,C,18,28.85,18,1.0,9.25,12,12,101.93
Justin Justification Paso R,38889,C,18,21.7,20,0.9,7.478260869565218,8,8,88.4
McManis River Jct Chard Cal,40560,C,18,7.09,36,0.5,6.6,18,18,50.52
Pascual Toso Cab Svgn Argn,40566,C,18,7.23,35,0.5,9.0,4,4,51.02
Goldeneye Anderson Pnt Nr,41868,C,18,33.78,16,1.1,7.719512195121951,4,4,110.3
Acorn Medley Alegria RRV,42410,C,18,16.97,23,0.8,8.0,30,30,78.16
Las Brisas Rueda Wh,42691,C,18,7.48,35,0.5,8.722222222222221,5,5,51.89
Kuentz Bas Alsace White,42949,C,18,9.45,31,0.6,9.23076923076923,21,21,58.33
Fess Parker Frontier Red Cal,45745,C,18,8.16,33,0.5,6.875,20,20,54.2
Turning Leaf Pnt Nr RSV VDP,46074,C,18,7.43,35,0.5,8.142857142857142,0,0,51.72
Torrontes Jelu San Juan,46923,C,18,8.1,33,0.5,7.590909090909091,39,39,54.0
Johnnie Walker Red Label,823,C,17,20.43,20,0.8,8.0625,3,3,83.36
Amador Double Barrel Bourbon,2042,C,17,28.56,17,1.0,6.917910447761194,4,4,98.55
Partida Tequila Blanco,2632,C,17,33.33,16,1.1,5.0,0,0,106.45
Grand Macnish Black Edition,2727,C,17,19.37,21,0.8,9.0,3,3,81.15
Full Throttle Peach Whiskey,2813,C,17,14.49,24,0.7,7.0,8,8,70.19
Usquaebach 15 Yr Whisky,2922,C,17,51.46,13,1.3,8.6,35,35,132.28
Three Olives Dude Vodka,3163,C,17,8.82,31,0.5,6.75,4,4,54.76
Screech Honey Rum,4399,C,17,10.15,29,0.6,8.2,3,3,58.75
Vendange Merlot,6343,C,17,3.44,50,0.3,8.285714285714286,26,26,34.2
Beat 3 Reserve,8918,C,17,24.61,19,0.9,7.7272727272727275,6,6,91.5
Bouza Tannat Las Violetas,10870,C,17,10.45,29,0.6,7.96969696969697,3,3,59.62
Aresti Est Chardonnay,11420,C,17,3.39,50,0.3,7.68520568498289,15,15,33.95
Lamberti Rose Sparkling,11699,C,17,7.84,33,0.5,7.9491525423728815,0,0,51.63
Ravenswood Belloni Znfdl,12593,C,17,18.61,21,0.8,7.55,7,7,79.56
Arrowood Chard Sonoma Cty,15211,C,17,6.77,35,0.5,7.68520568498289,9,9,47.98
Kitaya Ai No Hime Sprkl Sake,15350,C,17,7.38,34,0.5,9.041666666666666,3,3,50.09
Mollydooker The Boxer Shiraz,15504,C,17,17.56,22,0.8,8.24,17,17,77.27
Vincent Marie Antoinette,15721,C,17,16.12,23,0.7,7.68520568498289,0,0,74.03
Bota Mini Moscato,15923,C,17,3.21,51,0.3,7.833333333333333,22,22,33.04
Yellow Tail Sweet Red Roo,16426,C,17,5.44,40,0.4,7.647058823529412,11,11,43.01
Pali Huntington Pnt Nr,16583,C,17,13.51,25,0.7,8.166666666666666,12,12,67.78
Defesa Branco White Alentejo,17293,C,17,8.44,32,0.5,7.147058823529412,6,6,53.57
Monte Velho White Alentejo,18126,C,17,7.53,34,0.5,7.9714285714285715,8,8,50.6
Dom de La Petite Cassagne,19158,C,17,6.45,36,0.5,7.5625,5,5,46.83
Schug Sonoma Cnty Chard,19247,C,17,11.61,27,0.6,9.666666666666666,27,27,62.83
Heavyweight Cab Svgn,19489,C,17,7.84,33,0.5,7.540983606557377,22,22,51.63
Barefoot Cellars Malbec,19849,C,17,3.44,50,0.3,7.878787878787879,5,5,34.2
Tierra de Antes Malbec Mndza,19867,C,17,3.1,52,0.3,9.5,28,28,32.47
Ch D'Issan 10 Brdx,19969,C,17,81.81,10,1.7,7.0,0,0,166.81
Duval-Leroy Prestige Rose,20377,C,17,28.1,17,1.0,11.0,12,13,97.77
KJ Est 12 Chard Camelot High,21367,C,17,20.4,20,0.8,7.15,4,4,83.3
Ch de Chantegrive Graves Rou,23145,C,17,19.2,21,0.8,7.0,9,9,80.8
Jean Dauvissat Chablis St Pi,23188,C,17,18.36,22,0.8,7.620689655172414,6,6,79.03
Ch Pichon Long Comtesse L 12,24323,C,17,88.43,10,1.7,8.833333333333334,0,0,173.43
Cavas Hill 1887 Brut Cava,24700,C,17,8.44,32,0.5,7.4375,48,48,53.57
NH Barnett Hill Dry White,24938,C,17,10.59,28,0.6,8.222222222222221,3,3,60.01
D.des Senechaux CdP,25162,C,17,32.89,16,1.1,9.333333333333334,24,24,105.75
Von Winning Riesling Pfalz,25383,C,17,12.74,26,0.7,7.875,22,22,65.82
Elvio Cogno Barbera D'Alba B,25563,C,17,21.56,20,0.8,8.923076923076923,31,31,85.62
Groth Chard Napa,31120,C,17,20.26,20,0.8,7.2592592592592595,4,4,83.02
Stags Leap Svgn Bl Napa,32338,C,17,16.66,23,0.7,7.75,6,6,75.27
Fattoria Del Cerro Vino Nob,33586,C,17,8.82,31,0.5,5.0,18,18,54.76
Chambers Rosewood Muscat,36894,C,17,7.89,33,0.5,9.571428571428571,3,3,51.79
Simi RSV Chard RRV,38407,C,17,9.14,30,0.6,7.68520568498289,6,6,55.75
Dow LBV Port,39285,C,17,16.89,22,0.8,8.12,4,4,75.79
Yaegaki Nigori Sake,41003,C,17,14.28,24,0.7,7.161290322580645,2,2,69.69
Ch Beaucastel Chtnf Pap,41762,C,17,66.66,11,1.5,7.117647058823529,17,17,150.6
Mulderbosch Rose Cab Svgn,42158,C,17,7.28,34,0.5,8.9,24,24,49.75
Buehler Znfdl Napa,44714,C,17,13.51,25,0.7,7.9804305283757335,6,6,67.78
Shoofly Shiraz,45246,C,17,7.23,34,0.5,7.839506172839506,23,23,49.58
Ch Malartic Lagravier 12 RG,90012,C,17,34.24,16,1.1,6.75,8,8,107.91
Mr Boston Cr de Cacao Brown,113,C,16,4.84,41,0.4,7.4375,2,2,39.36
Cruzan Aged Light Rum,634,C,16,10.21,28,0.6,8.08695652173913,3,3,57.16
Fitch's Goat 100% Corn Whsky,1267,C,16,21.89,19,0.8,5.666666666666667,19,19,83.7
Ole Smoky Peach Moonshine,1328,C,16,12.49,25,0.6,8.8,5,5,63.22
Jim Beam Signature Craft Ltd,2036,C,16,29.13,17,0.9,9.75,5,5,96.58
JP Wiser's Spiced Vanilla,2584,C,16,14.28,24,0.7,8.0,4,4,67.61
Linkwood 15 Yr Old Sngl Malt,2743,C,16,62.49,11,1.5,7.5,45,45,141.47
Tullamore Dew 10 Yr Old,2801,C,16,27.68,17,0.9,9.4,5,5,94.11
Girvan Patent Still #4 Apps,2837,C,16,34.07,15,1.1,8.333333333333334,16,16,104.44
Mortlach Single Malt Scotch,2868,C,16,70.86,11,1.5,7.454545454545454,8,8,150.67
Ciroc Amaretto Vodka,3560,C,16,9.52,29,0.6,9.0,27,27,55.19
Sea Hagg Amber Rum,4138,C,16,22.21,19,0.8,7.23404255319149,2,2,84.3
Almaden Chard Cal,6592,C,16,6.03,36,0.4,7.433333333333334,2,2,43.93
Arrow Peppermint Schnapps,8535,C,16,3.7,46,0.3,7.895910780669145,4,4,34.41
Clos LaChance Cab Svgn,11306,C,16,10.52,28,0.6,8.428571428571429,26,26,58.03
Ch Lancyre Languedoc Rose,12477,C,16,12.83,25,0.6,7.451612903225806,6,6,64.08
Luiano Chianti Clsc,13985,C,16,7.53,33,0.5,8.0,5,5,49.09
Ch Musar Rouge,14425,C,16,30.82,16,1.0,6.473684210526316,20,20,99.31
Villa d Anges Old Vines Rose,15651,C,16,9.58,29,0.6,5.787234042553192,2,2,55.37
Ch La Louviere Pssc-Leg Roug,18046,C,16,17.44,21,0.8,11.0,11,11,74.72
Bertani Amarone 04,18433,C,16,62.91,11,1.5,7.5,4,4,141.93
Ca Del Monte Amarone Red,19329,C,16,29.52,16,1.0,7.649122807017544,3,3,97.23
Ch St Jean Chard Sonoma Cst,19636,C,16,7.99,32,0.5,7.337988826815643,10,10,50.57
Robert Sinskey Abraxas,20177,C,16,23.83,18,0.9,8.0,13,13,87.34
A Bichot Chablis Vaucopins,20682,C,16,19.86,20,0.8,8.0,6,6,79.72
Ch de Berne Rose,21413,C,16,10.34,28,0.6,8.0,0,0,57.52
The Big Easy Red,21583,C,16,15.48,23,0.7,7.590909090909091,3,3,70.39
Dom Taumassou CdR 12,21753,C,16,5.19,39,0.4,7.68520568498289,10,10,40.75
Terlato Fmly Vyd Angels Peak,22352,C,16,22.72,19,0.8,9.0,16,16,85.27
Ch Fuisse Pouilly Fuisse 12,22438,C,16,34.24,15,1.1,12.0,29,30,104.69
Bruno Colin Chass-Mont Morge,23433,C,16,60.4,12,1.3,7.68520568498289,39,39,139.15
Twomey Pnt Nr RRV,24308,C,16,32.43,16,1.0,7.68520568498289,26,26,101.89
Ch Fuisse Pouilly Fuisse Tet,24392,C,16,24.82,18,0.9,10.5,53,53,89.12
Merieau L'Arpent des Vaudons,24554,C,16,8.66,30,0.5,8.166666666666666,17,17,52.65
Alfred Gratien Champagne Bru,24699,C,16,31.07,16,1.0,9.241379310344827,2,2,99.71
Ch St Sulpice Brdx Blanc,24868,C,16,7.48,33,0.5,7.242424242424242,3,3,48.93
W Hill Merlot Napa,24997,C,16,16.43,22,0.7,9.333333333333334,38,38,72.51
Tenuta Sette Cieli Indaco,25003,C,16,32.65,16,1.0,8.333333333333334,2,2,102.24
Jadot Ch des Jacques Fleurie,25090,C,16,14.86,23,0.7,8.666666666666666,3,3,68.96
Grahams 2000 Vintage Port,25181,C,16,64.42,11,1.5,7.0,3,3,143.59
Sixto Chardonnay,25190,C,16,23.52,18,0.9,6.8,21,21,86.78
Ch Fombrauge Le Cadran de Fo,25198,C,16,17.76,21,0.8,6.352941176470588,3,3,75.39
Aveleda Follies,25203,C,16,8.9,30,0.5,6.333333333333333,3,3,53.37
A Bichot Fixin Pnt Nr,25287,C,16,19.35,20,0.8,7.68520568498289,4,4,78.7
Emilio Lustau Fino Sherry,27433,C,16,10.88,27,0.6,8.217391304347826,4,4,59.01
Steele Pacini Mendocno Znfdl,28252,C,16,9.93,28,0.6,9.75,29,29,56.38
Casa Lapostolle Merlot Chile,31978,C,16,9.45,29,0.6,7.68520568498289,9,9,54.99
Matanzas Creek Merlot Sonoma,36572,C,16,14.52,23,0.7,10.0,30,30,68.18
Truchard Carneros Cab Svgn,37387,C,16,21.37,19,0.8,7.225806451612903,3,3,82.71
Casa Julia Svgn Bl Manta,40766,C,16,5.99,37,0.4,7.0,3,3,43.78
Four Vines Biker Znfdl,41394,C,16,15.75,23,0.7,7.5,5,5,71.01
H Brunier Telegramme Pape,44186,C,16,31.03,16,1.0,8.6,5,5,99.65
Drouhin Chorey Les Beaune,44716,C,16,16.66,22,0.7,7.409090909090909,3,3,73.02
Scagliola Barbera D'Asti Frm,44785,C,16,12.9,25,0.6,7.714285714285714,2,2,64.25
Red Truck Pnt Nr Cal,44993,C,16,5.59,38,0.4,8.142857142857142,5,5,42.29
Carlo Rossi RSV Cab Svgn Cal,46371,C,16,11.25,27,0.6,6.794117647058823,0,0,60.0
Barsol Primero Quebranta Pso,308,C,15,15.62,22,0.7,8.933333333333334,4,4,68.45
Kamora Coffee Liqueur,516,C,15,8.52,30,0.5,8.470588235294118,2,2,50.56
Sobieski Orange Vodka,640,C,15,7.24,32,0.5,8.9,27,27,46.61
Sobieski Vanilla Vodka,880,C,15,7.57,31,0.5,7.454545454545454,27,27,47.66
DeKuyper Hazelnut,881,C,15,6.56,34,0.4,8.19047619047619,6,6,44.36
Sobieski Cytron Vodka,890,C,15,7.46,32,0.5,7.526315789473684,5,5,47.31
Sobieski Vodka,920,C,15,7.57,31,0.5,7.2,27,27,47.66
George Dickel #12 Sour Mash,1474,C,15,19.84,19,0.8,7.4,23,23,77.17
Glendalough 13 Yr Sngle Malt,2119,C,15,66.4,11,1.4,9.571428571428571,11,11,141.22
Label 5 Scotch 12 Yr,2186,C,15,19.56,20,0.8,7.833333333333333,25,25,76.62
Full Throttle Blackberry,2809,C,15,14.7,23,0.7,7.0,24,24,66.42
Three Olives Jacked Apple,3152,C,15,7.91,31,0.5,9.0,3,3,48.71
Skyy Infusions Georgia Peach,3371,C,15,0.71,103,0.1,6.0,8,8,14.59
Marzadro Le Diciotto Lune,5126,C,15,41.35,13,1.2,8.0,43,43,111.45
Tomahawk Maple Cream Liqueur,5818,C,15,0.78,98,0.2,9.0,12,12,15.3
La Fee NV Absinthe,6416,C,15,14.7,23,0.7,13.0,5,6,66.42
Tequila Ocho Plata Fresno,8412,C,15,35.71,14,1.1,7.5636363636363635,6,6,103.57
Tormaresca Neprica Puglia,10124,C,15,7.33,32,0.5,8.5,26,26,46.89
Alpataco Pnt Nr,13181,C,15,10.73,26,0.6,8.333333333333334,30,30,56.74
Puydeval VDP D'Oc Red Blend,13442,C,15,11.64,25,0.6,7.2,28,28,59.1
Merry Edwards Pinot Noir RRV,13558,C,15,32.67,15,1.0,7.894736842105263,2,2,99.0
Barefoot Cellars Moscato,13703,C,15,4.33,42,0.4,7.840909090909091,9,9,36.04
Five Oaks Pnt Nr Cal,14923,C,15,2.54,54,0.3,7.8,28,28,27.6
J Lohr Tower Road Petite Sir,14935,C,15,12.98,24,0.6,8.0,28,28,62.4
Angeline Chard Cal,15020,C,15,4.93,39,0.4,9.5,14,14,38.46
Alexana Revana Vyd Pnt Nr,15970,C,15,21.42,19,0.8,8.457142857142857,7,7,80.17
Catalpa Chard,16539,C,15,9.14,29,0.5,7.787234042553192,3,3,52.37
Murai Nigori Genshu Sake,17059,C,15,5.91,36,0.4,8.795454545454545,5,5,42.11
Be. Bright Pnt Grigio,17065,C,15,4.1,43,0.3,7.166666666666667,2,2,35.07
Gnarly Head Authentic White,18344,C,15,6.07,35,0.4,9.6,4,4,42.67
Dolin Sweet White Vermouth,19946,C,15,9.73,28,0.5,7.4,16,16,54.03
Dos Minas Malbec,20091,C,15,5.51,37,0.4,7.318181818181818,25,25,40.66
Milestone Chard,20098,C,15,5.88,36,0.4,8.04,2,2,42.0
Round Pond Est Cab Rutherfrd,20252,C,15,29.6,16,0.9,8.666666666666666,27,27,94.24
Pol Roger Brut 2004,20339,C,15,48.27,12,1.2,9.454545454545455,28,28,120.42
Elk Cove Pinot Bl,21284,C,15,11.99,25,0.6,6.333333333333333,2,2,59.98
Schmitt Sohne Kabinett Mchls,22008,C,15,8.78,29,0.5,7.138888888888889,4,4,51.32
Gifft Red Blend,22227,C,15,6.49,34,0.4,7.666666666666667,7,7,44.12
Stephanie-Aviron Bjls Vlg 12,22422,C,15,9.58,28,0.5,7.68520568498289,2,2,53.61
Jam Cab Svgn,22448,C,15,13.99,23,0.7,8.197802197802197,15,15,64.79
Rozes Infanta Isabel 10 Yr,22819,C,15,15.86,22,0.7,7.4,3,3,68.98
El Enemigo 11 Cab Franc Mend,23045,C,15,16.33,21,0.7,7.45,7,7,70.01
Ch Lalande Borie 11 Julien,23334,C,15,20.64,19,0.8,8.5,3,3,78.69
Firesteed Wines Rose Pnt Nr,23632,C,15,9.26,28,0.5,7.0,3,3,52.71
Matrix Pnt Nr RRV,23853,C,15,18.24,20,0.8,5.933333333333334,4,4,73.98
Scott Family Est Pnt Nr Arro,24528,C,15,16.43,21,0.7,9.2,8,8,70.22
Black Pearl Oro,25185,C,15,12.24,25,0.6,7.9772727272727275,3,3,60.6
Tohu Chard Marlborough NZ,35392,C,15,8.38,30,0.5,7.65625,16,16,50.14
Nova Norma Jeane Merlot,37249,C,15,9.73,28,0.5,7.193548387096774,4,4,54.03
Argiola Costera Isola dei N,38190,C,15,6.75,33,0.5,11.0,33,33,45.0
Vidal Jackson-Triggs RSV Icw,39234,C,15,13.42,24,0.6,8.071428571428571,5,5,63.46
Vendange Pnt Grigio Cal,41171,C,15,2.66,53,0.3,7.633333333333334,25,25,28.25
Craggy Range Svgn Bl Marlbro,41304,C,15,11.61,25,0.6,7.745454545454545,5,5,59.03
Firesteed Willamette Pnt Nr,42423,C,15,16.55,21,0.7,6.666666666666667,18,18,70.47
Wente Reliz Crk Pnt Nr,44083,C,15,14.37,23,0.7,7.741935483870968,4,4,65.66
Yellow Tail Pnt Nr,44302,C,15,5.47,37,0.4,8.0,7,7,40.51
Bollinger Brut Grande Annee,44755,C,15,89.79,9,1.7,7.0,16,16,164.14
Dom du Salvard Cheverny Rg,46090,C,15,5.19,38,0.4,7.68520568498289,21,21,39.46
Aresti Pnt Nr Curico Vly,46135,C,15,3.28,48,0.3,6.0,5,5,31.37
Caravan Cab Svgn,685,C,14,32.46,15,0.9,6.888888888888889,5,5,95.36
Hiram Walker Cr de Cacao Br,700,C,14,6.33,33,0.4,7.867647058823529,2,2,42.1
Bols Melon Liqueur,844,C,14,7.19,31,0.5,7.615384615384615,3,3,44.87
DeKuyper Anisette,869,C,14,7.57,30,0.5,8.071428571428571,2,2,46.04
Drambuie,975,C,14,26.31,16,0.9,8.08695652173913,3,3,85.85
DiSaronno Cavalli Glass Pack,1066,C,14,15.99,21,0.7,10.333333333333334,10,10,66.91
1792 Port Finish Bourbon,1864,C,14,30.76,15,0.9,7.333333333333333,4,4,92.81
Uncle Val's Peppered Gin,2087,C,14,25.18,17,0.8,8.578947368421053,3,3,83.98
Glenfiddich The Original,2714,C,14,76.33,10,1.4,7.6,5,5,146.33
Dark Corner Peach Shine,2978,C,14,15.43,21,0.7,7.68520568498289,29,29,65.74
Little Black Dress Vodka,3160,C,14,7.29,31,0.5,7.68520568498289,3,3,45.18
Jose Cuervo La Familia Rsv,3792,C,14,71.42,10,1.4,7.695652173913044,10,10,141.42
Pink Pigeon Rum,4065,C,14,20.89,18,0.8,9.333333333333334,7,7,76.49
Allens Coffee Brandy Trv,4387,C,14,6.29,33,0.4,7.68520568498289,4,4,41.97
Grand Marnier Cuvee du Cent,5492,C,14,115.38,8,1.8,7.60655737704918,3,3,179.8
Grand Marnier Flask,5515,C,14,7.65,30,0.5,8.272727272727273,2,2,46.28
Kahlua Cinnamon Spice,5653,C,14,14.05,22,0.6,10.0,3,3,62.73
Yeni Raki,5912,C,14,10.89,25,0.6,7.785714285714286,33,33,55.23
Sutter Home Clsc Svgn Bl,6456,C,14,4.02,42,0.3,7.081632653061225,13,13,33.55
Olmeca Altos Reposado,8616,C,14,16.42,21,0.7,8.625,4,4,67.82
Barterhouse Bourbon,8676,C,14,53.95,11,1.3,7.689655172413793,8,8,122.98
Columbia Crest 08 Cab Svgn,10121,C,14,23.64,17,0.8,8.0,20,20,81.36
Ramey Cab Svgn Napa,11055,C,14,37.49,14,1.0,10.909090909090908,3,3,102.49
Beaulieu Tapestry 05 Rsv,11310,C,14,38.31,14,1.0,6.7894736842105265,2,2,103.63
Hobbs Crossbarn Pnt Nr RRV,12149,C,14,23.99,17,0.8,8.0,3,3,81.96
Kim Crawford Pnt Gr Marlboro,12684,C,14,10.66,26,0.5,7.4,3,3,54.64
Palagetto Brunello d Montlcn,13595,C,14,32.88,15,0.9,7.36,3,3,95.99
Grooner Gruner Veltliner,14341,C,14,5.95,34,0.4,8.5,4,4,40.82
Groth Rsv Cab Svgn Napa Vly,15161,C,14,68.96,10,1.4,8.125,3,3,138.96
Ch Tanunda Gr Barossa Cab Sv,17063,C,14,10.66,26,0.5,7.741935483870968,4,4,54.64
Finca Villacreces Pruno Tnto,17494,C,14,8.9,28,0.5,7.68520568498289,14,14,49.92
Castello Di Ama Chianti,18130,C,14,24.83,17,0.8,7.5,10,10,83.39
Haunting Whisper Vyds Vignol,18811,C,14,7.84,30,0.5,7.925925925925926,3,3,46.85
Alberto Furque Malbec Mendoz,18844,C,14,8.44,29,0.5,8.714285714285714,31,31,48.61
Tasca D'Almerita Leone 11,19233,C,14,13.01,23,0.6,7.75,39,39,60.36
Luiano Rosato,19835,C,14,2.16,57,0.2,8.0,6,6,24.59
Fabrizio Dionisio Rose Syrah,20382,C,14,8.1,29,0.5,7.6,29,29,47.63
Beringer Luminus Chard,20410,C,14,20.24,19,0.7,7.105263157894737,2,2,75.3
Petit Caillou St Julien,20513,C,14,18.82,19,0.7,8.090909090909092,5,5,72.6
Ch Lynch Moussas Pauilac,21485,C,14,23.22,17,0.8,6.5,9,9,80.65
Eden Sparkling Cider,21769,C,14,5.98,34,0.4,9.181818181818182,0,0,40.92
Maison L'Envoye The Attache,22337,C,14,24.66,17,0.8,6.75,3,3,83.1
Gaston & Ravaut Bourgog Vlg,22645,C,14,22.36,18,0.8,7.388888888888889,8,8,79.14
Vinchio Vaglio Barbera,22838,C,14,7.43,31,0.5,6.384615384615385,7,7,45.61
Vin Vault Pnt Nr,23542,C,14,6.86,32,0.4,8.0,5,5,43.83
Chiroubles Clos Les Farges,23963,C,14,13.99,22,0.6,7.68520568498289,13,13,62.6
Tarima 14 Blanco Alicante,24124,C,14,6.07,34,0.4,6.125,2,2,41.23
Conterno Fantino Barolo Mosc,24185,C,14,63.26,11,1.3,7.333333333333333,0,0,133.22
Dom Clavel Languedoc,24285,C,14,9.03,28,0.5,8.6,1,1,50.28
Ch Clos Fourtet 12 St-Emilin,24312,C,14,67.11,10,1.4,9.0,25,25,137.11
Steph Avrn Julienas Vielles,24387,C,14,13.42,23,0.6,8.0,30,30,61.3
Llopart Rose Cava Brut Rsva,24451,C,14,15.12,22,0.6,6.833333333333333,27,27,65.08
F Coppola Vendetta Cab/Malbc,24684,C,14,15.53,21,0.7,8.571428571428571,8,8,65.95
Dom Tabordet Pouilly Fume,25014,C,14,16.77,20,0.7,7.68520568498289,16,16,68.54
Querceto Chianti Clsc RSV,27556,C,14,8.9,28,0.5,8.741486068111454,5,5,49.92
Casa Lapostolle Merlot,27797,C,14,8.38,29,0.5,7.090909090909091,28,28,48.44
Dom Tempier Bandol Rg,36907,C,14,25.97,16,0.9,9.75,9,9,85.3
Hendry Ranch Barrel Chard,38242,C,14,19.72,19,0.7,10.0,37,37,74.31
Excelsior S Afr Chard,38412,C,14,5.88,35,0.4,8.387096774193548,3,3,40.58
Acorn Dolcetto Alegria RRV,39471,C,14,19.86,19,0.7,8.0,10,10,74.58
Barbera d'Alba Alessandria,43652,C,14,12.49,24,0.6,7.222222222222222,2,2,59.14
L'Ecole No 41 Cab Svgn Clmba,43662,C,14,19.86,19,0.7,6.914285714285715,3,3,74.58
Paul Hobbs Chard RRV,45128,C,14,32.46,15,0.9,9.0,4,4,95.36
Ch Giscours Margaux 12,90014,C,14,40.78,13,1.1,7.0,28,28,106.86
Mr Boston Peppermint Schnaps,108,C,13,4.77,37,0.4,8.333333333333334,3,3,35.22
Mr Boston Creme de Menthe Gr,111,C,13,4.7,37,0.4,8.6,2,2,34.96
Vermont Gold Vodka,117,C,13,27.77,15,0.9,7.68520568498289,7,7,84.99
Aberlour A'Bunadh Sngle Malt,290,C,13,39.05,13,1.0,7.539906103286385,9,9,100.76
Rothman & Winter Violette,313,C,13,17.45,19,0.7,7.9375,3,3,67.37
Bombay Dry Gin,565,C,13,15.52,20,0.6,7.56,2,2,63.54
Alate Kosher Wine,605,C,13,9.67,26,0.5,7.65,3,3,50.14
Bols Peach Flavored Brandy,840,C,13,8.79,27,0.5,7.75,5,5,47.81
Woodford Reserve MC 1838,1051,C,13,74.62,9,1.4,7.4,2,2,139.38
Jeremiah Weed Cinnamon Whsky,1242,C,13,8.02,28,0.5,7.68520568498289,5,5,45.67
BenRiach 1994,1361,C,13,138.68,7,1.9,8.909090909090908,22,22,189.93
Jack Daniels Tennessee Fire,1771,C,13,0.75,93,0.1,7.7492711370262395,16,16,13.96
Bruichladdich Islay Barley,1860,C,13,46.15,12,1.1,7.913043478260869,5,5,109.55
Pendleton Limited Edition,2915,C,13,16.41,20,0.6,10.333333333333334,5,5,65.32
Du Peyrat Organic Cognac,6525,C,13,29.4,15,0.9,7.375,1,1,87.43
Herradura Reposado Lot 599,7792,C,13,35.93,13,1.0,8.2,30,30,96.71
Green Spot Irish Whiskey,9147,C,13,36.22,13,1.0,7.438775510204081,8,8,97.09
Rocca delle Macie Sasyr Tscn,10057,C,13,8.44,28,0.5,6.166666666666667,32,32,46.85
Macchia Mischievous Znfdl Lo,11703,C,13,14.48,21,0.6,7.733333333333333,13,13,61.36
Madria Sangria,12900,C,13,4.13,40,0.3,7.655172413793103,3,3,32.77
Apaltagua Envero Gran Rsv,13251,C,13,9.24,27,0.5,8.75,38,38,49.02
Vistamar Svgn Bl,13823,C,13,5.88,33,0.4,6.6,33,33,39.1
Dom du Grand Tinel Ch d Pape,13941,C,13,30.4,15,0.9,5.5,2,2,88.93
Itami Onigoroshi Junmal Shu,15349,C,13,5.26,35,0.4,8.027027027027026,5,5,36.98
Ravines Finger Rsl Lakes,15838,C,13,11.03,24,0.5,7.5,2,2,53.56
Domino Chard,16240,C,13,3.24,45,0.3,7.9411764705882355,2,2,29.02
Harrison Clarke Syrah,17086,C,13,26.66,16,0.8,11.0,14,14,83.28
Grateful Red Redhawk Pnt Nr,17361,C,13,11.64,24,0.5,7.85,5,5,55.02
Verde Sole Pnt Grigio,18017,C,13,7.14,30,0.4,8.25,37,37,43.09
Bocelli Prosecco,18601,C,13,12.41,23,0.6,7.631578947368421,3,3,56.8
Barefoot Cellars Pink Moscat,18853,C,13,4.41,38,0.3,7.162790697674419,7,7,33.86
Esclans Whispering Angel Ros,19150,C,13,14.66,21,0.6,7.873493975903615,10,10,61.74
Mt Brave Cab Svgn Mt Veeder,19571,C,13,45.15,12,1.1,7.666666666666667,6,6,108.35
Ch LaGrange 10 Brdx,19822,C,13,72.6,9,1.4,8.333333333333334,12,12,137.56
The Pessimist Cab Svgn,19906,C,13,4.82,37,0.4,8.0,0,0,35.4
Ch Alter Ego 10 Brdx,19966,C,13,83.89,9,1.4,8.0,0,0,147.72
Steele Out Kaste Lke Cty Red,20008,C,13,14.19,21,0.6,9.666666666666666,25,25,60.75
Byrrh Apertif,20192,C,13,11.03,24,0.5,5.75,31,31,53.56
Fabrizio Dionisio Cast Syrah,20383,C,13,9.03,27,0.5,8.095238095238095,3,3,48.46
Fattoria Illario Rose,20426,C,13,9.86,26,0.5,9.6,30,30,50.64
Ch la Pointe Pomerol,20507,C,13,20.64,18,0.7,6.4,5,5,73.26
Red Newt Clrs Rsl Finger Lak,20555,C,13,8.21,28,0.5,7.444444444444445,35,35,46.2
Clos LaChance Meritage,21300,C,13,6.8,31,0.4,8.5,2,2,42.05
Zion Dolev Muscato,21320,C,13,7.09,30,0.4,8.833333333333334,4,4,42.94
Le Macchiole Bolgheri Rosso,22057,C,13,17.41,19,0.7,10.0,4,4,67.29
San Felice Campogiovanni Bru,22649,C,13,33.55,14,0.9,7.826086956521739,5,5,93.4
Opici Toscano Twist Neck 12,22809,C,13,7.84,29,0.4,8.625,3,3,45.15
Pierre Andre Meursault,22951,C,13,35.17,14,0.9,7.0,5,5,95.67
Sterling Vntnr Coll Rose Ltd,23201,C,13,6.66,31,0.4,5.714285714285714,4,4,41.61
Columbia Crest H3 Svgn Bl,23242,C,13,4.84,37,0.4,8.6,13,13,35.48
Ch Pavie Macquin St Emiln 11,23293,C,13,55.03,11,1.2,10.0,23,23,119.62
Le Petit Mout Roths 11 Pauil,23340,C,13,100.66,8,1.6,7.0,0,0,161.78
Ch Bouscaut Rouge 11 GCG,23493,C,13,24.13,16,0.8,8.5,37,37,79.23
Spottswoode Lyndenhurst Cab,23591,C,13,47.61,12,1.1,7.68520568498289,2,2,111.3
A Bichot Cremant Brut Rose,23680,C,13,13.42,22,0.6,7.71875,3,3,59.07
Ch Moulin Rouge 12 Haut-Medo,23765,C,13,7.89,29,0.4,7.68520568498289,6,6,45.29
Sociando Mallet 12 Haut-Medo,23768,C,13,29.93,15,0.9,6.0,31,31,88.23
Ch Smith Haut Lafitte 12 Whi,23777,C,13,87.16,9,1.4,5.333333333333333,0,0,150.67
Cote Mas Blanc Mediterrane,23925,C,13,5.8,33,0.4,8.25,8,8,38.84
Dom le Clos des Lumieres CdR,23965,C,13,9.86,26,0.5,7.0,2,2,50.64
Moncigale Rose Cd Provnce 14,23990,C,13,8.66,27,0.5,4.666666666666667,1,1,47.46
O Leflv Ruly Cr Ls Cloux,24386,C,13,18.82,19,0.7,7.68520568498289,2,2,69.97
Ravenswood Mendocino OV Znfd,24567,C,13,9.08,27,0.5,7.206896551724138,5,5,48.59
Failla Chard Sonoma Cst,24576,C,13,23.8,17,0.8,3.3,2,2,78.7
Herzog Kosher Znfdl,24926,C,13,6.84,31,0.4,10.0,3,3,42.17
Royal Tokaji Mad Cuvee,24998,C,13,11.1,24,0.5,10.222222222222221,5,5,53.72
Selbach-Oster Riesling,25381,C,13,11.64,24,0.5,6.25,6,6,55.02
Marcel Lapierre Morgon,34022,C,13,16.77,20,0.6,10.0,10,10,66.04
EOS Cab Svgn Paso Robles,37708,C,13,7.43,30,0.4,7.2,34,34,43.96
Ruffino Modus Toscana,41141,C,13,16.88,20,0.6,6.25,24,24,66.26
Neyers Conn Vly Cab Svgn,41575,C,13,33.77,14,0.9,8.5,2,2,93.71
Capt Morgan ParrotBay Pineap,187,C,12,11.53,23,0.5,6.0,0,0,52.61
Capt Morgan Parrot Bay Mango,188,C,12,11.19,23,0.5,7.0,0,0,51.82
DeKuyper Red Apple Schnapps,226,C,12,8.08,27,0.4,7.923076923076923,1,1,44.04
Svedka Citron Vodka,261,C,12,9.99,25,0.5,8.0,2,2,48.98
Hendrick's Gin,377,C,12,28.35,15,0.8,7.594512195121951,1,1,82.52
S S Pierce 99 Vodka 80 Proof,399,C,12,4.73,36,0.3,9.5,0,0,33.69
Kahlua Midnight,403,C,12,17.26,19,0.6,7.68520568498289,0,0,64.37
The Glenlivet Archive 21 Yr,592,C,12,127.99,7,1.7,8.268041237113403,5,5,175.31
McCormick Vanilla Vodka,667,C,12,5.18,34,0.4,7.68520568498289,0,0,35.26
Hiram Walker Cr de Cacao Wh,715,C,12,6.19,31,0.4,7.9411764705882355,2,2,38.54
Smirnoff Blueberry Vodka,764,C,12,10.42,24,0.5,7.95,7,7,50.01
Bols Creme De Noyaux,835,C,12,7.57,28,0.4,7.6923076923076925,0,0,42.62
Bols Amaretto Liqueur,845,C,12,7.19,29,0.4,8.172413793103448,3,3,41.54
Arrow Apricot Brandy,885,C,12,6.05,31,0.4,8.166666666666666,0,0,38.11
Goldschlager Cinnamon Schnps,910,C,12,17.29,19,0.6,7.222222222222222,2,2,64.43
Smirnoff Vanilla Vodka,912,C,12,11.15,23,0.5,8.125,5,5,51.73
Smirnoff Orange Vodka,914,C,12,11.5,23,0.5,9.333333333333334,5,5,52.54
Jesse James Spiced Bourbon,1120,C,12,12.49,22,0.5,6.0,0,0,54.75
Southern Comfort Holiday Spi,1408,C,12,7.19,29,0.4,7.68520568498289,3,3,41.54
Herradura Reposado #14 BtB,2039,C,12,38.88,12,1.0,7.666666666666667,0,0,96.66
King Robert II Scotch Whisky,2213,C,12,13.66,21,0.6,8.0,7,7,57.26
Crown Royal Apple,2626,C,12,1.42,65,0.2,9.0,0,0,18.46
Wicked 87 Whiskey,2779,C,12,14.7,20,0.6,6.882352941176471,0,0,59.4
Kennedy's Original Irish,2938,C,12,11.42,23,0.5,8.0,2,2,52.35
Absolut Cilantro,3120,C,12,10.94,23,0.5,7.428571428571429,12,12,51.25
Three Olives Cake Vodka,3187,C,12,8.72,26,0.5,6.2,10,10,45.75
Magellan Gin,3203,C,12,19.4,18,0.7,7.5,0,0,68.25
New Amsterdam Vodka,3271,C,12,4.47,37,0.3,7.68520568498289,7,7,32.76
Triple Crown Blended Whiskey,3301,C,12,12.11,22,0.5,9.0,13,13,53.91
Three Olives Citrus Vodka,3765,C,12,9.37,25,0.5,7.065573770491803,3,3,47.42
Calico Jack Cherry Rum,4043,C,12,12.14,22,0.5,10.0,0,0,53.98
Remy Martin VS Cognac,4518,C,12,35.11,13,0.9,8.0,4,4,91.8
Courvoisier XO Cognac,4625,C,12,111.99,7,1.7,7.964285714285714,3,3,164.11
Jack Daniel's Twin Smoke BTB,4820,C,12,37.31,13,0.9,7.68520568498289,0,0,94.66
Ron Virgin Black Spiced Rum,4948,C,12,9.62,25,0.5,8.5,3,3,48.05
P & J Cold Soaked Berries,5693,C,12,7.51,28,0.4,6.0,2,2,42.46
Livingston Chablis Blush Ca,6258,C,12,8.1,27,0.4,8.181818181818182,5,5,44.09
Fetzer Svgn Bl Cal,6365,C,12,7.43,28,0.4,7.5,0,0,42.23
Marcus James Chard Mendoza,6373,C,12,3.44,42,0.3,7.68520568498289,0,0,28.73
Boones Sangria,6431,C,12,2.06,54,0.2,8.5,0,0,22.24
Riunite Lambrusco,7375,C,12,3.97,39,0.3,7.571428571428571,0,0,30.87
New Amsterdam Pineapple,7428,C,12,8.63,26,0.5,7.68520568498289,0,0,45.51
Bols Peppermint Schnapps,8008,C,12,7.14,29,0.4,8.833333333333334,2,2,41.4
Pepe Lopez Premium Tequila,8017,C,12,7.85,28,0.4,9.3,0,0,43.41
Paul Masson Ruby Burgundy Ca,8274,C,12,2.97,45,0.3,8.88888888888889,0,0,26.7
Jose Cuervo Silver w/Marg Mx,8327,C,12,10.94,23,0.5,6.827225130890052,9,9,51.25
Manischewitz Cream White Cnd,8634,C,12,6.1,31,0.4,7.764705882352941,3,3,38.26
Yellow Tail Bubbles Rose,10701,C,12,6.62,30,0.4,7.6923076923076925,2,2,39.86
Howling Moon Pnt Nr N Cst,10708,C,12,9.08,26,0.5,8.23076923076923,0,0,46.68
Grgich Hills Merlot Napa,10935,C,12,27.92,15,0.8,7.444444444444445,3,3,81.88
Chenin Bl K Forrester Stlnbh,11078,C,12,11.48,23,0.5,6.5,0,0,52.49
Dusky Goose Pnt Nr,11709,C,12,39.21,12,1.0,7.68520568498289,0,0,97.05
Parducci Sustainable White,11743,C,12,4.9,35,0.3,8.0,0,0,34.29
Parducci Sustainable Red,11744,C,12,6.53,30,0.4,8.0,0,0,39.59
Snap Dragon Cab Svgn,12268,C,12,5.22,34,0.4,7.333333333333333,0,0,35.4
Pacific Rim Organic Riesling,12378,C,12,8.72,26,0.5,9.25,35,35,45.75
Tiamo Pnt Grigio,12625,C,12,8.44,27,0.4,7.0,0,0,45.01
Castle Rock Pnt Nr Cal Cuvee,12768,C,12,6.62,30,0.4,8.4,0,0,39.86
P Michael Apres Midi Svgn Bl,13062,C,12,33.33,13,0.9,9.428571428571429,10,10,89.48
Alpataco Malbec,13183,C,12,10.8,24,0.5,8.333333333333334,0,0,50.92
Pacifico Sur Rose Carmenere,13418,C,12,4.99,35,0.3,8.5,0,0,34.61
Twisted Cab Svgn Cal,13583,C,12,2.53,49,0.2,7.0,0,0,24.64
Folk Machine Pnt Nr,13669,C,12,12.33,22,0.5,5.888888888888889,0,0,54.4
Tiziano Pnt Gr Delle Venezie,13808,C,12,7.94,27,0.4,9.555555555555555,0,0,43.66
Live-A-Little Ravishing Red,13920,C,12,7.23,29,0.4,7.9,0,0,41.66
Live-A-Little Wicked White,13921,C,12,7.48,28,0.4,6.666666666666667,0,0,42.37
Cade Cab Svgn Howell Mtn,13948,C,12,50.67,11,1.1,7.7631578947368425,3,3,110.28
Douglass Hill Chard,14100,C,12,4.02,39,0.3,7.833333333333333,0,0,31.06
Douglass Hill Cab Svgn,14101,C,12,4.05,38,0.3,6.333333333333333,0,0,31.18
Ch Haut Branda Brdx Rouge,14190,C,12,6.16,31,0.4,8.5,0,0,38.45
Chilensis Pnt Nr,14357,C,12,6.8,30,0.4,7.7368421052631575,5,5,40.4
Bully Hill NY Rsl,14432,C,12,8.78,26,0.5,10.0,0,0,45.9
Tisdale Vyds Sweet Red,14628,C,12,2.57,48,0.2,9.0,0,0,24.84
Dom Serene Evenstad Pnt Nr,14661,C,12,12.98,21,0.6,7.68520568498289,0,0,55.83
Lucky Duck Riesling,14712,C,12,2.53,49,0.2,7.0,0,0,24.64
White Elephant Vinum Cellars,14834,C,12,10.32,24,0.5,7.8,0,0,49.77
Five Oaks Pnt Grigio Cal,14922,C,12,2.6,48,0.2,7.230769230769231,0,0,24.98
Las Valles Carinena Red,15188,C,12,5.8,32,0.4,8.052631578947368,0,0,37.31
Angoves Nine Vines Moscato,15319,C,12,7.89,28,0.4,9.25,0,0,43.52
Vina Borgia Garnacha,15366,C,12,5.86,32,0.4,8.5,0,0,37.5
Seven Daughters Moscato IGT,15572,C,12,7.43,28,0.4,7.611111111111111,0,0,42.23
Quattro Mani Barbera,15977,C,12,10.66,24,0.5,6.3,0,0,50.58
Sutter Home Pnt Nr,16163,C,12,3.97,39,0.3,6.666666666666667,0,0,30.87
Ch Lamothe de Haux Brdx Red,16172,C,12,11.18,23,0.5,6.0,0,0,51.8
Naveran Cava Brut,16529,C,12,11.99,22,0.5,8.0,0,0,53.65
Bolla Valpo Ripasso Cls Sup,16708,C,12,7.23,29,0.4,7.5,0,0,41.66
Lucky Duck Moscato,16775,C,12,2.48,49,0.2,6.4,0,0,24.4
Pacifico Sur Cab Svgn Rsv,16863,C,12,6.84,30,0.4,9.0,0,0,40.52
Riebeek Cellars Chard,17017,C,12,6.89,30,0.4,5.5,0,0,40.67
Steele Red Hills Cab Svgn,17138,C,12,8.55,26,0.5,9.4,36,36,45.31
Sean Minor 4B Cntl Cst Chard,17332,C,12,7.38,29,0.4,7.5,0,0,42.09
Riebeek Clrs Svgn Bl Swartld,17367,C,12,6.62,30,0.4,5.882352941176471,0,0,39.86
Zacharias Ambelos Phos White,17470,C,12,6.8,30,0.4,7.0,0,0,40.4
Revelation Chard Pays D'Oc,17671,C,12,4.44,37,0.3,8.0,0,0,32.64
Il Donato Vino Rosso Puglia,17706,C,12,6.12,31,0.4,7.5,0,0,38.33
Tenuta San Guido 09 Sassacia,17916,C,12,110.38,7,1.7,5.0,5,5,162.98
Tortoise Creek Chard,18131,C,12,8.21,27,0.4,6.5,0,0,44.39
Seven Falls Chard,18173,C,12,7.18,29,0.4,7.777777777777778,0,0,41.51
Sartori Valpolicella Cls,18275,C,12,8.21,27,0.4,7.625,8,8,44.39
Sartori Family Pnt Nr,18299,C,12,5.51,33,0.4,7.4375,0,0,36.36
Grandial Brut Blanc de Blanc,18309,C,12,6.57,30,0.4,7.818181818181818,4,4,39.71
Mile Marker Pnt Gris,18338,C,12,9.39,25,0.5,9.25,0,0,47.48
2 Copas Spain White,18384,C,12,6.66,30,0.4,10.0,0,0,39.98
Mulderbosch Faithful Hound,18573,C,12,13.15,21,0.6,9.0,0,0,56.19
Castello di Cacchiano Rosso,18636,C,12,10.95,23,0.5,8.079365079365079,2,2,51.27
Anarkos Puglia,18732,C,12,8.44,27,0.4,8.0,0,0,45.01
Mercat Brut Nature,18859,C,12,9.67,25,0.5,7.0,0,0,48.18
Evolucio Fermint Tokaj,18976,C,12,8.05,27,0.4,6.125,0,0,43.96
Bonterra Pnt Nr,19251,C,12,7.99,27,0.4,10.4,0,0,43.8
Camp Chard Sonoma Cnty,19253,C,12,8.38,27,0.4,6.0,0,0,44.85
Stones Currant Ginger Flavor,19275,C,12,7.14,29,0.4,9.0,0,0,41.4
Jip Jip Rocks Shiraz/CabSvgn,19345,C,12,11.48,23,0.5,8.0,0,0,52.49
Mt Monster Cab Svgn,19346,C,12,11.03,23,0.5,7.428571428571429,0,0,51.46
Dow's 10 Yr Old Tawny Port,19406,C,12,20.54,17,0.7,8.041666666666666,2,2,70.21
Cave de Tain Syrah,19444,C,12,9.58,25,0.5,4.0,0,0,47.95
Tintonegro Mendocino Malbec,19497,C,12,7.14,29,0.4,6.785714285714286,0,0,41.4
Caves de Charmelieu St Bris,19543,C,12,7.18,29,0.4,7.68520568498289,0,0,41.51
Alias Chard,19652,C,12,6.07,31,0.4,8.0,0,0,38.17
Round Hill Chard,19703,C,12,2.93,45,0.3,7.0,0,0,26.52
Sledgehammer Zinfandel,19736,C,12,7.84,28,0.4,6.0,0,0,43.38
Mont Gravet Colombard,19807,C,12,7.18,29,0.4,8.25,0,0,41.51
Prendo Pnt Grigio,19936,C,12,7.53,28,0.4,6.0,0,0,42.51
Occhio A Vento Vermentino,20050,C,12,2.62,48,0.2,6.0,0,0,25.08
Camp Merlot Sonoma Cnty,20088,C,12,10.45,24,0.5,4.333333333333333,0,0,50.08
Abadia de la Oliva Blanca,20488,C,12,9.86,25,0.5,7.68520568498289,0,0,48.65
Guenoc Cal Chard,20504,C,12,3.94,39,0.3,9.0,13,13,30.75
Fritz Pnt Nr RRV,20594,C,12,17.87,18,0.7,7.5,0,0,65.5
Tarkettle Chard RRV,20814,C,12,9.67,25,0.5,7.0,0,0,48.18
Papi Merlot,20842,C,12,5.74,32,0.4,7.68520568498289,0,0,37.12
Hey Mambo Swanky White 08,21099,C,12,5.4,33,0.4,7.68520568498289,4,4,36.0
Bodega Garzon Albarino,21250,C,12,9.73,25,0.5,7.0,0,0,48.32
Henry Fessy 09 Pouily-Fuisse,21268,C,12,7.38,29,0.4,7.68520568498289,3,3,42.09
Barefoot Refresh Crisp Red,21318,C,12,3.94,39,0.3,9.2,0,0,30.75
Mas Carlot Marsanne Roussann,21333,C,12,8.84,26,0.5,7.5,0,0,46.06
Stephen Vincent Pnt Nr,21359,C,12,11.33,23,0.5,9.5,0,0,52.15
Ch Talbot Saint Julien,21439,C,12,28.1,15,0.8,7.68520568498289,6,6,82.15
Sociando Mallet Haut-Medoc,21464,C,12,24.15,16,0.8,7.68520568498289,14,14,76.14
Ponte Vinho Verde,21504,C,12,6.8,30,0.4,8.0,0,0,40.4
Listel Grain de Gris Rose,21526,C,12,6.66,30,0.4,6.774193548387097,0,0,39.98
Ch Moulin de la Rose St-Juln,21731,C,12,45.94,11,1.1,9.666666666666666,8,8,105.08
Terre du Lion Saint-Julien,21732,C,12,25.97,15,0.8,7.0,7,7,78.96
Dom Fond Croze CdR Serra Grd,21733,C,12,8.78,26,0.5,7.818181818181818,7,7,45.9
Tenuta S Anna Ex Dry Prsecco,21822,C,12,11.68,23,0.5,7.68520568498289,0,0,52.95
Queens Peak Cab Svgn Sonoma,22086,C,12,9.33,25,0.5,7.583333333333333,0,0,47.32
Casalini Monteplciano D'Abrz,22234,C,12,4.79,35,0.3,8.833333333333334,0,0,33.91
Meinklang Pnt Nr,22262,C,12,12.07,22,0.5,7.68520568498289,0,0,53.83
Wairau River Svgn Bl,22355,C,12,10.32,24,0.5,8.5,0,0,49.77
Hayes Valley Meritage Red CC,22388,C,12,6.57,30,0.4,7.68520568498289,0,0,39.71
Dom Specht Rsl Alsace,22471,C,12,11.48,23,0.5,9.5,0,0,52.49
Piccini Chianti,22556,C,12,7.94,27,0.4,11.0,0,0,43.66
Victor Vyds Old Vine Znfdl,22620,C,12,5.95,32,0.4,7.68520568498289,8,8,37.79
Ryan Patrick Ryan's Rsl,22629,C,12,7.84,28,0.4,8.571428571428571,0,0,43.38
San Felice Il Grigio Gr Sel,22648,C,12,24.99,15,0.8,8.516129032258064,7,7,77.48
Carne Humana Red,22703,C,12,23.33,16,0.8,8.0,0,0,74.83
Adelsheim Chard Willmete Vly,22725,C,12,11.76,23,0.5,7.666666666666667,0,0,53.13
Stags Leap Hand of Time Red,22768,C,12,15.99,19,0.6,7.7368421052631575,0,0,61.96
Kenwood Yulupa Pnt Nr,22793,C,12,6.2,31,0.4,9.3,0,0,38.57
Blossom Hill Merlot,22918,C,12,7.38,29,0.4,9.285714285714286,0,0,42.09
L.A. Cetto Nebbiolo Priv Rsv,22975,C,12,3.62,41,0.3,7.68520568498289,0,0,29.48
Carlo Rossi Red Sangria Cal,23025,C,12,10.2,24,0.5,8.450980392156863,5,5,49.48
Turnbull Cab Svgn 11,23278,C,12,33.33,13,0.9,9.0,18,18,89.48
Ch Lynch Bages Paulliac 11,23287,C,12,92.71,8,1.5,10.0,13,13,149.17
Les Fiefs de Lagrange 11 Jul,23341,C,12,22.75,16,0.8,10.0,30,30,73.9
Gekkeikan Nama Sake,23344,C,12,2.97,45,0.3,7.5,5,5,26.7
Guigal Cotes du Rhone Rose,23349,C,12,9.99,25,0.5,7.372881355932203,5,5,48.98
Tortoise Creek Rose le Charm,23635,C,12,8.1,27,0.4,6.986062717770035,0,0,44.09
Higher Ground Pinot Noir,23663,C,12,8.49,27,0.4,7.217391304347826,0,0,45.15
Ch Carbonnieux 12 Pess-Leogn,23749,C,12,29.41,14,0.9,7.68520568498289,6,6,84.03
Camila Malbec,23792,C,12,6.61,30,0.4,9.0,0,0,39.83
Inglenook 1882 Cab Svgn,23875,C,12,32.44,14,0.9,6.875,0,0,88.27
Lindemans Bin 45 Cab Svgn,23894,C,12,6.66,30,0.4,9.25,0,0,39.98
King Rabbit Malbec Pay D'Oc,23905,C,12,5.33,34,0.4,8.0,0,0,35.77
Landmark 12 Overlook Chard S,23921,C,12,19.6,17,0.7,10.0,0,0,68.61
St Paul's Pnt Nr Alto Aldige,23926,C,12,13.42,21,0.6,7.4,0,0,56.75
La Mura Rosso,23928,C,12,4.79,35,0.3,8.0,0,0,33.91
Talmard Macon Chard,23934,C,12,11.91,22,0.5,7.5,0,0,53.47
Earthshaker La Quete Lirac C,23982,C,12,10.45,24,0.5,7.0,0,0,50.08
Merieau 12 Les Hex PN VdP,24040,C,12,8.78,26,0.5,9.2,4,4,45.9
Michel Torino Don David Cab,24046,C,12,4.73,36,0.3,7.68520568498289,8,8,33.69
La Volpe Pnt Grigio,24055,C,12,9.33,25,0.5,7.666666666666667,0,0,47.32
Roncolato Valpo Super S Barb,24148,C,12,9.66,25,0.5,5.5,0,0,48.15
Conterno Barolo Sori Gnestra,24182,C,12,62.49,10,1.2,7.666666666666667,0,0,122.49
Mazzei Siepi,24280,C,12,58.21,10,1.2,9.0,17,17,118.21
Sea Pearl Svgn Bl,24334,C,12,8.96,26,0.5,7.6,0,0,46.37
Les Pasquets Entre Deux Mers,24476,C,12,6.7,30,0.4,9.0,3,3,40.1
Buehler Wh Znfdl Napa,24494,C,12,6.8,30,0.4,7.428571428571429,0,0,40.4
Tin Barn Cab Svgn Sonoma Cty,24512,C,12,13.79,21,0.6,6.166666666666667,0,0,57.53
R8 Cab Svgn,24513,C,12,7.99,27,0.4,6.5,0,0,43.8
Snowden Cab Svgn The Ranch,24526,C,12,33.33,13,0.9,7.68520568498289,12,12,89.48
Mas Alta Black Slate Priorat,24556,C,12,11.64,23,0.5,9.0,0,0,52.86
Dom Janasse Terre d'Argile,24559,C,12,13.42,21,0.6,9.0,2,2,56.75
Calera Central Chard,24685,C,12,8.49,27,0.4,7.68520568498289,0,0,45.15
Gratien & Meyer Cremant Brut,24701,C,12,10.2,24,0.5,9.0,2,2,49.48
Kenwood Chard Sonoma,24704,C,12,7.94,27,0.4,7.081632653061225,0,0,43.66
Merum Monastrell Jumilla,24717,C,12,7.94,27,0.4,7.333333333333333,0,0,43.66
Dom Piquemal Cotes du Roussi,24734,C,12,10.34,24,0.5,6.0,0,0,49.82
Lugny Macon Vllgs Vielle Rsv,24751,C,12,10.73,24,0.5,5.0,0,0,50.75
Jackhammer Chard Monterey,24952,C,12,9.2,26,0.5,7.083333333333333,3,3,47.0
Roger et Didier Raimbault Rs,25016,C,12,17.0,19,0.6,7.68520568498289,9,9,63.88
Foxglove Chard,25120,C,12,9.73,25,0.5,5.333333333333333,0,0,48.32
Vina Cobos Cocodrilo Corte,25154,C,12,17.0,19,0.6,9.0,5,5,63.88
Duca di Salaparuta Paso Mule,25748,C,12,14.47,20,0.6,9.0,10,10,58.94
Trapiche Chard,26396,C,12,3.89,39,0.3,7.260869565217392,0,0,30.56
Pellegrino Marsala Sweet,26826,C,12,7.74,28,0.4,9.833333333333334,0,0,43.1
Round Hill Common Man Chard,28943,C,12,10.95,23,0.5,6.733333333333333,0,0,51.27
Barefoot Svgn Bl Cal,31496,C,12,3.37,42,0.3,7.8125,0,0,28.44
Villa Cornaro Pinot Grigio,32543,C,12,5.29,34,0.4,9.0,0,0,35.63
Sandeman Tawny 40-Yr Port,32900,C,12,58.82,10,1.2,7.78125,2,2,118.82
Franzia Merlot Cal,32987,C,12,4.69,36,0.3,7.68520568498289,0,0,33.55
Sycamore Lane Chard Cal,33211,C,12,3.53,41,0.3,8.071428571428571,0,0,29.11
Allegrini Amarone Clsc,33961,C,12,53.68,11,1.1,7.5,13,13,113.59
Gabbiano Pinot Grigio Delle,34501,C,12,6.89,30,0.4,6.444444444444445,0,0,40.67
Terrazas Alto Cab Svgn Argn,34646,C,12,5.66,33,0.4,6.0,0,0,36.86
Botromagno Gravina,35855,C,12,5.17,34,0.4,12.0,0,0,35.23
Kenwood Pnt Nr RRV,36386,C,12,8.6,26,0.5,7.578125,0,0,45.44
R M Woodbridge Rsl,36653,C,12,3.86,39,0.3,8.363636363636363,2,2,30.44
Toad Hollow Rose Eye Pnt Nr,36769,C,12,5.15,34,0.4,8.727272727272727,6,6,35.16
Due Torri Pinot Grigio Dell,37008,C,12,14.47,20,0.6,9.409090909090908,0,0,58.94
Snoqualmie Rsl Winemkrs Slct,37166,C,12,5.36,33,0.4,8.16,0,0,35.87
Jacobs Crk Shirz Rsv,37722,C,12,6.7,30,0.4,8.0,0,0,40.1
Blackstone Znfdl Cal,37794,C,12,5.19,34,0.4,7.767441860465116,3,3,35.29
Canyon Oaks Merlot Cal,38107,C,12,7.94,27,0.4,7.814814814814815,0,0,43.66
Momokawa Silver Sake,38314,C,12,9.86,25,0.5,9.75,0,0,48.65
Portillo Malbec,38318,C,12,6.2,31,0.4,11.0,0,0,38.57
Ch Pesquie Cotes du Ventoux,38471,C,12,9.2,26,0.5,10.5,3,3,47.0
Canella Bellini Cocktail Vnz,38622,C,12,8.72,26,0.5,7.392857142857143,4,4,45.75
Salmon Creek Wh Znfdl Cal,39346,C,12,3.44,42,0.3,9.5,0,0,28.73
Cambas Nemea RSV Attica Rd,39434,C,12,9.73,25,0.5,6.0,0,0,48.32
Charles Heidsieck Brut Rose,39456,C,12,42.2,12,1.0,9.615384615384615,7,7,100.64
Stags Leap SLV Cab Svgn,39461,C,12,69.07,9,1.3,6.5,2,2,128.83
Kenwood Cve Brut Yulupa Spa,39840,C,12,5.95,32,0.4,8.416666666666666,0,0,37.79
Bella Italia Pnt Grigio Ter,40220,C,12,5.51,33,0.4,8.0,0,0,36.36
Bolla Chianti,40666,C,12,6.89,30,0.4,9.0,0,0,40.67
McManis Petite Sirah Cal,41132,C,12,7.48,28,0.4,7.125,0,0,42.37
Paul Hobbs Cab Svgn Napa,41588,C,12,66.66,9,1.3,10.0625,7,7,126.66
Beaulieu Cstl Clr Slct Chard,41727,C,12,4.63,36,0.3,8.666666666666666,0,0,33.33
Elvio Tintero Moscato D'Asti,41864,C,12,7.33,29,0.4,5.333333333333333,2,2,41.95
Ridge Znfdl Paso Robles,41983,C,12,20.4,17,0.7,7.421052631578948,0,0,69.97
Crane Lake Cab Svgn Cal,42436,C,12,2.62,48,0.2,7.571428571428571,0,0,25.08
SA Prum Rsl Essence Mosel,43433,C,12,8.9,26,0.5,8.0,4,4,46.22
Sterling Vntrs Cltn Chard,43499,C,12,4.83,35,0.3,8.0,0,0,34.05
Carlo Rossi RSV Chard Cal,43543,C,12,5.47,33,0.4,7.75,0,0,36.23
Oakhurst Happy Camp Cab Svgn,43789,C,12,7.33,29,0.4,7.375,0,0,41.95
Vinedo de Los Vientos Estiv,44221,C,12,10.88,23,0.5,6.5,0,0,51.11
Woop Woop Cab Svgn,44290,C,12,10.73,24,0.5,7.68520568498289,0,0,50.75
Irony Chard Napa,44338,C,12,5.82,32,0.4,8.0,0,0,37.37
Oak Ridge OZV Znfdl Lodi,44394,C,12,9.65,25,0.5,6.571428571428571,0,0,48.12
San Guido Sassicaia Guildal,44666,C,12,17.0,19,0.6,6.5,5,5,63.88
J Lohr Osos Rest Cve Merlot,44705,C,12,8.99,26,0.5,8.444444444444445,0,0,46.45
Trinity Oaks Pnt Nr Cal,44709,C,12,5.29,34,0.4,7.846153846153846,0,0,35.63
Poggio Amorelli Chianti Clsc,44764,C,12,12.49,22,0.5,5.0,0,0,54.75
Nicolis Recioto Valpo Clsc,44781,C,12,6.66,30,0.4,9.0,28,28,39.98
Rain Svgn Bl Marlboro,44895,C,12,10.66,24,0.5,7.666666666666667,0,0,50.58
Canaletto Pnt Nr Pavia,45214,C,12,6.8,30,0.4,10.666666666666666,0,0,40.4
J Vineyards Chard RRV,45239,C,12,10.32,24,0.5,10.25,11,11,49.77
White Oak Merlot Napa,45840,C,12,16.33,19,0.6,6.0,0,0,62.61
Calandray RSV Cotes Roussiln,46147,C,12,11.68,23,0.5,11.0,0,0,52.95
Barefoot Wh Znfdl Cal,46166,C,12,4.3,37,0.3,7.56,9,9,32.13
Hullabaloo Znfdl Napa,46394,C,12,12.32,22,0.5,7.68520568498289,0,0,54.38
Tamari RSV Malbec Mendoza,46402,C,12,5.47,33,0.4,8.169811320754716,7,7,36.23
Crane Lake Pnt Grigio Cal,46508,C,12,5.95,32,0.4,7.9,0,0,37.79
R M Woodbridge Cab/Merlot,46567,C,12,2.75,47,0.3,7.68520568498289,12,12,25.69
Oak Leaf Chard Cal,46662,C,12,2.01,55,0.2,7.666666666666667,0,0,21.96
Oak Leaf Pnt Grigio Cal,46664,C,12,1.94,56,0.2,6.0,0,0,21.58
Ch Lagrange St Julien 11 GC,90025,C,12,38.7,12,1.0,7.68520568498289,24,24,96.44
Old Bushmills,274,C,11,18.56,17,0.6,6.428571428571429,3,3,63.9
Old Mexico Blanco Tequila,298,C,11,6.06,30,0.4,7.538461538461538,2,2,36.51
Mount Gay 1703 Old Cask Slct,675,C,11,78.73,8,1.4,7.0,6,6,131.73
Ole Smoky Apple Pie Pour Pak,1026,C,11,14.61,19,0.6,7.8125,4,4,56.71
Bird Dog Maple Whiskey,2071,C,11,13.05,21,0.5,8.214285714285714,13,13,53.6
Amrut Fusion Single Malt,2369,C,11,50.38,10,1.1,6.5,2,2,105.38
Crown Royal,2475,C,11,5.22,32,0.3,7.68520568498289,3,3,33.89
Yellow Spot Irish Whisky,2617,C,11,72.99,9,1.2,7.790697674418604,1,1,126.8
Spring 44 Gin,2913,C,11,19.99,17,0.6,8.0,30,30,66.34
Pinnacle Red Liquorice,3008,C,11,11.31,22,0.5,3.0,2,2,49.88
Three Olives Watermeln Vodka,3468,C,11,10.86,23,0.5,7.68520568498289,2,2,48.89
Bacardi Dragon Berry Trav,4331,C,11,7.14,28,0.4,9.0,2,2,39.63
Austin Cocktails Vodkarita,4556,C,11,11.71,22,0.5,6.5,3,3,50.76
Southern Comfort 100 Proof,5273,C,11,6.34,29,0.4,9.0,4,4,37.35
Dr McGillicuddy's Cherry,5341,C,11,0.39,119,0.1,7.68520568498289,0,0,9.26
Aguardiente Cristal Liqueur,5463,C,11,9.48,24,0.5,7.416666666666667,5,5,45.67
P & J Cold Soaked Pineapples,5691,C,11,7.87,26,0.4,8.0,2,2,41.62
Tomahawk Maple Cream Liqueur,5789,C,11,12.58,21,0.5,6.0,2,2,52.61
The Club Mudslide,6129,C,11,1.45,62,0.2,11.0,9,9,17.86
Pinnacle Red Berry Vodka,6633,C,11,6.88,28,0.4,7.68520568498289,2,2,38.91
Berentzen Icemint Schnapps,8432,C,11,0.74,86,0.1,7.68520568498289,10,10,12.76
Hazlitt White Cat Fngr Lakes,10374,C,11,5.19,33,0.3,8.0,4,4,33.79
Le Cirque Rose,10414,C,11,7.89,26,0.4,6.864406779661017,2,2,41.67
Meander Cab Svgn Napa Vly,12192,C,11,39.47,12,0.9,7.75,2,2,93.2
Cecchi Chianti Clsc Rsv Fami,12388,C,11,19.35,17,0.6,6.142857142857143,2,2,65.25
Gramona Imperial Cava Gr Rsv,12690,C,11,19.33,17,0.6,7.666666666666667,0,0,65.21
Garden Creek Meritage,13244,C,11,51.94,10,1.1,7.68520568498289,8,8,106.94
Almirez 07 Tinta de Toro,15367,C,11,17.87,18,0.6,7.68520568498289,4,4,62.72
Mollydooker Maitre D Cab Svg,15509,C,11,17.23,18,0.6,7.625,5,5,61.57
Drouhin Pouilly Fuisse,16000,C,11,16.21,18,0.6,7.548387096774194,3,3,59.73
Ravines Meritage,16140,C,11,15.86,19,0.6,6.0,3,3,59.08
Ch Fonroque 09 Brdx St Emill,16923,C,11,22.14,16,0.7,7.68520568498289,2,2,69.8
Sauvignon Republic Svgn Bl,17816,C,11,5.86,31,0.4,7.0,0,0,35.91
Stark Raving White,17938,C,11,6.7,29,0.4,7.857142857142857,1,1,38.4
Viberti Bricco Airoli,18628,C,11,19.59,17,0.6,11.0,2,2,65.66
Wolf Blass Yellow Lbl Chard,19056,C,11,5.88,31,0.4,10.0,4,4,35.97
Dom de Marcoux 12 Nerf Rouge,19264,C,11,47.94,11,1.0,8.5,22,22,102.73
Tom Eddy Manchster Ridge Pnt,19267,C,11,32.21,13,0.8,9.285714285714286,19,19,84.18
Rhone Roger Sabon 13 CDR Rou,19526,C,11,9.39,24,0.5,7.0,1,1,45.45
Pommerey Brut Rose Champagne,20130,C,11,39.47,12,0.9,5.5,14,14,93.2
Ruffino Prosecco,20181,C,11,4.66,34,0.3,6.708333333333333,2,2,32.02
Paul Hobbs Crossbarn Chard,21196,C,11,17.33,18,0.6,5.0,2,2,61.75
Tons de Durum Douro Red,21424,C,11,8.1,26,0.4,11.5,7,7,42.21
Merriam Cuvee Pnt Nr RRV,21520,C,11,16.12,18,0.6,7.0,0,0,59.57
Massolino Barolo Parussi,21980,C,11,44.59,11,1.0,11.0,12,12,99.05
Allegrini Solosole Vermentin,22397,C,11,11.03,22,0.5,6.777777777777778,5,5,49.27
L'Ecole No 41 Red Columbia V,22456,C,11,13.81,20,0.6,8.4,2,2,55.12
A Bichot Merc Champs M,22624,C,11,28.1,14,0.8,13.0,21,21,78.63
Trombetta Family Wines Pnt N,23039,C,11,33.11,13,0.8,5.0,3,3,85.35
Ch Gruaud Larose 11 St Julin,23497,C,11,54.79,10,1.1,8.5,17,17,109.79
Dom Cachot Monot Ct Nuits,23662,C,11,17.99,17,0.6,9.142857142857142,3,3,62.94
Ch Haut Piquat 09,23945,C,11,13.01,21,0.5,6.0,12,12,53.51
G&P Ravaut Ladoix Lacorvee,24293,C,11,32.89,13,0.8,7.68520568498289,0,0,85.06
Farmstead Long Meadow Chard,24486,C,11,12.49,21,0.5,8.647058823529411,6,6,52.42
St Mayhem Red Coffee & Peppe,24791,C,11,15.53,19,0.6,10.0,8,8,58.45
Volpaia Prelius Vermentino,25006,C,11,10.34,23,0.5,7.68520568498289,1,1,47.7
St Supery Dollarhide Cab Svg,25009,C,11,52.62,10,1.1,8.0,6,6,107.62
Gaston Chiquet Trad Brut 1er,25416,C,11,27.2,14,0.8,8.0,5,5,77.37
Guenoc Est Guenoc Vly Chard,26644,C,11,4.36,36,0.3,7.68520568498289,0,0,30.97
Truchard Carneros Chard,32803,C,11,17.64,18,0.6,7.588235294117647,6,6,62.31
Dom Diochon Moulin-a-Vent,34802,C,11,12.41,21,0.5,9.875,7,7,52.25
Hopler Pnt Bl,34841,C,11,11.72,22,0.5,7.461538461538462,2,2,50.78
Ken Wright Shea Ore Pnt Nr,35759,C,11,35.71,12,0.9,10.25,0,0,88.69
Tommasi Amarone,36483,C,11,39.99,12,0.9,8.5,6,6,93.82
Dom Tempier Bandol Rose Pro,36493,C,11,27.15,14,0.8,7.055555555555555,2,2,77.3
Hendry Block 7 Znfdl Napa,38245,C,11,24.02,15,0.7,7.68520568498289,6,6,72.7
R Mondavi Pvt Sel Cab Svgn,40246,C,11,3.56,39,0.3,7.75,2,2,27.99
Tikal Patriota Mendoza Red,41408,C,11,14.56,19,0.6,7.68520568498289,29,29,56.61
Man Cab Svgn Western Cape,44859,C,11,7.48,27,0.4,7.484076433121019,2,2,40.57
R Stemmler Nugent Pnt Nr,45837,C,11,23.99,15,0.7,8.772727272727273,5,5,72.65
White Oak Chard RRV,45839,C,11,15.33,19,0.6,7.9655172413793105,2,2,58.07
Casa Liliana Good Chard,45992,C,11,6.75,29,0.4,10.5,8,8,38.54
Dom Chandon Rose Spklg,46802,C,11,3.26,41,0.3,7.72,4,4,26.78
Bushmills Black Bush,276,C,10,26.8,14,0.7,6.0,0,0,73.23
DeKuyper Melon,549,C,10,6.42,28,0.4,7.277777777777778,1,1,35.83
Malibu Passion Fruit Rum,586,C,10,13.59,19,0.5,8.714285714285714,6,6,52.14
Bols Anisette,827,C,10,7.4,26,0.4,7.631578947368421,5,5,38.47
Bols Creme de Cassis,836,C,10,7.8,25,0.4,7.666666666666667,2,2,39.5
Bols Apricot Flavored Brand,842,C,10,8.45,24,0.4,8.0,2,2,41.11
Jose Cuervo Tradicional,956,C,10,22.89,15,0.7,7.090909090909091,3,3,67.67
Mr Boston Holiday Nog,1034,C,10,3.81,36,0.3,7.361538461538461,4,4,27.6
Bruichladdich Octomore 61,1874,C,10,84.61,8,1.2,9.166666666666666,3,3,130.19
Hudson Manhattan Rye,2812,C,10,30.3,13,0.8,7.75,4,4,77.85
Peligroso Cinnamon Tequila,3424,C,10,11.59,21,0.5,6.333333333333333,3,3,48.15
El Jimador Reposado Tequila,3467,C,10,13.66,19,0.5,9.166666666666666,10,10,52.27
Cruzan Raspberry Flavord Rum,4322,C,10,8.2,25,0.4,5.9,5,5,40.5
Cruzan Black Strap Rum,4340,C,10,9.55,23,0.4,7.743589743589744,2,2,43.7
Piehole Pecan Pie,7838,C,10,8.45,24,0.4,7.833333333333333,3,3,41.11
1800 Select Silver Tequila,8434,C,10,20.43,16,0.6,7.75,0,0,63.94
M Molitor Spatlese Mosel,11029,C,10,17.8,17,0.6,7.391304347826087,3,3,59.67
Herzog Kosher Merlot,11296,C,10,9.58,23,0.4,9.666666666666666,4,4,43.77
Ch Donjon Minervois Rose,12476,C,10,10.66,22,0.5,11.0,3,3,46.18
Finca Decero Amano,14141,C,10,22.14,15,0.7,7.68520568498289,14,14,66.54
Chalk Hill Estate Red,14174,C,10,32.67,12,0.8,7.653846153846154,2,2,80.87
Dom les Pallieres Gigondas,14306,C,10,22.22,15,0.7,9.4,6,6,66.66
Billecart-Salmon Brut Rsv,15193,C,10,30.96,13,0.8,8.142857142857142,5,5,78.71
Lindemans Bin 90 Moscato,16127,C,10,8.1,25,0.4,7.866666666666666,2,2,40.25
Ninety+Cellars Lot 50 Prosco,16749,C,10,7.53,26,0.4,7.539509536784741,2,2,38.81
Altadonna Nero D'Avola,16947,C,10,7.48,26,0.4,8.25,2,2,38.68
Pares Balta Brut Cava Pendes,17026,C,10,10.06,22,0.5,7.166666666666667,2,2,44.86
Thorny Rose Red,17914,C,10,6.2,28,0.4,7.454545454545454,5,5,35.22
Porta Vita Blush Rosato,17988,C,10,8.1,25,0.4,7.105263157894737,9,9,40.25
Heidsieck Monopole Rose Top,18584,C,10,26.48,14,0.7,6.5625,4,4,72.79
Robert Sinskey POV Napa Red,18739,C,10,23.33,15,0.7,6.928571428571429,2,2,68.33
Eden Vermont Ice Cider,18761,C,10,10.61,22,0.5,5.3076923076923075,15,15,46.07
Hess Shirttail Crk Vyd Chard,18797,C,10,8.06,25,0.4,8.333333333333334,11,11,40.15
Schmitt Sohne Funf Sangria,18938,C,10,6.49,28,0.4,8.8,8,8,36.03
J Lohr Est Bay Mist Rsl,19070,C,10,6.53,28,0.4,7.2,4,4,36.14
Rainstorm Pnt Gris,19414,C,10,8.1,25,0.4,8.2,2,2,40.25
Red Sox Club Series Chard Rs,19661,C,10,13.69,19,0.5,5.5,1,1,52.33
Ch Le Gay Pomerol,20516,C,10,67.56,9,1.1,10.0,7,7,116.36
Bread & Butter Pnt Nr,20532,C,10,8.72,24,0.4,7.783505154639175,4,4,41.76
Fifty Shades Of Grey Wh Silk,20549,C,10,7.48,26,0.4,7.5,2,2,38.68
Fifty Shades Of Grey Red Sat,20550,C,10,7.14,26,0.4,8.375,2,2,37.79
Antigal Uno Cab Mendza,20639,C,10,9.73,23,0.4,9.666666666666666,6,6,44.12
Sho Chiku Bai Takara Sake,20650,C,10,56.03,9,1.1,7.410256410256411,4,4,105.98
Banshee Chard,20744,C,10,8.55,24,0.4,9.0,4,4,41.35
Chehalem Inox Chard Wlmt Vly,20767,C,10,13.15,19,0.5,8.4,11,11,51.3
Arcanum Toscana Rosso,21012,C,10,57.04,9,1.1,7.68520568498289,4,4,106.89
Nyers Vyds Vista Luna Znfdl,21160,C,10,14.56,19,0.5,7.333333333333333,1,1,53.98
Ramon Cardova Garnacha,21408,C,10,11.99,20,0.5,7.375,2,2,48.98
Goulee Cos d'Estournel Medoc,21441,C,10,17.76,17,0.6,7.68520568498289,4,4,59.6
Talley Vyds Pnt Nr,21562,C,10,19.35,16,0.6,8.0,5,5,62.21
Spiral Cellars Napa Vly Red,22101,C,10,5.72,30,0.3,7.68520568498289,0,0,33.83
Honeymaker Spiced Mead,22808,C,10,8.38,24,0.4,8.0,5,5,40.95
Dona Paula Est Red Blend,22898,C,10,8.05,25,0.4,8.0,0,0,40.12
Cooks Extra Dry Champagne,23666,C,10,5.36,31,0.3,7.516129032258065,3,3,32.75
Zolo Malbec Rsv,23784,C,10,11.72,21,0.5,7.25,3,3,48.42
Pink Pegau Rose,23785,C,10,11.03,21,0.5,7.193548387096774,5,5,46.97
Alphonse Dolly Pouilly-Fume,23938,C,10,14.93,18,0.6,7.285714285714286,13,13,54.65
Mirafiore Nebbiolo Langhe,24187,C,10,21.42,15,0.7,7.68520568498289,15,15,65.46
Dom Ste Michelle Extra Dry,24216,C,10,8.78,24,0.4,6.857142857142857,7,7,41.91
Mt Beautiful Svgn Bl,24579,C,10,10.27,22,0.5,6.951219512195122,2,2,45.32
St Supery Rutherford Merlot,25011,C,10,25.48,14,0.7,7.875,2,2,71.39
Miner Cab Svgn Napa Vly,25108,C,10,33.1,12,0.8,7.68520568498289,3,3,81.39
Nicole Chanrion Cote de Brou,25140,C,10,16.55,17,0.6,6.0,2,2,57.55
Cinq les Pattes Bordeaux Bla,25160,C,10,7.79,25,0.4,7.0,1,1,39.48
Presidential 20-Yr Tawny Dec,31045,C,10,39.47,11,0.9,7.571428571428571,2,2,88.87
Capanna Rosso di Montalcino,34153,C,10,12.33,20,0.5,7.333333333333333,2,2,49.66
Vieux Telegraphe Pigeoulet,35266,C,10,13.51,19,0.5,8.571428571428571,3,3,51.98
Frey Syrah Organic Mendocino,36851,C,10,10.73,22,0.5,6.5,10,10,46.33
Seghesio Arneis RRV,38526,C,10,7.53,26,0.4,8.0,8,8,38.81
Carpineto Cab Svgn Farnito,38632,C,10,8.09,25,0.4,6.888888888888889,4,4,40.22
L Martini Fndrs Sig Cab Svgn,38900,C,10,13.51,19,0.5,7.68520568498289,0,0,51.98
Claret Ramey Napa Valley,39400,C,10,26.34,14,0.7,7.709677419354839,0,0,72.59
R M Woodbridge Wh Znfdl Cal,39601,C,10,4.69,33,0.3,8.222222222222221,0,0,30.63
Duckhorn Three Palms Merlot,42052,C,10,60.4,9,1.1,7.68520568498289,4,4,109.92
Red Diamond Shiraz Wash,43393,C,10,5.91,29,0.3,7.25,5,5,34.38
Ben Marco Cab Svgn,43777,C,10,12.16,20,0.5,9.210526315789474,2,2,49.32
Pacifico Sur Cab Svgn Curico,45576,C,10,3.5,38,0.3,7.4375,2,2,26.46
Luzon Jumilla Red,45871,C,10,5.66,30,0.3,8.0,4,4,33.65
Carpineto Dogajolo Rose,46070,C,10,8.96,24,0.4,8.340909090909092,3,3,42.34
Fruitier Gneiss Abord Muscdt,46132,C,10,8.9,24,0.4,7.636363636363637,2,2,42.19
Atalon Cab Svgn Napa,46942,C,10,19.47,16,0.6,9.0,7,7,62.4
Alta Classe Mntplcno Abruzzo,46950,C,10,5.36,31,0.3,7.5,2,2,32.75
Voli Lyte French Vodka,116,C,9,11.62,20,0.4,7.68520568498289,9,9,45.74
Capt Morgan Tattoo,240,C,9,14.99,17,0.5,8.0,4,4,51.95
Svedka Cherry Vodka,536,C,9,9.92,21,0.4,7.3,4,4,42.26
Black & White Scotch,731,C,9,20.6,15,0.6,6.666666666666667,4,4,60.9
Svedka Clementine Vodka,780,C,9,9.84,21,0.4,7.864864864864865,2,2,42.09
Pancho Villa Rojo,979,C,9,5.9,28,0.3,7.2,2,2,32.59
Absolut Pears,989,C,9,14.59,18,0.5,8.5,0,0,51.26
Mayfair London Dry Gin,2027,C,9,16.66,16,0.6,6.0,0,0,54.78
Wild Turkey Honey VAP,2308,C,9,12.68,19,0.5,10.0,18,18,47.78
Catskill Defiant Rye,2491,C,9,23.91,14,0.6,7.571428571428571,4,4,65.62
Lauders,2784,C,9,7.25,25,0.4,7.0,4,4,36.12
Hudson Bay Bourbon,2814,C,9,31.0,12,0.8,8.0,6,6,74.7
Hirsch 20 Yr American Whisky,2874,C,9,51.46,9,1.0,9.166666666666666,2,2,96.31
Full Throttle Strwbry Whisky,2921,C,9,14.92,17,0.5,6.333333333333333,3,3,51.83
Three Olives Loopy Vodka,3096,C,9,0.72,79,0.1,9.0,0,0,11.38
UV Whipped Vodka,3151,C,9,5.51,29,0.3,7.68520568498289,2,2,31.5
Ciroc Ten,3973,C,9,181.09,5,1.8,9.3125,10,10,180.54
Widow's Migaki Shochu,5384,C,9,24.08,14,0.6,8.5,2,2,65.85
Gallo Fairbanks Sherry,6265,C,9,3.39,36,0.2,8.333333333333334,2,2,24.7
Original Wondermint Schnapps,6877,C,9,13.56,18,0.5,7.333333333333333,3,3,49.41
Chi Chi's Churro RTD,8570,C,9,7.09,25,0.4,7.68520568498289,2,2,35.72
Beat 3 White Kosher Whiskey,8976,C,9,19.99,15,0.6,7.555555555555555,8,8,59.98
Querceto Il Querciolaia Tosc,10624,C,9,37.74,11,0.8,9.1,4,4,82.42
Sea Smoke Southing Pnt Nr,10863,C,9,43.33,10,0.9,8.857142857142858,6,6,88.33
Garden Creek Chard,13245,C,9,37.66,11,0.8,7.68520568498289,5,5,82.34
Churchills 10 Yr Tawny Port,13784,C,9,15.03,17,0.5,9.5,13,13,52.02
Twomey Svgn Bl Napa,14195,C,9,15.89,17,0.5,7.125,4,4,53.48
Ferrari-Carano RSV Chard,14688,C,9,23.8,14,0.6,8.35,12,12,65.46
Cono Sur Organic Svgn Bl,15058,C,9,5.95,28,0.3,6.25,1,1,32.73
Clos Rochette Faiveley 09,15720,C,9,13.33,18,0.5,8.0,4,4,48.99
Hartford Court Pnt Nr RRV,16773,C,9,22.6,14,0.6,7.8,3,3,63.78
Mica Cab Svgn,16781,C,9,44.51,10,0.9,8.461538461538462,2,2,89.51
Masi Serego Alighieri Amaron,18269,C,9,49.0,10,0.9,8.8,17,17,94.0
Michele Chiarlo Arneis,18284,C,9,11.18,20,0.4,10.0,3,3,44.86
Bertani Villa Arvedi Amarone,18431,C,9,29.03,12,0.8,8.0,4,4,72.34
Girl Go Lightly Moscato,18781,C,9,7.53,24,0.4,7.4,2,2,36.82
Kenwood Moscato Zacchera,18906,C,9,3.92,34,0.3,7.68520568498289,4,4,26.56
Nicholson Ranch Pnt Nr Sonom,19034,C,9,29.21,12,0.8,9.571428571428571,10,10,72.55
Inman Family Endless Crush,19157,C,9,16.21,17,0.5,11.0,3,3,54.03
Ch Pichon Longueville Rsv Co,19694,C,9,49.01,10,0.9,10.0,18,18,94.01
Rex Goliath Red Moscato,19860,C,9,2.93,39,0.2,9.0,13,13,22.97
Cielo Pnt Grigio,19944,C,9,6.8,26,0.3,8.0,6,6,34.99
Love Oregon Rsl,20118,C,9,10.2,21,0.4,5.6,19,19,42.85
Steele 10 Goodchild Vyd Pnt,20187,C,9,13.44,18,0.5,7.68520568498289,3,3,49.19
Vigne A Porrona Rosso,20420,C,9,8.66,23,0.4,6.0,5,5,39.48
Il Poggione Monalcino Rsv 07,21216,C,9,74.49,8,1.1,6.0,0,0,115.84
Ch Ste Michelle Cold Ck Cab,21384,C,9,17.12,16,0.6,8.05,5,5,55.52
Lima Loureiro Vino Verde DOC,21622,C,9,5.8,28,0.3,6.230769230769231,0,0,32.31
Elk Cove La Boheme Pnt Nr,22798,C,9,31.33,12,0.8,9.1,18,18,75.1
Patricius Tokaj Harslevelu,22923,C,9,12.24,19,0.5,7.777777777777778,8,8,46.94
Jarhead Red,23021,C,9,9.08,22,0.4,7.0,2,2,40.43
Delamotte Bl de Bl Brut,23069,C,9,16.66,16,0.6,7.25,2,2,54.78
Ch La Bouree Castillion Brdx,23151,C,9,12.49,19,0.5,8.5,2,2,47.42
Truvee Red,23203,C,9,6.8,26,0.3,7.9375,0,0,34.99
M & R Prosecco Frizzante,23205,C,9,10.66,21,0.4,7.375,2,2,43.81
Siduri Pnt Nr 13 Clos Pepe,23267,C,9,30.71,12,0.8,7.9375,3,3,74.35
Ch Bernadotte Haut-Medoc 11,23326,C,9,16.12,17,0.5,8.0,4,4,53.87
Guillermo Mndza Kosher Malbc,23543,C,9,8.6,23,0.4,6.5,11,11,39.35
Ch Labegorce 12 Margaux,23757,C,9,22.29,14,0.6,7.68520568498289,3,3,63.35
La Chapelle Mission Haut Bri,23780,C,9,55.03,9,1.0,11.0,7,7,99.53
Manon Rose de Provence,23831,C,9,9.33,22,0.4,7.0,3,3,40.98
Gaja Pieve Santa Restituta M,24138,C,9,62.06,9,1.0,7.68520568498289,0,0,105.85
Boscarelli Vino Nobile Monte,24180,C,9,24.18,14,0.6,6.714285714285714,4,4,65.99
Casa E Mirafiori Barb d'Alba,24195,C,9,16.33,17,0.5,9.0,17,17,54.23
von Buhl Jazz Rsl,24273,C,9,10.45,21,0.4,8.0,8,8,43.37
Daou Rsv Cab Svgn,24483,C,9,35.94,11,0.8,6.083333333333333,3,3,80.44
Girl & Dragon Malbec,24754,C,9,9.45,22,0.4,8.5,9,9,41.24
Ch Behere Courtin Pauillac,24991,C,9,40.4,11,0.8,3.5,4,4,85.35
Virtu St Supery White Blend,25012,C,9,13.6,18,0.5,10.25,10,10,49.48
Ch Graves de Pez St Estephe,25015,C,9,20.4,15,0.6,11.0,0,0,60.6
L'Enclos de Viaud Lalande Po,25018,C,9,20.68,15,0.6,8.0,3,3,61.02
Ch de Pierreux Brouilly Rsv,25020,C,9,17.56,16,0.6,7.0,4,4,56.22
Le Prelat CdR Blanc,25199,C,9,8.38,23,0.4,7.043478260869565,2,2,38.84
Ch Deux Rocs Premices Red,25319,C,9,8.6,23,0.4,8.666666666666666,3,3,39.35
R Stemmler 13 Pnt Nr,25537,C,9,11.4,20,0.4,7.988950276243094,9,9,45.3
Elvio Cogno Barolo Ravera,25562,C,9,45.75,10,0.9,9.733333333333333,4,4,90.75
Ramos Pinto 10-Yr Tawny Red,26939,C,9,22.57,14,0.6,7.277777777777778,8,8,63.74
Stags Leap Fay Cab Svgn Napa,37422,C,9,75.81,8,1.1,7.2,4,4,116.9
Glen Ellen Pnt Grigio RSV,37530,C,9,4.54,31,0.3,7.111111111111111,0,0,28.59
Hendry Block 8 Cab Svgn Napa,38241,C,9,37.25,11,0.8,9.368421052631579,3,3,81.88
Ch de Lascaux Rouge Langued,38392,C,9,11.99,19,0.5,7.0,2,2,46.47
Gramona Gessami Penedes,40213,C,9,9.73,22,0.4,8.285714285714286,6,6,41.86
Whitehall Lane RSV Cab Svgn,40605,C,9,45.75,10,0.9,7.68520568498289,23,23,90.75
Paul Hobbs Cross Cab Svgn,41589,C,9,34.24,11,0.8,8.15,12,12,78.57
Hendry Chard Napa Unoaked,42403,C,9,13.24,18,0.5,10.0,10,10,48.83
Krug Grande Cve Brut,43019,C,9,55.55,9,1.0,6.5,0,0,100.0
Churchills 20 Yr Tawny Port,44025,C,9,27.58,13,0.7,7.875,23,23,70.47
Duck Pond Syrah Columbia,44756,C,9,11.03,20,0.4,6.166666666666667,0,0,44.56
Gallo Twin Vly Pnt Grigio,45874,C,9,3.76,35,0.3,6.461538461538462,5,5,26.02
Corbett Canyon Pnt Nr,46065,C,9,8.44,23,0.4,7.529411764705882,0,0,38.98
DeKuyper Pineapple,161,C,8,9.28,21,0.4,10.0,2,2,38.54
Gran Patron Platinum Tequil,247,C,8,156.24,5,1.6,8.403508771929825,2,2,158.12
4 Orange Vodka,363,C,8,17.05,15,0.5,11.0,23,23,52.24
Rock Hills Farm Bourbon,437,C,8,37.87,10,0.8,7.0,4,4,77.87
Berkshire Mtn Ethereal Gin,543,C,8,22.72,13,0.6,9.5,4,4,60.31
Bols Strawberry Liqueur,832,C,8,7.24,24,0.3,7.266666666666667,2,2,34.04
DeKuyper Creme de Banana,874,C,8,6.71,24,0.3,8.0,2,2,32.77
DeKuyper Grape Pucker,905,C,8,9.62,20,0.4,7.043478260869565,4,4,39.24
Smirnoff Cherry Vodka,918,C,8,10.89,19,0.4,7.0,6,6,41.74
Evan Williams Egg Nog,1096,C,8,5.55,27,0.3,7.867469879518072,0,0,29.8
Ardbeg Perpetuum Single Malt,2016,C,8,74.62,7,1.1,8.5,0,0,109.38
Tomatin 18 Yr Single Malt,2050,C,8,49.61,9,0.9,7.181818181818182,0,0,89.09
The Glenrothes Triple Pack,2474,C,8,29.1,12,0.7,7.477611940298507,2,2,68.25
Bowmore Islay 18-Yr Sgl Malt,2638,C,8,95.38,6,1.3,7.888888888888889,4,4,123.89
Laphroaig 18 Yr Single Malt,2765,C,8,60.14,8,1.0,7.625,2,2,98.11
Comandon XO Cognac,2884,C,8,98.48,6,1.3,7.0,13,13,125.75
Barr Hill Vodka,3009,C,8,43.99,10,0.8,10.576923076923077,15,15,83.99
Three Olives Cherry Vodka,3053,C,8,0.79,71,0.1,7.68520568498289,5,5,11.24
Pinnacle Double Espresso,3361,C,8,9.84,20,0.4,7.583333333333333,2,2,39.68
Pinnacle Vanilla,3402,C,8,10.31,20,0.4,7.315789473684211,2,2,40.62
Stolichnaya Razberi,3671,C,8,1.54,51,0.2,8.686046511627907,3,3,15.7
Three Olives Mango Vodka,3711,C,8,11.36,19,0.4,8.421052631578947,14,14,42.64
Bacardi Pineapple Fusion Trv,4383,C,8,7.46,23,0.3,7.68520568498289,4,4,34.55
Kahlua Salted Caramel,5855,C,8,14.61,17,0.5,6.9743589743589745,4,4,48.37
Mapple Jack Liquer,7278,C,8,27.68,12,0.7,8.333333333333334,2,2,66.55
Wild Turkey Forgiven,8010,C,8,39.28,10,0.8,6.666666666666667,0,0,79.28
Berentzen Icemint Schnapps,8460,C,8,12.49,18,0.4,7.68520568498289,13,13,44.7
Olmeca Altos Plata Blanco,8618,C,8,17.31,15,0.5,8.75,10,10,52.63
Rodney Strong Symmetry,10400,C,8,36.05,11,0.7,7.4,2,2,76.02
F Coppola Emerald Pnt Grigio,11640,C,8,6.49,25,0.3,7.701570680628272,13,13,32.22
Veuve Clicquot Ylw Ice Lettr,14193,C,8,30.61,11,0.7,7.68520568498289,0,0,70.03
Cambria Katherine Vyd Chard,14652,C,8,10.59,19,0.4,7.888888888888889,4,4,41.17
Folonari Moscato,15192,C,8,8.27,22,0.4,7.447368421052632,2,2,36.38
Morande Edicion Limitada,16190,C,8,9.8,20,0.4,10.5,6,6,39.6
Cuvaison Carneros Pnt Nr,16634,C,8,20.25,14,0.6,7.68520568498289,19,19,56.92
Legacy Red Alexander Valley,17375,C,8,35.8,11,0.7,6.666666666666667,9,9,75.74
Ruffino Greppone Mazzi Bru,18102,C,8,34.48,11,0.7,7.647058823529412,9,9,74.29
The Creator K Vintners Walla,18438,C,8,36.12,11,0.7,9.0,8,8,76.1
Fetzer Crimson Red Blend,18639,C,8,8.44,22,0.4,7.68520568498289,3,3,36.75
Piccini Memoro,18880,C,8,8.84,21,0.4,8.333333333333334,6,6,37.61
Adissat Gabrielle Ch du Pape,19395,C,8,26.84,12,0.7,6.0,0,0,65.54
Ch Ste Michelle Chard Mimi,19547,C,8,6.75,24,0.3,7.25,0,0,32.87
Seratina Primitivo,19699,C,8,6.8,24,0.3,7.625,2,2,32.99
Viberti Barolo Rsv 06 Volta,20424,C,8,60.64,8,1.0,8.5,0,0,98.51
La Croix de Carbonnieux Blnc,20520,C,8,17.33,15,0.5,6.0,5,5,52.66
Franzia Moscato,20554,C,8,11.68,19,0.4,7.243243243243243,0,0,43.24
Rentas De Fincas Rioja,20885,C,8,6.7,24,0.3,8.2,0,0,32.75
Cenyth Sonoma Red,21008,C,8,33.55,11,0.7,8.571428571428571,2,2,73.27
WindRacer RRV Chard,21015,C,8,22.72,13,0.6,8.333333333333334,10,10,60.31
La Crema Pnt Nr Williamette,21166,C,8,19.46,14,0.6,7.888888888888889,2,2,55.82
Elk Cove Five Mtn Pnt Nr,21286,C,8,31.97,11,0.7,9.222222222222221,3,3,71.53
Bartenura Asti Spumante,21380,C,8,12.57,18,0.4,7.818181818181818,2,2,44.85
Segal's Fusion Chard/Colombd,21411,C,8,10.52,19,0.4,8.210526315789474,7,7,41.04
Gerard Bertrand Gr Teroir Rd,21837,C,8,8.21,22,0.4,7.714285714285714,10,10,36.24
Cruz Garcia Real Sangria Rd,22279,C,8,4.45,30,0.3,7.0,2,2,26.68
The Black Dog Chard,22454,C,8,6.45,25,0.3,7.68520568498289,4,4,32.12
Angels Landing Cab Svgn,22813,C,8,12.98,18,0.4,8.653846153846153,3,3,45.59
Patricius Tokaj Furmint,22922,C,8,12.32,18,0.4,9.2,4,4,44.4
Guigal Cote Rotie Br et Blnd,22957,C,8,42.48,10,0.8,9.75,3,3,82.48
Gary Farrell RRV Chard,23194,C,8,21.19,14,0.6,7.454545454545454,2,2,58.24
Neyers Vyds Chard Novillero,23348,C,8,30.61,11,0.7,7.68520568498289,0,0,70.03
Ch Siran 12 Margaux,23775,C,8,15.48,16,0.5,7.68520568498289,2,2,49.77
Aquitania Cab Svgn,23798,C,8,10.38,20,0.4,8.0,2,2,40.76
Tortiose Crk La Charmel Mus1,23825,C,8,6.66,25,0.3,7.48936170212766,4,4,32.65
Rainstorm Pnt Nr Rose,23953,C,8,11.25,19,0.4,7.68520568498289,0,0,42.43
Enzo Boglietti Dolcetto Alba,23962,C,8,12.66,18,0.4,10.0,4,4,45.01
Poochi Poochi Sparkling Sake,24052,C,8,9.73,20,0.4,6.75,2,2,39.46
Enzo Boglietti Barolo Fosati,24166,C,8,50.33,9,0.9,7.0,13,13,89.74
Monsanto 09 Il Poggio Chiant,24169,C,8,34.01,11,0.7,7.68520568498289,3,3,73.77
Calmel & Joseph Chard,24692,C,8,8.49,22,0.4,7.8,4,4,36.86
Lancaster Est Cab Svgn,24933,C,8,25.97,12,0.7,8.242424242424242,2,2,64.5
Jadot Vosne Romanee 13,25061,C,8,40.26,10,0.8,8.5,10,10,80.26
Stratus Cab Franc VQA,25130,C,8,20.68,14,0.6,11.0,3,3,57.52
Brittan Vyds Chard Wlmete Vy,25265,C,8,29.05,12,0.7,7.5,4,4,68.19
Sbragia Cab Svgn Monte Rosse,25512,C,8,30.87,11,0.7,9.666666666666666,15,15,70.32
Bonny Doon Le Cigare Volant,25925,C,8,21.42,14,0.6,7.68520568498289,2,2,58.56
Spottswoode Cab Svgn Napa,26104,C,8,105.51,6,1.3,7.111111111111111,13,13,129.97
Jaboulet Crozes Hermitage L,26889,C,8,11.68,19,0.4,8.166666666666666,3,3,43.24
Sauvion Muscadet Ch de Cler,28155,C,8,10.32,20,0.4,7.277777777777778,6,6,40.64
Domaine Pallieres Gigondas R,33717,C,8,31.97,11,0.7,7.909090909090909,20,20,71.53
Dom Le Sang des Cailloux Va,33719,C,8,21.56,14,0.6,5.285714285714286,3,3,58.76
Miner Chard Napa,35714,C,8,19.73,14,0.6,8.5,2,2,56.19
Catena Alta Historic Rows CS,35896,C,8,31.03,11,0.7,8.130434782608695,14,14,70.5
Ch Lynch Bages 10,36061,C,8,128.37,6,1.3,7.68520568498289,13,13,143.69
Antinori Bolgheri Guado,39107,C,8,61.18,8,1.0,6.5,0,0,98.94
Morgan Winery Double L Pnt N,39575,C,8,30.61,11,0.7,9.057142857142857,6,6,70.03
BV Coastal Estate Cab Svgn,41831,C,8,3.76,33,0.2,8.0,10,10,24.53
Cakebread Benchland Cab Svgn,42785,C,8,68.49,8,1.0,6.714285714285714,2,2,104.79
Acorn Alegria Vyds Cab Franc,43237,C,8,18.06,15,0.5,7.888888888888889,2,2,53.76
Nickel Rock Cairn Cab Svgn,44653,C,8,64.86,8,1.0,7.25,9,9,101.89
Campo Al Mare Bolgheri,46367,C,8,16.23,16,0.5,7.68520568498289,6,6,50.97
Carlo Rossi RSV Wh Znfdl Cal,46374,C,8,11.64,19,0.4,8.0,0,0,43.17
Chivas Royal Salute,100,C,7,120.29,5,1.4,6.866666666666666,0,0,130.15
Gentleman Jack Gift Pack,165,C,7,20.14,13,0.5,6.516129032258065,2,2,53.11
Wisdom & Warter Cream Sherry,199,C,7,3.87,30,0.2,11.0,8,8,23.28
Ciroc Coconut Vodka,258,C,7,24.28,12,0.6,9.4,5,5,58.3
Cruzan Aged Light Rum,551,C,7,8.59,20,0.4,7.318181818181818,0,0,34.68
Orange Quattro di Amore,735,C,7,10.81,18,0.4,7.444444444444445,3,3,38.9
DeKuyper Peppermint,886,C,7,9.41,19,0.4,7.68520568498289,4,4,36.3
Woodford Rsv Cotton Restrant,1173,C,7,36.5,10,0.7,7.0,0,0,71.5
Tullibardine Sherry Finish,1215,C,7,50.77,8,0.9,7.0,2,2,84.37
Charles Goodnight Bourbon,1997,C,7,30.93,11,0.6,7.2,2,2,65.84
Egan's Single Malt Irish Wh,2230,C,7,37.59,10,0.7,8.443181818181818,0,0,72.59
Glenrothes Single Malt Scot,2292,C,7,29.99,11,0.6,8.636363636363637,0,0,64.81
Catskill Fearless Whiskey,2498,C,7,26.86,11,0.6,7.0,2,2,61.36
Glenfiddich 21 Year Old,2535,C,7,140.62,5,1.4,8.172413793103448,2,2,140.31
Royal Thistle Scotch,2858,C,7,13.38,16,0.4,9.0,8,8,43.28
Lock Stock & Barrel Rye,2949,C,7,70.36,7,1.0,8.392857142857142,4,4,99.25
Islay Mist 8 Yr Old Scotch,2976,C,7,11.59,17,0.4,9.0,5,5,40.29
Pinnacle Cake Vodka,3250,C,7,7.41,22,0.3,11.0,19,19,32.21
Truuli Peak Vodka,3355,C,7,18.79,14,0.5,8.0,4,4,51.31
Montanya Platino Rum,3628,C,7,17.59,14,0.5,7.5,2,2,49.63
Smirnoff Lime Vodka,3719,C,7,7.36,22,0.3,10.5,12,12,32.1
Svedka Colada Vodka,3809,C,7,7.19,22,0.3,11.0,12,12,31.73
Flipflop Silver Rum,4101,C,7,6.97,22,0.3,7.68520568498289,0,0,31.24
Capt Morgan Spiced Rum 100,4173,C,7,0.79,67,0.1,9.0,3,3,10.52
DeKuyper Buttershots Trav,5250,C,7,7.14,22,0.3,9.0,0,0,31.62
Marie Brizard Cassis d Dijon,6952,C,7,12.85,17,0.4,8.802469135802468,0,0,42.43
Torna Sorrento Limoncello,6957,C,7,10.76,18,0.4,7.0,4,4,38.81
Wild Turkey Diamond Annivsry,8228,C,7,107.99,6,1.2,7.0,4,4,123.13
Poema Brut Cava Penedes,10336,C,7,8.1,21,0.3,7.0,15,15,33.68
Querceto La Corte Toscana,10623,C,7,31.97,10,0.7,9.75,3,3,66.97
A Bichot Macon-Villages,10733,C,7,8.16,21,0.3,8.282051282051283,0,0,33.8
Herzog Kosher Chard,11340,C,7,9.2,20,0.4,8.647058823529411,2,2,35.9
Silver Oak Cab Svgn Napa Vly,12139,C,7,149.65,5,1.4,7.0,4,4,144.82
Mercer Cab Svgn,12351,C,7,13.51,16,0.4,9.0,5,5,43.49
Ravenswood Big River Znfdl,12592,C,7,18.11,14,0.5,10.2,19,19,50.35
Yellow Tail Svgn Bl,12595,C,7,5.36,26,0.3,7.166666666666667,7,7,27.4
Cadaretta Cab Svgn Clmbia Vy,13150,C,7,18.24,14,0.5,7.68520568498289,0,0,50.54
Ferrer Bobet Priorat,13287,C,7,21.61,13,0.5,7.68520568498289,4,4,55.02
Barefoot Cellars Cab Svgn,13702,C,7,4.45,28,0.2,8.372093023255815,17,17,24.96
Attitude 13 Rose Jolivet,14126,C,7,9.08,20,0.4,8.0,7,7,35.66
Flip Flop Moscato,15294,C,7,3.86,30,0.2,6.3,6,6,23.25
Revana Cab Svgn Napa Vly,15971,C,7,71.89,7,1.0,7.285714285714286,2,2,100.32
Domino Merlot,16241,C,7,3.3,33,0.2,8.0,2,2,21.5
Badenhorst Secateurs Red,16559,C,7,8.96,20,0.4,7.090909090909091,2,2,35.42
Gallo Signature Series Chard,16792,C,7,16.12,15,0.5,6.809523809523809,6,6,47.51
Ch La Chapelle La Mission 09,17406,C,7,64.18,7,1.0,7.68520568498289,7,7,94.93
Dom Serene Roadblock Syrah,17528,C,7,12.24,17,0.4,13.0,14,14,41.4
Yellow Tail Pink Moscato,18756,C,7,5.36,26,0.3,6.5,2,2,27.4
Toasted Head BB Oaked Svgn B,19108,C,7,7.09,22,0.3,7.5,2,2,31.51
Ciacci 07 Piccolomino Brunlo,19584,C,7,40.26,9,0.8,10.0,3,3,75.12
Ch Magdelaine 10 St Emilion,19684,C,7,75.86,7,1.0,10.0,0,0,103.1
Gum Drop Pink Moscato,19914,C,7,4.66,27,0.3,7.0,0,0,25.54
Soter Vyds North Vly Pnt Nr,20001,C,7,23.97,12,0.6,8.0,2,2,57.93
Dom Bousquet Pnt Nr Rsv,20174,C,7,10.95,18,0.4,7.2,2,2,39.15
Steele 09 Bien Nacido Pnt Nr,20189,C,7,16.01,15,0.5,9.0,3,3,47.35
Chocolate Cuvee,20218,C,7,7.84,21,0.3,7.555555555555555,3,3,33.13
Citran Haut-Medoc,20506,C,7,19.86,13,0.5,7.0,2,2,52.74
The Culprit Red,20659,C,7,12.98,16,0.4,5.5,14,14,42.64
La Jota Cab Svgn Howell Mtn,21010,C,7,42.48,9,0.8,8.5,3,3,77.12
Rotari Trento Brut,21026,C,7,4.9,27,0.3,7.68520568498289,7,7,26.19
Eden Ice Cider Honey Crisp,21045,C,7,17.56,14,0.5,7.6,0,0,49.58
Les Lauzeraies Tavel,21109,C,7,7.33,22,0.3,7.666666666666667,4,4,32.04
Tamaya Svgn Bl,21366,C,7,7.84,21,0.3,7.4,0,0,33.13
Chateau d'Issan Margaux,21449,C,7,36.23,10,0.7,6.0,9,9,71.23
Hartford OV Znfdl RRV,21814,C,7,21.19,13,0.5,8.571428571428571,0,0,54.47
Fetzer Quartz White,21850,C,7,1.23,53,0.1,7.68520568498289,7,7,13.12
Massolino Barolo Margheria,21977,C,7,45.2,9,0.8,7.5,7,7,79.57
Doga Delle Clavule Vermentin,21978,C,7,5.8,25,0.3,7.68520568498289,2,2,28.5
O Leflaive Pulgny Montrcht12,22435,C,7,37.41,10,0.7,7.68520568498289,0,0,72.41
Renacer Red Mendoza,22765,C,7,40.81,9,0.8,8.666666666666666,17,17,75.62
Beaux Freres Vyds Pnt Nr,22828,C,7,59.2,8,0.9,7.0,2,2,91.11
Pierre Andre Chablis,22950,C,7,18.61,14,0.5,7.875,4,4,51.05
Marietta Clrs Angeli Cuvee,23014,C,7,17.23,14,0.5,7.1,2,2,49.12
Toad Hollow Risque Sparkling,23066,C,7,10.13,19,0.4,9.3,4,4,37.67
Nicolas Perrin St Joseph,23070,C,7,17.56,14,0.5,7.68520568498289,3,3,49.58
Patz & Hall Pnt Nr Sonoma Cs,23114,C,7,26.84,11,0.6,8.0,3,3,61.34
Ch Pichon Longevile 11 Comts,23337,C,7,94.59,6,1.2,8.5,0,0,115.09
Ch Haut Bailly 12 Pessac-Leo,23754,C,7,63.33,7,1.0,7.68520568498289,7,7,94.33
Dom Sourdais Chinon,23935,C,7,9.73,19,0.4,7.0,2,2,36.91
Thorn Napa Valley Merlot,23959,C,7,26.52,11,0.6,7.296296296296297,2,2,60.99
Rio Madre 2014 Rose Rioja,23988,C,7,6.66,23,0.3,7.666666666666667,2,2,30.54
Botani 13 Muscat Srra Malaga,24125,C,7,10.06,19,0.4,6.9,2,2,37.54
Red Car Chard Sonoma Cst,24261,C,7,21.93,13,0.5,7.68520568498289,2,2,55.43
JJ Prum Graacher Him Rsl Aus,24361,C,7,30.71,11,0.6,11.0,3,3,65.6
Jean Laurent Blanc de Noirs,24578,C,7,26.81,11,0.6,9.0,2,2,61.31
Darioush Merlot Napa Valley,24668,C,7,41.37,9,0.8,7.428571428571429,2,2,76.12
Tenuta Sette Ponti Crognolo,24720,C,7,18.54,14,0.5,7.333333333333333,2,2,50.96
Feudo Saia Nero d'Avola 13,24722,C,7,19.17,14,0.5,7.0,2,2,51.84
L'Ecole No 41 Cab 12 Walla W,24930,C,7,28.28,11,0.6,5.5,2,2,62.93
NH 1761 Walpole Rose,24939,C,7,13.01,16,0.4,8.736842105263158,4,4,42.69
Ch Boston Margaux,25257,C,7,20.77,13,0.5,7.625,2,2,53.92
Artesa Rsv Chard,25411,C,7,26.17,12,0.6,6.777777777777778,4,4,60.57
Luigi Bosca Los Miradores Ma,25428,C,7,19.3,13,0.5,6.571428571428571,4,4,52.01
Calera Mt Harlan Chard,25444,C,7,28.08,11,0.6,7.333333333333333,16,16,62.71
Ch de Reynaud Cotes du Bourg,25535,C,7,12.25,17,0.4,7.666666666666667,0,0,41.41
Ken Wright Canary Hill Pnt N,35755,C,7,37.41,10,0.7,9.8,18,18,72.41
Catena Alta Historic Malbec,35905,C,7,26.17,12,0.6,6.714285714285714,2,2,60.57
Staglin Salus Rthfd Chard,37940,C,7,22.06,13,0.5,11.0,8,8,55.6
Rochioli Svgn Bl RRV,40366,C,7,26.89,11,0.6,6.333333333333333,2,2,61.4
St Francis Claret Sonoma,40436,C,7,9.67,19,0.4,7.68520568498289,5,5,36.79
Gramona Grand Cve Cava Spklg,41081,C,7,12.16,17,0.4,6.375,2,2,41.26
Ridge Geyserville Znfdl,41612,C,7,24.18,12,0.6,6.7727272727272725,2,2,58.18
Alto Moncayo Garnacha,42685,C,7,31.37,11,0.6,7.36,2,2,66.33
Beringer Cab Svgn Pvt RSV Np,42884,C,7,72.36,7,1.0,8.071428571428571,17,17,100.65
Two Hands Bella Gardn Shiraz,43134,C,7,46.05,9,0.8,8.0,3,3,80.33
Farnum Hill X-Dry StillCider,43919,C,7,7.89,21,0.3,6.666666666666667,2,2,33.24
Provenance To Kalon Cab Svgn,44102,C,7,37.66,10,0.7,7.0,15,15,72.66
F Coppola Diamond Malbec,45565,C,7,12.07,17,0.4,7.5,0,0,41.11
Cheval des Andes Mendoza,45980,C,7,39.99,9,0.8,8.0,4,4,74.88
La Croix Beaucaillou 11 St J,90081,C,7,33.11,10,0.7,7.68520568498289,16,16,68.11
Sauza Gold VAP,229,C,6,10.39,17,0.4,7.68520568498289,0,0,35.31
Massenez Creme de Cassis,249,C,6,16.29,14,0.4,8.529411764705882,2,2,44.23
44* North Magic Valley Vodka,372,C,6,17.3,13,0.5,9.5,0,0,45.57
S S Pierce Ninety Nine Bl W,401,C,6,5.9,23,0.3,12.0,0,0,26.61
Calico Jack Spiced Rum,420,C,6,5.88,23,0.3,7.68520568498289,0,0,26.57
Smirnoff Fluffed Marshmallow,530,C,6,11.27,16,0.4,7.0,0,0,36.78
Malibu Mango Rum,587,C,6,12.49,15,0.4,7.65,5,5,38.74
Stolichnaya Hot Vodka,749,C,6,15.14,14,0.4,7.64,2,2,42.62
Bols White Creme De Menthe,830,C,6,7.35,20,0.3,10.0,9,9,29.7
Absolut Hibiskus,866,C,6,15.93,14,0.4,6.5,4,4,43.73
St Christopher Gluhwein,1062,C,6,4.57,26,0.2,6.4772727272727275,0,0,23.42
Jim Beam Distlrs Masterpiece,2075,C,6,143.88,5,1.2,8.0,2,2,131.94
Westland American Sngle Malt,2104,C,6,50.35,8,0.8,8.6,5,5,77.78
Glen Moray 10 Yr Chard Cask,2137,C,6,29.99,10,0.6,9.0,2,2,59.99
Ole Smoky Harley-Davidson,2215,C,6,13.86,15,0.4,7.2727272727272725,4,4,40.79
Glen Moray 16 Yr Old Scotch,2218,C,6,42.33,8,0.8,7.68520568498289,2,2,71.36
The GlenDronach Cask Strngth,2555,C,6,66.66,7,0.9,10.0,0,0,89.52
Jack Daniels 2 Yr Rested Rye,2577,C,6,37.87,9,0.7,10.0,7,7,67.42
Tomatin Scotch 14Yr Portwood,2680,C,6,43.79,8,0.8,6.671328671328672,0,0,72.53
Old Smuggler,2833,C,6,7.24,20,0.3,8.666666666666666,5,5,29.48
White Horse Scotch,2903,C,6,20.58,12,0.5,8.2,0,0,49.7
Berentzen Bushel & Barrel,2939,C,6,11.53,16,0.4,7.4,3,3,37.2
Auchentoshan 18 Yr Scotch,2955,C,6,93.52,6,1.0,10.0,9,9,106.11
Patron Silver Tequila,3084,C,6,11.27,16,0.4,7.9640287769784175,5,5,36.78
Capri Natura Limoncello,3432,C,6,13.04,15,0.4,8.0,5,5,39.56
Ciroc Amaretto Vodka,3564,C,6,36.08,9,0.7,8.083333333333334,2,2,65.81
Bakon Vodka,3599,C,6,14.05,15,0.4,8.052631578947368,0,0,41.08
Tarantula Azul Tequila,3646,C,6,15.38,14,0.4,8.5,0,0,42.96
Kingfish Silver Rum,4215,C,6,19.4,12,0.5,7.685714285714286,0,0,48.28
Myers Platinum Rum,4348,C,6,11.65,16,0.4,7.68520568498289,0,0,37.39
Bacardi Oakheart Spiced Trav,4357,C,6,7.46,20,0.3,12.0,3,3,29.92
Cruzan Banana Flavored Rum,4415,C,6,8.72,19,0.3,7.409090909090909,0,0,32.36
Camus Elegance XO,4605,C,6,99.23,5,1.2,6.5,0,0,109.62
Pallini Raspicello Liqueur,5645,C,6,18.79,13,0.5,8.5,0,0,47.5
I'm Bananas Over You,5742,C,6,3.93,28,0.2,11.0,0,0,21.72
The Club Strawbry Margarita,6127,C,6,1.47,45,0.1,8.0,3,3,13.28
Taylor Dry Sherry,6395,C,6,3.28,30,0.2,8.0,2,2,19.84
Avion Reposado Tequila,6411,C,6,34.07,9,0.7,7.529411764705882,0,0,64.0
LeCompte Calvados 5 Yr Old,6520,C,6,39.99,9,0.7,9.0,9,9,69.32
Livingston Chablis Blush Ca,6798,C,6,4.63,25,0.2,8.666666666666666,0,0,23.58
St Germain Liqueur,6916,C,6,11.1,16,0.4,12.0,3,3,36.51
Llord's Triple Sec,7271,C,6,5.18,24,0.2,7.68520568498289,0,0,24.93
Viniq Shimmery Glow,7680,C,6,19.68,12,0.5,7.6,2,2,48.62
S S Pierce Manhattan,8028,C,6,8.39,19,0.3,7.666666666666667,0,0,31.73
Riunite Bianco,8235,C,6,6.24,22,0.3,9.25,0,0,27.36
Ocho Tequila Plata Corrales,8419,C,6,5.3,24,0.2,7.68520568498289,0,0,25.22
Harwood Canadian,8456,C,6,9.64,18,0.3,7.857142857142857,0,0,34.02
Livingston Rhine Calif,8699,C,6,4.63,25,0.2,8.777777777777779,0,0,23.58
Livingston Clrs Red Rose,8705,C,6,4.76,25,0.2,7.7272727272727275,0,0,23.9
Metcalfe's Raspberry Liqueur,8767,C,6,19.68,12,0.5,7.666666666666667,0,0,48.62
Columbia Crest Walter Clore,10122,C,6,15.86,14,0.4,5.5,11,11,43.63
King Est Domaine Ore Pnt Nr,10544,C,6,8.9,18,0.3,7.68520568498289,0,0,32.69
Querceto Il Sole Alessandro,10625,C,6,45.26,8,0.8,9.5,5,5,73.71
Folie A Deux Chard Napa,11148,C,6,12.41,16,0.4,7.68520568498289,0,0,38.61
Sutter Home Sweet Red,11174,C,6,6.66,21,0.3,7.363636363636363,0,0,28.27
Pro.mis.Q.ous White CA,12133,C,6,4.24,27,0.2,9.0,0,0,22.56
Pro.mis.Q.ous Red CA,12134,C,6,7.33,20,0.3,7.666666666666667,2,2,29.66
Croix de Basson Rose Organic,12539,C,6,9.08,18,0.3,11.333333333333334,3,3,33.01
Bonny Doon Vyd Albarino,12575,C,6,9.14,18,0.3,7.68520568498289,5,5,33.12
Peter Michael MaBelleFille C,13064,C,6,56.77,7,0.9,5.857142857142857,0,0,82.6
Torre Migliori Monte d'Abruz,13255,C,6,10.52,17,0.4,7.583333333333333,3,3,35.53
Home Ranch Sbragia Chard,13530,C,6,17.23,13,0.5,8.108490566037736,8,8,45.48
Z Znfdl Tom Eddy,13550,C,6,34.45,9,0.7,7.5,13,13,64.34
The Show Malbec Argentina,13831,C,6,8.16,19,0.3,6.5,0,0,31.29
Seven Deadly Zins Lodi Znfdl,14370,C,6,10.06,17,0.4,7.0,0,0,34.75
Liberty Crk Vyd Pnt Grigio,14410,C,6,5.26,24,0.2,7.6,0,0,25.12
Blackbird Vyds Arrivste Rose,14444,C,6,17.1,13,0.5,7.68520568498289,5,5,45.31
Bongiovanni Dolceo D'Alba,14638,C,6,11.48,16,0.4,3.0,3,3,37.12
Barefoot Cellars Sweet Red,15261,C,6,4.27,27,0.2,7.6923076923076925,0,0,22.64
Bella Sera Moscato,15262,C,6,4.41,26,0.2,7.105263157894737,0,0,23.0
Rex Goliath Moscato,15329,C,6,4.1,27,0.2,6.0,4,4,22.18
Vieux Clocher Rose CDR,15582,C,6,8.1,19,0.3,7.666666666666667,2,2,31.18
Tenuta Sette Ponti Oreno,15951,C,6,36.48,9,0.7,8.2,0,0,66.17
Kunde Chard Sonoma Cnty,15968,C,6,8.38,19,0.3,5.666666666666667,11,11,31.71
Domino Merlot,16247,C,6,5.26,24,0.2,7.15,0,0,25.12
Poema Cava Rose,16478,C,6,7.94,19,0.3,9.25,0,0,30.88
Pali Charm Acres Sonom Chard,16586,C,6,10.38,17,0.4,7.68520568498289,3,3,35.29
Cesari Valpo Classico,16649,C,6,9.67,18,0.3,9.0,0,0,34.07
Neal Fifteen Forty Cab Svgn,16678,C,6,63.51,7,0.9,11.0,2,2,87.31
Ch Bellevue St-Emil 09 Gr Cr,16991,C,6,46.66,8,0.8,6.0,7,7,74.83
Sella & Mosca Terre Rare,17289,C,6,10.2,17,0.4,7.0,4,4,34.99
Stonestreet Est Cab Svgn,17323,C,6,27.62,10,0.6,8.4,8,8,57.62
Chicken & Turkey Cotes du Rh,17339,C,6,5.4,24,0.2,11.0,0,0,25.46
Ch Haut-Bailly 09 Pessac Brd,17405,C,6,86.36,6,1.0,7.0,0,0,101.82
C Y Toro Frontera Chard,17819,C,6,1.97,39,0.2,7.68520568498289,5,5,15.38
B Side Napa Vly Red,18385,C,6,11.18,16,0.4,9.2,0,0,36.64
Michael David Inkblot Tannat,18645,C,6,23.99,11,0.5,7.68520568498289,0,0,53.66
Poggio Antico Rsv Montalcino,18945,C,6,58.1,7,0.9,7.68520568498289,5,5,83.53
Ch Olivier Pessac-Leognan 10,19061,C,6,33.99,9,0.7,6.666666666666667,2,2,63.92
Jadot 12 Steel Chard,19201,C,6,11.48,16,0.4,9.6,0,0,37.12
La Petite Maison Ventoux Bl,19396,C,6,4.6,26,0.2,10.5,5,5,23.5
14 Hands Moscato,19568,C,6,6.07,22,0.3,8.571428571428571,3,3,26.99
Tavernello Pinot Grigio IGT,19673,C,6,8.27,19,0.3,9.0,0,0,31.5
Ch Puy Blanquette 10 St Emil,19685,C,6,20.13,12,0.5,7.68520568498289,0,0,49.16
Pali Wine Co Pnt Nr Durell,20465,C,6,36.18,9,0.7,8.625,0,0,65.9
Churchill's Late Bottled 05,20743,C,6,16.88,13,0.5,6.444444444444445,0,0,45.02
Epilogo La Mancha Svgn Bl/Mo,20778,C,6,5.36,24,0.2,7.68520568498289,3,3,25.36
Belle Ambiance Cab Svgn,20793,C,6,7.43,20,0.3,7.0,6,6,29.86
Catena Historic Rows Chard,20801,C,6,20.54,12,0.5,6.75,0,0,49.65
Valley of the Moon Blend 41,20980,C,6,12.9,15,0.4,9.333333333333334,2,2,39.35
Estancia Monterey County GSM,21017,C,6,9.52,18,0.3,7.916666666666667,0,0,33.8
Kinsella Est Cab Svgn 10,21027,C,6,79.3,6,1.0,7.111111111111111,8,8,97.58
Temptation Znfdl,21039,C,6,8.49,19,0.3,7.0,0,0,31.92
Martinelli Belle Vigna Pnt N,21081,C,6,26.89,11,0.5,8.8,0,0,56.85
Medlock Ames Red 10,21296,C,6,11.03,16,0.4,7.68520568498289,5,5,36.4
Segal's Cab Svgn Spcl Rsv Ga,21386,C,6,13.54,15,0.4,5.333333333333333,2,2,40.31
Veuve du Vernay Brut Rose,21592,C,6,6.7,21,0.3,8.428571428571429,2,2,28.36
Tracia Syrah,21691,C,6,5.17,24,0.2,9.0,3,3,24.91
Notre Dame Cousignac Blnc 13,21754,C,6,6.45,22,0.3,7.68520568498289,2,2,27.83
Whiplash Red,21772,C,6,3.6,29,0.2,7.68520568498289,8,8,20.78
Vieux Clocher Chateauneuf Du,22012,C,6,23.8,11,0.5,8.0,2,2,53.45
Hacienda Haro Lopez Cri Rsva,22097,C,6,9.33,18,0.3,7.0,0,0,33.46
Don Simon Selecion Chard,22119,C,6,3.24,30,0.2,7.8,7,7,19.72
Placido Pinot Grigio Venezi,22195,C,6,5.33,24,0.2,7.0,0,0,25.29
Undurraga U Label Cab Svgn,22197,C,6,8.49,19,0.3,7.68520568498289,13,13,31.92
Allegrini Sondraia,22398,C,6,34.01,9,0.7,8.5,5,5,63.94
Erath Leland Pnt Nr,22596,C,6,25.51,11,0.5,7.285714285714286,2,2,55.33
Mumm Brut Cve Napa,22672,C,6,4.56,26,0.2,7.8,2,2,23.39
Vino Dious Welch Rsl 13,22865,C,6,7.99,19,0.3,7.166666666666667,4,4,30.97
Vino Dious Cab Svgn Rose 13,22866,C,6,8.78,18,0.3,8.0625,0,0,32.47
Paydirt Svgn Blanc,22927,C,6,9.65,18,0.3,10.5,0,0,34.04
Desert Wind Ruah Red,22928,C,6,12.83,15,0.4,8.0,0,0,39.25
Adelsheim Auxerrois Ribbon S,22966,C,6,14.86,14,0.4,7.0,2,2,42.23
Innocenti Vignalsole Rosso,23122,C,6,17.0,13,0.5,8.545454545454545,0,0,45.18
Truvee Chard,23202,C,6,6.75,21,0.3,7.611111111111111,8,8,28.46
Ch Les Carruades 11 Lafitte,23284,C,6,142.85,5,1.2,8.0,0,0,131.43
Ch La Dame de Montrose 11 Es,23288,C,6,35.86,9,0.7,7.68520568498289,13,13,65.61
Ch Giscours Margaux 11 Gr Cr,23295,C,6,42.1,8,0.8,9.0,14,14,71.18
Ch Ducru Beaucaillou 11 Jul,23331,C,6,98.68,6,1.0,8.0,0,0,109.21
Paul Dolan Deep Red 09 Mendo,23354,C,6,10.88,17,0.4,7.72463768115942,0,0,36.14
Bruno Colin Chass-Mont Rouge,23434,C,6,44.51,8,0.8,8.0,0,0,73.11
Vin Vault Cab Svgn,23538,C,6,6.9,21,0.3,5.5,0,0,28.78
Bouvier Morey St Denis Rue d,23661,C,6,32.66,10,0.6,9.0,0,0,62.66
Ch Cantenac 12 Brown Margaux,23748,C,6,39.07,9,0.7,7.68520568498289,2,2,68.5
Ch Prieure Lichine 12 Mrgx,23773,C,6,34.66,9,0.7,7.68520568498289,3,3,64.53
Vino Rose,23899,C,6,8.1,19,0.3,8.0,0,0,31.18
Heritance Cab Svgn,24013,C,6,17.1,13,0.5,8.0,2,2,45.31
Garnacha de Fuego 14 Rose Ar,24123,C,6,6.53,21,0.3,7.58,2,2,28.0
Enzo Boglietti Brl Case Nere,24165,C,6,55.19,7,0.9,8.0,0,0,81.49
Giacomo Borgogno & Figli Neb,24167,C,6,24.32,11,0.5,7.68520568498289,5,5,54.02
Eden Ice Sprklng Cider Semi,24430,C,6,5.74,23,0.3,9.5,9,9,26.25
Joseph Drouhin Puligny-Montr,24530,C,6,44.96,8,0.8,6.571428571428571,12,12,73.47
Joseph Drouhin Cote de Beaun,24531,C,6,17.1,13,0.5,11.0,0,0,45.31
Dom La Fage Tessellae CdRous,24560,C,6,8.6,19,0.3,8.021739130434783,5,5,32.13
M Chiarlo Rovereto Gavi 13,24663,C,6,10.95,17,0.4,8.545454545454545,0,0,36.26
Freemark Abbey Cab Svgn Ruth,24670,C,6,47.61,8,0.8,8.692307692307692,5,5,75.59
Masi Rsvra di Costasera Amar,24731,C,6,40.81,9,0.7,7.68520568498289,2,2,70.06
Jadot Marsannay Clos Roy 13,25057,C,6,21.56,12,0.5,5.5,2,2,50.87
Jadot Mercurey 13,25077,C,6,19.6,12,0.5,8.666666666666666,3,3,48.52
Jadot Bouzeron 13,25082,C,6,14.86,14,0.4,8.666666666666666,3,3,42.23
Nickel&Nickel Truchard Chard,25104,C,6,30.91,10,0.6,6.0,2,2,60.91
EnRoute Chard Brumaire RRV,25105,C,6,30.32,10,0.6,7.0476190476190474,2,2,60.32
Nicole Chanrion Cote de Brou,25137,C,6,12.24,16,0.4,7.333333333333333,0,0,38.33
Brewer-Clifton Sta. Rita Pnt,25183,C,6,25.15,11,0.5,7.68520568498289,3,3,54.94
Pol Roger 06 Brut Vintage Ro,25421,C,6,59.45,7,0.9,7.68520568498289,3,3,84.47
Roederer Brut Premier,26247,C,6,32.46,10,0.6,7.421052631578948,4,4,62.46
Zenato Amarone,27579,C,6,43.33,8,0.8,6.6,2,2,72.16
Sonoma-Cutrer Pierres Chard,27907,C,6,26.31,11,0.5,5.0,0,0,56.21
Livingston Cab Svgn Cal,31788,C,6,5.4,24,0.2,10.666666666666666,15,15,25.46
Hopler Pinot Noir Austria,33734,C,6,11.61,16,0.4,7.277777777777778,4,4,37.33
Turning Leaf RSV Merlot Cal,34135,C,6,7.48,20,0.3,8.0,0,0,29.96
Livingston Chianti Cal,34474,C,6,4.57,26,0.2,8.8,0,0,23.42
Bregeon Muscadet Sevre et M,34803,C,6,11.76,16,0.4,8.333333333333334,0,0,37.57
Grenache/Shirz Stump Jump,35644,C,6,8.05,19,0.3,7.0,4,4,31.08
Ken Wright Freedom Hill Pnt,35756,C,6,37.66,9,0.7,8.777777777777779,8,8,67.23
Mulderbosch Svgn Bl Stelnbch,35910,C,6,12.32,16,0.4,7.166666666666667,3,3,38.46
Ch Montrose 10,36065,C,6,174.48,4,1.5,8.0,0,0,144.79
Frey Natural White Organic,36846,C,6,7.33,20,0.3,8.333333333333334,0,0,29.66
Blackstone Syrah Cal,37194,C,6,5.51,23,0.3,8.5,2,2,25.72
Corbett Canyon Wh Znfdl,37733,C,6,8.84,18,0.3,8.0,0,0,32.58
C Y Toro Carmenere Terrunyo,37921,C,6,14.47,14,0.4,11.0,5,5,41.69
Opici Marsala Cal,38641,C,6,9.26,18,0.3,8.615384615384615,0,0,33.33
Cambas Mantinia Attica Wh,39433,C,6,8.9,18,0.3,7.68520568498289,0,0,32.69
Newton Unfiltered Chard,41485,C,6,25.82,11,0.5,8.25,0,0,55.67
Jewell Towne Cab Svgn NH,42115,C,6,9.66,18,0.3,8.38888888888889,0,0,34.05
Livingston Sangria Natural,42348,C,6,4.82,25,0.2,7.769230769230769,0,0,24.05
Crane Lake Chard Cal,42439,C,6,6.16,22,0.3,7.6,0,0,27.19
Carlo Rossi RSV Cab Svgn Cal,43541,C,6,5.26,24,0.2,8.333333333333334,0,0,25.12
Newton Merlot Napa Unfilterd,43785,C,6,24.34,11,0.5,11.0,0,0,54.05
Banfi Rosa Regale,43803,C,6,3.1,31,0.2,7.0,0,0,19.29
Sea Ridge Chard Cal,44637,C,6,8.84,18,0.3,9.0,0,0,32.58
Ferrari-Carano Terre Chard,45710,C,6,24.82,11,0.5,7.5,0,0,54.57
Gode'II Rosso di Toscana,46580,C,6,5.19,24,0.2,7.7272727272727275,3,3,24.96
Ciroc Peach Vodka,364,C,5,5.83,21,0.2,9.0,2,2,24.15
El Caballo Gold Tequila,457,C,5,6.66,19,0.3,8.4,3,3,25.81
Bols Blackberry Brandy,589,C,5,7.91,18,0.3,5.714285714285714,0,0,28.13
Bols Pomegranate Liqueur,636,C,5,6.98,19,0.3,10.0,3,3,26.42
Capt Morgan Black Spiced Rum,713,C,5,19.11,11,0.5,8.0,0,0,43.75
Cherry Heering Liqueur,787,C,5,17.85,12,0.4,8.5625,2,2,42.25
Bols Sloe Gin,828,C,5,7.74,18,0.3,6.882352941176471,0,0,27.82
Bols Peach Schnapps,849,C,5,7.35,18,0.3,8.11111111111111,2,2,27.12
Licor 43 Liqueur Gift Pack,1090,C,5,13.59,14,0.4,5.5,2,2,36.88
Elmer T Lee Bourbon,1210,C,5,27.34,10,0.5,7.357142857142857,3,3,52.34
Red Stag Black Cherry,1341,C,5,6.34,20,0.2,7.68520568498289,0,0,25.18
The Glenlivet Oloroso Nadu,1492,C,5,58.59,7,0.7,12.0,0,0,76.73
Wild Turkey Master Keepers,1676,C,5,109.48,5,1.0,7.68520568498289,3,3,104.74
Booth's Cask Mellowed Gin,2058,C,5,33.08,9,0.6,7.0,0,0,57.55
Glen Moray 25 Yr Portwood,2301,C,5,186.04,4,1.2,7.5,10,10,136.92
Old Tahoe Straight Rye,2384,C,5,31.24,9,0.6,8.75,0,0,55.89
13th Colony Sthrn Corn Whsky,2427,C,5,15.93,13,0.4,10.333333333333334,6,6,39.94
The Feathery Blended Scotch,2637,C,5,39.12,8,0.6,8.173913043478262,2,2,62.55
Brenne French Sng Mlt Whisky,2776,C,5,32.3,9,0.6,9.333333333333334,3,3,56.85
Bushmills 21 Year Old Irish,2832,C,5,74.81,6,0.8,7.75,3,3,86.55
Royal Brackla 12 Yr Scotch,2916,C,5,47.05,7,0.7,8.090909090909092,0,0,68.65
Pinnacle Key Lime Whipped,3131,C,5,9.28,16,0.3,11.0,0,0,30.47
GlenDronach 1995,3292,C,5,135.99,4,1.2,8.8125,2,2,116.9
Bombay Sapphire & East 2 Pak,3341,C,5,25.17,10,0.5,7.68520568498289,2,2,50.17
VanGogh Acai Blueberry Vodka,3440,C,5,22.39,11,0.5,7.857142857142857,10,10,47.36
Smirnoff Light Peach Sorbet,3748,C,5,7.02,19,0.3,7.093333333333334,0,0,26.5
Remy Martin VS Cognac,4574,C,5,25.19,10,0.5,6.857142857142857,0,0,50.19
DeKuyper Pomegranate,5537,C,5,7.19,19,0.3,7.4,0,0,26.82
Triibe Celtic,6040,C,5,8.39,17,0.3,6.0,5,5,28.97
LeCompte Calvados 12 Yr Old,6532,C,5,51.09,7,0.7,9.0,11,11,71.48
New Amsterdam Peach Vodka,7311,C,5,11.76,15,0.3,7.68520568498289,2,2,34.31
New Amsterdam Citron Vodka,7458,C,5,9.52,16,0.3,7.875,3,3,30.86
Cynar Liqueur,7750,C,5,22.21,11,0.5,7.833333333333333,2,2,47.16
Creta Olympias Vin Crete Wh,10127,C,5,8.1,18,0.3,7.68520568498289,2,2,28.47
Adelsheim Elizbth RSV Pnt Nr,10359,C,5,29.03,9,0.6,8.333333333333334,6,6,53.9
14 Hands Rsl Wash,10618,C,5,6.84,19,0.3,6.25,5,5,26.15
Moillard Ch d'Eau VDP Rose,10766,C,5,9.58,16,0.3,8.0,0,0,30.95
Cabreo Il Borgo Toscana,11279,C,5,29.21,9,0.6,8.0,2,2,54.07
BV GDL Private Rsv Cab Svgn,11321,C,5,77.88,6,0.8,6.818181818181818,2,2,88.39
Herzog Kosher Wh Znfdl,11341,C,5,4.69,23,0.2,8.0,3,3,21.66
Diamond Creek Red Rock Cab S,11775,C,5,149.99,4,1.2,7.571428571428571,0,0,122.5
Diamond Crk Gravelly Cab Svg,11776,C,5,154.1,4,1.2,7.25,0,0,124.14
Mercer Pnt Gris,12354,C,5,3.65,26,0.2,8.0,0,0,19.11
J Drouhin Vosne Romanee 13,12913,C,5,66.89,6,0.8,5.666666666666667,2,2,81.8
Armand De Brignac Brut,13086,C,5,186.66,4,1.2,8.279069767441861,5,5,137.16
Nicolis Amarone Valpo Clsc,13887,C,5,30.96,9,0.6,7.785714285714286,0,0,55.64
Vieux Clocher Vacqueyras 07,14265,C,5,14.28,13,0.4,7.68520568498289,0,0,37.79
Banfi Poggio Alle Mura Montl,15037,C,5,40.66,8,0.6,5.9411764705882355,2,2,63.78
Gramona Lustros Gr Rsva Cava,16200,C,5,28.66,9,0.6,9.0,2,2,53.57
Siegel Reserve Cab Svgn,17015,C,5,5.82,21,0.2,8.11111111111111,0,0,24.13
Damilano Cannubi Barolo,17315,C,5,54.05,7,0.7,8.666666666666666,2,2,73.55
Ridge Estate Merlot,17346,C,5,30.96,9,0.6,7.2,2,2,55.64
Penner-Ash Dussin Pnt Nr,17677,C,5,23.28,10,0.5,7.68520568498289,3,3,48.28
Il Poggione Rosso Montalcino,17758,C,5,16.77,12,0.4,6.142857142857143,2,2,40.96
Ch Dauzac Margaux,18044,C,5,29.65,9,0.6,7.68520568498289,0,0,54.46
Ch LaCroix Taillefer 09 Rom,18317,C,5,47.94,7,0.7,7.68520568498289,3,3,69.27
Poggio Altero Antico Brunllo,18424,C,5,37.01,8,0.6,8.0,5,5,60.86
Heidsieck Monopole Gold Top,18583,C,5,31.29,9,0.6,7.6923076923076925,0,0,55.94
Cosentino The Zin,18767,C,5,10.27,16,0.3,6.333333333333333,9,9,32.06
Churchill's Vintage Port 11,18891,C,5,44.51,7,0.7,8.5,2,2,66.87
San Polo Mezzopane 06 Toscan,19045,C,5,18.61,12,0.4,8.0,3,3,43.17
Chronic Cellars Sofa King,19216,C,5,13.79,13,0.4,7.769230769230769,2,2,37.16
Warre's Vintage Port 2011,19786,C,5,50.33,7,0.7,9.5,3,3,70.95
Bota Mini RedVolution,19787,C,5,3.24,28,0.2,7.888888888888889,0,0,18.0
Atalon Svgn Bl Napa Valley,19789,C,5,12.9,14,0.4,9.5,0,0,35.92
Sauska Tokaji Aszu,19834,C,5,49.65,7,0.7,10.0,3,3,70.47
Slctn Laurence Feraud CdR,19959,C,5,12.58,14,0.4,7.68520568498289,3,3,35.47
Querceto Il Picchio Chianti,19988,C,5,34.01,9,0.6,8.0,2,2,58.39
Melee Grenache,20129,C,5,15.89,13,0.4,7.68520568498289,2,2,39.89
Muga Seleccion Esp Rioja,20259,C,5,23.17,10,0.5,7.68520568498289,3,3,48.17
Smith & Hook Cab Svgn,20316,C,5,62.06,6,0.8,9.0,11,11,78.9
Duval-Leroy Prestige Rose,20376,C,5,11.99,14,0.4,8.0,10,10,34.64
Spalletti Chianti Clsco Rsva,20418,C,5,10.34,16,0.3,7.68520568498289,0,0,32.17
Calaches Lanessan Haut-Medoc,20508,C,5,12.92,14,0.4,11.0,3,3,35.95
Nyers Vyds Sage Canyon Red,21159,C,5,13.1,14,0.4,11.0,6,6,36.2
Autard Chntf du Pape,21288,C,5,23.8,10,0.5,7.68520568498289,10,10,48.8
Dom du Garde Temps Tour Rose,21342,C,5,10.52,15,0.3,6.777777777777778,3,3,32.45
Cantina Gabriele Dolc White,21355,C,5,7.04,19,0.3,10.0,11,11,26.53
Bartenura Ovidia Est Chianti,21407,C,5,9.14,17,0.3,9.11111111111111,0,0,30.24
Szigeti Gruner Velt Skt Brut,21426,C,5,12.66,14,0.4,6.75,2,2,35.58
Ch Phelan Segur St Estephe,21435,C,5,24.83,10,0.5,7.0,9,9,49.83
Chateau Lascombes Margaux,21478,C,5,47.68,7,0.7,7.68520568498289,10,10,69.09
Ch St Sulpice Rose 13,21529,C,5,8.44,17,0.3,8.333333333333334,2,2,29.05
Estancia Rsv Meritage Paso R,21634,C,5,30.4,9,0.6,8.5,6,6,55.14
Foxen Chard Block UU,21645,C,5,18.82,12,0.4,8.5,0,0,43.42
Villa di Capezzana Carmignan,21674,C,5,17.99,12,0.4,7.68520568498289,2,2,42.42
Cameron Hughes Cam Coll Char,21686,C,5,9.08,17,0.3,6.0,9,9,30.14
Emmolo Merlot,22107,C,5,39.99,8,0.6,8.333333333333334,0,0,63.24
Luiano Ottantuno Chianti,22228,C,5,27.15,10,0.5,7.75,2,2,52.15
Bota Brick Cab Svgn,22450,C,5,6.7,19,0.3,9.0,0,0,25.89
Promesses de France CdRhone,22619,C,5,5.51,21,0.2,9.0,2,2,23.48
True Myth Cab,22625,C,5,6.19,20,0.2,6.982352941176471,0,0,24.88
Rozes Vintage 2000 Old Port,22820,C,5,27.74,9,0.6,9.666666666666666,0,0,52.74
Nozzole Le Bruniche Chardon,23042,C,5,8.9,17,0.3,5.0,8,8,29.84
Duckhorn Howell Mtn Cab Svgn,23107,C,5,109.67,5,1.0,8.428571428571429,6,6,104.84
Steele Stymie Merlot Lake Cy,23121,C,5,15.23,13,0.4,10.0,3,3,39.03
Bertani Amarone Valpolicell,23156,C,5,58.82,7,0.7,7.466666666666667,0,0,76.89
Morgan Winery Double L  Rsl,23186,C,5,13.42,14,0.4,8.5,2,2,36.65
Walt La Brisa Chard,23189,C,5,21.56,11,0.5,8.0,0,0,46.44
Ch Echo de Lynch Bages Pa 11,23294,C,5,32.46,9,0.6,7.68520568498289,3,3,56.99
Ch Haut Beausejour 11 Esteph,23332,C,5,17.99,12,0.4,10.0,3,3,42.42
Ch Leoville Las Cases 11 Jul,23335,C,5,133.33,4,1.2,8.0,0,0,115.83
Ch Talbot St Julien 11 GC,23338,C,5,35.48,8,0.6,8.5,10,10,59.63
La Croix de Beaucaillou 11 S,23339,C,5,34.24,9,0.6,7.68520568498289,3,3,58.59
Elvi Mati Rioja 11,23380,C,5,6.57,20,0.2,7.68520568498289,0,0,25.64
Dom R Bouvier Marsny Rose 14,23436,C,5,12.41,14,0.4,8.4,2,2,35.23
Ch Cantegril Sauternes 11,23495,C,5,12.24,14,0.4,10.0,11,11,34.99
Zenato Alanera Rosso Verones,23534,C,5,10.38,16,0.3,7.344827586206897,9,9,32.23
Ch Clerc Milon 12 Pauillac,23750,C,5,45.45,7,0.7,6.5,2,2,67.53
Ch Marquis de Terme 12 Mrgx,23763,C,5,35.8,8,0.6,9.0,2,2,59.89
Riebeek Cellars Cape Rose,23896,C,5,7.58,18,0.3,7.25,0,0,27.53
Chanson Le Bourgogne Pnt Nr,24136,C,5,15.03,13,0.4,8.0,2,2,38.77
Ch Phelan Segur St-Estphe 12,24322,C,5,32.89,9,0.6,9.666666666666666,6,6,57.38
Fess Parker Pnt Nr Bien Naci,24349,C,5,35.48,8,0.6,9.0,4,4,59.63
Marques de Grinon 10 Caliza,24410,C,5,12.32,14,0.4,7.2,2,2,35.11
Luce Brunello Montalcino 10,24496,C,5,70.74,6,0.8,6.5,5,5,84.11
Palacios Bolo Godello Valdeo,24671,C,5,9.58,16,0.3,7.5,2,2,30.95
Kenwood J London Znfdl,24706,C,5,12.74,14,0.4,7.342465753424658,5,5,35.69
Nozzole Vineto Il Pareto,24725,C,5,40.9,8,0.6,8.666666666666666,3,3,63.97
Monjardin El Cerezo Chard,24881,C,5,8.21,17,0.3,7.0,0,0,28.66
Appolo Vyds China Girl,24922,C,5,10.47,15,0.3,7.777777777777778,0,0,32.37
Tenuta Sette Cieli Yantra,25004,C,5,14.56,13,0.4,8.333333333333334,2,2,38.16
Jadot Nuit St George 13,25062,C,5,34.92,8,0.6,9.0,6,6,59.19
Jadot Savigny les Beaune 13,25070,C,5,23.64,10,0.5,9.75,0,0,48.64
Calera Ctrl Coast Pnt Nr,25084,C,5,17.76,12,0.4,6.666666666666667,2,2,42.15
Chigard Fleurie Les Moriers,25139,C,5,13.6,14,0.4,8.666666666666666,2,2,36.9
Riglos Gran Cab Svgn,25184,C,5,17.23,12,0.4,8.0,2,2,41.51
Hauts de Smith Rouge P-Le 12,25252,C,5,19.35,11,0.5,6.375,9,9,44.01
Schramsberg Brut Rose,25707,C,5,23.22,10,0.5,6.666666666666667,3,3,48.22
Penfolds B28 Shiraz/Kalimna,27033,C,5,19.73,11,0.5,8.0,3,3,44.43
Vieux Telegraphe Chtnf Bl,27160,C,5,44.15,8,0.6,7.68520568498289,10,10,66.57
Hartley & Gisbon Pedro Zimen,29676,C,5,13.07,14,0.4,10.0,0,0,36.16
Dom Fontsainte Corbieres Gr,34532,C,5,9.2,16,0.3,7.571428571428571,2,2,30.34
Ch Ste Michelle Col Solare R,34950,C,5,34.92,8,0.6,7.6923076923076925,2,2,59.19
Dunn Vyds Cab Svgn Napa Vly,37342,C,5,49.66,7,0.7,9.2,3,3,70.48
Morgan Winery Double L Chard,39574,C,5,16.55,12,0.4,9.026315789473685,2,2,40.69
Steele Catfish Znfdl,39797,C,5,16.21,12,0.4,8.2,3,3,40.29
Ridge Santa Cruz Mt Chard,41978,C,5,32.65,9,0.6,7.285714285714286,5,5,57.16
Ramey Chard Sonoma Coast,43152,C,5,24.67,10,0.5,7.75,2,2,49.67
Landmark Grand Detour Pnt Nr,43387,C,5,19.35,11,0.5,7.68520568498289,0,0,44.01
Farnum Hill Summer Cider,43923,C,5,8.21,17,0.3,8.0,2,2,28.66
Gallo Twin Vly Pnt Grigio,45875,C,5,6.45,20,0.2,8.666666666666666,0,0,25.4
Tom Eddy Cab Svgn Napa,46765,C,5,35.94,8,0.6,9.0,2,2,60.0
DeKuyper Mixed Berry Medley,122,C,4,7.96,16,0.2,11.0,3,3,25.24
Cazadores Reposado Tequila,278,C,4,21.96,10,0.4,8.3,0,0,41.96
Ciroc Red Berry Vodka,304,C,4,24.45,9,0.4,9.5,0,0,44.23
Allen's Sour Apple Liqueur,784,C,4,4.37,21,0.2,10.0,0,0,18.7
Sammy's Beach Bar Rum,814,C,4,14.39,12,0.3,9.428571428571429,3,3,33.93
Clan MacGregor Scotch,826,C,4,9.59,14,0.3,9.0,0,0,27.71
Vincent Van Gogh Pineapple,945,C,4,20.43,10,0.4,6.888888888888889,0,0,40.43
Jack Daniels Holiday Slct 13,1225,C,4,43.47,7,0.6,7.68520568498289,0,0,59.0
Remy Martin VSOP Gift Pack,1240,C,4,24.99,9,0.4,5.481481481481482,5,5,44.71
Tullibardine Sauterne Finish,1248,C,4,47.44,6,0.7,10.0,0,0,61.8
Galliano Tiki Gift Pack,1565,C,4,14.39,12,0.3,5.666666666666667,0,0,33.93
Kuhl Coconut Water Vodka,2065,C,4,9.44,15,0.3,7.68520568498289,0,0,27.49
Elijah Craig 18 Yr,2106,C,4,93.52,5,0.8,7.0,0,0,86.76
The Glenturret 27 Yr Old,2118,C,4,151.51,4,1.0,5.0,5,5,110.6
Ole Smoky Charred Tennesse,2129,C,4,13.56,12,0.3,7.2,3,3,32.94
Yellow Stone Ltd Edition 15,2294,C,4,82.67,5,0.8,7.0,0,0,81.34
Balvenie 15 Yr Single Malt,2295,C,4,64.28,6,0.7,12.0,0,0,71.9
Dewar's 15 Yr Old Rsv,2611,C,4,39.99,7,0.6,8.632352941176471,0,0,56.56
Glenmorangie Milsean Scotch,2618,C,4,78.56,5,0.8,8.083333333333334,0,0,79.28
Metze's Slct Indiana Bourbon,2670,C,4,55.14,6,0.7,7.454545454545454,0,0,66.42
Full Throttle Moonshine,2703,C,4,18.25,10,0.4,7.68520568498289,0,0,38.25
Bruichladdich Rocks Sngl Mlt,2739,C,4,35.96,7,0.6,5.0,0,0,53.74
Scapa 10 Yr Old Single Malt,2741,C,4,54.26,6,0.7,7.68520568498289,0,0,65.89
Laphroaig 25 Yr Cask Strenth,2842,C,4,300.74,3,1.3,7.055555555555555,3,3,156.89
Lot No 40 Canadian Rye,2909,C,4,37.03,7,0.6,7.5,0,0,54.49
La Collection Ski Boot,3022,C,4,22.55,9,0.4,7.68520568498289,0,0,42.52
Russian Diamond Vodka,3095,C,4,14.28,12,0.3,7.68520568498289,6,6,33.8
Pinnacle Orange Whipped,3170,C,4,7.03,17,0.2,4.0,2,2,23.72
Bacardi Reserva Limitada,3613,C,4,67.66,5,0.8,6.0,2,2,73.83
Bacardi O Orange Rum,4214,C,4,7.57,16,0.2,7.571428571428571,0,0,24.61
DK Burst Blustery Pmnt Trav,5083,C,4,8.26,16,0.2,4.25,2,2,25.72
Luxardo Angioletto Hazelnut,5363,C,4,12.3,13,0.3,9.5,3,3,31.37
Bauchant XO Apple,5456,C,4,0.79,50,0.1,7.68520568498289,6,6,7.95
Sauza Sprkl Mango/Peach Marg,6062,C,4,5.1,20,0.2,7.68520568498289,3,3,20.2
Fetzer Eagle Peak Merlot Cal,6935,C,4,7.23,17,0.2,8.2,7,7,24.06
Chi Chi's Chocolate Malt RTD,8563,C,4,8.72,15,0.3,4.0,2,2,26.41
Lunazul Blanco Tequila,8828,C,4,12.4,13,0.3,7.066666666666666,3,3,31.5
Egri Bikaver Bulls Blood Eg,8914,C,4,7.55,16,0.2,6.2,2,2,24.58
Sauza Blue Silver VAP,8986,C,4,12.02,13,0.3,4.541666666666667,2,2,31.01
Rebel Newmans Own Chard,10274,C,4,6.49,18,0.2,7.0,0,0,22.79
Firesteed Rsl,12052,C,4,8.55,15,0.3,6.5,0,0,26.16
Mercer Merlot,12353,C,4,13.07,12,0.3,7.6,0,0,32.35
Salmon Creek Pnt Nr Cal,12519,C,4,2.73,27,0.1,9.0,7,7,14.78
Umberto Cesari Moma Red,12665,C,4,11.72,13,0.3,9.0,0,0,30.62
Joel Gott Rsl Columbia Vly,12774,C,4,8.38,15,0.3,6.0,0,0,25.9
Drouhin Gevrey-Chambertin 13,12910,C,4,41.89,7,0.6,6.0,2,2,57.89
Cakebread Vine Hill Cab,13229,C,4,67.56,5,0.8,8.0,7,7,73.78
Carmenere Santa Rita 120,13260,C,4,5.8,19,0.2,7.68520568498289,6,6,21.55
Merriam Vyds Simoneau Chard,13424,C,4,6.7,17,0.2,11.0,0,0,23.15
Stellar Organics Cab Svgn,13918,C,4,8.72,15,0.3,7.5,0,0,26.41
Joseph Mellot Sancerre White,14013,C,4,16.77,11,0.4,8.0,0,0,36.63
Vecchia Cantina Chianti DOC,14036,C,4,4.54,21,0.2,7.68520568498289,3,3,19.06
Latour 07 Bonnes Mares AC,14332,C,4,105.26,4,1.0,7.68520568498289,6,6,92.1
Carlo Rossi Sweet Red,14627,C,4,9.93,14,0.3,6.36,0,0,28.19
Marcarini Ciabot Camerano,14635,C,4,11.56,13,0.3,7.166666666666667,0,0,30.41
Ch Tanunda Gr Barossa Rsl,14711,C,4,6.57,17,0.2,6.6,0,0,22.93
Kris Artist Cuvee Pnt Grigio,14840,C,4,6.7,17,0.2,7.68520568498289,0,0,23.15
Cono Sur Vision Pnt Nr,15056,C,4,6.53,18,0.2,7.052631578947368,6,6,22.87
Almaden Moscato,15063,C,4,12.07,13,0.3,7.705882352941177,0,0,31.08
Sokol Blosser Pnt Gris,15064,C,4,12.92,12,0.3,8.428571428571429,0,0,32.17
Tercos Torrontes,15178,C,4,7.38,16,0.2,7.0,0,0,24.31
Achaval Ferrer Quimera,15470,C,4,15.33,11,0.4,8.787878787878787,7,7,35.04
Mollydooker Carnival of Love,15505,C,4,54.05,6,0.7,6.294117647058823,6,6,65.76
Paul D Zweigelt Weinland,15774,C,4,7.61,16,0.2,8.0,3,3,24.68
Patch Block Chardonnay B/B,16072,C,4,4.6,21,0.2,7.68520568498289,0,0,19.18
Gerard Bertrand Gr Terrier R,16466,C,4,11.33,13,0.3,4.857142857142857,0,0,30.11
Pali Summit Station R Pnt Nr,16585,C,4,18.11,11,0.4,6.666666666666667,2,2,38.1
Murphy-Goode Liars Dice Znfd,17131,C,4,11.84,13,0.3,9.2,0,0,30.78
Castano Monastrell Rosado,17154,C,4,4.36,21,0.2,7.68520568498289,3,3,18.68
Barricas Torrontes,17381,C,4,4.1,22,0.2,7.68520568498289,0,0,18.11
Vino Pnt Grigio,17433,C,4,7.79,16,0.2,6.608695652173913,2,2,24.96
Barefoot Cellars Red Moscato,17486,C,4,4.41,21,0.2,7.666666666666667,6,6,18.78
Ch La Gordonne Rose,17595,C,4,11.03,13,0.3,6.657534246575342,2,2,29.72
Bota Box Rsl,17615,C,4,12.16,13,0.3,7.96875,7,7,31.19
Camp Meeting Ridge Chard,17932,C,4,56.57,6,0.7,11.166666666666666,0,0,67.28
Pulenta Est Gran Corte Lujan,18209,C,4,26.84,9,0.4,7.68520568498289,0,0,46.38
Gianni Gagliardo Dolcetto D',18263,C,4,12.58,13,0.3,8.4,3,3,31.74
Bertani Amarone 1993,18432,C,4,113.33,4,1.0,5.0,5,5,95.33
Delamotte Bl de Bl Champagne,18595,C,4,32.25,8,0.5,8.0,7,7,50.8
Merry Edwards RRV Pnt Nr,18619,C,4,22.22,9,0.4,7.68520568498289,0,0,42.22
Mirassou Sunset Red,18852,C,4,5.29,19,0.2,7.5,3,3,20.58
Yangarra Est Vyd 10 Shiraz,18937,C,4,17.8,11,0.4,8.666666666666666,3,3,37.76
Capanna Brllo di Montalcino,19229,C,4,48.32,6,0.7,7.68520568498289,0,0,62.33
Hidden Crush Chard Cntrl Cst,19245,C,4,6.7,17,0.2,7.666666666666667,6,6,23.15
Januik Cab Franc,19308,C,4,22.44,9,0.4,7.68520568498289,6,6,42.42
Philippe Herard Bl de Blanc,19398,C,4,5.47,19,0.2,11.0,8,8,20.92
Taittinger La Francaise,19430,C,4,13.99,12,0.3,7.2,0,0,33.45
Ch Doisy Daene Gr Vin Sec 10,19594,C,4,18.95,10,0.4,9.0,0,0,38.95
Ch Jean De Gue Lalande 10,19603,C,4,29.24,8,0.5,9.0,0,0,48.39
Vincent Girardin Bour Bl 11,19637,C,4,13.79,12,0.3,8.555555555555555,7,7,33.21
Ladera Stile Blocks Cab Napa,19672,C,4,33.11,8,0.5,8.666666666666666,7,7,51.49
Austerity White,19678,C,4,6.12,18,0.2,7.68520568498289,3,3,22.13
Ch Talbot 10 Brdx,19826,C,4,68.62,5,0.8,7.68520568498289,3,3,74.31
Soter Vyds Mineral Springs P,20002,C,4,35.33,8,0.5,11.0,0,0,53.26
Rampolla Sammarco Toscna IGT,20075,C,4,36.91,7,0.6,9.0,3,3,54.41
Sassacaia,20108,C,4,116.43,4,1.0,8.166666666666666,3,3,96.57
Wild Oats Shiraz Cntrl Range,20492,C,4,7.38,16,0.2,7.75,3,3,24.31
Viu Manent Cab Svgn La Capil,20605,C,4,9.65,14,0.3,7.0,0,0,27.8
Spritz and Giggles,20724,C,4,10.13,14,0.3,7.051282051282051,0,0,28.47
Villa Jolanda Cocnut Moscato,20728,C,4,6.2,18,0.2,8.173913043478262,3,3,22.27
Belle Ambiance Chard,20792,C,4,7.18,17,0.2,7.0,3,3,23.97
La Lecciaia Brunello di Mont,20889,C,4,26.2,9,0.4,7.0,3,3,45.8
Bonpas Ventoux Rouge Rhone,21003,C,4,9.2,15,0.3,7.32258064516129,0,0,27.13
Santons Rose de Provence,21108,C,4,5.88,18,0.2,7.68520568498289,0,0,21.7
Honoro Vera Merlot Jumilla,21168,C,4,5.86,18,0.2,9.0,0,0,21.66
Paul Hobbs Las Piedras Cab S,21195,C,4,120.68,4,1.0,7.333333333333333,6,6,98.27
Paul Hobbs Crossbarn Rose PN,21259,C,4,12.66,13,0.3,10.0,0,0,31.84
Chateau Gazin Pomerol 11,21429,C,4,50.99,6,0.7,7.68520568498289,0,0,63.93
Les Pagodes d Cos St Estephe,21434,C,4,42.48,7,0.6,7.68520568498289,3,3,58.31
Croix de Beaucaillau St-Juli,21454,C,4,34.48,8,0.5,7.68520568498289,0,0,52.58
Ch Rayne Vigneau Sauternes,21461,C,4,39.99,7,0.6,6.0,0,0,56.56
Simi Chard Sonoma Cty,21632,C,4,7.38,16,0.2,7.327272727272727,3,3,24.31
Juan Gil Dry Wh Muscat Jumil,21673,C,4,6.45,18,0.2,8.166666666666666,0,0,22.72
Signorello's Cab Svgn Napa,21854,C,4,41.09,7,0.6,11.0,0,0,57.33
Serbal Rose,22099,C,4,7.79,16,0.2,7.68520568498289,0,0,24.96
Emmolo Svgn Blanc,22108,C,4,9.08,15,0.3,11.0,0,0,26.95
Star Insolia Chard,22207,C,4,10.73,14,0.3,10.0,0,0,29.31
Anton Bauer Wagram Rsv,22323,C,4,16.89,11,0.4,7.68520568498289,0,0,36.76
Pizzolato Moscato,22418,C,4,9.58,14,0.3,8.75,7,7,27.7
S Aviron Cd Brouilly 12 Viel,22439,C,4,12.25,13,0.3,11.0,8,8,31.31
Jadot Marsannay Clos Roy 12,22533,C,4,23.02,9,0.4,11.0,3,3,42.94
Jadot Vosne Romanee 12,22535,C,4,25.32,9,0.4,7.68520568498289,3,3,45.01
Our Daily Red Cab Svgn,22567,C,4,3.21,25,0.2,8.0,0,0,16.02
Antica Fratta Franciacorta B,22599,C,4,18.91,10,0.4,8.222222222222221,3,3,38.91
Gaston & Ravaut Bourgn Chard,22644,C,4,18.91,10,0.4,6.0,0,0,38.91
Farmers of Wine Italian Red,22799,C,4,9.65,14,0.3,7.75,3,3,27.8
Banfi Poggio Alle Mura Rsva,22841,C,4,64.93,6,0.7,7.0,3,3,72.29
Vino Dious Gruner Veltlnr 13,22863,C,4,8.05,16,0.2,7.857142857142857,7,7,25.38
Adelsheim Bryan Creek Pnt Nr,22935,C,4,46.66,7,0.6,9.0,3,3,61.23
Clos de Marquis 09 St Julien,22942,C,4,161.37,4,1.0,7.833333333333333,0,0,114.55
DeLille Cellars D2,23105,C,4,28.18,8,0.5,7.0,3,3,47.54
Alexanders Crown Cab Svgn,23130,C,4,46.66,7,0.6,8.333333333333334,0,0,61.23
Walt La Brisa Pnt Nr,23190,C,4,26.52,9,0.4,6.0,2,2,46.09
Martinelli Vellu Ranch Znfdl,23193,C,4,36.98,7,0.6,6.0,2,2,54.46
Ch Meyney Saint-Estephe 11,23285,C,4,28.66,8,0.5,7.68520568498289,3,3,47.93
Gloria Ferrer Royal Cuvee,23411,C,4,18.24,10,0.4,7.68520568498289,0,0,38.24
Marilyn Meritage Red,23460,C,4,33.79,8,0.5,7.222222222222222,3,3,52.03
Ch Doisy-Daene Sauternes 11,23494,C,4,20.13,10,0.4,7.0,0,0,40.13
The Cottage Svgn Blanc,23587,C,4,8.21,16,0.2,6.75,0,0,25.64
Sidebar Svgn Bl,23603,C,4,15.68,11,0.4,8.0,3,3,35.43
Ch Pape Clement 12 Pess-Leog,23769,C,4,73.68,5,0.8,5.2,5,5,76.84
Couly-Dutheil Chinon Rose,23807,C,4,12.66,13,0.3,7.0,3,3,31.84
Cloudy Bay 12 Te Koko,23873,C,4,26.66,9,0.4,6.923076923076923,3,3,46.22
Notre Dame Luberon Rose,23954,C,4,6.49,18,0.2,8.307692307692308,3,3,22.79
Mazzei Zisola Notto Rosso,24015,C,4,12.33,13,0.3,9.333333333333334,3,3,31.41
Hess Coll Small Block Malbec,24027,C,4,39.59,7,0.6,7.68520568498289,0,0,56.28
Constanti Brunello Montalcno,24181,C,4,54.1,6,0.7,6.5,0,0,65.79
Mirafiore Dolcetto D'Alba,24191,C,4,13.79,12,0.3,7.0,3,3,33.21
Becker Family Pnt Bl,24275,C,4,11.64,13,0.3,10.0,3,3,30.52
Ch Pez 12 St-Estephe,24314,C,4,28.38,8,0.5,7.0,0,0,47.7
Diora Pnt Nr,24353,C,4,11.48,13,0.3,7.2727272727272725,0,0,30.31
Dom Ch Moreau Chablis Les Cl,24394,C,4,50.33,6,0.7,7.68520568498289,3,3,63.53
Hidalgo Gobernador Oloroso S,24415,C,4,19.86,10,0.4,9.0,3,3,39.86
Santa Barbara Winery Chard,24449,C,4,10.34,14,0.3,8.0,0,0,28.76
Ch Giscours Margaux 06,24495,C,4,23.33,9,0.4,6.0,2,2,43.22
Joseph Drouhin Nuits St Geo,24534,C,4,44.44,7,0.6,5.4,0,0,59.68
Moshin Vyds Pnt Nr RRV,24585,C,4,14.93,12,0.3,8.88888888888889,0,0,34.58
Nozzole La Forra Chianti Gra,24724,C,4,25.34,9,0.4,5.0,0,0,45.03
Masi Serego Alighieri Vaio A,24732,C,4,41.17,7,0.6,8.5,3,3,57.39
Ch Jean de Gue Lalande de Po,24964,C,4,26.14,9,0.4,10.0,3,3,45.75
Hayes Ranch Red Blend,24970,C,4,6.16,18,0.2,7.0,0,0,22.2
St Supery Dollarhide Svgn Bl,25008,C,4,19.47,10,0.4,8.666666666666666,3,3,39.47
Jadot Cote de Beaune Vlgs 13,25069,C,4,20.26,10,0.4,8.0,0,0,40.26
Pommery Cuvee Louise 2002,25279,C,4,80.64,5,0.8,7.0,3,3,80.32
Fattoire Barbi 13 MdScansano,25426,C,4,13.33,12,0.3,7.0588235294117645,3,3,32.66
Livingston Nat Flvrs Chard,28316,C,4,5.26,19,0.2,8.933333333333334,0,0,20.52
Conn Crk Ltd Rls Np Cab Svgn,31194,C,4,14.96,12,0.3,7.566666666666666,3,3,34.62
Prunotto Barbaresco,33966,C,4,33.33,8,0.5,8.571428571428571,3,3,51.66
Prunotto Bric Touro Barbesco,33967,C,4,27.99,8,0.5,7.68520568498289,0,0,47.39
Chanrion Cote de Brouilly,34021,C,4,12.66,13,0.3,8.0,0,0,31.84
Carlo Rossi Chianti Cal,34473,C,4,10.27,14,0.3,8.928571428571429,0,0,28.66
Baron K Kabinett,34982,C,4,12.66,13,0.3,6.666666666666667,0,0,31.84
Kesselstatt Josephshofer Kab,35957,C,4,13.69,12,0.3,5.0,2,2,33.09
Ch Haut-Marbuzet 10,36077,C,4,33.55,8,0.5,7.68520568498289,6,6,51.84
Ch Giscours 10,36079,C,4,54.3,6,0.7,4.0,0,0,65.91
Matanzas Creek Chard Sonoma,36571,C,4,16.33,11,0.4,8.0,7,7,36.14
Framboise Pacific Rim Infusn,36749,C,4,10.38,14,0.3,9.384615384615385,0,0,28.82
Dr Frank Johannisberg Rsl,37314,C,4,11.03,13,0.3,7.2894736842105265,0,0,29.72
Hendry Pnt Nr Napa,38244,C,4,24.13,9,0.4,9.9,3,3,43.94
Kim Crawford Pnt Nr,40513,C,4,11.68,13,0.3,9.2,7,7,30.57
Recanati Galilee Merlot,40607,C,4,11.25,13,0.3,8.555555555555555,0,0,30.01
Pinotage Southern Right,40608,C,4,9.67,14,0.3,7.75,0,0,27.82
Bodini Malbec Mendoza,41411,C,4,8.9,15,0.3,6.75,2,2,26.68
Artesa Elements Napa Red,41529,C,4,12.25,13,0.3,7.5,6,6,31.31
Toad Hollow Eriks The Red 12,42097,C,4,7.68,16,0.2,8.285714285714286,7,7,24.79
Neil Ellis Sincerely Shiraz,44172,C,4,6.03,18,0.2,7.68520568498289,0,0,21.97
Nickel Branding Irn Cab Svgn,44650,C,4,66.2,5,0.8,7.0,0,0,73.1
L'Ecole No 41 Chenin Bl OV,45912,C,4,11.72,13,0.3,6.4,2,2,30.62
Casa Liliana Good Merlot,45993,C,4,6.49,18,0.2,9.0,3,3,22.79
Turn Me Red,47075,C,4,6.23,18,0.2,7.6,3,3,22.33
Ch Smith Haut Lafitte 12,90010,C,4,61.74,6,0.7,6.857142857142857,0,0,70.38
Three Olives Tomato Vodka,75,C,3,10.94,12,0.2,7.0,0,0,25.63
Hundred Acre Ark Vy Cab Svgn,82,C,3,248.34,2,1.5,6.333333333333333,0,0,124.67
Sauza Silver VAP,174,C,3,9.41,13,0.2,7.68520568498289,0,0,23.77
Yazi Ginger Vodka,194,C,3,22.55,8,0.4,8.857142857142858,3,3,36.79
Smirnoff Pomegrante,207,C,3,11.5,11,0.3,6.2,0,0,26.29
Ketel One Oranje,244,C,3,22.65,8,0.4,7.68520568498289,3,3,36.87
Capt Morgan Lime Bite Rum,354,C,3,14.23,10,0.3,11.0,0,0,29.23
Svedka Grape Vodka,369,C,3,10.23,12,0.2,6.5,0,0,24.78
Jack Daniels & Coke,405,C,3,28.45,7,0.4,7.127572016460905,0,0,41.34
Pastene Marsala,576,C,3,6.92,15,0.2,7.538461538461538,0,0,20.38
Beefeater 24,613,C,3,20.46,9,0.3,7.0,0,0,35.08
J W Dant Bourbon,614,C,3,17.16,9,0.3,8.333333333333334,3,3,32.11
Jim Beam Black,776,C,3,18.1,9,0.3,5.0,0,0,32.96
Bols Double Barrel Root Bee,852,C,3,7.41,14,0.2,7.68520568498289,0,0,21.09
Jacques Bonet Brandy,862,C,3,6.05,16,0.2,6.5,3,3,19.06
Robert Sinskey Cab Svgn Stag,898,C,3,63.75,5,0.6,7.68520568498289,3,3,61.88
Mastersons 10 Yr Old Rye,950,C,3,58.82,5,0.6,6.666666666666667,0,0,59.41
McCormick Scotch,977,C,3,8.98,13,0.2,7.5,0,0,23.21
Patron Anejo Clsc Gift Set,1352,C,3,41.0,6,0.5,7.68520568498289,0,0,49.6
DiSaronno Versace Wrap VAP,1516,C,3,14.59,10,0.3,7.68520568498289,0,0,29.59
Ole Smoky Blackberry M'Shine,1711,C,3,15.32,10,0.3,7.68520568498289,0,0,30.32
El Toro Silver Tequila,1888,C,3,5.34,17,0.2,6.166666666666667,0,0,17.9
Oban 18 Yr Single Malt,1891,C,3,79.99,4,0.8,6.01123595505618,3,3,69.5
Herradura Silver Tequila,1982,C,3,15.82,10,0.3,7.335820895522388,0,0,30.82
Craigellachie 13 Yr Scotch,2329,C,3,38.45,6,0.5,8.51968503937008,0,0,48.07
Tatoosh Bourbon,2484,C,3,36.95,6,0.5,7.5,0,0,47.17
The Macallan 17Yr Old Scotch,2530,C,3,170.36,3,1.0,7.5,3,3,101.11
Full Throttle Apple Whiskey,2719,C,3,15.5,10,0.3,7.0,0,0,30.5
Henry DuYore's Strgt Bourbon,2750,C,3,33.33,7,0.4,11.0,0,0,44.76
Tullibardine 20 YO Highland,2849,C,3,129.49,3,1.0,7.0,0,0,88.85
One Roq RSV Vodka,3441,C,3,18.04,9,0.3,7.333333333333333,0,0,32.9
Stoli Elite Vodka,3573,C,3,74.21,4,0.8,8.277777777777779,0,0,67.18
Three Olives Whipped Cream,3729,C,3,8.59,13,0.2,5.0,0,0,22.71
Spring 44 Vodka,3742,C,3,21.7,8,0.4,11.0,0,0,36.11
Margaritaville Coconut,3752,C,3,11.06,12,0.2,7.428571428571429,0,0,25.77
Goslings Family Rsv Rum,4052,C,3,46.42,6,0.5,8.0,0,0,52.85
Blue Chair Bay Coc Spced Rum,4077,C,3,10.29,12,0.2,7.428571428571429,0,0,24.85
Margaritaville Spiced Rum,4212,C,3,14.5,10,0.3,7.68520568498289,0,0,29.5
Silver Root Marley Rum,4289,C,3,10.78,12,0.2,5.5,0,0,25.44
Rhum Barbancourt 3 Star,4427,C,3,10.58,12,0.2,8.0,0,0,25.2
Courvoisier 21 Yr Cognac,4697,C,3,187.96,3,1.0,7.6,0,0,106.39
Deep Eddy Sweet Tea Vodka,4824,C,3,14.72,10,0.3,7.142857142857143,3,3,29.72
Hpnotiq Harmonie,5080,C,3,12.02,11,0.3,8.75,0,0,26.86
Agavero Orange Liqueur Agave,5098,C,3,16.79,9,0.3,6.5,0,0,31.78
Bols Yogurt Liqueur,5376,C,3,9.77,12,0.2,7.333333333333333,0,0,24.22
Grand Marnier Cuvee 1880,5430,C,3,275.58,2,1.5,7.904761904761905,0,0,130.12
West Indies Blue Mtn Coffee,5610,C,3,25.57,8,0.4,9.0,4,4,39.21
Merry Irish Cream Liqueur,5654,C,3,9.52,13,0.2,7.0,0,0,23.91
OR-G Liqueur,5658,C,3,13.38,11,0.3,8.4,0,0,28.35
The Club Pina Colada,6120,C,3,1.45,32,0.1,7.68520568498289,0,0,9.33
Casoni Limoncello di Sorento,6136,C,3,17.16,9,0.3,7.125,0,0,32.11
Lepanto Solera Gran Reserva,6159,C,3,31.81,7,0.4,11.0,0,0,43.7
Sorel Artisan Liqueur,6774,C,3,19.99,9,0.3,5.0,0,0,34.66
Bolla Pinot Grigio,6941,C,3,6.2,16,0.2,7.6,3,3,19.3
Marquis de Chasse Ginestet,6986,C,3,6.45,15,0.2,7.68520568498289,0,0,19.68
Revolucion Silver Tequila,8261,C,3,28.56,7,0.4,7.68520568498289,3,3,41.42
Concannon Glen Ellen Wh Zin,8527,C,3,1.32,34,0.1,8.0,0,0,8.9
Alize Coco Liqueur,8580,C,3,12.59,11,0.3,9.0,0,0,27.49
Bouvier Marsannay Rose,10370,C,3,16.99,9,0.3,6.0,0,0,31.96
Santa Cristina Pnt Grigio,10380,C,3,7.09,15,0.2,7.492537313432836,3,3,20.64
Perrier Jouet Fleur Rose,10792,C,3,107.48,4,0.8,10.6,0,0,80.49
Beringer Classic Merlot,11038,C,3,4.51,18,0.2,5.25,0,0,16.45
Nova 06 Marilyn Merlot Napa,11077,C,3,19.99,9,0.3,6.5,0,0,34.66
Sequoia Grove Chard,11263,C,3,13.69,10,0.3,7.0,3,3,28.69
Nardi Brunello di Montalcino,11274,C,3,32.18,7,0.4,8.0,3,3,43.95
Au Petit Bonheur Pallieres R,11372,C,3,10.27,12,0.2,7.68520568498289,0,0,24.82
Diamond Crk Cab Svgn Volcanc,11774,C,3,148.02,3,1.0,7.142857142857143,0,0,94.41
Volpe Rossa Pnt Grigio,12390,C,3,3.86,20,0.2,7.916666666666667,3,3,15.22
Ch Beauchene Prm Terroir CDR,12475,C,3,12.58,11,0.3,7.0,0,0,27.47
Blackbird Vyds Arise Red,12646,C,3,34.19,7,0.4,8.625,0,0,45.36
Korbel Brut Rose,13144,C,3,8.55,13,0.2,8.8,0,0,22.65
Cadet D'Oc Cab Svgn Rthschld,13242,C,3,7.48,14,0.2,10.0,4,4,21.19
Neal Petite Syrah Rutherford,13606,C,3,26.2,8,0.4,9.7,0,0,39.71
The Chocolate Block Red,13791,C,3,19.73,9,0.3,7.8,0,0,34.42
Calera de Villiers Pnt Nr,13860,C,3,34.01,7,0.4,6.0,3,3,45.24
Cakebread Dancing Bear Cab S,14105,C,3,75.16,4,0.8,8.5,3,3,67.56
Bodegas Numanthia Termes,14110,C,3,15.89,10,0.3,7.571428571428571,0,0,30.89
Antica Cab Svgn Napa Valley,14120,C,3,31.5,7,0.4,7.0,3,3,43.48
Humberto Canale Malbec Est,15790,C,3,7.74,14,0.2,8.777777777777779,0,0,21.55
Cyan Toro Zamora,15871,C,3,10.95,12,0.2,9.0,4,4,25.64
Shannon Ridge 09 Cab Svgn,16061,C,3,10.06,12,0.2,7.666666666666667,3,3,24.57
Dom Serene Clos Soleil Chard,16281,C,3,19.86,9,0.3,7.68520568498289,3,3,34.54
Mollydooker Two Left Feet,16309,C,3,16.54,10,0.3,7.833333333333333,0,0,31.54
Tiki Sound Svgn Bl,16369,C,3,8.78,13,0.2,6.0,3,3,22.95
Sans Liege Groundwork Grenac,16445,C,3,11.91,11,0.3,10.1,0,0,26.74
Pali Riviera Pnt Nr Sonoma,16587,C,3,11.4,11,0.3,7.4,0,0,26.18
Alain Lorieux Chinon Express,16696,C,3,12.24,11,0.3,11.5,4,4,27.1
Guidobono Barbera D'Alba,17093,C,3,9.2,13,0.2,8.0,0,0,23.5
Quattro Mani Montepulciano,17159,C,3,9.39,13,0.2,5.333333333333333,3,3,23.75
The Divining Rod Chard,17266,C,3,9.03,13,0.2,8.0,3,3,23.28
20 Mile 09 Brdx Superior,17384,C,3,24.34,8,0.4,7.0,3,3,38.22
Serbal Chardonnay,17490,C,3,8.78,13,0.2,8.0,0,0,22.95
Caballero la Cepa Rsv Malbec,17512,C,3,10.2,12,0.2,7.68520568498289,0,0,24.74
Dom Serene Evenstad Chard,17529,C,3,28.75,7,0.4,8.555555555555555,0,0,41.55
Tenuta San Guido Sassacia,17918,C,3,229.67,3,1.0,7.68520568498289,0,0,118.9
Vendange Sweet Red,18002,C,3,4.57,18,0.2,9.0,0,0,16.56
Joseph Phelps Insignia 09,18193,C,3,104.57,4,0.8,8.0,3,3,79.33
Gianni Gagliardo Barolo S 07,18265,C,3,46.61,6,0.5,8.5,3,3,52.97
Stark Raving Cab Svgn,18378,C,3,6.57,15,0.2,8.25,0,0,19.86
Ninety+Cellars Lot 71 Malbec,18452,C,3,9.93,12,0.2,5.0,3,3,24.42
Merry Edwards Olivet Lane,18550,C,3,52.62,5,0.6,7.68520568498289,0,0,56.31
Cape Point Vyds Svgn Bl,18610,C,3,15.33,10,0.3,7.68520568498289,0,0,30.33
Stonehaven Svgn Bl,18611,C,3,9.03,13,0.2,9.4,4,4,23.28
Januik Merlot Columbia Vly,18652,C,3,15.53,10,0.3,7.68520568498289,3,3,30.53
Merriam Vyd Block 8 Cab Svgn,18676,C,3,18.11,9,0.3,7.68520568498289,0,0,32.97
Clos Erasmus Laurel Priorat,18784,C,3,32.66,7,0.4,8.0,0,0,44.29
Line 39 Merlot,18831,C,3,5.26,17,0.2,8.666666666666666,0,0,17.77
Terra Antiga Vinho Verde,19163,C,3,2.9,23,0.1,7.68520568498289,0,0,13.19
Simply Naked Unoaked Pnt Nr,19243,C,3,4.45,18,0.2,7.75,0,0,16.34
Yosemite Road Red,19255,C,3,2.28,26,0.1,3.0,2,2,11.7
Tom Eddy Mt Veeder Cab S Rsv,19265,C,3,50.32,5,0.6,11.5,4,4,55.16
Dalton Canaan Red,19304,C,3,6.45,15,0.2,11.0,0,0,19.68
Rombauer Cab Svgn Diamond,19315,C,3,45.26,6,0.5,9.23076923076923,4,4,52.16
Luigi Bosca de Sangre,19369,C,3,14.28,10,0.3,6.25,0,0,29.28
Nostor Templari Priorat Red,19502,C,3,28.56,7,0.4,7.75,0,0,41.42
Ch Godeau St Emilion 10 Cru,19586,C,3,28.76,7,0.4,11.0,4,4,41.56
Ch Bernadotte 10 Haut Medoc,19695,C,3,23.8,8,0.4,9.5,4,4,37.79
B & G CDP Rose,19768,C,3,7.28,14,0.2,8.72,0,0,20.91
San Zopito Montepulciano d'A,19796,C,3,19.99,9,0.3,6.0,0,0,34.66
Ninety+Cellars Lot 90 Rosso,19818,C,3,18.61,9,0.3,3.0,2,2,33.42
Zorah Red,19836,C,3,15.06,10,0.3,10.0,0,0,30.06
Inglenook Rubicon 09,20024,C,3,115.53,4,0.8,8.071428571428571,0,0,83.71
Amauta Corte IV -Red Blend,20090,C,3,11.99,11,0.3,7.68520568498289,3,3,26.83
Sea Smoke Chard,20200,C,3,42.56,6,0.5,6.6,3,3,50.54
The Immortal Zin,20567,C,3,7.79,14,0.2,7.666666666666667,0,0,21.62
Dutton Goldfield Chard Dutto,20772,C,3,25.99,8,0.4,7.0,3,3,39.54
Valdivieso Brut,20941,C,3,6.75,15,0.2,8.0,3,3,20.12
Cyrus Cab Svgn Alex Vly,21034,C,3,36.73,6,0.5,8.538461538461538,3,3,47.04
Southern Right Svgn Bl,21123,C,3,7.99,14,0.2,8.5,0,0,21.9
Amapola Creek 09 Cab Svgn,21179,C,3,40.26,6,0.5,10.5,0,0,49.16
The Naked Grape Box Moscato,21230,C,3,11.84,11,0.3,7.5,0,0,26.66
Comoloco Monastrell Jumilla,21272,C,3,6.2,16,0.2,9.0,0,0,19.3
Flowers Sonoma Cst Pnt Nr,21340,C,3,66.66,5,0.6,11.0,0,0,63.33
Barkan Clsc Chard,21383,C,3,9.26,13,0.2,6.888888888888889,0,0,23.58
Ch Ste Michelle Cold Crk Cha,21385,C,3,11.99,11,0.3,8.666666666666666,3,3,26.83
Chateau Pontet Canet Pauilac,21463,C,3,95.23,4,0.8,5.25,3,3,75.59
La Merika Cab Svgn CC,21538,C,3,9.52,13,0.2,10.25,4,4,23.91
Moonstone Plum Sake,21616,C,3,1.31,34,0.1,9.333333333333334,0,0,8.87
Shardana Valli Di Porto Pino,21711,C,3,16.66,9,0.3,7.833333333333333,3,3,31.66
PopCrush Red,21776,C,3,7.58,14,0.2,7.68520568498289,3,3,21.33
Maggy Hawk Afleet Pnt Nr,22048,C,3,35.94,6,0.5,7.857142857142857,3,3,46.56
Maggy Hawk Stormin Pnt Nr,22050,C,3,37.92,6,0.5,7.714285714285714,0,0,47.75
Castello Di Cacchiano Chiant,22105,C,3,26.66,8,0.4,4.0,0,0,40.08
Hillinger Leitheberg Blaufra,22324,C,3,19.73,9,0.3,5.0,3,3,34.42
Truchard Vyds The Shepard Rd,22399,C,3,13.15,11,0.3,8.0,0,0,28.1
S Aviron 12 Fleurie Madrieir,22440,C,3,14.86,10,0.3,9.5,0,0,29.86
Bota Brick Pnt Grigio,22449,C,3,6.66,15,0.2,7.142857142857143,0,0,19.99
Justin Vyds 13 Chard C Cst,22518,C,3,11.72,11,0.3,7.68520568498289,0,0,26.53
A Bichot Adelie Mercury,22621,C,3,22.81,8,0.4,10.0,4,4,37.0
Guillaume Vrignaud Chablis,22646,C,3,16.77,9,0.3,8.0,0,0,31.76
Finca Coronado 04 Tierra Cas,22829,C,3,8.64,13,0.2,7.68520568498289,0,0,22.77
Vino Dious Chard 13,22864,C,3,8.72,13,0.2,7.923076923076923,0,0,22.87
Vino Dious Cab Svgn 11,22867,C,3,9.52,13,0.2,7.285714285714286,3,3,23.91
Patricius Sarga Muskotaly,22924,C,3,12.16,11,0.3,8.5,0,0,27.01
Carol Shelton Rocky Rsv Znfd,22934,C,3,22.6,8,0.4,9.0,4,4,36.83
D'Armailhac Pauillac 05,22943,C,3,188.43,3,1.0,7.5,0,0,106.53
Ch Andron Blanquet St Esteph,23144,C,3,20.64,9,0.3,6.75,3,3,35.24
Champlain Orchards Sprklng C,23157,C,3,17.21,9,0.3,7.3125,0,0,32.16
Lee Family Farm Albarino Mon,23185,C,3,8.78,13,0.2,6.0,3,3,22.95
Ch La Paws Chard,23206,C,3,3.54,21,0.1,7.68520568498289,0,0,14.58
Scaggs Vyds Mt Vedeer Montag,23236,C,3,26.89,7,0.4,6.0,3,3,40.25
Ch Le Petit Lion Marquis 11,23282,C,3,40.4,6,0.5,7.68520568498289,0,0,49.24
Ch Canon St Emilion Gr Cr 11,23308,C,3,87.58,4,0.8,8.0,0,0,72.53
Connetable de Talbot 11 Brdx,23321,C,3,21.61,8,0.4,7.68520568498289,0,0,36.04
Trombetta Family Pnt Nr Gaps,23391,C,3,48.27,6,0.5,7.0,0,0,53.96
Secoli 14 Pnt Grigio Venezia,23404,C,3,6.8,15,0.2,9.0,0,0,20.2
Trinchero Clouds Nest Cab Sv,23410,C,3,45.15,6,0.5,7.68520568498289,3,3,52.09
Ch Reserve d La Cometesse 11,23496,C,3,31.5,7,0.4,7.0,0,0,43.48
Vino.e Falanghina Beneventno,23508,C,3,8.9,13,0.2,8.5,3,3,23.11
Slow Press Cab Svgn,23520,C,3,10.2,12,0.2,8.0625,0,0,24.74
Santa Maria Alla Pieve Soave,23528,C,3,9.08,13,0.2,7.0,0,0,23.34
Santa Maria Alla Pieve Ripas,23530,C,3,15.12,10,0.3,8.0,3,3,30.12
Yellow Tail Moscato Bubbles,23533,C,3,8.49,13,0.2,9.5,0,0,22.58
Bouvier Marsannay Roug Clos,23659,C,3,17.53,9,0.3,7.68520568498289,0,0,32.44
Cooks Brut,23665,C,3,5.19,17,0.2,7.296296296296297,0,0,17.65
Ch Brannon 12 Pessac-Leognan,23746,C,3,59.6,5,0.6,7.5,0,0,59.8
Ch Cantemerie 12 Haut-Medoc,23747,C,3,27.88,7,0.4,4.0,2,2,40.94
Florette Rose de Provence,23830,C,3,8.21,14,0.2,7.68520568498289,0,0,22.21
Mazzocco Znfdl Sonoma,23855,C,3,9.14,13,0.2,7.68520568498289,0,0,23.42
Michel Chapoutier Vigne Rose,23897,C,3,10.66,12,0.2,8.615384615384615,0,0,25.29
Adelsheim Caitlins Rsv Chard,24170,C,3,25.97,8,0.4,5.0,0,0,39.53
Red Car Fort Ross Pnt Nr Sea,24262,C,3,42.56,6,0.5,7.68520568498289,3,3,50.54
Col D'Orcia Brunello Montalc,24281,C,3,73.82,5,0.6,3.6666666666666665,2,2,66.91
Bollini RSV Pinot Grigio,24287,C,3,10.45,12,0.2,3.0,0,0,25.04
Fess Parker Marcella's White,24347,C,3,10.13,12,0.2,7.75,3,3,24.66
Mommessin Les Gr Morgon C Py,24365,C,3,17.12,9,0.3,5.0,0,0,32.07
Mommessin Dom Presle Bjls Fl,24366,C,3,13.07,11,0.3,7.68520568498289,0,0,28.01
Marques de Grinon 10 Cab Svg,24411,C,3,27.02,7,0.4,8.0,3,3,40.34
Joseph Drouhin Mersault,24529,C,3,38.35,6,0.5,9.5,0,0,48.01
Joseph Drouhin Santenay Red,24533,C,3,19.47,9,0.3,7.68520568498289,0,0,34.19
Galerie Latro Cab S Knights,24572,C,3,33.33,7,0.4,6.5,0,0,44.76
Galerie Pleinair Cab Svgn NV,24574,C,3,32.89,7,0.4,7.5,0,0,44.45
Terre del Barolo Barbrsco 10,24602,C,3,15.17,10,0.3,7.25,0,0,30.17
Dom Perignon P2 Blanc 1998,24647,C,3,193.54,3,1.0,8.583333333333334,3,3,108.06
Banfi Summus Tuscany Red,24715,C,3,39.47,6,0.5,7.0,3,3,48.68
St Mayhem Wh Peach & Ginger,24792,C,3,15.43,10,0.3,8.0,3,3,30.43
Brancaia Blu Rosso Toscana,24819,C,3,48.38,6,0.5,6.75,0,0,54.03
Anakota 11 Helena Montana CS,24825,C,3,54.05,5,0.6,8.75,0,0,57.03
Ch du Parc Brdx Rouge,24857,C,3,8.49,13,0.2,7.5,0,0,22.58
Appolo Vyds Seyval,24921,C,3,10.4,12,0.2,7.111111111111111,0,0,24.98
Presqu'ile Pnt Nr Snta Maria,25002,C,3,26.31,8,0.4,7.68520568498289,0,0,39.8
Jadot Bourgogne Le Chapitre,25058,C,3,19.33,9,0.3,10.0,0,0,34.06
Jadot Savigny 13 Clos de Gue,25063,C,3,27.58,7,0.4,9.5,4,4,40.73
Jadot Beaune Bressandes 13,25064,C,3,29.52,7,0.4,8.0,0,0,42.09
Jadot Beaune Clos des Ursule,25065,C,3,44.07,6,0.5,7.68520568498289,0,0,51.44
Jadot Rully 13,25083,C,3,17.1,9,0.3,7.666666666666667,0,0,32.06
Pulenta Est Gran Cab Franc,25106,C,3,24.34,8,0.4,7.68520568498289,0,0,38.22
George Wine Co Pnt Nr Sonoma,25335,C,3,43.41,6,0.5,9.0,4,4,51.05
Calmel & Joseph CdRoussillon,25353,C,3,9.58,13,0.2,5.3076923076923075,3,3,23.99
Artesa Rsv Pnt Nr,25376,C,3,25.32,8,0.4,6.666666666666667,0,0,39.01
Piper Heidsieck Rare 2002,25461,C,3,96.77,4,0.8,7.68520568498289,3,3,76.21
Tilia Bonarda Mendoza,25544,C,3,7.94,14,0.2,7.947368421052632,3,3,21.83
High Valley Znfdl,25588,C,3,20.26,9,0.3,8.502645502645503,0,0,34.9
Red Autumn Red,25652,C,3,7.38,14,0.2,9.652173913043478,4,4,21.05
Shooting Star Chard Lake Cny,28538,C,3,9.8,12,0.2,9.0,0,0,24.26
M & R X Dry Vermouth,29472,C,3,5.88,16,0.2,8.25,3,3,18.78
Planeta La Segreta Rosso,29714,C,3,7.23,14,0.2,5.214285714285714,0,0,20.84
Penfld Bin 407 Cab Svgn Ausl,31176,C,3,47.94,6,0.5,11.0,4,4,53.76
Ch Ste Michelle Cold Crk Rsl,32669,C,3,10.8,12,0.2,5.888888888888889,0,0,25.46
Piero Broglia Gavi di Gavi,33204,C,3,13.07,11,0.3,7.0,0,0,28.01
Zenato Valpolicella Clsc Ri,33971,C,3,19.07,9,0.3,7.681818181818182,0,0,33.83
Prinz Salm Der Weib,35480,C,3,13.42,11,0.3,7.0,3,3,28.4
La Clarence Haut Brion 10,36081,C,3,134.58,3,1.0,7.0,3,3,90.37
Saarstein Riesling QbA,36360,C,3,8.96,13,0.2,5.333333333333333,3,3,23.19
Seghesio Cortina Znfdl,38529,C,3,25.99,8,0.4,7.68520568498289,0,0,39.54
Villa Rosa Barolo Piedmonte,38649,C,3,17.53,9,0.3,8.5,3,3,32.44
Tohu Pnt Nr Marlboro,39098,C,3,14.76,10,0.3,8.0,0,0,29.76
Alice White Lexia Muscato,39665,C,3,5.06,17,0.2,6.333333333333333,3,3,17.43
Grahams 20-Yr Tawny Port,39765,C,3,33.78,7,0.4,7.583333333333333,0,0,45.07
Bolla Chianti,40667,C,3,8.6,13,0.2,7.450980392156863,3,3,22.72
Fiano MandraRossa Sicilia,40825,C,3,6.07,16,0.2,7.68520568498289,0,0,19.09
Mad Dogs & Englishmen Jumil,41231,C,3,6.53,15,0.2,8.0,0,0,19.8
Yellow Tail Shiraz/Grenache,41531,C,3,5.29,17,0.2,7.857142857142857,0,0,17.82
Morgan Winery Garys Vyd Pnt,41634,C,3,21.47,8,0.4,7.0,0,0,35.93
Bigi Orvieto Clsc Vendemmia,42759,C,3,7.89,14,0.2,7.333333333333333,0,0,21.76
Valckenberg Rsl,42933,C,3,8.6,13,0.2,4.0,0,0,22.72
L'Ecole No 41 Apogee Pepper,43667,C,3,34.48,7,0.4,7.333333333333333,0,0,45.56
Oyster Bay Hawkes Bay Merlot,43890,C,3,10.88,12,0.2,7.4,3,3,25.56
Farnum Hill Kingston Blk RSV,43924,C,3,10.61,12,0.2,4.208333333333333,0,0,25.23
Montsarra Brut Cava,44925,C,3,9.86,12,0.2,7.2,3,3,24.33
Ermita Rioja White,45495,C,3,10.38,12,0.2,6.0,0,0,24.96
Bonny Doon Pousseur Syrah,46185,C,3,15.75,10,0.3,7.090909090909091,3,3,30.75
Napa Cellars Merlot,46190,C,3,14.18,10,0.3,4.75,3,3,29.18
Silver Mtn Hard Cider,46327,C,3,4.54,18,0.2,8.5,0,0,16.51
Mason Clrs Svgn Bl Pomelo,46453,C,3,7.33,14,0.2,8.271929824561404,0,0,20.98
Errazuriz Max Fndrs RSV,46583,C,3,47.05,6,0.5,8.0,3,3,53.23
Kaiken Malbec Mendoza,46819,C,3,9.65,12,0.2,9.5,4,4,24.08
Freemark Abbey Chard Napa,47011,C,3,12.25,11,0.3,6.7,3,3,27.11
Ch Brane Cantenac Margaux 11,90082,C,3,41.93,6,0.5,7.68520568498289,3,3,50.16
Van Winkle Special Rsv 10 Yr,123,C,2,38.75,5,0.4,6.4,0,0,39.38
Leroux Apple Schnapps,189,C,2,5.76,13,0.2,8.5,0,0,15.18
Nassua Royale Liqueur,201,C,2,15.47,8,0.2,7.142857142857143,0,0,24.88
Wray & Nephew Wh Overproof,222,C,2,15.99,8,0.2,7.0588235294117645,0,0,25.29
Peter Paul Bacigalupi Chard,319,C,2,25.17,6,0.3,7.333333333333333,0,0,31.77
Corralejo Reposado Tequila,465,C,2,35.99,5,0.4,7.68520568498289,0,0,38.0
McCormick Gold Rum,603,C,2,5.03,14,0.1,6.714285714285714,0,0,14.18
Cruzan Est Single Barrel Rum,608,C,2,23.43,7,0.3,9.0,0,0,30.69
Hiram Walker Mango,718,C,2,8.07,11,0.2,6.7272727272727275,0,0,17.97
DeKuyper Spearmint Schnapps,742,C,2,10.39,10,0.2,7.875,0,0,20.39
Bacardi Gold Rum,803,C,2,9.92,10,0.2,8.590909090909092,0,0,19.92
Bols Butterscotch,853,C,2,7.4,12,0.2,7.0,0,0,17.21
Ten High Bourbon,863,C,2,5.83,13,0.2,6.875,0,0,15.27
DeKuyper Blackberry Brandy,871,C,2,7.51,12,0.2,8.714285714285714,0,0,17.35
Hangar One Kaffir Lime Vodk,926,C,2,20.58,7,0.3,4.0,0,0,28.69
Robert Sinskey Marcien Red,932,C,2,55.91,4,0.5,5.666666666666667,0,0,47.36
Hangar One Blueberry Vodka,957,C,2,21.37,7,0.3,6.0,0,0,29.24
Three Olives S'Mores Vodka,993,C,2,8.33,11,0.2,7.68520568498289,0,0,18.25
Common Man Slctn Woodford Rs,1107,C,2,36.5,5,0.4,7.875,0,0,38.25
Smugglers Notch Rum,1129,C,2,30.15,6,0.3,5.333333333333333,0,0,34.76
Tullibardine Burgundy Finish,1253,C,2,51.17,4,0.5,8.666666666666666,0,0,45.47
No. 14 Bourbon,1274,C,2,34.88,5,0.4,10.6,0,0,37.44
Jack Daniels Barrel Proof,1927,C,2,51.84,4,0.5,7.245901639344262,0,0,45.74
Collier & McKeel Whiskey,1985,C,2,35.5,5,0.4,7.68520568498289,0,0,37.75
Ardbeg Auriverdes Scotch,2074,C,2,68.69,4,0.5,9.333333333333334,0,0,52.48
The Glenlivet 25 Yr Old,2088,C,2,223.87,2,1.0,7.636363636363637,0,0,94.77
Buck Bourbon 8 Yr,2252,C,2,22.05,7,0.3,9.271428571428572,0,0,29.72
Prichards Tennesse Whiskey,2263,C,2,20.28,7,0.3,7.68520568498289,0,0,28.48
Jailers Tennessee Whiskey,2271,C,2,23.8,6,0.3,8.607142857142858,0,0,30.95
Glenfiddich Age of Discovery,2303,C,2,114.5,3,0.7,7.68520568498289,0,0,67.68
Sea Hagg Poitin White Whisky,2401,C,2,6.86,12,0.2,7.0,0,0,16.57
Highland Park Odin,2421,C,2,265.14,2,1.0,8.0,0,0,103.03
John Barr Red Scotch Whisky,2539,C,2,12.3,9,0.2,7.68520568498289,0,0,22.18
Glenmorangie Signet Sng Malt,2610,C,2,138.68,3,0.7,7.58,0,0,74.94
Dewars Special RSV 12-Year,2614,C,2,41.21,5,0.4,8.35897435897436,0,0,40.61
Jameson Rarest Vintage Rsv,2660,C,2,229.0,2,1.0,7.0,0,0,95.8
Christian Drouin Calvados,2671,C,2,16.78,8,0.2,8.5,0,0,25.92
Bitch Vodka,2710,C,2,15.93,8,0.2,5.0,0,0,25.24
Teeling Single Grain Whiskey,2715,C,2,39.99,5,0.4,8.383561643835616,0,0,40.0
Spring 44 Old Tom Gin,2959,C,2,29.54,6,0.3,7.68520568498289,0,0,34.39
Jim Beam Maple,2995,C,2,17.51,8,0.2,6.0,0,0,26.51
360 Glazed Donut Vodka,3015,C,2,10.23,10,0.2,7.68520568498289,0,0,20.23
Stolichnaya 100* Vodka,3092,C,2,13.38,9,0.2,8.0,0,0,23.15
Black Fig Vodka,3182,C,2,22.85,7,0.3,7.68520568498289,0,0,30.28
Hook's Black Spiced Rum,3304,C,2,14.38,8,0.2,7.68520568498289,0,0,24.0
UV Sriracha Vodka,3407,C,2,0.73,37,0.1,7.68520568498289,0,0,5.4
Corzo Silver Tequila,3461,C,2,39.99,5,0.4,10.333333333333334,0,0,40.0
Cazadores Anejo Tequila,3475,C,2,22.38,7,0.3,11.0,0,0,29.95
Llord's Blue Curacao,3514,C,2,4.5,15,0.1,7.0,0,0,13.42
Stolichnaya Cranberi,3587,C,2,14.95,8,0.2,7.68520568498289,0,0,24.46
Spud Potato Vodka,3623,C,2,0.73,37,0.1,7.68520568498289,0,0,5.4
Stolichnaya Strawberri,3673,C,2,11.36,9,0.2,7.68520568498289,0,0,21.34
Ciroc Pineapple Vodka,3697,C,2,1.58,25,0.1,8.0,0,0,7.95
Spring 44 Honey Vodka,3777,C,2,21.7,7,0.3,9.5,0,0,29.48
FAIR Quinoa Vodka,3873,C,2,19.52,7,0.3,7.0,0,0,27.95
New Amsterdam Vodka,3933,C,2,0.73,37,0.1,7.68520568498289,0,0,5.4
Sauza Conmemorativo,3934,C,2,18.11,7,0.3,7.68520568498289,0,0,26.96
Armorik Single Malt Whiskey,4010,C,2,45.11,5,0.4,6.0,0,0,42.56
Bacardi Artic Grape Rum,4028,C,2,7.99,11,0.2,8.0,0,0,17.88
Spiced Root Marley Rum,4248,C,2,10.86,10,0.2,12.0,0,0,20.86
Bacardi Limon Traveler,4319,C,2,7.29,12,0.2,9.0,0,0,17.08
Casa Noble Anejo,4354,C,2,44.44,5,0.4,9.5,0,0,42.22
Bacardi Limon & Mango 2 Pak,4535,C,2,14.49,8,0.2,7.68520568498289,0,0,24.09
Ansac VS Cognac,4676,C,2,10.07,10,0.2,7.68520568498289,0,0,20.07
Courvoisier Rose,4815,C,2,13.5,9,0.2,6.0,0,0,23.26
Leblon Cedilla Acai Liqueur,5181,C,2,23.99,6,0.3,8.0,0,0,31.06
Dr McGillicuddy's Vanilla,5287,C,2,0.38,51,0.0,7.68520568498289,0,0,3.9
Bols Maraschino Liqueur,5408,C,2,8.84,11,0.2,7.25,0,0,18.81
Malibu Red,5866,C,2,15.74,8,0.2,7.68520568498289,0,0,25.09
LaMuse Verte Absinthe,6046,C,2,32.85,6,0.3,7.68520568498289,0,0,36.38
Sauza Sparkling Margarita,6066,C,2,5.38,14,0.1,11.0,0,0,14.67
8000 Generations Shochu,6090,C,2,22.72,7,0.3,7.5,0,0,30.19
Hawk Crest Chard,6784,C,2,7.53,12,0.2,10.0,0,0,17.37
Marquis de Chasse Red Gines,6872,C,2,6.62,12,0.2,8.0,0,0,16.28
Mateus Rose,7222,C,2,4.9,14,0.1,6.75,0,0,14.0
Llord's Coffee Liqueur,7294,C,2,5.5,13,0.2,7.68520568498289,0,0,14.84
New Amsterdam Red Berry Vdka,7439,C,2,9.37,10,0.2,8.666666666666666,0,0,19.37
Pinnacle Grape Vodka,8119,C,2,10.39,10,0.2,10.0,0,0,20.39
Celtic Honey Liqueur,8508,C,2,16.05,8,0.2,7.0,0,0,25.34
Smirnoff Light Strawberry,8729,C,2,0.74,37,0.1,8.0,0,0,5.44
Marcarini Barolo Brunate,10910,C,2,41.37,5,0.4,7.333333333333333,0,0,40.68
Hogue Cab Svgn Columbia,11022,C,2,6.16,13,0.2,8.083333333333334,0,0,15.7
Napa Cellars Svgn Bl,11149,C,2,11.76,9,0.2,7.466019417475728,0,0,21.7
Ame Neyers Cab Svgn Napa,11164,C,2,52.97,4,0.5,8.0,0,0,46.19
R Strong Rockaway Cab Svgn,11389,C,2,48.99,5,0.4,7.68520568498289,0,0,44.5
Ch Julien Merlot Mont Cnty,11423,C,2,6.66,12,0.2,7.627450980392157,0,0,16.33
La Basttistina Gavi,11770,C,2,9.33,10,0.2,9.0,0,0,19.33
Rochioli RRV Chard Cal,12199,C,2,36.42,5,0.4,6.5,0,0,38.21
Mercer Rsl,12355,C,2,9.8,10,0.2,9.0,0,0,19.8
Cupcake Petit Sirah Cal,12496,C,2,4.83,14,0.1,7.4,0,0,13.9
Ch La Croix du Duc Brdx,12538,C,2,7.48,12,0.2,5.666666666666667,0,0,17.31
Villa Calappiano Pnt Grigio,12637,C,2,6.03,13,0.2,7.68520568498289,0,0,15.53
Merriam Cab Franc Windacre V,12655,C,2,23.17,7,0.3,7.0,0,0,30.5
The Crusher Merlot,13094,C,2,8.1,11,0.2,7.68520568498289,0,0,18.0
F Coppola Rosso & Bianc Shir,13132,C,2,5.84,13,0.2,9.333333333333334,0,0,15.28
Virginie Taunt Svgn Blanc,13734,C,2,9.39,10,0.2,8.666666666666666,0,0,19.39
Tola Grillo Sicilia,13888,C,2,1.93,23,0.1,7.68520568498289,0,0,8.79
Cade Svgn Bl Napa Cuvee,13950,C,2,19.86,7,0.3,9.0,0,0,28.19
Chevalier L'Aujardiere Chard,14217,C,2,11.18,9,0.2,7.0,0,0,21.17
Ferrari Carano Tresor Rsv,14277,C,2,32.67,6,0.3,7.68520568498289,0,0,36.27
Latour 07 Echezeaux Rouge,14333,C,2,109.58,3,0.7,7.68520568498289,0,0,66.21
Cedar Knoll Vyd Cab Svgn Npa,14389,C,2,25.8,6,0.3,7.68520568498289,0,0,32.15
Nicolas Feuillatte Brut Rose,14973,C,2,28.76,6,0.3,9.0,0,0,33.92
Rex Goliath Svgn Bl,15328,C,2,7.53,12,0.2,9.5,0,0,17.37
Astrolabe Svgn Bl Marlboro,15423,C,2,8.78,11,0.2,7.68520568498289,0,0,18.75
Mollydooker Blue Eyed Boy,15507,C,2,30.4,6,0.3,6.25,0,0,34.91
Mollydooker Enchanted Path,15508,C,2,48.36,5,0.4,11.0,0,0,44.18
Mollydooker Violinist Verdel,15510,C,2,14.19,8,0.2,8.0,0,0,23.85
Tiziano Prosecco,15542,C,2,11.1,9,0.2,8.428571428571429,0,0,21.1
BV Coastal Estate Red,15747,C,2,6.16,13,0.2,7.25,0,0,15.7
Roland Lavantureux Chablis,15859,C,2,18.79,7,0.3,7.705882352941177,0,0,27.44
Joseph Phelps Insignia 08,16155,C,2,105.95,3,0.7,7.5,0,0,65.12
Dom Fond Croze Rasteau CdR V,16263,C,2,5.15,14,0.1,7.68520568498289,0,0,14.35
Ch Moncontour Vouvray Demi S,16377,C,2,11.4,9,0.2,11.0,0,0,21.37
Lafite Rsv Speciale Bl Brdx,16503,C,2,5.99,13,0.2,7.0,0,0,15.48
Pali Winsdor Oaks Pnt Nr RRV,16584,C,2,26.02,6,0.3,7.5,0,0,32.28
Quintessa Rutherford Red,16653,C,2,96.02,3,0.7,8.916666666666666,0,0,62.14
Cocchi Americano,16756,C,2,13.33,9,0.2,7.777777777777778,0,0,23.11
Casa Solar Tempranillo,16787,C,2,5.47,14,0.1,7.68520568498289,0,0,14.8
Blufeld Sweet Rsl,16850,C,2,4.07,16,0.1,7.68520568498289,0,0,12.76
Nicolas Catena Zapata Mendza,16896,C,2,71.42,4,0.5,6.363636363636363,0,0,53.57
Ornellaia Bolgheri 09,16959,C,2,93.41,3,0.7,7.68520568498289,0,0,61.36
Riunite Sweet Red,17171,C,2,3.35,17,0.1,7.68520568498289,0,0,11.58
Ch Fugue de Nenin 09,17282,C,2,19.59,7,0.3,7.5,0,0,28.0
Porta Vita Bianco,17989,C,2,8.05,11,0.2,8.0,0,0,17.95
Bella Bolla Pink Moscato,18012,C,2,4.83,14,0.1,7.666666666666667,0,0,13.9
Ch La Dom St Emil Gr Cru 09,18093,C,2,44.66,5,0.4,11.0,0,0,42.33
Shafer Hillside Cab Svgn,18098,C,2,157.89,3,0.7,8.2,0,0,80.7
Franciscan Est Cuvee Chard,18110,C,2,25.97,6,0.3,7.166666666666667,0,0,32.25
Valandraud 09 St Emilion Cru,18199,C,2,41.37,5,0.4,9.0,0,0,40.68
El Enemigo Malbec Mendoza,18540,C,2,13.57,9,0.2,8.5,0,0,23.32
My Big Fat Greek Retsina,18557,C,2,5.91,13,0.2,7.68520568498289,0,0,15.38
Northstar Cab Svgn,18564,C,2,18.61,7,0.3,8.88888888888889,0,0,27.31
Sterling Rsv Platinum Red,18569,C,2,22.87,7,0.3,5.0,0,0,30.29
Eric Kent Chardonnay RRV,18587,C,2,23.83,6,0.3,7.333333333333333,0,0,30.96
Donnafugata Mille una Notte,18624,C,2,50.34,4,0.5,7.0,0,0,45.14
Alexana Pnt Nr Willamette,18651,C,2,12.9,9,0.2,8.0,0,0,22.72
C Y Toro Frontera Pnt Nr,18810,C,2,4.33,15,0.1,7.68520568498289,0,0,13.16
Tariquet Sauvignon,18866,C,2,8.44,11,0.2,7.4,0,0,18.37
Havens Meritage 2011,18955,C,2,10.88,10,0.2,7.68520568498289,0,0,20.88
Save Me San Francisco Merlot,19019,C,2,7.53,12,0.2,7.0,0,0,17.37
Corte Giara Amarone 09,19049,C,2,33.33,5,0.4,7.68520568498289,0,0,36.66
Ch Olivier 10 Blanc Pessac-L,19062,C,2,33.99,5,0.4,7.666666666666667,0,0,37.0
Ornellaia Bolgheri 10,19077,C,2,131.57,3,0.7,8.5,0,0,72.8
Eppa White Sangria Organic,19219,C,2,8.66,11,0.2,8.047619047619047,0,0,18.62
Ch Leoville-Barton Gr Cru 09,19318,C,2,108.55,3,0.7,8.0,0,0,65.9
Luigi Bosca Malbec SV DOC,19368,C,2,14.96,8,0.2,10.5,0,0,24.47
Ch Hyot Castillon Brdx,19391,C,2,23.97,6,0.3,8.0,0,0,31.05
Latour 11 Merslt-Blgny P Cru,19417,C,2,33.11,5,0.4,10.0,0,0,36.56
Latour 11 Beaune Vignes Fran,19427,C,2,32.67,6,0.3,7.68520568498289,0,0,36.27
Ch Lafaurie-Peyragey Saut 10,19588,C,2,53.99,4,0.5,7.333333333333333,0,0,46.6
Ch Doisy Daene Sauternes 10,19595,C,2,50.33,4,0.5,7.0,0,0,45.13
Ch Lacoste-Borie Pauillac 10,19604,C,2,28.66,6,0.3,6.0,0,0,33.86
Ch Petit Bocq Cru Borgeos 10,19612,C,2,21.19,7,0.3,5.0,0,0,29.12
Ch Bernadotte 10 Haut Medoc,19630,C,2,23.48,7,0.3,8.6,0,0,30.72
Ch de Pez 10 St Estephe Brdx,19632,C,2,27.92,6,0.3,10.0,0,0,33.42
Ch Haut Beausejour 10 Brdx,19633,C,2,24.51,6,0.3,7.68520568498289,0,0,31.37
Red Sox Club Series Cab Svgn,19660,C,2,13.24,9,0.2,5.739130434782608,0,0,23.03
Fish Eye Moscato,19693,C,2,8.44,11,0.2,6.6,0,0,18.37
Rose'N'Blum Red Moscato,19760,C,2,7.38,12,0.2,5.75,0,0,17.19
Ch Lassegue 07 St Emilion AC,19809,C,2,31.33,6,0.3,7.2,0,0,35.46
Ch Lalande Boire 10 Brdx,19824,C,2,27.27,6,0.3,7.0,0,0,33.03
The Rule Cab Svgn Napa Vly,19845,C,2,13.24,9,0.2,5.777777777777778,0,0,23.03
Clarendelle Brdx Blanc,19866,C,2,11.48,9,0.2,10.5,0,0,21.44
Warre's Vintage Port 2000,19951,C,2,42.85,5,0.4,7.666666666666667,0,0,41.42
Ramey Chard Hyde Vyd,20041,C,2,41.99,5,0.4,7.68520568498289,0,0,41.0
Dos Minas Torrontes,20092,C,2,7.53,12,0.2,6.0,0,0,17.37
Wolfgang Puck Chard,20114,C,2,9.26,10,0.2,8.0,0,0,19.26
Steele 10 Sangiacmo Vy Pnt N,20186,C,2,12.33,9,0.2,7.68520568498289,0,0,22.21
Steele 10 Parmalee-Hill Pnt,20188,C,2,14.47,8,0.2,7.68520568498289,0,0,24.08
Louis Jadot Les Drazeys 11,20275,C,2,24.99,6,0.3,7.68520568498289,0,0,31.66
Maison N Perrin Crozes-Hermi,20360,C,2,16.66,8,0.2,7.68520568498289,0,0,25.83
Pepperjack Barossa Red,20413,C,2,15.99,8,0.2,8.0,0,0,25.29
Fattoria Poggio Red 10,20428,C,2,35.52,5,0.4,10.0,0,0,37.76
Natale Verga Prosecco,20653,C,2,7.04,12,0.2,9.0,0,0,16.78
Pali Pnt Nr Cargasacchi Vyd,20661,C,2,35.94,5,0.4,7.0,0,0,37.97
Villa Jolanda Xmas Spumante,20662,C,2,6.89,12,0.2,8.625,0,0,16.6
A Bichot Champs Martin,20680,C,2,26.97,6,0.3,7.68520568498289,0,0,32.85
A Bichot Ch Gris Nuits St Ge,20685,C,2,40.68,5,0.4,7.0,0,0,40.34
Sanford La Riconda Pnt Nr,20702,C,2,24.67,6,0.3,8.0,0,0,31.47
Areo Pnt Nr,20825,C,2,8.21,11,0.2,7.68520568498289,0,0,18.12
Moutard Champagne,20854,C,2,39.45,5,0.4,7.68520568498289,0,0,39.72
Bouza Temp Tannat,20952,C,2,16.44,8,0.2,9.333333333333334,0,0,25.65
Les Hauts de Lagarde Blanc,20991,C,2,8.96,11,0.2,9.0,0,0,18.95
Ch Lassegue 05 GC St Emilion,21006,C,2,62.08,4,0.5,7.666666666666667,0,0,49.83
WindRacer Anderson Vly Chard,21016,C,2,23.97,6,0.3,9.8,0,0,31.05
Eden Ice Windfall Orchard,21046,C,2,9.73,10,0.2,9.5,0,0,19.73
Gundlach Bundschu 07 Vintage,21087,C,2,38.25,5,0.4,7.68520568498289,0,0,39.12
Charles Brotte Gr Vallon Rse,21107,C,2,7.53,12,0.2,7.68520568498289,0,0,17.37
Light Horse Pnt Nr,21110,C,2,10.2,10,0.2,7.68520568498289,0,0,20.2
Quinta do Crasto Douro S per,21155,C,2,15.12,8,0.2,8.714285714285714,0,0,24.6
Silver Oak 05 Library Rls CS,21276,C,2,86.66,3,0.7,7.68520568498289,0,0,59.33
Rodney Strong Bros Ridge Cab,21280,C,2,47.09,5,0.4,8.0,0,0,43.54
De La Costa Sangria,21298,C,2,4.6,15,0.1,7.68520568498289,0,0,13.57
C Y Toro Don Melchr Cab Svgn,21352,C,2,52.62,4,0.5,7.88,0,0,46.05
Ch Pape Clement Pess leognan,21431,C,2,60.12,4,0.5,7.5,0,0,49.05
Ch Leoville Barton St Julien,21447,C,2,59.99,4,0.5,3.0,0,0,49.0
Les Fiefs de Lagrange St Jul,21460,C,2,20.64,7,0.3,7.68520568498289,0,0,28.73
La Chapelle de la Mission Ha,21468,C,2,54.48,4,0.5,7.0,0,0,46.79
Ch Malartic-Lagraviere Rouge,21473,C,2,38.81,5,0.4,11.0,0,0,39.4
Ch St Jean Cinq Cep Cab Svgn,21475,C,2,55.17,4,0.5,9.0,0,0,47.07
Chateau Giscours Margaux,21481,C,2,34.01,5,0.4,7.0,0,0,37.0
Cambrige Meritage Napa Vly,21503,C,2,13.42,9,0.2,10.0,0,0,23.19
Folk Machine Parts & Labor R,21564,C,2,10.4,10,0.2,6.5,0,0,20.4
Billette Bousquet Prov Rose,21614,C,2,8.16,11,0.2,8.375,0,0,18.07
Ch Riotor Rose Cotes de Prov,21761,C,2,11.03,10,0.2,9.0,0,0,21.03
Buoncristiani Family Red OPC,21830,C,2,32.25,6,0.3,4.0,0,0,36.02
Buoncristiani Family Chard,21831,C,2,23.22,7,0.3,7.5,0,0,30.54
Frey Vyds Organic Blanc,21833,C,2,8.78,11,0.2,8.0,0,0,18.75
LiDestri Red Sangria,22010,C,2,5.99,13,0.2,7.51,0,0,15.48
Hob Nob Wicked Red Ltd Ed,22032,C,2,6.53,12,0.2,7.0,0,0,16.17
Maggy Hawk Jolie Pnt Nr,22049,C,2,37.66,5,0.4,7.68520568498289,0,0,38.83
The Girls in the Vineyard Wh,22055,C,2,11.61,9,0.2,7.875,0,0,21.56
Le Macchiole Paleo Rosso,22058,C,2,64.86,4,0.5,7.68520568498289,0,0,50.94
Latour L'Ardeche Chard,22092,C,2,8.1,11,0.2,9.75,0,0,18.0
Lucienne Doctor's Vyd Pnt Nr,22173,C,2,29.65,6,0.3,7.666666666666667,0,0,34.46
Gifft Chardonnay,22225,C,2,8.05,11,0.2,12.0,0,0,17.95
Seifried Nelson Svgn Blanc,22358,C,2,11.03,10,0.2,7.0,0,0,21.03
Allegrini Dedicato A Walter,22396,C,2,58.06,4,0.5,7.0,0,0,48.22
Chrstian Moreau 13 Valmur,22429,C,2,46.66,5,0.4,7.68520568498289,0,0,43.33
Mionetto IL Moscato,22477,C,2,8.49,11,0.2,9.333333333333334,0,0,18.43
Jadot Cote de Beaune Vill 12,22548,C,2,19.86,7,0.3,7.68520568498289,0,0,28.19
Jadot Santenay Malte Roug 12,22552,C,2,23.64,7,0.3,7.68520568498289,0,0,30.83
Jadot Savigny Beaune Blan 12,22555,C,2,20.68,7,0.3,7.68520568498289,0,0,28.76
Erath Prince Hill Pnt Nr,22597,C,2,24.99,6,0.3,8.0,0,0,31.66
Jos Phelps Insignia 11,22600,C,2,236.84,2,1.0,10.0,0,0,97.37
Ryan Patrick Rsv Cab,22630,C,2,20.54,7,0.3,9.363636363636363,0,0,28.66
Chartron Trebuchet Puligny,22643,C,2,42.85,5,0.4,6.25,0,0,41.42
Esser Vyds Chard,22653,C,2,8.96,11,0.2,5.666666666666667,0,0,18.95
Iron Horse Est Chard,22657,C,2,19.59,7,0.3,6.666666666666667,0,0,28.0
Orestiadi Ludovico,22778,C,2,19.04,7,0.3,7.777777777777778,0,0,27.61
Tenuta La Fuga 09 Brun Montl,22787,C,2,33.33,5,0.4,7.68520568498289,0,0,36.66
Haut-Bailly Pessc Leognan 06,22941,C,2,225.15,2,1.0,8.0,0,0,95.03
Cavit Select Red Blend,22958,C,2,4.57,15,0.1,7.5,0,0,13.52
Bluegray Priorat DOQ,22970,C,2,11.68,9,0.2,8.6,0,0,21.62
Spring Valley Katherine Cab,23041,C,2,22.57,7,0.3,7.571428571428571,0,0,30.08
Phantom Bay Svgn Bl,23044,C,2,5.88,13,0.2,7.0,0,0,15.34
Dom Sigalas 11 Nychteri Assy,23048,C,2,16.89,8,0.2,7.68520568498289,0,0,26.01
Il Poggione Rosso Franceschi,23099,C,2,32.23,6,0.3,7.68520568498289,0,0,36.0
Panther Creek Pnt Gr William,23106,C,2,10.73,10,0.2,7.68520568498289,0,0,20.73
Castle Rock Sonoma Cty Pnt N,23135,C,2,5.45,14,0.1,7.68520568498289,0,0,14.77
Martinelli Bondi Home Pnt Nr,23192,C,2,41.72,5,0.4,9.4,0,0,40.86
Drouhin Arthur Chard,23233,C,2,21.85,7,0.3,7.68520568498289,0,0,29.58
Ch Cantenac Brown Margx 11,23291,C,2,40.81,5,0.4,10.0,0,0,40.4
La Jota Howell Mtn Merlot,23425,C,2,43.91,5,0.4,7.833333333333333,0,0,41.96
Dom Vocoret & Fils Chabls 13,23472,C,2,11.48,9,0.2,7.0,0,0,21.44
Auvigue Saint-Veran 13,23473,C,2,10.66,10,0.2,7.0,0,0,20.66
Luna di Luna Prosecco,23477,C,2,11.03,10,0.2,8.0,0,0,21.03
Les Dauphins Rose,23552,C,2,7.53,12,0.2,7.68520568498289,0,0,17.37
Beringer Red Crush,23645,C,2,3.24,18,0.1,7.68520568498289,0,0,11.39
Pavillon du Ch Margaux 12 Ma,23783,C,2,114.28,3,0.7,5.25,0,0,67.62
Love Lane Svgn Bl,23878,C,2,8.49,11,0.2,8.575757575757576,0,0,18.43
Salmon Run Rose,23900,C,2,7.89,11,0.2,7.913043478260869,0,0,17.77
Broadside Cab Svgn Paso Rob,23920,C,2,5.86,13,0.2,7.0,0,0,15.31
Alta Vista Rose,23955,C,2,7.43,12,0.2,7.68520568498289,0,0,17.25
La Font de Notre Dame Rastea,23964,C,2,13.99,8,0.2,7.0,0,0,23.69
Triennes Rose 2012,23984,C,2,9.86,10,0.2,7.282608695652174,0,0,19.86
Pascal Jolivet Sancerre Rose,23997,C,2,13.24,9,0.2,10.25,0,0,23.03
Santa Rita Coll Prv Cab Svgn,24000,C,2,3.92,16,0.1,7.68520568498289,0,0,12.52
Ozeki Yamadanishiki Jun Sake,24053,C,2,6.75,12,0.2,8.333333333333334,0,0,16.43
Ozeki Junmai Reishu Sake,24144,C,2,49.31,5,0.4,7.357142857142857,0,0,44.66
Toucas Vinho Verde DOC,24147,C,2,5.91,13,0.2,5.714285714285714,0,0,15.38
Ch Alie d'Argent Mout-Rth 12,24178,C,2,74.82,4,0.5,7.5,0,0,54.93
Elk Cove Est Rsl,24256,C,2,12.07,9,0.2,7.68520568498289,0,0,21.97
Red Car Ritchie Vyd Chard,24260,C,2,36.54,5,0.4,8.0,0,0,38.27
Paul Buisse Svgn Bl Touraine,24276,C,2,8.05,11,0.2,9.625,0,0,17.95
Meridian Cab Svgn Cal,24336,C,2,7.58,11,0.2,6.333333333333333,0,0,17.43
Dom Henri Boillot Mersault,24341,C,2,46.35,5,0.4,7.0,0,0,43.18
Mommessin Gr Mise CdBrouilly,24364,C,2,14.93,8,0.2,7.68520568498289,0,0,24.44
Dom Faiv Nuits-St Geo Poret,24384,C,2,52.28,4,0.5,7.68520568498289,0,0,45.91
Steph Avrn Chn Vielles Vig,24388,C,2,13.6,9,0.2,10.0,0,0,23.35
Adaption by Odette Chard,24424,C,2,21.05,7,0.3,6.5,0,0,29.02
Andre Jacquart Brut Experien,24473,C,2,33.11,5,0.4,7.68520568498289,0,0,36.56
Coffinet-Duvernay Chass-Mon,24477,C,2,41.99,5,0.4,7.68520568498289,0,0,41.0
Claude Riffault Chass Sancer,24555,C,2,18.24,7,0.3,11.0,0,0,27.05
Dominios Ribera del Duero Cr,24591,C,2,9.67,10,0.2,6.809523809523809,0,0,19.67
Cormons Schioppettino,24694,C,2,8.96,11,0.2,7.666666666666667,0,0,18.95
Tenuta di Biserno Il Pino,24723,C,2,41.37,5,0.4,8.0,0,0,40.68
Mystos Longboard Vyd 13 Pnt,24860,C,2,35.48,5,0.4,9.0,0,0,37.74
Armand de Brignac Brut Rose,24888,C,2,278.14,2,1.0,8.714285714285714,0,0,105.63
Couvent des Thorins Moulin,24994,C,2,17.44,8,0.2,10.0,0,0,26.45
Schramsberg Blanc de Blancs,25000,C,2,46.05,5,0.4,7.68520568498289,0,0,43.02
St Supery Elu Meritage Red,25007,C,2,36.18,5,0.4,7.882352941176471,0,0,38.09
Jadot Echezeaux 13,25055,C,2,116.88,3,0.7,10.0,0,0,68.4
Jadot Pommard 13 Clos Commar,25067,C,2,39.73,5,0.4,7.68520568498289,0,0,39.86
Jadot Monthelie 13 Sous Roch,25076,C,2,23.48,7,0.3,10.0,0,0,30.72
Jadot Marsannay 13,25085,C,2,19.99,7,0.3,7.666666666666667,0,0,28.28
Jadot Pernand Vergelesses 13,25086,C,2,24.82,6,0.3,10.666666666666666,0,0,31.56
Riglos Gran Corte Mendoza,25107,C,2,28.76,6,0.3,7.68520568498289,0,0,33.92
Champagne Malard Grand Cru B,25156,C,2,32.89,6,0.3,8.0,0,0,36.4
Grahams 1983 Vintage Port,25180,C,2,65.78,4,0.5,7.68520568498289,0,0,51.31
Siduri Pnt Nr Williamette Vy,25210,C,2,14.28,8,0.2,7.899280575539568,0,0,23.92
Pol Roger 02 Sir W Churchill,25423,C,2,151.36,3,0.7,8.833333333333334,0,0,78.74
Seven Hills Cab Svgn Columbi,25458,C,2,15.03,8,0.2,8.428571428571429,0,0,24.52
Elvio Cogno Dolcetto D'Alba,25513,C,2,13.79,9,0.2,8.555555555555555,0,0,23.52
Elvio Cogno Barolo Vignaelen,25564,C,2,67.11,4,0.5,8.0,0,0,51.84
Livingston Wh Znfdl Cal,28317,C,2,4.69,15,0.1,6.333333333333333,0,0,13.7
Livingston Merlot Cal,29558,C,2,5.22,14,0.1,8.142857142857142,0,0,14.45
Clos du Bois RSV Merlot Alex,32296,C,2,10.38,10,0.2,8.0,0,0,20.38
Jura Bl de Bl Brut D'Argent,33147,C,2,10.27,10,0.2,8.5,0,0,20.27
Canaletto Pnt Grigio Venezie,33707,C,2,5.22,14,0.1,9.0,0,0,14.45
Turnbull Old Bull Napa Vly,34352,C,2,16.44,8,0.2,7.68520568498289,0,0,25.65
Redwood Creek Cab Svgn Cal,35663,C,2,4.31,15,0.1,8.0,0,0,13.13
Jaboulet Cotes du Rhone Par,35977,C,2,7.79,11,0.2,10.0,0,0,17.66
Ch Sociando Mallet 10,36067,C,2,29.45,6,0.3,7.68520568498289,0,0,34.34
Ch Lagrange 10,36069,C,2,51.0,4,0.5,7.0,0,0,45.4
Dom Chandon 00 Carnrs Pnt Nr,36307,C,2,15.64,8,0.2,6.0,0,0,25.01
Nova Norma Jeanne 08 Merlot,36367,C,2,9.93,10,0.2,7.68520568498289,0,0,19.93
Antinori Brnllo Mntlcno Pain,37100,C,2,36.54,5,0.4,7.0,0,0,38.27
Provenance Cab Svgn Rutherfd,37419,C,2,24.65,6,0.3,7.176470588235294,0,0,31.46
Trapiche Broquel Cab Svgn Mz,37902,C,2,9.93,10,0.2,7.68520568498289,0,0,19.93
Jacobs Crk Cab/Merlot,39512,C,2,4.69,15,0.1,8.25,0,0,13.7
Krupp Bros Veraison Red,39736,C,2,31.99,6,0.3,8.571428571428571,0,0,35.86
Dom Chandon Carneros Chard,40137,C,2,13.07,9,0.2,9.5,0,0,22.87
Dom La Suffrene Bandol Rose,40771,C,2,15.78,8,0.2,6.454545454545454,0,0,25.12
Ch Bonhoste Bordeaux Bl Sec,41309,C,2,9.45,10,0.2,7.68520568498289,0,0,19.45
Evans Nine Stones Brs Shiraz,42080,C,2,9.39,10,0.2,7.0,0,0,19.39
Tierra del Fuego Chard RSV,42864,C,2,7.23,12,0.2,7.68520568498289,0,0,17.01
Duckhorn Merlot Napa,42871,C,2,11.48,9,0.2,7.68520568498289,0,0,21.44
Anastasi Estates Messinia Rd,43013,C,2,7.94,11,0.2,11.5,0,0,17.82
Salmon Creek Pnt Grigio Cal,43317,C,2,3.44,17,0.1,9.25,0,0,11.73
Ken Forrester Petit Pinotage,43490,C,2,9.08,10,0.2,8.25,0,0,19.08
Clio Jumilla Red,43900,C,2,31.03,6,0.3,7.2592592592592595,0,0,35.28
Gamba Znfdl RRV Old Vine,44742,C,2,24.83,6,0.3,7.428571428571429,0,0,31.56
Guntrum Dry Trocken Rheinhsn,44907,C,2,9.2,10,0.2,8.666666666666666,0,0,19.2
R Mondavi RSV Cab Svgn,44992,C,2,67.56,4,0.5,4.888888888888889,0,0,52.02
Paul Hobbs Pnt Nr RRV,45129,C,2,35.71,5,0.4,11.0,0,0,37.86
Luigi Bosca RSV Pnt Nr,45602,C,2,13.07,9,0.2,9.23076923076923,0,0,22.87
Marina Cvetic Mntlcno Abruzo,45645,C,2,17.8,7,0.3,8.0,0,0,26.75
I'm Wines Rose Napa,46018,C,2,6.7,12,0.2,7.68520568498289,0,0,16.37
Mate Brunello di Montalcino,46140,C,2,34.24,5,0.4,7.68520568498289,0,0,37.12
Ermita Sn Felices Rose Rioja,46418,C,2,9.67,10,0.2,5.0,0,0,19.67
Tom Eddy Elodian Cab Svgn,46766,C,2,21.56,7,0.3,9.166666666666666,0,0,29.38
Les Fiefs Lagrange St Jul 11,90084,C,2,21.05,7,0.3,7.68520568498289,0,0,29.02
Ch Lilian 09 Ladouys St Este,90085,C,2,23.86,6,0.3,8.0,0,0,30.98
Don Julio Real Tequila,86,C,1,236.21,1,1.0,7.333333333333333,0,0,73.62
Mr Boston Butterscotch,105,C,1,3.35,12,0.1,7.68520568498289,0,0,8.19
Grey Goose L'Orange Vodka,129,C,1,24.99,4,0.2,7.0,0,0,22.5
Chivas Regal,143,C,1,29.59,4,0.2,5.0,0,0,24.34
Smirnoff Green Apple Vodka,148,C,1,10.5,7,0.1,7.68520568498289,0,0,14.49
Smirnoff Strawberry Vodka,150,C,1,10.81,7,0.1,7.68520568498289,0,0,14.71
Pirassununga Cachaca 51 Rum,151,C,1,11.5,7,0.1,8.0,0,0,15.19
Wild Turkey 101 Gift Pak,172,C,1,17.59,5,0.2,7.68520568498289,0,0,18.8
Smirnoff Pineapple,204,C,1,10.6,7,0.1,8.5,0,0,14.56
Wild Shot Reposado Mezcal,248,C,1,39.36,4,0.2,9.666666666666666,0,0,28.24
Triple Eight Vodka,317,C,1,24.23,5,0.2,10.0,0,0,22.12
Finlandia Raspberry Vodka,330,C,1,13.59,6,0.2,7.68520568498289,0,0,16.49
Bols Genever Amsterdam,336,C,1,26.39,4,0.2,7.8,0,0,23.06
The Irishman Irish Whiskey,338,C,1,18.21,5,0.2,9.75,0,0,19.1
Hancock Rsv Bourbon,407,C,1,39.36,4,0.2,8.333333333333334,0,0,28.24
Van Gogh Chocolate Liqueur,427,C,1,6.97,8,0.1,9.0,0,0,11.83
Baileys Salted Caramel,455,C,1,21.25,5,0.2,7.68520568498289,0,0,20.62
Robert Sinskey Pnt Gris,505,C,1,19.6,5,0.2,6.111111111111111,0,0,19.8
Bowman's Gin,557,C,1,4.84,10,0.1,6.5,0,0,9.84
Allen's Amaretto Liqueur,590,C,1,4.61,10,0.1,8.0,0,0,9.61
Moillard Pnt Nr Bourgogne,610,C,1,14.48,6,0.2,7.277777777777778,0,0,17.02
McCormick Cherry Vodka,650,C,1,5.07,10,0.1,6.5,0,0,10.07
Van Winkle Special Rsv 12 Yr,704,C,1,47.61,3,0.3,6.2631578947368425,0,0,30.95
Allen's Peach Schnapps,714,C,1,4.31,11,0.1,9.0,0,0,9.29
Creme Yvette Liqueur,797,C,1,18.31,5,0.2,11.0,0,0,19.16
Gilbeys Gin,808,C,1,6.66,9,0.1,7.68520568498289,0,0,11.55
Patron Burdeos Anejo Tequila,883,C,1,390.62,1,1.0,9.125,0,0,89.06
DeKuyper Sloe Gin,888,C,1,7.19,8,0.1,6.333333333333333,0,0,12.0
Tanteo Tropical Tequila,935,C,1,30.07,4,0.2,9.0,0,0,24.53
Chopin Vodka,967,C,1,24.8,4,0.2,9.0,0,0,22.42
Woodford Rsv MC Classic Malt,1032,C,1,70.86,3,0.3,9.0,0,0,37.92
Jim Beam Gift Pak,1043,C,1,12.59,6,0.2,7.68520568498289,0,0,15.89
Dry Sack Sherry Gift Pack,1056,C,1,9.18,7,0.1,7.68520568498289,0,0,13.57
Aberfeldy Single Cask,1106,C,1,155.55,2,0.5,8.533333333333333,0,0,56.11
Woodford Rsv Master Coll Pnt,1404,C,1,64.28,3,0.3,8.0,0,0,35.95
Johnnie Walker Odyssey,1598,C,1,736.43,1,1.0,8.0,0,0,123.64
Redbreast 21 Yr Old Irish,1667,C,1,153.84,2,0.5,9.11111111111111,0,0,55.77
John Taylor Velvet Falernum,2000,C,1,11.67,7,0.1,8.285714285714286,0,0,15.31
Herradura Reposado #9 Careta,2028,C,1,34.58,4,0.2,7.68520568498289,0,0,26.33
Ole Smoky Strawberry Lightin,2108,C,1,12.59,6,0.2,10.0,0,0,15.89
Canadian Ltd,2134,C,1,1.93,16,0.1,7.68520568498289,0,0,6.21
Wiggly Bridge White Whisky,2188,C,1,37.59,4,0.2,7.68520568498289,0,0,27.54
Kilbeggan Irish Whiskey,2277,C,1,17.03,5,0.2,9.538461538461538,0,0,18.52
The Tweeddale 12 Yr Old,2320,C,1,38.68,4,0.2,8.5,0,0,27.97
Blood Oath Bourbon,2349,C,1,70.3,3,0.3,9.157894736842104,0,0,37.76
Rebellion Bourbon,2358,C,1,20.45,5,0.2,7.68520568498289,0,0,20.23
Auchentoshan Classic Scotch,2396,C,1,20.15,5,0.2,7.0,0,0,20.08
Bowmore Legend Single Malt,2505,C,1,16.78,5,0.2,8.0,0,0,18.39
Tatoosh Whiskey,2572,C,1,36.42,4,0.2,6.0,0,0,27.07
Hayman's Old Tom Gin,2616,C,1,14.95,6,0.2,8.0,0,0,17.3
Hell-Cat Maggie Irish Whisky,2729,C,1,19.99,5,0.2,6.751633986928105,0,0,19.99
The Steward's Solera Bourbon,2762,C,1,40.73,4,0.2,9.666666666666666,0,0,28.79
Revel Stoke Roasted Pecan,2773,C,1,0.72,26,0.0,7.68520568498289,0,0,3.8
Hirsch Kentucky Corn Whisky,2820,C,1,13.56,6,0.2,7.68520568498289,0,0,16.47
Tullibardine 25 YO Highland,2873,C,1,222.21,2,0.5,7.68520568498289,0,0,69.44
Bushmills 16 Yr Old Irish W,2877,C,1,49.25,3,0.3,7.25,0,0,31.44
Alibi Whiskey,2918,C,1,13.86,6,0.2,7.333333333333333,0,0,16.65
The Macallan 18 Yr Old,2943,C,1,91.6,2,0.5,7.666666666666667,0,0,43.32
Laphroaig 32 Yr Old Scotch,2969,C,1,875.91,1,1.0,6.0,0,0,137.59
Sazerac 6 Yr Straight Rye,2974,C,1,21.73,5,0.2,9.285714285714286,0,0,20.86
Pinnacle Red Liquorice,3002,C,1,7.8,8,0.1,7.68520568498289,0,0,12.49
Smirnoff Whipped Cream,3030,C,1,13.07,6,0.2,7.68520568498289,0,0,16.18
Pucker Sour Apple Sass Vodka,3055,C,1,7.47,8,0.1,7.68520568498289,0,0,12.23
Absolut Orient Apple Vodka,3196,C,1,14.81,6,0.2,12.0,0,0,17.22
Skyy Infusions Georgia Peach,3277,C,1,8.82,8,0.1,7.68520568498289,0,0,13.31
Smirnoff Light Lemon Sorbet,3303,C,1,0.74,26,0.0,7.68520568498289,0,0,3.85
Van Gogh Pomegranate Vodka,3449,C,1,22.21,5,0.2,8.6,0,0,21.1
Smirnoff Sours Green Apple,3453,C,1,7.3,8,0.1,7.68520568498289,0,0,12.09
Caribaya Lemonade Punch,3473,C,1,8.2,8,0.1,7.68520568498289,0,0,12.81
Spud Potato Vodka,3622,C,1,14.45,6,0.2,7.5,0,0,17.0
Margaritaville Island Lime,3750,C,1,11.59,7,0.1,6.2,0,0,15.26
Margaritaville Tangerine Teq,3753,C,1,11.15,7,0.1,8.0,0,0,14.95
Skyy Infusions Moscato Grape,3853,C,1,8.82,8,0.1,7.68520568498289,0,0,13.31
Wyborowa Vodka,3955,C,1,13.59,6,0.2,9.333333333333334,0,0,16.49
Ron Fortuna 8 Yr Old Rum,4015,C,1,12.87,6,0.2,7.68520568498289,0,0,16.06
Gran Patron Piedra,4041,C,1,285.71,1,1.0,8.666666666666666,0,0,78.57
Hennessey 250 Collectors Edi,4164,C,1,454.54,1,1.0,7.68520568498289,0,0,95.45
Capt Morgan Original Barrel,4260,C,1,16.66,5,0.2,7.6890581717451525,0,0,18.33
Mount Gay Eclipse Silver Rum,4308,C,1,19.11,5,0.2,4.0,0,0,19.56
Cruzan Strawberry Rum,4460,C,1,8.45,8,0.1,7.0,0,0,13.01
Coronet VSQ,4576,C,1,10.23,7,0.1,8.0,0,0,14.3
DeKuyper Coffee Brandy,4892,C,1,7.46,8,0.1,8.25,0,0,12.22
DeKuyper Red Headed Burst,5114,C,1,7.83,8,0.1,7.68520568498289,0,0,12.51
DeKuyper Kamikaze RTD,5116,C,1,8.26,8,0.1,7.68520568498289,0,0,12.86
Banfi Grappa Castello,5167,C,1,23.01,5,0.2,7.181818181818182,0,0,21.51
Meletti Limone,5178,C,1,14.49,6,0.2,7.68520568498289,0,0,17.03
DiSaronno Rsva Ltd Edition,5370,C,1,255.47,1,1.0,8.9375,0,0,75.55
Parrot Bay Pineapple Orange,5521,C,1,10.84,7,0.1,7.68520568498289,0,0,14.73
VeeV Acai Spirit,5635,C,1,16.53,5,0.2,9.666666666666666,0,0,18.26
Avion Espresso,6063,C,1,20.3,5,0.2,4.0,0,0,20.15
Midnight Moon Strawberry,6204,C,1,9.92,7,0.1,7.68520568498289,0,0,14.09
Beringer Svgn Bl Napa Vly,6290,C,1,5.4,10,0.1,7.68520568498289,0,0,10.4
Carlo Rossi Blush Calif,6389,C,1,4.72,10,0.1,7.3,0,0,9.72
Fetzer Valley Oaks Cab Svgn,6457,C,1,7.09,8,0.1,8.333333333333334,0,0,11.92
LeCompte Calvados 18 Yr Old,6545,C,1,94.88,2,0.5,8.333333333333334,0,0,43.98
Franzia Clsc Burgundy,6652,C,1,5.15,10,0.1,7.68520568498289,0,0,10.15
Peter Vella Burgundy B/B,6968,C,1,9.73,7,0.1,8.516129032258064,0,0,13.95
New Amsterdam Orange,7433,C,1,8.63,8,0.1,8.2,0,0,13.15
Luxardo Sambuca Dei Cesari,7974,C,1,19.37,5,0.2,12.0,0,0,19.69
Salers Apertif Gentiane,8060,C,1,14.28,6,0.2,6.0,0,0,16.9
Paul Masson Chablis Carafe,8268,C,1,3.03,13,0.1,7.492307692307692,0,0,7.79
Lulu B Cran Cosmo,8411,C,1,7.96,8,0.1,7.68520568498289,0,0,12.62
Kru Peach Mango Vodka,8872,C,1,0.78,25,0.0,7.68520568498289,0,0,3.95
Loukatos Tsipouro Brandy,9105,C,1,14.81,6,0.2,10.0,0,0,17.22
Caffo Anisette di Calabria,9144,C,1,13.33,6,0.2,7.68520568498289,0,0,16.33
Spring Vly Frederick Rd,10398,C,1,22.87,5,0.2,5.083333333333333,0,0,21.44
Spring Vly Uriah Walla Walla,10399,C,1,21.33,5,0.2,10.0,0,0,20.66
Marques de Murrieta RSV Rioj,10642,C,1,19.86,5,0.2,8.0,0,0,19.93
Sea Smoke Ten Snt Brb Pnt Nr,10864,C,1,59.3,3,0.3,9.6,0,0,34.46
Gruet Blanc de Noir,11088,C,1,6.84,9,0.1,4.666666666666667,0,0,11.71
Jaboulet Crozes Herm 10 Thal,11259,C,1,31.16,4,0.2,7.2,0,0,24.96
Rosenblum Vntnrs Cv Cab Svgn,11319,C,1,7.18,8,0.1,6.5,0,0,11.99
Emerald Bay Merlot Cntrl Cst,11427,C,1,3.54,12,0.1,7.68520568498289,0,0,8.41
Columbia Crest Two Vines Rsl,11868,C,1,4.63,10,0.1,7.75,0,0,9.63
Ch de Beaucastel Pape Blanc,11918,C,1,85.61,2,0.5,9.0,0,0,42.12
Montevina Cab Svgn,12073,C,1,7.53,8,0.1,7.0,0,0,12.27
Monastero Lunanuova Chianti,12084,C,1,23.52,5,0.2,7.68520568498289,0,0,21.76
Rex Goliath Chard Free Range,12259,C,1,7.18,8,0.1,8.0,0,0,11.99
La Atalaya Almansa Red,12340,C,1,9.2,7,0.1,8.333333333333334,0,0,13.58
Kim Crawford Svgn Bl Marlbro,12443,C,1,6.7,9,0.1,7.9743589743589745,0,0,11.59
F Coppola Sophia Rsl,12585,C,1,9.99,7,0.1,8.0,0,0,14.14
P Michael Les Pavots Est Brd,13061,C,1,126.17,2,0.5,8.0,0,0,50.23
Pertinace Barbera D'Alba,13379,C,1,10.13,7,0.1,10.0,0,0,14.23
Debauchery Chard,13394,C,1,3.99,11,0.1,8.666666666666666,0,0,8.93
Cantele Chard Salento,13478,C,1,7.99,8,0.1,8.666666666666666,0,0,12.64
Merry Edwards Flax Vyd Pnt N,13557,C,1,46.05,3,0.3,10.9,0,0,30.48
Stump Jump Shiraz,13561,C,1,7.74,8,0.1,11.0,0,0,12.44
Tisdale Vyds Pnt Nr,13716,C,1,2.61,14,0.1,8.222222222222221,0,0,7.23
Vistamar Sepia Pnt Nr,13890,C,1,5.64,9,0.1,7.68520568498289,0,0,10.63
Vieux Clocher Cote du Rhone,13960,C,1,7.28,8,0.1,8.0,0,0,12.07
Yellow Tail Tree Free Chard,14133,C,1,5.51,10,0.1,8.0,0,0,10.51
Palazzo Montanari Valpo Clsc,14137,C,1,7.94,8,0.1,7.68520568498289,0,0,12.6
Neirano Prosecco Sparkling,14369,C,1,8.78,8,0.1,12.0,0,0,13.27
Fusional Svgn Bl,14407,C,1,13.33,6,0.2,7.68520568498289,0,0,16.33
Sandrone Dolcetto D'Alba,14573,C,1,13.79,6,0.2,7.68520568498289,0,0,16.61
Culpeo Malbec,14675,C,1,6.99,8,0.1,4.0,0,0,11.84
Shafer Hillside Cab Svgn 06,14681,C,1,259.99,1,1.0,6.0,0,0,76.0
Dom Janasse Cote Rhone Rouge,14718,C,1,12.41,6,0.2,7.68520568498289,0,0,15.78
My Big Fat Greek Red Wine,14826,C,1,7.74,8,0.1,10.0,0,0,12.44
Vinum Cellars Chard,14836,C,1,6.81,9,0.1,7.0,0,0,11.68
Teira Merlot,14996,C,1,10.06,7,0.1,7.68520568498289,0,0,14.18
Librandi Ciro Blanco DOC,15014,C,1,4.19,11,0.1,7.68520568498289,0,0,9.15
Sokol Blosser Pnt Nr,15065,C,1,18.24,5,0.2,8.2,0,0,19.12
Craggy Range Aroha Pnt Nr 06,15126,C,1,24.83,4,0.2,7.68520568498289,0,0,22.43
Podere Poggio Scalette 07,15239,C,1,36.23,4,0.2,7.68520568498289,0,0,26.99
Flip Flop Rsl,15297,C,1,3.97,11,0.1,7.0,0,0,8.91
Vinum Cellars Scrapper Cab F,15322,C,1,19.17,5,0.2,7.636363636363637,0,0,19.58
Clockspring Znfdl,15386,C,1,7.38,8,0.1,7.68520568498289,0,0,12.15
Dom Serene Rose,15404,C,1,16.21,6,0.2,9.294117647058824,0,0,18.06
Best Foot Forward Chard,15414,C,1,6.2,9,0.1,8.0,0,0,11.14
Vietti Barolo Castiglione,15476,C,1,33.11,4,0.2,11.461538461538462,0,0,25.74
M Chiarlo Barolo Cerequio,15545,C,1,51.94,3,0.3,6.0,0,0,32.25
La Mondotte 08 St Emilion,15605,C,1,161.64,2,0.5,6.0,0,0,57.33
Cheval Blanc St Emilion 08,15688,C,1,299.99,1,1.0,6.0,0,0,80.0
Le Preare Valpo Clsc Ripasso,15785,C,1,11.33,7,0.1,7.68520568498289,0,0,15.07
Ninety+Cellars Lot 33 Rose,15835,C,1,6.16,9,0.1,5.0,0,0,11.1
Kosta Browne Pnt Nr Sonoma C,15899,C,1,61.58,3,0.3,7.947368421052632,0,0,35.14
Kunde Cab Svgn Sonoma Cnty,15949,C,1,8.55,8,0.1,8.2,0,0,13.09
Inman Family OGV Est Pnt Nr,16208,C,1,30.51,4,0.2,7.68520568498289,0,0,24.7
Cherry On Top Sweet White,16330,C,1,7.14,8,0.1,4.0,0,0,11.96
La Demoiselle de By Medoc,16365,C,1,10.2,7,0.1,7.68520568498289,0,0,14.28
R. Merlo Pnt Nr,16389,C,1,12.58,6,0.2,8.333333333333334,0,0,15.88
Shane The Unknown Syrah No C,16398,C,1,25.8,4,0.2,7.5,0,0,22.82
Shane Judge Vyd Syrah Bennet,16399,C,1,29.24,4,0.2,6.5,0,0,24.2
Vinyes Domenech Furvus,16527,C,1,22.29,5,0.2,8.5,0,0,21.14
Pazo de Galegos Albarino,16531,C,1,14.09,6,0.2,4.0,0,0,16.79
Sasa Barolo,16580,C,1,34.01,4,0.2,7.68520568498289,0,0,26.1
McManis Barbera Jamie Lynn,16612,C,1,7.33,8,0.1,11.0,0,0,12.11
Louis Cheze Cote Rotie Demo,16689,C,1,37.66,4,0.2,7.68520568498289,0,0,27.56
Pennywise Cab Svgn,16752,C,1,7.99,8,0.1,8.0,0,0,12.64
Martinotti Metodo Brut,16935,C,1,3.1,13,0.1,7.68520568498289,0,0,7.88
CastelGiocondo 10 Brun Montl,16961,C,1,38.7,4,0.2,6.818181818181818,0,0,27.98
Ch Rauzan Segla Margaux 09,16998,C,1,106.66,2,0.5,8.0,0,0,46.33
Zeitgeist Cab Svgn Napa Vly,17170,C,1,35.48,4,0.2,8.25,0,0,26.69
Riunite Sweet White,17172,C,1,4.1,11,0.1,9.0,0,0,9.06
Sensi Tuscano Rosso,17274,C,1,4.9,10,0.1,7.68520568498289,0,0,9.9
Sean Minor 4B Paso Cab Svgn,17329,C,1,8.55,8,0.1,7.7444444444444445,0,0,13.09
Gattinara Red,17369,C,1,13.54,6,0.2,9.0,0,0,16.46
Ch Coutet Barsac 09 Brdx,17399,C,1,53.37,3,0.3,7.68520568498289,0,0,32.68
Benefactor Cellars Cab Svgn,17576,C,1,3.79,11,0.1,7.68520568498289,0,0,8.71
Ch Ducru-Beaucalliou 09 Gr C,17598,C,1,171.23,2,0.5,7.68520568498289,0,0,59.25
Olivier Leflaive Bourg Al 12,17741,C,1,12.74,6,0.2,12.0,0,0,15.98
Penner-Ash Viognier,17747,C,1,17.99,5,0.2,6.0,0,0,18.99
Astrolabe Pnt Nr Marlborough,17753,C,1,17.92,5,0.2,7.68520568498289,0,0,18.96
Chenade les Rials VDP Tarn,17842,C,1,5.84,9,0.1,7.68520568498289,0,0,10.81
Charles Joguet Chinon Rose,17856,C,1,9.08,7,0.1,8.0,0,0,13.5
Rex Goliath Pink Moscato,17908,C,1,3.99,11,0.1,9.25,0,0,8.93
Cavit Moscato,18089,C,1,8.61,8,0.1,9.625,0,0,13.14
Joseph Phelps Insignia 09,18192,C,1,213.33,2,0.5,7.68520568498289,0,0,67.67
Vina Cobos Cab Svgn Bramare,18210,C,1,26.34,4,0.2,7.68520568498289,0,0,23.04
Caprai Montefalco Rosso 09,18268,C,1,13.15,6,0.2,8.666666666666666,0,0,16.22
Masi Campolongo di Torbe Ama,18271,C,1,82.46,2,0.5,8.0,0,0,41.49
Ravines Gewurztraminer,18394,C,1,10.96,7,0.1,12.0,0,0,14.81
Sonoma Coast Vyds Pnt Nr,18418,C,1,15.64,6,0.2,7.68520568498289,0,0,17.72
Poggio Antico Brunllo,18425,C,1,31.5,4,0.2,7.68520568498289,0,0,25.1
Poggio Antico Rosso Montlcin,18426,C,1,24.18,5,0.2,7.68520568498289,0,0,22.09
Cocci Grifoni Tellus Red,18428,C,1,11.4,7,0.1,9.75,0,0,15.12
K Syrah The Deal,18466,C,1,24.34,5,0.2,8.375,0,0,22.17
Eric Kent Small Town Pnt Nr,18586,C,1,27.58,4,0.2,7.2,0,0,23.53
Seghesio Rockpile Znfdl,18597,C,1,24.67,5,0.2,10.875,0,0,22.34
Donnafugata Tancredi Red,18623,C,1,23.52,5,0.2,7.68520568498289,0,0,21.76
Avalon Merlot Napa Vly,18626,C,1,6.49,9,0.1,7.68520568498289,0,0,11.4
Viberti Chard,18627,C,1,3.01,13,0.1,10.0,0,0,7.76
Hatzimichalis Kapnias Red,18662,C,1,14.76,6,0.2,11.0,0,0,17.19
Turnbull Cab Svgn 09 Blk Lab,18697,C,1,59.86,3,0.3,7.68520568498289,0,0,34.62
Tenuta di Arceno Chianti Rsv,18941,C,1,19.86,5,0.2,7.68520568498289,0,0,19.93
Austin Hope 10 Syrah,18948,C,1,24.83,4,0.2,8.4,0,0,22.43
The Path Chardonnay,19042,C,1,6.66,9,0.1,7.68520568498289,0,0,11.55
Corte Giara Valpo Ripasso 11,19047,C,1,12.83,6,0.2,7.68520568498289,0,0,16.03
Is Argiolas Vermentino di Sa,19052,C,1,14.76,6,0.2,7.68520568498289,0,0,17.19
Chateau Camensac 10,19058,C,1,32.43,4,0.2,6.0,0,0,25.47
Chateau Carlmagnus 10,19059,C,1,17.76,5,0.2,9.0,0,0,18.88
Ch Meyney 10 Bourgeois St Es,19063,C,1,35.99,4,0.2,7.68520568498289,0,0,26.9
J Lohr Valdiguie Monterey,19071,C,1,5.99,9,0.1,7.142857142857143,0,0,10.95
Lagar de Bezana Cab Svgn Rsv,19087,C,1,9.2,7,0.1,7.68520568498289,0,0,13.58
Ch Poujeaux 10 Moulis,19125,C,1,33.11,4,0.2,8.0,0,0,25.74
Gerard Bertrand Orgnic Chard,19139,C,1,6.53,9,0.1,7.68520568498289,0,0,11.43
Gerard Bertrand Cigalus Blnc,19143,C,1,18.24,5,0.2,7.68520568498289,0,0,19.12
Carnaval Red Moscato Sparklg,19179,C,1,7.18,8,0.1,7.0,0,0,11.99
Chronic Cellars Dead Nuts,19217,C,1,16.43,6,0.2,5.333333333333333,0,0,18.19
Tasca D'Almerita Lamuri Nero,19236,C,1,11.64,7,0.1,8.666666666666666,0,0,15.29
Black Cabra Torrontes,19240,C,1,6.45,9,0.1,7.68520568498289,0,0,11.36
Eden Orleans Bitter,19262,C,1,17.41,5,0.2,10.0,0,0,18.7
The Royal Chenin Blanc,19347,C,1,6.57,9,0.1,8.0,0,0,11.47
Jean Luc Colombo Ruchets 10,19436,C,1,46.35,3,0.3,7.68520568498289,0,0,30.57
Freemark Abbey Viognier,19544,C,1,16.66,5,0.2,9.5,0,0,18.33
Ch La Vieille Cure Frnsac 10,19589,C,1,26.02,4,0.2,7.68520568498289,0,0,22.91
Ch Coufran Haut Medoc 10,19598,C,1,19.73,5,0.2,7.0,0,0,19.87
Ch Rieussec Gr Cru 10 Sauter,19610,C,1,86.2,2,0.5,6.333333333333333,0,0,42.24
Ch Rol Valentin 10,19621,C,1,42.66,3,0.3,7.666666666666667,0,0,29.46
Silver Palm 12 Chard No Cst,19663,C,1,7.89,8,0.1,7.0,0,0,12.56
St Jean des Sources Picpoul,19706,C,1,8.44,8,0.1,6.4,0,0,13.0
BV Coastal Estate Moscato,19754,C,1,5.8,9,0.1,4.0,0,0,10.78
Warre's Vintage Port 2011,19785,C,1,25.97,4,0.2,11.0,0,0,22.89
Ch Ksara RSV du Couvent,19795,C,1,9.52,7,0.1,7.68520568498289,0,0,13.81
Lucanto Montepulciano d'Abru,19797,C,1,11.64,7,0.1,10.0,0,0,15.29
Ch Monbousquet 10 Brdx,19825,C,1,51.36,3,0.3,7.0,0,0,32.07
Terra di Montevero Toscana,19833,C,1,40.81,4,0.2,8.833333333333334,0,0,28.82
Voga Prosecco Brut DOCG,19890,C,1,11.03,7,0.1,7.68520568498289,0,0,14.86
Viu Manent Chard Gr Rsva,19938,C,1,7.33,8,0.1,7.68520568498289,0,0,12.11
Warre's Quinta Cavadinha,19949,C,1,20.54,5,0.2,8.083333333333334,0,0,20.27
Ch La Croix de Beaucailou 10,19955,C,1,64.18,3,0.3,9.0,0,0,35.92
Ch Branaire Ducru 10 Brdx,19967,C,1,85.13,2,0.5,8.0,0,0,42.03
Ch Clerc Milon 10,19968,C,1,85.71,2,0.5,8.0,0,0,42.14
Ch Le Bon Pasteur 10 Brdx,19971,C,1,83.89,2,0.5,7.0,0,0,41.78
Ch Rauzan-Segla 10 Brdx,20056,C,1,139.07,2,0.5,9.0,0,0,52.81
Robert Sinskey Pnt Bl,20178,C,1,16.33,6,0.2,6.666666666666667,0,0,18.13
Alma Negra Gran Almanegra,20250,C,1,34.48,4,0.2,7.0,0,0,26.29
Zerran Tinto Montsant,20257,C,1,10.45,7,0.1,10.0,0,0,14.46
Duval-Leroy Brut Champagne,20374,C,1,12.83,6,0.2,7.68520568498289,0,0,16.03
Tenuta Santo Pietro Imago 11,20403,C,1,7.46,8,0.1,5.0,0,0,12.22
Michele Chiarlo Barolo Anniv,20423,C,1,20.13,5,0.2,7.68520568498289,0,0,20.06
Senorio de Barahonda Carro,20441,C,1,8.84,8,0.1,7.68520568498289,0,0,13.32
Hayes Valley Chard Monterey,20477,C,1,6.53,9,0.1,8.333333333333334,0,0,11.43
Pali Pnt Nr Rancho La Vina,20602,C,1,37.41,4,0.2,8.75,0,0,27.46
Viu Manent Syrah Olivar Alto,20607,C,1,12.74,6,0.2,7.68520568498289,0,0,15.98
Villa Fassini Trebiano/Chard,20609,C,1,2.68,14,0.1,7.68520568498289,0,0,7.32
Notarious Cab Svgn,20654,C,1,26.14,4,0.2,8.0,0,0,22.96
Notarious Petite Syrah,20655,C,1,27.58,4,0.2,7.68520568498289,0,0,23.53
Taylor Fladgate 11 Port,20668,C,1,31.07,4,0.2,8.0,0,0,24.93
Croft Port 11,20669,C,1,51.94,3,0.3,9.0,0,0,32.25
Charles Fournier Rsl,20689,C,1,10.32,7,0.1,6.0,0,0,14.37
Raffy Malbec Terrior,20707,C,1,10.59,7,0.1,7.68520568498289,0,0,14.56
Ch Musar Hochar Red,20722,C,1,20.4,5,0.2,9.0,0,0,20.2
Paydirt Red Paso Robles,20739,C,1,12.33,6,0.2,8.0,0,0,15.73
Chehalem Pnt Gr Three Vyd,20768,C,1,9.72,7,0.1,7.68520568498289,0,0,13.95
Chehalem Ridge Crest Vyds Pn,20771,C,1,27.81,4,0.2,8.0,0,0,23.62
JM Gobillard Tradition Brut,20776,C,1,23.33,5,0.2,3.0,0,0,21.66
Kracher Auselese Cuvee,20794,C,1,7.89,8,0.1,7.68520568498289,0,0,12.56
The Beautiful Syrah Walla,20853,C,1,38.95,4,0.2,7.68520568498289,0,0,28.08
Quinta do Noval Port 11,20883,C,1,61.22,3,0.3,8.857142857142858,0,0,35.03
Benton Lane First Class Pnt,20913,C,1,32.89,4,0.2,5.75,0,0,25.66
Chehalem Ian's Chard Rsv,20935,C,1,16.33,6,0.2,8.8,0,0,18.13
Cavit Chard,20953,C,1,3.89,11,0.1,6.5,0,0,8.82
Shannon Ridge Chard HE Lake,21031,C,1,10.38,7,0.1,8.5,0,0,14.41
Ayala Rose Majeur,21060,C,1,39.45,4,0.2,6.5,0,0,28.28
Landmark Overlook Pnt Nr,21080,C,1,14.86,6,0.2,8.625,0,0,17.25
Martinelli Guiseppe & Luisa,21082,C,1,35.48,4,0.2,7.68520568498289,0,0,26.69
Ornellaia Bolgheri 11,21172,C,1,137.92,2,0.5,10.666666666666666,0,0,52.58
Sensi Dalcampo Chianti Rsva,21178,C,1,9.03,7,0.1,7.6117647058823525,0,0,13.46
Copain Wentzel Pnt Nr,21217,C,1,39.21,4,0.2,10.5,0,0,28.18
Lunetta Rose Brut,21282,C,1,7.99,8,0.1,6.0,0,0,12.64
Kim Crawford Pnt Gr Homstead,21325,C,1,18.61,5,0.2,8.666666666666666,0,0,19.3
Flowers Sonoma Cst Chard,21339,C,1,64.51,3,0.3,11.0,0,0,36.02
Ch Larrivet Haut-Brion P Leo,21430,C,1,28.56,4,0.2,7.68520568498289,0,0,23.92
La Demoiselle Sociando Haut,21446,C,1,17.0,5,0.2,10.5,0,0,18.5
Clos de L'Oratorie St-Emilon,21457,C,1,30.61,4,0.2,7.68520568498289,0,0,24.74
Ch Langoa Barton St Julien,21458,C,1,45.63,3,0.3,7.75,0,0,30.36
Ch Haut Marbuzet St Estephe,21471,C,1,30.32,4,0.2,7.0,0,0,24.63
Ch La Gaffeliere St Emilion,21480,C,1,53.42,3,0.3,7.68520568498289,0,0,32.69
Copain Monument Tree Pnt Nr,21519,C,1,32.89,4,0.2,8.0,0,0,25.66
Melini Orvieto Clsc Orzalume,21593,C,1,5.51,10,0.1,7.0,0,0,10.51
Kirkland Signature Chard 12,21625,C,1,10.66,7,0.1,8.0,0,0,14.6
Paul Hobbs Beckstoffer Cab S,21737,C,1,120.8,2,0.5,8.0,0,0,49.16
Le Grande Courtage Brut,21860,C,1,10.96,7,0.1,7.5,0,0,14.81
Ballard Lane Chardonnay Cent,22001,C,1,6.7,9,0.1,7.68520568498289,0,0,11.59
Opus One 11,22073,C,1,156.46,2,0.5,12.0,0,0,56.29
Don Simon Selecion Shiraz,22120,C,1,3.24,12,0.1,6.0,0,0,8.05
Lucienne Smith Vyd Pnt Nr,22171,C,1,31.03,4,0.2,7.3076923076923075,0,0,24.91
Tormaresca Primitivo,22201,C,1,8.21,8,0.1,6.0,0,0,12.82
Volker Eisele Family Est Cab,22263,C,1,32.46,4,0.2,9.0,0,0,25.48
Rioja Bordon Gran Rsva Tempr,22345,C,1,14.83,6,0.2,7.461538461538462,0,0,17.23
Andre Moscato,22363,C,1,3.56,12,0.1,6.8,0,0,8.44
Lake Chalice Cracklin Savie,22385,C,1,11.1,7,0.1,9.0,0,0,14.91
Three Wishes Chard,22407,C,1,2.25,15,0.1,6.5,0,0,6.71
Marchesi di Barolo Monferrat,22421,C,1,8.72,8,0.1,7.622222222222222,0,0,13.23
Zapata White Stones Chard,22426,C,1,59.99,3,0.3,7.68520568498289,0,0,34.66
Jos Faiveley Chablis AC 12,22431,C,1,17.76,5,0.2,7.68520568498289,0,0,18.88
Bota Brick Chard,22451,C,1,6.66,9,0.1,8.166666666666666,0,0,11.55
Mionetto IL Lambrusco Sprklg,22478,C,1,9.58,7,0.1,10.0,0,0,13.85
Jadot Fixin 12,22534,C,1,22.72,5,0.2,8.0,0,0,21.36
Jadot Corton Greves 12,22538,C,1,59.99,3,0.3,7.68520568498289,0,0,34.66
Jadot Beaune Clos Ursules 12,22540,C,1,28.1,4,0.2,7.68520568498289,0,0,23.74
Jadot Santenay Clos Rous 12,22543,C,1,23.48,5,0.2,11.0,0,0,21.74
Jadot Pernand Vergelesses 12,22544,C,1,23.33,5,0.2,7.68520568498289,0,0,21.66
Jadot Savigny Narbantons 12,22547,C,1,22.57,5,0.2,8.0,0,0,21.28
Jadot Savigny Les Beaune 12,22549,C,1,23.33,5,0.2,7.5,0,0,21.66
Jadot Santenay Gatsulard 12,22553,C,1,24.13,5,0.2,7.68520568498289,0,0,22.06
Jadot Ch Des Jacques 12,22559,C,1,19.6,5,0.2,7.68520568498289,0,0,19.8
Medlock Ames Cab Svgn,22618,C,1,13.6,6,0.2,7.68520568498289,0,0,16.49
A Bichot Savigny Beaune,22622,C,1,32.23,4,0.2,7.68520568498289,0,0,25.39
Buil & Gine Priorat Red,22634,C,1,14.09,6,0.2,7.68520568498289,0,0,16.79
Iron Horse Est Brut Rose,22661,C,1,30.82,4,0.2,4.5,0,0,24.83
Paul Hobbs Pnt Nr Katherine,22700,C,1,58.21,3,0.3,7.68520568498289,0,0,34.13
Rage Znfdl,22781,C,1,37.74,4,0.2,7.0,0,0,27.6
Veracruz Joven Verdejo,22836,C,1,7.89,8,0.1,8.333333333333334,0,0,12.56
Canary Hill Vyd Pnt Nr,22858,C,1,18.7,5,0.2,9.6,0,0,19.35
Pernand-Vergelesses Fichots,22915,C,1,33.79,4,0.2,7.68520568498289,0,0,26.02
Lynch Bages 09 Pauillac,22939,C,1,442.56,1,1.0,7.0,0,0,94.26
Talbot St Julien 10,22944,C,1,165.58,2,0.5,6.6,0,0,58.12
Louis de Sacy Brut Gr Cru,23024,C,1,35.33,4,0.2,8.0,0,0,26.63
Aquilon 06 Garnacha de Borja,23040,C,1,59.2,3,0.3,7.0,0,0,34.43
Sbragia Home Ranch Merlot,23078,C,1,14.19,6,0.2,9.5,0,0,16.85
DeLille Cellars Chaleur Blnc,23109,C,1,24.83,4,0.2,8.0,0,0,22.43
Duckhorn Estates Merlot,23110,C,1,109.67,2,0.5,7.666666666666667,0,0,46.93
Davis Bynum Jane's Vy Svgn B,23131,C,1,14.93,6,0.2,7.68520568498289,0,0,17.29
Circadia Cab Svgn Napa Vly,23137,C,1,23.97,5,0.2,9.0,0,0,21.98
Champlain Orchards Ice Cider,23160,C,1,6.03,9,0.1,7.583333333333333,0,0,10.98
Loft Chard,23167,C,1,15.89,6,0.2,6.142857142857143,0,0,17.87
Marchesi di Barolo Sarmsa 07,23170,C,1,52.41,3,0.3,9.6,0,0,32.39
High Valley Vyd Cab Svgn,23237,C,1,9.52,7,0.1,7.68520568498289,0,0,13.81
Ch Pape Clement Bl Gr Cru 11,23286,C,1,132.44,2,0.5,7.666666666666667,0,0,51.49
Ch Mouton Rothschild 11 Paui,23289,C,1,479.45,1,1.0,8.166666666666666,0,0,97.94
Ch La Mission Haut Brion 11,23292,C,1,299.31,1,1.0,9.0,0,0,79.93
Ch Smith Haut Laftte Roug 11,23309,C,1,64.66,3,0.3,7.68520568498289,0,0,36.06
Ch Suduiraut 11 Sauternes Pr,23322,C,1,64.28,3,0.3,7.68520568498289,0,0,35.95
Ch Clerc Milon Pauillac 11,23328,C,1,52.41,3,0.3,7.0,0,0,32.39
Lapierre Raisins 14 Gaulois,23350,C,1,9.58,7,0.1,6.7,0,0,13.85
Il Poggione di Montalcino,23468,C,1,116.99,2,0.5,6.0,0,0,48.4
Luiano Rosato,23517,C,1,8.27,8,0.1,5.0,0,0,12.87
La Vieille Ferme Red B/B,23525,C,1,17.0,5,0.2,8.0,0,0,18.5
Vin Vault Red,23566,C,1,7.23,8,0.1,4.0,0,0,12.03
Daou Soul of a Lion Red,23592,C,1,75.16,3,0.3,6.0,0,0,39.21
Daou Mayote Red,23593,C,1,66.2,3,0.3,7.68520568498289,0,0,36.53
Menage A Trois Znfdl,23596,C,1,8.78,8,0.1,7.0,0,0,13.27
Dom Perignon Rose,23694,C,1,157.53,2,0.5,5.0,0,0,56.51
Ch Haut Brion 12 Pessac-Leog,23755,C,1,359.86,1,1.0,6.25,0,0,85.99
Ch Pontet Canet 12 Pauillac,23772,C,1,86.45,2,0.5,7.2,0,0,42.29
Ch Rol Velentin 12 St-Emilio,23774,C,1,30.06,4,0.2,7.68520568498289,0,0,24.52
Le Clarence de Haut Brion 12,23781,C,1,89.93,2,0.5,4.666666666666667,0,0,42.99
Cappelletti Apertivoch,23805,C,1,13.42,6,0.2,6.888888888888889,0,0,16.39
Angels Landing Rsv Cab Svgn,23810,C,1,19.99,5,0.2,8.0,0,0,19.99
Bisol Crede Prosseco Super V,23863,C,1,14.38,6,0.2,8.0,0,0,16.96
Ken Wright Cellars Pnt Nr,23961,C,1,36.66,4,0.2,6.0,0,0,27.16
La Fiera Montplciano D'Abruz,23970,C,1,5.74,9,0.1,7.68520568498289,0,0,10.72
King Estate Dom Pnt Nr 12,23983,C,1,44.59,3,0.3,8.076923076923077,0,0,30.04
Sierra Cantabria 14 Rose Rio,23989,C,1,8.96,7,0.1,6.0,0,0,13.41
Oliver Chanzy Mers Les Meur,24107,C,1,40.53,4,0.2,7.68520568498289,0,0,28.71
Chanson Vire Clesse,24135,C,1,15.43,6,0.2,10.5,0,0,17.59
Krupp Bros The Doctor Red,24159,C,1,67.56,3,0.3,8.0,0,0,36.93
CaRome Barbaresco Chiarmanti,24183,C,1,55.84,3,0.3,7.4,0,0,33.42
Franzia Dark Red Blend,24253,C,1,12.16,6,0.2,7.719298245614035,0,0,15.63
Armand Kabinett Rsl,24274,C,1,12.9,6,0.2,8.0,0,0,16.07
Fontanafredda La Rosa Barolo,24279,C,1,46.35,3,0.3,11.0,0,0,30.57
Antinori Badia Chianti Clsc,24346,C,1,24.99,4,0.2,9.0,0,0,22.5
Stradanova Barolo,24359,C,1,32.44,4,0.2,5.0,0,0,25.48
Mommessin Les Gr Mises Amour,24363,C,1,16.21,6,0.2,3.6315789473684212,0,0,18.06
Carpineto Valcolomba Verment,24404,C,1,7.89,8,0.1,7.833333333333333,0,0,12.56
Plumpjack Rsv Chard,24426,C,1,30.91,4,0.2,9.4,0,0,24.86
L'Oiseliniere Musc Sevre Ill,24470,C,1,12.33,6,0.2,7.68520568498289,0,0,15.73
Joseph Drouhin Cote de Nuits,24532,C,1,19.2,5,0.2,5.833333333333333,0,0,19.6
Stonestreet Est Vyds Svgn Bl,24539,C,1,19.99,5,0.2,10.0,0,0,19.99
Chronic Cellars Suite Petite,24564,C,1,10.27,7,0.1,7.142857142857143,0,0,14.33
Navardia Rioja Organic,24589,C,1,8.96,7,0.1,8.0,0,0,13.41
Plumpjack Syrah Napa Valley,24658,C,1,38.09,4,0.2,7.68520568498289,0,0,27.74
Ch Vignot 09 St Emilion Gr C,24691,C,1,39.47,4,0.2,8.142857142857142,0,0,28.29
Black Stallion 10 Trans Cab,24696,C,1,78.42,3,0.3,7.68520568498289,0,0,40.19
Ridge Monte Bello 12,24790,C,1,115.75,2,0.5,7.68520568498289,0,0,48.15
Soter Vyds Brut Rose,24872,C,1,38.4,4,0.2,10.3,0,0,27.86
Fabre Montmayou Gr Vin Lujan,24878,C,1,28.08,4,0.2,7.68520568498289,0,0,23.73
Foz Arouce 11 Beira Atlantic,24883,C,1,12.41,6,0.2,8.875,0,0,15.78
Passadouro 12 Tinto Douro,24885,C,1,9.45,7,0.1,11.31578947368421,0,0,13.76
Sea Smoke Sea Spray Blanc,24924,C,1,53.68,3,0.3,9.285714285714286,0,0,32.77
Jadot Clos Vougeot 13,25054,C,1,91.5,2,0.5,10.0,0,0,43.3
Jadot Gevrey Chambertin 13,25056,C,1,64.51,3,0.3,8.0,0,0,36.02
Jadot Beaune Les Cent Vignes,25066,C,1,30.61,4,0.2,7.68520568498289,0,0,24.74
Jadot Savigny Bl Clos de Gue,25078,C,1,26.14,4,0.2,8.0,0,0,22.96
Brewer-Clifton Sta. Rita Cha,25145,C,1,22.57,5,0.2,7.68520568498289,0,0,21.28
Cousino Macul Cab Svgn,25191,C,1,7.33,8,0.1,8.25,0,0,12.11
Quinta do Noval 2013 Port,25206,C,1,60.8,3,0.3,8.0,0,0,34.91
Horseshoes & Handgrenades Re,25236,C,1,12.24,6,0.2,7.5,0,0,15.68
Bollinger R.D. 2002,25341,C,1,185.42,2,0.5,8.666666666666666,0,0,62.08
Conde de Valdemar Cosecha,25422,C,1,5.26,10,0.1,7.68520568498289,0,0,10.26
Maynard's 10 Yr Tawny Port,25445,C,1,13.51,6,0.2,7.018518518518518,0,0,16.44
Seven Hills Merlot Seven Hil,25459,C,1,21.42,5,0.2,8.4,0,0,20.71
Masi Campo Torbe Amarone 00,25528,C,1,79.46,3,0.3,8.0,0,0,40.5
Virginia Dare Chard Sonoma C,25594,C,1,16.12,6,0.2,7.136363636363637,0,0,18.01
Ca'Momi Chard Rsv Napa,25653,C,1,19.73,5,0.2,9.857142857142858,0,0,19.87
Chappellet Cab Svgn Pritchrd,25727,C,1,115.12,2,0.5,7.833333333333333,0,0,48.02
Jolivet Pouilly Fume Pascal,26886,C,1,14.86,6,0.2,10.2,0,0,17.25
Terruzzi & Puthod Vernaccia,27934,C,1,3.37,12,0.1,11.0,0,0,8.21
M & R Bianco Vermouth,28323,C,1,4.83,10,0.1,7.0,0,0,9.83
Far Niente Cab Svgn Napa,28980,C,1,91.38,2,0.5,9.947368421052632,0,0,43.28
Sutter Home White Merlot Cal,29131,C,1,4.07,11,0.1,7.6,0,0,9.02
La Terre Merlot,29205,C,1,6.41,9,0.1,10.0,0,0,11.32
Pahlmeyer Napa Red,29470,C,1,96.54,2,0.5,7.5,0,0,44.31
Livio Felluga Pinot Grigio,31157,C,1,15.23,6,0.2,7.5,0,0,17.47
J Vineyards Pnt Nr RRV,31522,C,1,21.28,5,0.2,7.25,0,0,20.64
Trinchero Main St Chard,31972,C,1,5.88,9,0.1,7.68520568498289,0,0,10.85
Perrier Jouet Gr Brut,33765,C,1,38.95,4,0.2,4.428571428571429,0,0,28.08
Dom Chandon Etoile,33930,C,1,17.23,5,0.2,6.571428571428571,0,0,18.62
Snoqualmie Cabernet/Merlot,34333,C,1,6.45,9,0.1,10.0,0,0,11.36
Trinity Oaks Chard Cal,34508,C,1,5.15,10,0.1,7.1,0,0,10.15
Pepperwood Grove Pnt Grigio,36045,C,1,5.15,10,0.1,6.75,0,0,10.15
Ch Haut-Bailly 10,36076,C,1,114.86,2,0.5,6.333333333333333,0,0,47.97
Dom Poujol Rose Coteaux du,36088,C,1,11.56,7,0.1,8.2,0,0,15.23
Stags Leap Merlot Napa,36269,C,1,27.81,4,0.2,7.68520568498289,0,0,23.62
Heidsieck Brut Little Blue,36463,C,1,6.45,9,0.1,8.571428571428571,0,0,11.36
Cellar No 8 Znfdl,37682,C,1,7.14,8,0.1,7.68520568498289,0,0,11.96
J Lassalle Brut Preference,37909,C,1,33.33,4,0.2,7.68520568498289,0,0,25.83
Krupps Brothers Veraison,37910,C,1,51.33,3,0.3,4.0625,0,0,32.07
Neirano Brachetto D'Acqui,38255,C,1,10.85,7,0.1,7.68520568498289,0,0,14.74
Neirano Pitul Moscato d'Asti,38301,C,1,7.09,8,0.1,8.833333333333334,0,0,11.92
Rutz Cellars Chard RRV Cve,38558,C,1,7.79,8,0.1,7.68520568498289,0,0,12.48
JJ Prum Bernkasteler Bads 11,39013,C,1,17.64,5,0.2,6.0,0,0,18.82
Calera Mills Vyd Pnt Nr,39718,C,1,40.53,4,0.2,7.090909090909091,0,0,28.71
Kenwood Cab Svgn Sonoma,39834,C,1,6.03,9,0.1,8.666666666666666,0,0,10.98
F Coppola Diamond Svgn Blanc,39988,C,1,10.95,7,0.1,7.68520568498289,0,0,14.81
Rochioli Pinot Noir RRV,40365,C,1,49.34,3,0.3,6.375,0,0,31.47
Nardi Rosso di Montalcino,40590,C,1,8.66,8,0.1,7.68520568498289,0,0,13.18
J Vineyards Brut Rose,41224,C,1,20.68,5,0.2,7.68520568498289,0,0,20.34
Ridge Estate Cab Svgn,41985,C,1,33.1,4,0.2,7.111111111111111,0,0,25.74
Leflaive Meursault 12,42104,C,1,30.87,4,0.2,7.68520568498289,0,0,24.85
Beyond Svgn Bl,42162,C,1,4.62,10,0.1,9.666666666666666,0,0,9.62
Graff Himmelreich Spatlse 11,42939,C,1,6.8,9,0.1,7.68520568498289,0,0,11.68
Ceretto Arneis Blange Lange,43021,C,1,13.24,6,0.2,8.5,0,0,16.28
Archetype Shiraz/Cab Barossa,43247,C,1,8.72,8,0.1,9.0,0,0,13.23
Carlo Rossi RSV Wh Znfdl Cal,43547,C,1,5.51,10,0.1,10.333333333333334,0,0,10.51
Sette Ponti Crognolo Toscan,43871,C,1,13.24,6,0.2,8.0,0,0,16.28
Vinedo de Los Vientos Alcyo,44220,C,1,21.47,5,0.2,6.6,0,0,20.74
Scala Dei Negre Priorat,44278,C,1,6.07,9,0.1,7.25,0,0,11.02
Nickel Carpenter Cab Svgn,44651,C,1,64.93,3,0.3,7.68520568498289,0,0,36.15
Fairview Pinotage Paarl,44857,C,1,9.45,7,0.1,8.666666666666666,0,0,13.76
C K Mondavi Willw Pnt Grigio,45293,C,1,4.69,10,0.1,7.0,0,0,9.69
Ermita Rioja Crianza,45494,C,1,10.66,7,0.1,8.75,0,0,14.6
Col D'Orcia Rosso di Mntlcno,45859,C,1,14.83,6,0.2,5.611111111111111,0,0,17.23
Echeverria Ltd Edtn Cab Svgn,46333,C,1,19.3,5,0.2,8.0,0,0,19.65
Telmo Rodriguez Gago Toro,46684,C,1,10.88,7,0.1,7.68520568498289,0,0,14.76
La Dame Montrose St Estep 11,90086,C,1,34.2,4,0.2,9.0,0,0,26.18
Ch Mouton Rothschild 12 Paui,90087,C,1,311.25,1,1.0,4.8,0,0,81.12
